,genre,store_name,business_hours,address,url
0,居酒屋,海鮮料理と個室居酒屋 海の秘境 新橋店,"営業時間
月～木、土、日、祝日: 12:00～翌0:00 （料理L.O. 23:00 ドリンクL.O. 23:30）金、祝前日：12:00～29:00（料理L.O. 28:00 ドリンクL.O. 28:30）【ディナー】12:00～24:00※12:00～16:00は予約の方のみの営業となります
日曜営業
定休日
なし",東京都港区新橋3-23-1 TRN新橋 3F,https://tabelog.com/tokyo/A1301/A130103/13290714/
1,居酒屋,和風個室居酒屋 新選,"営業時間
【月～日】11：00～翌0:00 （料理L.O. 23:30 ドリンクL.O. 23:30）24時まで営業中！ご不明点ありましたらお気軽にお問い合わせください♪
日曜営業
定休日
無",東京都港区新橋3-11-1 田島ビル 4F,https://tabelog.com/tokyo/A1301/A130103/13216497/
2,居酒屋,もつなべきむら屋 品川港南口,"営業時間
[月～金・祝前日]　　　15:00～23:00[土日・祝日]15:00～23:00
日曜営業
定休日
GW　お盆　年末年始",東京都港区港南2-2-4,https://tabelog.com/tokyo/A1314/A131403/13041286/
3,居酒屋,250席全席扉付き完全個室居酒屋 わらやき道場 新橋駅前店,"営業時間
ディナー　16:00～23:45（L.O.23:00、ドリンクL.O.23:20）
日曜営業
定休日
ビルの休館日に準ずる。",東京都港区新橋2-16-1 ニュー新橋ビル 3F,https://tabelog.com/tokyo/A1301/A130103/13247818/
4,居酒屋,完全個室居酒屋 串ばってん 新橋店,"営業時間
12:00〜24:00
日曜営業
定休日
なし",東京都港区新橋2-15-9 S-PLAZA弥生Ⅱビル 5F,https://tabelog.com/tokyo/A1301/A130103/13267761/
5,居酒屋,鳥宗 新橋店,"営業時間
16：00～24：00
日曜営業
定休日
不定休",東京都港区新橋2-15-7 Sプラザ弥生ビル 4F-C,https://tabelog.com/tokyo/A1301/A130103/13288006/
6,居酒屋,明石ニューワールド,"営業時間
【月～金】　  15:00～23:00【土・祝】  13:00～21:00
定休日
日　12/31～1/3",東京都港区新橋2-16-1 ニュー新橋ビル B1F,https://tabelog.com/tokyo/A1301/A130103/13232779/
7,居酒屋,たまち亭,"営業時間
16:30～2４:00（L.O.2３:30）
定休日
日曜日★豊洲市場直送の鮮魚・厳選牛タンと日本酒ウリにした居酒屋♪個室完備・25～40名様貸切宴会場♪プロジエクター完備｜宴会・接待・歓送迎会・2次会にもおすすめ♪インスタにて、人気メニューレシピ公開中！#たまち亭検索♪ワンコインチャージで銘柄日本酒等ドリンク半額！（詳細はドリンクメニュー）",東京都港区芝浦3-6-8 うつみビル 2F,https://tabelog.com/tokyo/A1314/A131402/13175209/
8,居酒屋,黒潮 品川本店,"営業時間
【月~木】16:00~23:30【金】16:00~29:00【土・祝前日】15:00~23:30【日・祝日】14:00~23:30
日曜営業
定休日
無し",東京都港区港南2-2-9 朝日ビル 2F,https://tabelog.com/tokyo/A1314/A131403/13257187/
9,居酒屋,遊膳 新橋店,"営業時間
[火~金]ランチ11:30～15：00[月~土]ディナー15：00～翌8：00
定休日
日曜日",東京都港区新橋3-16-3 烏森ビル B1F,https://tabelog.com/tokyo/A1301/A130103/13228909/
10,居酒屋,全席個室居酒屋 まぐろ食べ放題 鳥江戸こまち 新橋本店,"営業時間
●ディナー：16:00～24:00※当日予約OK！全席扉付き完全個室にてご案内●ランチ　：11:30～16:00（予約制）※8名様以上の団体予約の場合、日曜や平日昼間も受付可能です。
日曜営業
定休日
無休（当日予約OK）",東京都港区新橋2-2-6,https://tabelog.com/tokyo/A1301/A130103/13198627/
11,居酒屋,全席完全個室 肉酒場 秀よし 赤坂見附店,"営業時間
【月～金】18:00〜23:00※営業時間外はお電話繋がりません※※営業時間は変更する場合がございます※※お時間のご要望はご相談ください※
定休日
土日祝",東京都港区赤坂4-1-2 シントミ赤坂一ツ木ビル 3F,https://tabelog.com/tokyo/A1308/A130801/13218574/
12,居酒屋,鹿児島県霧島市 塚田農場 表参道店,"営業時間
【月】17:00〜23:00（LO.22:00）【火】17:00〜23:00（LO.22:00）【水】17:00〜23:00（LO.22:00）【木】17:00〜23:00（LO.22:00）【金】17:00〜23:00（LO.22:00）【土】15:00〜23:00（LO.22:00）【日】15:00〜23:00（LO.22:00）【祝】15:00〜23:00（LO.22:00）
日曜営業
定休日
なし：諸般の事情により、予告なく休業させて頂くことがございます。予めご了承くださいませ。営業日については直接店舗へお問い合わせください。",東京都港区北青山3-5-25 表参道ビル B1Ｆ,https://tabelog.com/tokyo/A1306/A130602/13184554/
13,居酒屋,品川 ひなた,"営業時間
【月~木】16:00~23:30【金】16:00~29:00【土・祝前日】15:00~23:30【日・祝日】14:00~23:30
日曜営業
定休日
年中無休で営業しております。急なご予約もお気軽にご連絡下さい♪",東京都港区港南2-3-28 第3協和ビル 3～4F,https://tabelog.com/tokyo/A1314/A131403/13271906/
14,居酒屋,居酒屋餃子酒場,"営業時間
ランチ 11:00～15:00 (L.O.14:30)ディナー 17:00～00:00 (L.O.23:30)
日曜営業
定休日
【日曜日 】日曜日はご予約のある時のみ営業しております。",東京都港区新橋1-18-21 第一日比谷ビル B1F,https://tabelog.com/tokyo/A1301/A130103/13273823/
15,居酒屋,宮崎県日南市 塚田農場 新橋烏森口店,"営業時間
【月】定休日【火】17:00〜23:00（LO22:00）【水】17:00〜23:00（LO22:00）【木】17:00〜23:00（LO22:00）【金】17:00〜23:00（LO22:00）【土】17:00〜23:00（LO22:00）【日祝】定休日
定休日
日・月・祝",東京都港区新橋4-5-1 アーバン新橋ビル 1F,https://tabelog.com/tokyo/A1301/A130103/13119015/
16,居酒屋,山陰海鮮 炉端かば 品川ゴールデン横丁店,"営業時間
[月～金]11:30～14:0017:00～23:00(L.O22:30)[土]17:00～22:30(L.O22:00)
定休日
日曜日",東京都港区港南2-3-13 品川フロントビル B1F,https://tabelog.com/tokyo/A1314/A131403/13282582/
17,居酒屋,トロ政 新橋店,"営業時間
11:30〜24:00
日曜営業
定休日
なし",東京都港区新橋3-20-5 第2エムワンビル 1F,https://tabelog.com/tokyo/A1301/A130103/13268710/
18,居酒屋,跳魚 品川店,"営業時間
【営業時間】17:00～23：30（LO22：30）
日曜営業
定休日
年末年始（2022年12月31日～2023年1月3日まで休業）",東京都港区港南2-5-3 オリックス品川ビル　Ｂ１Ｆ,https://tabelog.com/tokyo/A1314/A131403/13033735/
19,居酒屋,地鶏の里 鶏極 新橋店,"営業時間
月～日12:00～24：00（23：30）人数様に応じて【朝まで飲み会】や【貸切宴会】も承ります。人数や予算等ご相談頂ければ、お客様に最適な空間をご案内させて 頂きますので是非！お電話にてお気軽にご相談下さい。
日曜営業
定休日
年末年始",東京都港区新橋3-16-3 烏森ビル 7F,https://tabelog.com/tokyo/A1301/A130103/13213604/
20,居酒屋,わらやき屋 龍馬道場,"営業時間
【月～金】17:00～23:00（L.O.22:00）【土】16:00～23:00（L.O.22:00）※新型コロナウィルスの感染拡大防止等の観点から、状況により営業日及び営業時間を変更する場合がございます。
定休日
日曜日 12/31,1/1,1/2",東京都港区新橋3-22-3 新橋S･Pビル B1～2F,https://tabelog.com/tokyo/A1301/A130103/13117731/
21,居酒屋,餃子 おでん 土鍋ごはん 上の山本,"営業時間
月〜土16:00〜23:00（L.O22:00）
定休日
当面の間、日祝",東京都港区新橋2-4-5 不二ビルディング新橋 2F,https://tabelog.com/tokyo/A1301/A130103/13291339/
22,居酒屋,水炊き・焼き鳥 とりいちず酒場 六本木店,"営業時間
※以下の時間帯で営業致します※【月～金】11:45～翌4:00(L.O.翌3:00)【土・日・祝】12:00～翌4:00(L.O.翌3:00)※22時～閉店までにご来店のお客様は、深夜料金10%加算いたします。※12月28日～1月3日：年末年始料金10％いただきます。
日曜営業
定休日
年始(1/1)、他無休！　◆絶品水炊きとデカ旨焼鳥がおすすめのコスパ最強居酒屋♪プレモル中ジョッキが税込219円とコスパも最強！◆大人数宴会可能！…会社宴会・打ち上げ・飲み会等の各種宴会に是非ご利用ください！",東京都港区六本木3-11-6 野沢ビル B1F,https://tabelog.com/tokyo/A1307/A130701/13237732/
23,居酒屋,九州 情熱屋 赤坂店,"営業時間
16:00〜24:00
日曜営業
定休日
なし",東京都港区赤坂3-10-1 対翠館ビル B1F,https://tabelog.com/tokyo/A1308/A130801/13263390/
24,居酒屋,和食バル 音音 虎ノ門ヒルズ店,"営業時間
＜月～土＞11:00～14:3017:00～22:00＜日祝＞休業
定休日
不定休（虎ノ門ヒルズに準ずる）　12/30～1/3",東京都港区虎ノ門1-23-3 虎ノ門ヒルズ森タワー 3F,https://tabelog.com/tokyo/A1308/A130802/13168999/
25,居酒屋,トラットリア イタリアンダイニング NIKU YOSHI 浜松町店,"営業時間
17:00～23:00 （料理L.O. 22:00 ドリンクL.O. 22:00）※12時～17時のご来店は要事前予約となります。10名様よりご予約承っております。
日曜営業
定休日
年中無休",東京都港区浜松町2-2-5 浜松町営和ビル 1F,https://tabelog.com/tokyo/A1314/A131401/13255539/
26,居酒屋,大餃子酒場 新橋店,"営業時間
12:00～24:00（L.O.23:30）
日曜営業
定休日
無休",東京都港区新橋2-16-1 ニュー新橋ビル B1F-27,https://tabelog.com/tokyo/A1301/A130103/13262494/
27,居酒屋,九州 熱中屋 品川 LIVE,"営業時間
■ランチ月～金　11:30～14:30(14:00 L.O)■ディナー月～金　17:00～23:00土　　　16:00～23:00日　　　16:00～23:00〈年末年始営業時間〉2024.1.1　　休業2024.1.2　　休業2024.1.3　　16:00～22:00
定休日
無し",東京都港区港南2-2-6 長山ビル 3F,https://tabelog.com/tokyo/A1314/A131403/13094802/
28,居酒屋,肉と魚の肉バル 肉食べ放題 個室居酒屋 にくたらし 新橋本店,"営業時間
[月]　16：00～23：00(L.O. 22:30)[火〜木]　16：00～翌4：00(L.O. 翌3:00)[金〜日･祝･祝前日]　15：00～翌4：00(L.O. 翌3:00)営業時間外でも ネット予約できます。
日曜営業
定休日
無し",東京都港区新橋2-9-4 乾盃ビル 2F-A,https://tabelog.com/tokyo/A1301/A130103/13265546/
29,居酒屋,魚と創作料理 だん 本店,"営業時間
【月～金】11:30～14:0017:00～23:00(LO22:00)【土】17:00～23:00(LO22:00)※オープンは7月 6日を予定しています。
定休日
日曜・祝日",東京都港区芝5-20-17 ルシマン田町 1F,https://tabelog.com/tokyo/A1314/A131402/13286129/
30,居酒屋,はし本,"営業時間
[火～金]18:00~23:00(L.O22:00）[土]18:00~22:00
定休日
日曜日、月曜日、不定休",東京都港区六本木4-4-11 第1六本木ヴィレッジビル 1F,https://tabelog.com/tokyo/A1307/A130701/13023475/
31,居酒屋,ラムと泡 2nd エデン,"営業時間
17:00~23:00
定休日
日曜日、祝日",東京都港区新橋2-8-12 こはまビル,https://tabelog.com/tokyo/A1301/A130103/13272087/
32,居酒屋,uogin 新橋店,"営業時間
月～木.土日.祝日.祝前日16:00～翌0:00 （料理L.O. 23:15 ドリンクL.O. 23:30）金16:00～翌2:00（料理L.O. 1：00 ドリンクL.O. 1:30）
日曜営業
定休日
無し",東京都港区新橋3-23-1 TRN新橋ビル 4F,https://tabelog.com/tokyo/A1301/A130103/13285089/
33,居酒屋,あぶり清水 桜田公園店,"営業時間
16：00～翌4：00（L.O.3：00）日曜、祝日16：00〜23：00（L.O.22：00）
日曜営業
定休日
なし",東京都港区新橋3-15-7 THビル 1F,https://tabelog.com/tokyo/A1301/A130103/13263566/
34,居酒屋,黒座暁樓,"営業時間
【平日】11:30 – 14:30（14:00L.O.）17:30 – 23:00（22:00L.O.）【土祝】11:30 – 14:30（14:00L.O.）17:30 – 22:00（21:00L.O.）
定休日
日曜日",東京都港区赤坂3-11-3 赤坂中川ビル　１Ｆ,https://tabelog.com/tokyo/A1308/A130801/13005692/
35,居酒屋,海鮮寿司居酒屋 すししもず,"営業時間
【月～金】17：00～23：00（L.O22：30）【土・祝日】17：00～23：00(L.O22：30)定休日日曜・年末年始・G.W・お盆期間　※月曜日祝日の場合、日曜営業
定休日
日曜・年末年始・G.W・お盆期間　※月曜日祝日の場合、日曜営業",東京都港区港南1-8-27 日新ビル B1F,https://tabelog.com/tokyo/A1314/A131403/13259820/
36,居酒屋,扉付き完全個室 和風居酒屋 食佑衛門 新橋本店,"営業時間
月～木・金祝前日・土日祝日11:30~15:0015:00~24:00(L.O 23:30)
日曜営業
定休日
無",東京都港区新橋3-15-8 精工ビル 2F,https://tabelog.com/tokyo/A1308/A130802/13253293/
37,居酒屋,美味門横丁 品川店,"営業時間
月～火15:00～23:00（L.O.22:00、ドリンクL.O.22:30）土13:00～翌4:00（L.O.3:00、ドリンクL.O.3:30）水・木・金・祝前日15:00～翌4:00（L.O.3:00、ドリンクL.O.3:00）日・祝日13:00～23:00（L.O.22:00、ドリンクL.O.22:30）
日曜営業
定休日
★当日予約OK★年中無休",東京都港区港南2-2-10 鳳和ビル 4F,https://tabelog.com/tokyo/A1314/A131403/13244936/
38,居酒屋,個室居酒屋 赤坂 十月,"営業時間
[全日]11：00～24：00(L.O.23：00、ドリンクL.O.23：30)※お昼の営業はご予約のみとなります。
日曜営業
定休日
不定休日あり",東京都港区赤坂3-10-5 赤坂クイーンビル 6F,https://tabelog.com/tokyo/A1308/A130801/13241578/
39,居酒屋,簸川 溜池山王店,"営業時間
11:30～14:0017:00～23:00（L.O.22:00）
定休日
土・日・祝",東京都港区赤坂1-1-16 細川ビル B1F,https://tabelog.com/tokyo/A1308/A130802/13025123/
40,居酒屋,外呑処へそ 新橋0号店 Ⅱ,"営業時間
[毎日]16:00～24：00（23:30L.O)【年末年始】12/31～1/2
日曜営業
定休日
無し",東京都港区新橋3-12-3 アスティル新橋ビル 1F,https://tabelog.com/tokyo/A1301/A130103/13274386/
41,居酒屋,よくバル酒場,"営業時間
日によって営業時間が異なる場合があるのでご容赦ください。【月曜日〜金曜日】16：00～23：30【土曜日】14：00〜23：30【日曜日】14：00〜23：00
日曜営業
定休日
不定休/インボイス対応しております。",東京都港区新橋2-16-1 ニュー新橋ビル 2F,https://tabelog.com/tokyo/A1301/A130103/13220554/
42,居酒屋,ワンガーデン 西麻布店,"営業時間
［月～日］12:00～14:3018:00～23:30
日曜営業
定休日
年中無休",東京都港区西麻布3-17-29 富士見坂プレイス　2F,https://tabelog.com/tokyo/A1307/A130701/13086478/
43,居酒屋,肉魚酒場 肉浜 新橋店,"営業時間
12:00～24:00（L.O.23:00、ドリンクL.O.23:30）※12:00～16:00の昼宴会、24:00～5:00の深夜宴会は要予約。
日曜営業
定休日
なし",東京都港区新橋1-16-8 第3西欧ビル B1F,https://tabelog.com/tokyo/A1301/A130103/13231985/
44,居酒屋,隠れ房 南青山店,"営業時間
【ランチ】月～日・祝11:30～14:30（L.O.14:00）【ディナー】月～土17:00～23:00（L.O.22:00）日・祝17:00～22:00（L.O.21:00）
日曜営業
定休日
なし",東京都港区南青山5-4-40 A-FLAG骨董通り B1F,https://tabelog.com/tokyo/A1306/A130602/13033191/
45,居酒屋,地鶏割烹 稲垣 麻布十番,"営業時間
短縮営業しております火〜金(不定休)ランチ            12:00～13:45  月～土(不定休)ディナー         17:30〜24:00 ランチのみ現金で営業しております                                       
定休日
不定休　日曜休みになります",東京都港区麻布十番1-8-12 ウェステル麻布十番 5F,https://tabelog.com/tokyo/A1307/A130702/13165410/
46,居酒屋,居酒屋ハッピー屋,"営業時間
16:00～23:30
日曜営業
定休日
土曜日",東京都港区新橋2-16-1 ニュー新橋ビル B1F,https://tabelog.com/tokyo/A1301/A130103/13282898/
47,居酒屋,全席個室居酒屋 季作 品川店,"営業時間
12:00〜24:00
日曜営業
定休日
なし",東京都港区港南2-2-9 朝日ビル 6F,https://tabelog.com/tokyo/A1314/A131403/13247924/
48,居酒屋,九州 熱中屋 田町芝浦 LIVE,"営業時間
【月～金】11:30～23:00（L.O22:00）【土日祝】16:00～23:00（L.O22:00）〈年末年始営業時間〉2024.1.1　　　休業2024.1.2　　　休業2024.1.3　　　休業
日曜営業
定休日
なし",東京都港区芝浦3-14-18 豊穣ビル １Ｆ,https://tabelog.com/tokyo/A1314/A131402/13033955/
49,居酒屋,個室居酒屋 おば九,"営業時間
【月～金】ランチ：11:30～14:30（L.O.14:00）ディナー：17:00～23:00月〜木曜日の営業時間が変更になる可能性がございます（L.O.21:30、ドリンクL.O.22:30）※土曜日は予約営業
定休日
土曜日・日曜日・祝日【インボイス対応店舗】",東京都港区新橋3-4-8 クレグラン新橋Ⅲ B1F,https://tabelog.com/tokyo/A1301/A130103/13253123/
50,居酒屋,越後酒房 八海山 浜松町本店,"営業時間
16:00～24:00フードLO23:00／ドリンクLO23:30
日曜営業
定休日
不定休",東京都港区浜松町2-1-20 SVAX大門ビル 4F,https://tabelog.com/tokyo/A1314/A131401/13132794/
51,居酒屋,海鮮番屋 個室 雫 新橋店,"営業時間
ランチ・ディナー　15:00～24:00（L.O.23:00、ドリンクL.O.23:30）昼宴会はご予約のみ承っております。※ランチのご予約は4名様～となります
日曜営業
定休日
不定休",東京都港区新橋3-8-6 ル・グランシエルBLDG.36 4F,https://tabelog.com/tokyo/A1301/A130103/13237477/
52,居酒屋,馬並み家 三田本店,"営業時間
17：00～23：00(L.O. 22:00)
日曜営業
定休日
なし",東京都港区芝5-26-20 建築会館 B1F,https://tabelog.com/tokyo/A1314/A131402/13265657/
53,居酒屋,旬菜鳥魚屋 晴,"営業時間
通常営業[平日]17：00～24：00[土曜]17：00～23：00
定休日
日曜・祝日",東京都港区新橋3-13-2 IKENO-5 1Ｆ,https://tabelog.com/tokyo/A1301/A130103/13115454/
54,居酒屋,朱舟,"営業時間
10:00〜24:00
定休日
日曜日 ·祝日（月曜日以外は不定休です。） 年末年始休み：12月31日､1月1日、1月2日、1月3日",東京都港区新橋2-16-1 ニュー新橋ビル B1F,https://tabelog.com/tokyo/A1301/A130103/13037270/
55,居酒屋,のどぐろの中俣 新橋,"営業時間
[月～金]17:00～23:30（L.O.22：15）[土]17:00～22:30（L.O.21：45）＜店休日のお知らせ＞4月：土曜日・日曜日・祝日（29日）5月：土曜日・日曜日・祝日（3日、4日、5日）
定休日
日曜、祝日",東京都港区新橋2-11-1 メナー新橋 1F,https://tabelog.com/tokyo/A1301/A130103/13268661/
56,居酒屋,鳥三昧 浜松町店,"営業時間
月～土16:00～24：00
定休日
日曜日・祝日",東京都港区浜松町2-5-8 井門浜松町ビル 2F,https://tabelog.com/tokyo/A1314/A131401/13265157/
57,居酒屋,完全個室居酒屋 九州さつき 六本木店,"営業時間
昼12:00～24:00
日曜営業
定休日
年中無休〈年末年始も休まず営業いたします〉",東京都港区六本木3-11-10 ココ六本木ビル 4F,https://tabelog.com/tokyo/A1307/A130701/13199319/
58,居酒屋,お福 おでん 六本木,"営業時間
10月30日（月）から営業再開いたします。ご予約は、03-6804-1222まで。[月〜水］18:30〜23:00（LO22:30）[木・金]18:30～24:00  (LO23:30)［祝前日］18:30～24:00（LO23:30）
定休日
土・日・祝日",東京都港区六本木5-9-22 第2千陽ビル 4F,https://tabelog.com/tokyo/A1307/A130701/13276303/
59,居酒屋,居酒屋 海水 新橋店,"営業時間
【平日】ランチ：１１：３０～１５：００　ディナー：１６：００～２３：３０【土，日，祝日】　１６：００～２３：３０
日曜営業
定休日
定休日なし",東京都港区新橋2-8-16 石田ビル 1F,https://tabelog.com/tokyo/A1301/A130103/13287502/
60,居酒屋,くろ酒場 薩摩,"営業時間
※電話予約の場合は15時以降に電話ください。営業時間　pm6時~pm11時  　　　  
定休日
日曜・祝日",東京都港区芝5-23-15,https://tabelog.com/tokyo/A1314/A131402/13023076/
61,居酒屋,完全個室和ダイニング 雫 六本木店,"営業時間
月～日・祝前日・祝日　15:00～23:45（L.O.23:00、ドリンクL.O.23:00）※12時～15時までのご利用は前日までのご予約をお願いします。※当日のランチ予約は受付できかねますので、ご了承くださいませ。
日曜営業
定休日
年中無休",東京都港区六本木3-11-10 ココ六本木ビル 8F,https://tabelog.com/tokyo/A1307/A130701/13232962/
62,居酒屋,田辺養鶏園 新橋ファーム,"営業時間
17：00～23：00LO：22:30
定休日
日曜日　月曜日　祝日",東京都港区新橋3-15-5 新橋M2ビル 1F,https://tabelog.com/tokyo/A1301/A130103/13232190/
63,居酒屋,タッカンマリ大学,"営業時間
■店内営業■平日17:00〜23:00（L.O22:00）土日祝15:00～23:00（L.O22:00）12月限定平日17:00〜23:30（L.O23:00）土日祝15:00～23:30（L.O23:00）
日曜営業
定休日
年末年始(31日～3日）",東京都港区麻布十番1-6-7 F1プラザビル 2F,https://tabelog.com/tokyo/A1307/A130702/13235155/
64,居酒屋,ダイナミックキッチン＆バー 響 品川店,"営業時間
ランチ［全日］11：30～14：30（LO14：00）ディナー［平日］17:00～23:00（LO22:00）［土・日・祝］17:00～22:00（LO21:00）土・日・祝のランチは貸切営業の場合がございます。その際、ディナー営業が18時～18時30分に変更になります。予めご了承下さい。
日曜営業
定休日
年中無休　年末年始",東京都港区高輪4-10-18 京急第1ビル 1F,https://tabelog.com/tokyo/A1316/A131603/13156077/
65,居酒屋,個室×肉バル×熟成肉 YOKUBAL,"営業時間
[月〜金]16:00~２3:3０[土]14:00~２3:3０[日・祝]14:00~23:00日によって営業時間が異なる場合があるのでご容赦ください。
日曜営業
定休日
 不定休/インボイスに対応しております。",東京都港区新橋2-16-1 ニュー新橋ビル 2F,https://tabelog.com/tokyo/A1301/A130103/13225551/
66,居酒屋,日本酒原価酒蔵 新橋二号店,"営業時間
◯平日15:00～23:30◯土日祝12:00～23:30フードL.O 22:30ドリンクL.O 23:00
日曜営業
定休日
なし",東京都港区新橋1-18-13 トミタビル 1F,https://tabelog.com/tokyo/A1301/A130103/13159387/
67,居酒屋,魚馬る 新橋本店,"営業時間
月～日、祝日、祝前日: 11:00～翌0:00 （料理L.O. 23:30 ドリンクL.O. 23:30）営業時間　11:00～24：00
日曜営業
定休日
無休",東京都港区新橋3-22-3 3F,https://tabelog.com/tokyo/A1301/A130103/13284601/
68,居酒屋,九州 熱中屋 浜松町駅前 LIVE,"営業時間
【全日】16:00～23:30
日曜営業
定休日
なし",東京都港区浜松町1-29-6 浜松町セントラルビルB1F,https://tabelog.com/tokyo/A1314/A131401/13057529/
69,居酒屋,座standbar Base,"営業時間
月曜日、木曜日、金曜日は16:00~23:30（LO.23:00）15:00～23:30(L.O.23:00)12月は土曜日も営業15:00〜23:00(LO.22:00)
定休日
土曜日、日曜日、祝日",東京都港区新橋4-19-10 タカソビル B1F,https://tabelog.com/tokyo/A1301/A130103/13284453/
70,居酒屋,地鶏焼き鳥と築地海鮮 和み屋 新橋本店,"営業時間
［月～木・土・日・祝日］ 10:00～翌0:00 （料理L.O. 23:00 ドリンクL.O. 23:30）［金曜日］10:00～翌4:00 （料理L.O. 翌4:00 ドリンクL.O. 翌3:30）［祝前日］ 13:00～翌0:00 （料理L.O. 23:00 ドリンクL.O. 23:30）【昼宴会】6名様～時間外の昼宴会承っております！
日曜営業
定休日
年中無休",東京都港区新橋3-18-4,https://tabelog.com/tokyo/A1301/A130103/13283017/
71,居酒屋,恭恭,"営業時間
月～木　　17:00～2:00   (Lo 1:30)金　　　　17:00〜4:00（Lo3:00）　　　　土日　　　17:00~23:00  (Lo 22:00)お盆　　　17:00~23:00  (Lo 22:00)祝日　　　　　　　　定休日
日曜営業
定休日
祝日",東京都港区新橋4-21-15 河合ビル 1F,https://tabelog.com/tokyo/A1301/A130103/13029287/
72,居酒屋,韓国料理 ホンデポチャ 田町店,"営業時間
11:30～15:00（LO14:30）15:00～23:00（LO22:00）
日曜営業
定休日
年中無休",東京都港区芝5-22-9 三田苑 1F,https://tabelog.com/tokyo/A1314/A131402/13252987/
73,居酒屋,魚と酒 はなたれ 品川店,"営業時間
平日　11:00〜14:00　　　17:00〜23:00土曜   11:30〜14:00　　　17:00〜22:00日曜定休
定休日
12/29～1/4",東京都港区港南2-3-13 品川フロントビル 2F 205,https://tabelog.com/tokyo/A1314/A131403/13119737/
74,居酒屋,わらやき屋 六本木,"営業時間
[月～金]17:00～23:00[土・日・祝]16:00～23:00
日曜営業
定休日
無",東京都港区六本木6-8-8 六本木ゴーディービル 1F,https://tabelog.com/tokyo/A1307/A130701/13093601/
75,居酒屋,えびす 赤坂店,"営業時間
12:00〜24:00
日曜営業
定休日
なし",東京都港区赤坂3-8-17 1F,https://tabelog.com/tokyo/A1308/A130801/13289694/
76,居酒屋,地鶏串焼き 大衆酒場 薩摩 新橋店,"営業時間
月～水・日・祝日ディナー　15:00～24:00（L.O.23:00）木～土・祝前日ディナー　15:00～翌6:00（Ｌ.O.翌5：00）
日曜営業
定休日
なし",東京都港区新橋3-23-1 TRN新橋 1F,https://tabelog.com/tokyo/A1301/A130103/13291621/
77,居酒屋,和食個室居酒屋 魚升 新橋SL広場前店,"営業時間
[月]　16：00～23：00(L.O. 22:30)[火〜木]　16：00～翌4：00(L.O. 翌3:00)[金〜日･祝･祝前日]　15：00～翌4：00(L.O. 翌3:00)営業時間外でも ネット予約できます。
日曜営業
定休日
無し",東京都港区新橋2-9-4 乾盃ビル 2F-B,https://tabelog.com/tokyo/A1301/A130103/13265545/
78,居酒屋,個室居酒屋 番屋 赤坂店,"営業時間
[月～土]17:00～23:00（L.o.22:30）※日祝定休日、年末年始休業同窓会・ご親族のお集まりなど、お昼間のご宴会もご相談くださいませ。
定休日
日曜祝日・年末年始",東京都港区赤坂2-14-34 赤坂パロスビル　１Ｆ・２Ｆ,https://tabelog.com/tokyo/A1308/A130801/13020104/
79,居酒屋,和牛肉寿司&シュラスコ食べ放題 個室肉バル ミートクッチーナ 新橋駅前店,"営業時間
17:00～23:30フードL.O.22:30ドリンクL.O.23:00
定休日
日曜日",東京都港区新橋1-17-8 B1F,https://tabelog.com/tokyo/A1301/A130103/13271681/
80,居酒屋,日本酒と海鮮 角打ち屋 新橋,"営業時間
12:00～24:00金曜日　12:00～26:00
日曜営業
定休日
年中無休★おかげさまで8周年★直送鮮魚・もつ鍋と日本酒ウリにした居酒屋♪完全個室は14名様。フロア貸切30～40名様と店内最大60名様♪貸切・会社宴会・接待・歓送迎会・デート・2次会にもおすすめ♪",東京都港区新橋3-18-5 美濃屋ビル 1F,https://tabelog.com/tokyo/A1301/A130103/13125822/
81,居酒屋,酒とさかな うなり 虎ノ門,"営業時間
『月～金』11:30～14:00(LO.13:30)『月～木』17:00～22:00『金曜』17:00～23:00
定休日
土日祝日休",東京都港区西新橋1-21-1 サンクレスト弐番館 1F,https://tabelog.com/tokyo/A1301/A130103/13208124/
82,居酒屋,個室肉バル がむしゃら 新橋店,"営業時間
ディナー　16:00～24:00（L.O.23:00、ドリンクL.O.23:30）※16時以前の利用ご希望のお客様は事前に要予約
日曜営業
定休日
不定休日あり",東京都港区新橋3-14-5 STEC3 B1F、B2F,https://tabelog.com/tokyo/A1301/A130103/13212570/
83,居酒屋,四季彩 品川港南口店,"営業時間
【月～金】16:00～24:00（L.O.23:00、ドリンクL.O.23:30）【土・日・祝】14:00～24:00（L.O.23:00、ドリンクL.O.23:30）
日曜営業
定休日
なし",東京都港区港南2-5-11 大三洋行品川ビル 3F,https://tabelog.com/tokyo/A1314/A131403/13278934/
84,居酒屋,居酒屋 たぬき,"営業時間
＜営業時間＞【ディナー】17:00～23:30
定休日
日曜日",東京都港区西麻布2-24-17 ポケットパークビル 1F,https://tabelog.com/tokyo/A1307/A130701/13250051/
85,居酒屋,品川バードマン,"営業時間
月曜日15:00-23:00火曜日〜金曜日15:00-26:00土曜日12:00-26:00日曜日12:00-23-00
日曜営業
定休日
不定",東京都港区港南2-3-28 第三協和ビル 1F,https://tabelog.com/tokyo/A1314/A131403/13252992/
86,居酒屋,シュラスコ&肉寿司食べ放題 個室肉バル MEAT KITCHEN 新橋店,"営業時間
17:00～24:00
定休日
日曜日",東京都港区新橋3-13-2 B1F,https://tabelog.com/tokyo/A1301/A130103/13217264/
87,居酒屋,鹿児島県霧島市 塚田農場 新橋レンガ通り店,"営業時間
【月】17:00〜23:00　(LO22:00)【火】17:00〜23:00　(LO22:00)【水】17:00〜23:00　(LO22:00)【木】17:00〜23:00　(LO22:00)【金】17:00〜23:00　(LO22:00)【土】17:00〜23:00　(LO22:00)【日】16:00〜23:00　(LO22:00)
日曜営業
定休日
なし",東京都港区新橋2-14-6 ＨＴ・新橋ビル 2F,https://tabelog.com/tokyo/A1301/A130103/13138638/
88,居酒屋,瀬文二五,"営業時間
17:00～25:00
定休日
土曜日、日曜日",東京都港区赤坂3-11-1 難波ビル B1F,https://tabelog.com/tokyo/A1308/A130801/13269478/
89,居酒屋,しみず,"営業時間
17:00～23:00お料理L.O　　22：00ドリンクL.O　22：30
定休日
土曜日、日曜日、祝日　（年末年始・夏季休業あり）",東京都港区赤坂2-15-13 三東ビル 2F,https://tabelog.com/tokyo/A1308/A130801/13031200/
90,居酒屋,大餃子酒場 田町店,"営業時間
[月～金・土日]11：00～24：30（L.O.23：00）[祝前日]11：00～25：00（L.O.24：00）
日曜営業
定休日
なし",東京都港区芝5-16-13 レックスビル 1F・2F,https://tabelog.com/tokyo/A1314/A131402/13262493/
91,居酒屋,89zendish 麻布本店,"営業時間
[月～木・日]12:00～15:00(L.O14:30)17:00〜22:30 (L.O22:00)[金・土・祝前日]12:00～15:00 (L.O14:30)17:00〜23:00 (L.O22:30)
日曜営業
定休日
不定休",東京都港区麻布十番1-9-9 柴咲ビル 1F,https://tabelog.com/tokyo/A1307/A130702/13275017/
92,居酒屋,三元豚×霜降り和牛しゃぶしゃぶ 波音 新橋店,"営業時間
金・祝前日12:00～翌5:00（L.O.4:00、ドリンクL.O.4:30）ランチタイムはご宴会のみ承ります。人数・ご予算などお気軽にご相談ください。月～木・土・祝日12:00～24:00（L.O.23:00、ドリンクL.O.23:30）
日曜営業
定休日
無し",東京都港区新橋3-23-1 TRN新橋 2F,https://tabelog.com/tokyo/A1301/A130103/13290735/
93,居酒屋,幻 赤坂見附店,"営業時間
月～金・祝日・祝前日15:00～翌0:00 (L.O.23:00 ドリンクL.O.23:30)土・日14:00～翌0:00 (L.O.23:00 ドリンクL.O.23:30)
日曜営業
定休日
不定休日あり",東京都港区赤坂3-19-2 AKASAKA KAZAMA BUILDING B1F,https://tabelog.com/tokyo/A1308/A130801/13290255/
94,居酒屋,季節料理 ととや,"営業時間
[月〜金]・ランチ　11:00~15:00(L.O.14:30)・ディナー　17:00~23:30(L.O.23:00)
定休日
土・日・祝日",東京都港区虎ノ門1-13-3 虎ノ門東洋共同ビル 1F,https://tabelog.com/tokyo/A1308/A130802/13012717/
95,居酒屋,じぶんどき 浜松町駅前店,"営業時間
月～金17：00～23：30土日祝16：00～23：30※営業時間前も宴会可能！(早割・遅割特典有)※公式ホームページにも、分かりやすくお得な情報が満載です!!以下の『お店のホームページ』からお越しください♪
定休日
無",東京都港区浜松町1-30-11 浜松町FGビル 2F,https://tabelog.com/tokyo/A1314/A131401/13249621/
96,居酒屋,SHIBATORA,"営業時間
[平日・祝前日]【ランチ】　　 11：30～14：00　【ディナー】　16：00～23：00（フード、ドリンク22：00)
定休日
土曜・日曜・祝祭日",東京都港区西新橋1-22-6 新橋コアビルＢ1,https://tabelog.com/tokyo/A1308/A130802/13118545/
97,居酒屋,創業昭和四十二年 鳥じゅん 品川店,"営業時間
月～金16:00～23:00土・日・祝前日・祝日15:00～23:00※ランチタイムのご宴会はご予約くださいませ。
定休日
年中無休",東京都港区港南2-2-9,https://tabelog.com/tokyo/A1314/A131403/13217742/
98,居酒屋,浜松町 和食 天ぷら よこ田,"営業時間
11:30~14:0016:00~23:00
日曜営業
定休日
不定休",東京都港区芝大門1-6-1 芝大門エフビル 2F-C,https://tabelog.com/tokyo/A1314/A131401/13263544/
99,居酒屋,大衆和牛酒場 コンロ家 新橋・虎ノ門店,"営業時間
通常営牛時間＜月～金＞17:00～23:30＜土・日・祝日＞17:00～23:00
日曜営業
定休日
不定牛（スタッフに疲れが見えたら休みます)",東京都港区新橋3-2-7 恭和ビル 1F,https://tabelog.com/tokyo/A1301/A130103/13239104/
100,居酒屋,のぼせもん 赤坂店,"営業時間
[火～金]16時30〜3時[月・土・祝]16時30～23時※状況により変更する場合がございます
定休日
日曜日",東京都港区赤坂3-14-8 赤坂相模屋ビル 2F,https://tabelog.com/tokyo/A1308/A130801/13247302/
101,居酒屋,個室ダイニング ウメ子の家 品川駅前店,"営業時間
17:00～23:30※営業時間前も宴会可能！(早割・遅割特典有)※公式ホームページにも、分かりやすくお得な情報が満載です!!以下の『お店のホームページ』からお越しください♪
日曜営業
定休日
無",東京都港区港南2-6-9 ２Ｆ,https://tabelog.com/tokyo/A1314/A131403/13027113/
102,居酒屋,個室居酒屋 華の粋 新橋店,"営業時間
【月～木・祝前日】11:00～24:00(L.O.23:00、ドリンクL.O.23:30)毎週月曜～金曜(祝日は除く)はランチ11時～営業中【金】11:00～翌5:00(L.O.4:00、ドリンクL.O.4:30)毎週金曜日は朝5時まで営業しております【土・日・祝】15:00～24:00（L.O.23:00、ドリンクL.O.23:30）※土日祝日のランチは事前予約が必要です
日曜営業
定休日
無し",東京都港区新橋3-6-1 碧山ビル2F~3F,https://tabelog.com/tokyo/A1301/A130103/13268933/
103,居酒屋,ダイナミックキッチン＆バー 響 カレッタ汐留店,"営業時間
ランチ11:30～14：30(LO14:00）ディナー 　【月～土】17:00～23:00(LO22:00)【日・祝日】17:00～22:00(LO21:00)
日曜営業
定休日
年中無休　年末年始",東京都港区東新橋1-8-2 カレッタ汐留 46F,https://tabelog.com/tokyo/A1301/A130103/13005660/
104,居酒屋,肉食酒場 らいどん,"営業時間
【平日】 ランチ 11:30～14:00 (L.O.13:30)　【平日】 ディナー 17:00～ 不定＊食材が無くなり次第閉店となりますので店舗までお電話ください　【土】 ディナー 17：00～ ※貸切りのご予約のみご対応させて頂きます
定休日
土・日・祝日",東京都港区西新橋1-11-5 西新橋福徳ビル　B1F,https://tabelog.com/tokyo/A1301/A130103/13171085/
105,居酒屋,日本酒バル 蔵のや 新橋,"営業時間
全日：17時〜22時30分(LO:22時)
日曜営業
定休日
定休日なし ※年末年始の営業日・時間に関しては店舗にお問い合わせください",東京都港区新橋3-18-7 桃山ビル 3F-B,https://tabelog.com/tokyo/A1301/A130103/13146181/
106,居酒屋,こばる,"営業時間
18:00〜3:00 LO2:00
定休日
日・祝",東京都港区新橋4-11-8 植木ビル 1F,https://tabelog.com/tokyo/A1301/A130103/13283011/
107,居酒屋,丸呑稚内牧場 田町店,"営業時間
[月～日]12:00～24:00（L.O.23:30、ドリンクL.O.23:30）■お日にちにより営業時間変更・店休の場合がございます。■ランチの時間帯（12:00～14:00入店）のご予約は、通常メニューおよびコースのみのご提供となります。ランチメニューをご希望の方はご予約ではなく直接ご来店ください。
日曜営業
定休日
5/8～13は工事の為休業とさせていただきます。",東京都港区芝5-19-7 ハイベール B1F,https://tabelog.com/tokyo/A1314/A131402/13215827/
108,居酒屋,麻布十番しも井,"営業時間
18:00〜翌2:00（L.O1:00)
日曜営業
定休日
年末年始（31日～3日）",東京都港区麻布十番2-8-10 パティオ麻布十番 4F,https://tabelog.com/tokyo/A1307/A130702/13150786/
109,居酒屋,完全個室居酒屋 伊勢海老と黒毛和牛 潮風邸 新橋店,"営業時間
金・祝前日12:00～翌5:00（L.O.4:00、ドリンクL.O.4:30）月～木・土・日・祝日12:00～24:00（L.O.23:00）※12:00〜16:00は予約の方のみの営業となります。お気軽にお問い合わせください。
日曜営業
定休日
無し",東京都港区新橋3-23-1 TRN新橋 6F,https://tabelog.com/tokyo/A1301/A130103/13290733/
110,居酒屋,博多串焼き・博多料理の店 串べえ 新橋店,"営業時間
月～日、祝日、祝前日: 11:30～翌0:30 （料理L.O. 23:30 ドリンクL.O. 翌0:00）
日曜営業
定休日
全日営業",東京都港区新橋3-14-5 S-TEC3 B1F,https://tabelog.com/tokyo/A1301/A130103/13228855/
111,居酒屋,九州 熱中屋 新橋 LIVE,"営業時間
【月～木】16:00～23:00【金】16:00～26:00【土】12:00～26:00【日】12:00～23:00
日曜営業
定休日
無",東京都港区新橋3-16-3 烏森ビル　B1F・2Ｆ,https://tabelog.com/tokyo/A1301/A130103/13104194/
112,居酒屋,炭の屋でですけ,"営業時間
【平日】16:00~23:00【土日祝】12:00 ~23:00定休日　年末年始　カレンダー上「-」「×」でもご案内可能な場合もございます。「お電話」「HPからのネット予約」でお問い合わせ下さい。
日曜営業
定休日
年末年始",東京都港区新橋3-16-4 西原ビル1F,https://tabelog.com/tokyo/A1301/A130103/13132578/
113,居酒屋,鹿児島県霧島市 塚田農場 品川高輪店,"営業時間
【平日】17:00～23:00(L.O.22:00)【土日祝】16:00～23:00(LO.22:00)・予告なく営業時間の短縮させて頂くことがございます。予めご了承くださいませ。
日曜営業
定休日
定休日なし",東京都港区高輪3-25-23 京急第2ビル 1Ｆ,https://tabelog.com/tokyo/A1314/A131403/13140583/
114,居酒屋,黒船屋 新橋店,"営業時間
月～金 17:00～23:00土 17:00～23:00
定休日
日・祝",東京都港区新橋1-4-4 ファッドビル　１Ｆ,https://tabelog.com/tokyo/A1301/A130103/13013396/
115,居酒屋,銘柄焼鳥 もつ鍋 個室居酒屋 千鳥 赤坂店,"営業時間
日：16:00〜24:00(L,O.23:00)月〜金曜日：16:00〜翌3:00(L,O.2:00)
定休日
1月1日、1月2日",東京都港区赤坂3-19-8 赤坂ウエストビル 1F,https://tabelog.com/tokyo/A1308/A130801/13280494/
116,居酒屋,珉珉 浜松町店,"営業時間
[月～金]●ランチ11:00～15:00（LO：14：30）●ディナー17:00～23:00（LO：22：30）[土曜日] ●終日12:00～21:00（LO：20：30）
定休日
日曜日・祝日",東京都港区浜松町2-8-4 高雄ビル 1F,https://tabelog.com/tokyo/A1314/A131401/13183031/
117,居酒屋,焼売スタンドしじみ,"営業時間
[月～金]17:00~23:30(L.O)
定休日
土・日・祝",東京都港区赤坂4-2-3 ディアシティ赤坂一ツ木館 103,https://tabelog.com/tokyo/A1308/A130801/13269378/
118,居酒屋,おでん屋 ずぶ六,"営業時間
[月-土]18:00～23:00（L.O.22:30）
定休日
日曜日　※年末年始休業：12月31日(日)〜1月5日(金)",東京都港区六本木4-5-13 岩渕ビル 1Ｆ,https://tabelog.com/tokyo/A1307/A130701/13239281/
119,居酒屋,木村屋本店 品川港南口,"営業時間
【土曜日・月曜日～木曜日】営業時間　　16:00～24:00フードL.O　　23:00ドリンクL.O　23:30【日曜日】営業時間　16：00～23：00フードL.O　　22:00ドリンクL.O　22:30【金曜日・祝前日】営業時間　16:00～26：00フードL.O　　25:00ドリンクL.O　25:30
日曜営業
定休日
お盆、年末年始　他",東京都港区港南2-3-28 第3協和ビル2F,https://tabelog.com/tokyo/A1314/A131403/13054739/
120,居酒屋,個室居酒屋 茨城の恵み 水戸屋 品川店,"営業時間
17:00～23:00（L.O.22:00）
日曜営業
定休日
無休",東京都港区港南2-16-2 3F,https://tabelog.com/tokyo/A1314/A131403/13279157/
121,居酒屋,大衆焼肉 港南精肉店,"営業時間
【月～金】ランチ11:00～15:00ディナー17:00～23:00(L.O.22:00 ドリンクL.O.22:30)【土・日・祝】15:00～22:00(L.O.21:00 ドリンクL.O.21:30)
日曜営業
定休日
なし",東京都港区港南2-4-9,https://tabelog.com/tokyo/A1314/A131403/13273070/
122,居酒屋,燈庵 青山店,"営業時間
[平日]◇16:00-23:00 (LO.22:00)[土日祝]◇15:00-23:00 (LO.22:00)※近隣イベントにより早めに開店する場合もございます。詳しくは店舗にまでお問い合わせください。※年末年始の特別営業時間※12月30日（土）15:00〜23:0031日（日）休1月1日（月）14:00〜20:002日（火）14:00〜20:003日(水)・4日（木）　休
日曜営業
定休日
定休日なし",東京都港区北青山2-7-25 神宮外苑ビル　Ｂ１Ｆ,https://tabelog.com/tokyo/A1306/A130603/13009715/
123,居酒屋,個室×肉バル TOKIZO,"営業時間
【通常営業】16:00～24:0011:00～16:00の昼宴会、24:00～29:00の深夜宴会は要予約となります。お気軽にお問い合わせください！【問い合わせ】10:00〜24:00※24H利用可能なNET予約をぜひご利用ください。
定休日
無休",東京都港区新橋3-14-5 stec3 B2F,https://tabelog.com/tokyo/A1301/A130103/13217759/
124,居酒屋,芝の鳥一代,"営業時間
ランチタイム[月～金]11:00～14:00(L.O14:00)ディナータイム[月～木]17:00~22:00フードラスト21:00ドリンクラスト21:30ディナータイム[金曜]17:00~23:00フードラスト22:00ドリンクラスト22:30
定休日
日・祝祭日 ・土曜日",東京都港区芝2-30-6 ファインラック芝　１Ｆ,https://tabelog.com/tokyo/A1314/A131402/13079606/
125,居酒屋,夜景個室居酒屋 雅邸 品川店,"営業時間
12:00～24:00（L.O.23:00）※12:00〜16:00は予約の方のみ、3名様からの営業となります。前日までにご連絡くださいませ。
日曜営業
定休日
なし",東京都港区港南2-2-1 ミナトビル 6F,https://tabelog.com/tokyo/A1314/A131403/13233941/
126,居酒屋,食べ放題 飲み放題 個室居酒屋 京 浜松町・大門店,"営業時間
[月～金][土・日・祝]16:00～24:0023:00(L.O)*11:00~16:00のご利用際は前日までにご予約お願いします。
日曜営業
定休日
なし",東京都港区浜松町2-1-6 ADsis Daimon 6F,https://tabelog.com/tokyo/A1314/A131401/13283581/
127,居酒屋,焼はまぐりる 大門店,"営業時間
ランチ　【月₋金】11：30～14：30ディナー【月-土】17:00～22：00
定休日
日・祝日",東京都港区浜松町1-28-13 Daimon ex ⅡB1F,https://tabelog.com/tokyo/A1314/A131401/13047041/
128,居酒屋,DO-ZO 赤坂Bizタワー店,"営業時間
【平日】ランチ11:30-15:00(L.O14:30)／ディナー16:30-23:00(L.O21:30)【土日・祝日】ランチ11:30-15:00(L.O14:30)／ディナー16:30-22:00(L.O. 21:00)
日曜営業
定休日
12月31日 1月1日  2日3日は11:00〜16:00営業",東京都港区赤坂5-3-1 赤坂Bizタワー B1F,https://tabelog.com/tokyo/A1308/A130801/13047569/
129,居酒屋,個室居酒屋 稚内漁港×稚内牧場 田町店,"営業時間
[月～日]12:00～24:00（L.O.23:30、ドリンクL.O.23:30）■お日にちにより営業時間変更・店休の場合がございます。■ランチの時間帯（12:00～14:00入店）のご予約は、通常メニューおよびコースのみのご提供となります。ランチメニューをご希望の方はご予約ではなく直接ご来店ください。
日曜営業
定休日
お日にちにより営業時間変更・店休の場合がございます。",東京都港区芝5-19-7 ハイベール B1F,https://tabelog.com/tokyo/A1314/A131402/13215826/
130,居酒屋,音庵,"営業時間
【月～金】11:30~14:30(L.O14:00) 17:00~23:00(L.O食事22:15，飲物22:30）【土】11:30~14:30(L.O14:00)17:00~21:00(L.O20:15)
定休日
日曜日、祝日",東京都港区芝大門1-15-6,https://tabelog.com/tokyo/A1314/A131401/13283062/
131,居酒屋,火鼓壱,"営業時間
【月〜土】15：00〜23:30
定休日
日曜",東京都港区芝5-24-7 1F,https://tabelog.com/tokyo/A1314/A131402/13201627/
132,居酒屋,鶏のまるよし 新橋店,"営業時間
【金曜日】11:00～翌4:00 （料理L.O. 翌03:00 ドリンクL.O. 翌03:00）【金曜日以外】 11:00～翌0:00 （料理L.O. 23:00 ドリンクL.O. 23:30）祝日祝前日は曜日に準ずる昼飲みも可能です！※11:00～16:00は、4名様以上のご予約であればご利用可能です。前日までにお電話でご予約くださいませ。
日曜営業
定休日
年中無休",東京都港区新橋3-23-1 TRN新橋ビル B2F,https://tabelog.com/tokyo/A1301/A130103/13288264/
133,居酒屋,せせらぎを聴きながら 品川駅前店,"営業時間
17:00～23:30 ※営業時間前も宴会可能！(早割・遅割特典有)※公式ホームページにも、分かりやすくお得な情報が満載です!!以下の『お店のホームページ』からお越しください♪
定休日
日・祝",東京都港区港南2-6-9 8F,https://tabelog.com/tokyo/A1314/A131403/13027121/
134,居酒屋,酒肴いそや,"営業時間
【月～土】ランチタイム　11:30～14:00ディナータイム17:00～23:00 
定休日
日曜日",東京都港区芝大門2-1-13 芝大友ビル1F,https://tabelog.com/tokyo/A1314/A131401/13052428/
135,居酒屋,大衆酒場 ヒキニクロータス,"営業時間
ランチ　11:30～14:30ディナー　15:00～23:30
日曜営業
定休日
不定休",東京都港区芝5-23-16,https://tabelog.com/tokyo/A1314/A131402/13285848/
136,居酒屋,完全個室居酒屋 魚馬 TUKURAYA,"営業時間
月～火：16:00～24:00水～木：15:00～24:00金：15：00～29：00土・日・祝日 : 14:00～24:00
日曜営業
定休日
無し",東京都港区新橋3-21-9 貴悦ビル 2F,https://tabelog.com/tokyo/A1301/A130103/13252985/
137,居酒屋,山田五郎邸のごりょんさん 西麻布,"営業時間
17:00～23:30
日曜営業
定休日
無休",東京都港区西麻布2-20-1,https://tabelog.com/tokyo/A1306/A130602/13007036/
138,居酒屋,Dining & Bar Gochi,"営業時間
[月～金]18：00～3：00（Ｌ.Ｏ）[土]18：00〜22:00(L.O)[日・祝]定休日
定休日
日曜・祝日　定休日",東京都港区六本木7-12-23 フォルトゥーナ 1F,https://tabelog.com/tokyo/A1307/A130701/13102604/
139,居酒屋,蕎麦割烹 一心,"営業時間
月〜金　 18:00～ 翌3:00   土       17:00〜23 : 00日・祝    17:00〜23:00（臨時休業の場合あり）
日曜営業
定休日
日曜日、祝日は、臨時休業の場合あり",東京都港区赤坂2-6-22 デュオスカーラ赤坂Ⅱ 1F,https://tabelog.com/tokyo/A1308/A130801/13263558/
140,居酒屋,さくら 鳥居坂,"営業時間
【月～木】17:00～23:30（FL.22:30 DL.23:00）【金祝前日】17:00～23:30（FL.22:30 DL.23:00）【土・祝日】16:00〜23:00 (FL.22:00 DL.22:30)貸し切りできます。お気軽にお電話ください！
定休日
日曜",東京都港区麻布十番1-5-7 第一長門ビル B1F,https://tabelog.com/tokyo/A1307/A130702/13007490/
141,居酒屋,九州うまいもんと焼酎 芋蔵 青山店,"営業時間
月～木・土17：00～23：３０（フードＬＯ22：30　ドリンクＬＯ23：00）金曜・祝前日17：00～26：00
定休日
日曜日、祝日",東京都港区北青山3-3-11 ルネ青山ビル　Ｂ１Ｆ,https://tabelog.com/tokyo/A1306/A130602/13104759/
142,居酒屋,卓上無限レモンサワー飲み放題と比内地鶏 はなこま 品川港南口店,"営業時間
月～日、祝日、祝前日: 11:00～翌0:00 （料理L.O. 23:00 ドリンクL.O. 23:00）
日曜営業
定休日
不定休",東京都港区港南2-4-18 ルネッサン2ビル 4F,https://tabelog.com/tokyo/A1314/A131403/13262273/
143,居酒屋,魚と日本酒&炭火焼鳥 新橋商店 総本店,"営業時間
月～木、祝前日: 11:00～翌0:00 （料理L.O. 23:00 ドリンクL.O. 23:30）金: 11:00～翌5:00 （料理L.O. 翌4:00 ドリンクL.O. 翌4:30）土、日、祝日: 13:00～翌0:00 （料理L.O. 23:00 ドリンクL.O. 23:30）
日曜営業
定休日
無し",東京都港区新橋4-19-1,https://tabelog.com/tokyo/A1301/A130103/13283341/
144,居酒屋,個室 黒トリュフと肉 雅 品川店,"営業時間
12:00～24:00（L.O.23:00）※12:00〜16:00は予約の方のみ、3名様からの営業となります。前日までにご連絡くださいませ。
日曜営業
定休日
年中無休",東京都港区港南2-2-1 MINATOビル 6F,https://tabelog.com/tokyo/A1314/A131403/13290713/
145,居酒屋,田町にセンバネ,"営業時間
【月～土、祝前】16:30～23:45 (フードL.O.23:00 ドリンクL.O.23:15)【　日、祝日　】15:30～23:00 (フードL.O.22:00 ドリンクL.O.22:30)
日曜営業
定休日
なし/インボイス制度に対応しております。",東京都港区芝5-23-11 ユニカ田町ビル 1F,https://tabelog.com/tokyo/A1314/A131402/13291342/
146,居酒屋,熟成肉バルダイニング ミート・デ・ミート 新橋駅前店,"営業時間
月～日、祝日、祝前日: 12:00～27:00 
定休日
無休",東京都港区新橋2-16-1 ニュー新橋ビル3F,https://tabelog.com/tokyo/A1301/A130103/13224472/
147,居酒屋,升亀 新橋店,"営業時間
月～金　16:30～23:30土　16:30～23:00※お電話は14:30以降に頂けるようお願致します。
定休日
日・祝日",東京都港区新橋3-8-8 リバティ8ビル B1F,https://tabelog.com/tokyo/A1301/A130103/13017508/
148,居酒屋,高知名物屋台餃子 一屋,"営業時間
【平日】17:00〜翌3:00（L.O 2:00）【土、祝】17:00〜24:00（L.O 23:00）※下記の日程は営業時間が異なります。　12/29(金)  17:00〜23:00（L.O 22:00）　1/5(金),６(土)  17:00〜0:00（L.O 23:00）
定休日
日曜日　※年末年始定休日 12/30(土)〜1/4(木)",東京都港区赤坂4-2-3 ディアシティ赤坂一ツ木館 208,https://tabelog.com/tokyo/A1308/A130801/13244827/
149,居酒屋,居酒屋ふみ,"営業時間
9:30～24:00 (L.O 23:30)
定休日
日曜日",東京都港区新橋2-16-1 ニュー新橋ビル B1F,https://tabelog.com/tokyo/A1301/A130103/13183907/
150,居酒屋,ぐいん,"営業時間
11:30～15:00（ランチ）17:00～23:30（夜営業）※定休日のご宴会、ご相談下さい
定休日
土曜・日曜・祝日・12/29~1/3",東京都港区西新橋2-6-1 第２菊家ビル　Ｂ１Ｆ,https://tabelog.com/tokyo/A1301/A130103/13031729/
151,居酒屋,へぎそば匠 六本木店,"営業時間
【月〜金】17:30～4:00(L.O.3:20）【土】17:30～23:00（L.O22：20）
定休日
日祝日",東京都港区六本木7-4-1 スマイリービル B1F,https://tabelog.com/tokyo/A1307/A130701/13012627/
152,居酒屋,和酒旬菜 縷々,"営業時間
［月〜金］※ランチは只今休業中です11:30〜14:30（L.O14:00）［月〜土］17:00〜23:30（最終入店(お食事L.O)22:30、お飲み物L.O23:00）
定休日
日・祝日",東京都港区赤坂6-13-6 赤坂キャステール2F,https://tabelog.com/tokyo/A1308/A130801/13207225/
153,居酒屋,鳥一代 本店,"営業時間
[月～金]昼　11:30～14:00夜　17:00～23:00[土]第1.3.5営業
定休日
日曜日、祝祭日、第2、4土曜日",東京都港区芝浦3-13-18 ト－ホ－ビル2F,https://tabelog.com/tokyo/A1314/A131402/13041811/
154,居酒屋,にこむ,"営業時間
[火～土]17:30〜23:00（L.O.22:30)
定休日
日・月 ※祝日は不定休",東京都港区白金2-1-5,https://tabelog.com/tokyo/A1316/A131602/13281487/
155,居酒屋,すみれ家 新橋烏森口店,"営業時間
月～日・祝前日・祝日11:00～24:00（L.O.23:00、ドリンクL.O.23:30）【通常営業】16:00～24:0011:00～16:00の昼宴会、24:00～29:00の深夜宴会は要予約となります。お気軽にお問い合わせください！
日曜営業
定休日
無し",東京都港区新橋3-14-5 stec3 B2F,https://tabelog.com/tokyo/A1301/A130103/13218377/
156,居酒屋,大阪大衆割烹へそ,"営業時間
火～木１階16：00～23：30（L.O.23:00）２階３階17：00～23：30（L.O.23:00）金曜日１階16：00～28：00（L.O.27:00）２階３階17：00～28：00（L.O27：00）土日祝１階12：00～23：30（L.O.23:00）２階３階17：00～23：30（L.O.23:00）月定休日※12/30、1/3は12時～
日曜営業
定休日
月曜日、年末年始12/31～1/2お休み",東京都港区新橋3-10-3 クリアーゲートビル 1F～3F,https://tabelog.com/tokyo/A1301/A130103/13287405/
157,居酒屋,しんばし初藤,"営業時間
【月〜金】ランチ11:00～14:30ディナー【月〜金】14:30〜23:00(フードL.O.22：15）　　　　　　（ドリンクL.O.22：30）【土】15:00～22:00    (フードL.O.21：15)　　　　　　　　(ドリンクL.O.21：30）お一人様一品以上のご注文お願い致します。混雑状況により2時間でのお席の、ご予約になります。
定休日
日曜日・祝日　2023年12/31〜2024年1/3定休日です。",東京都港区新橋2-16-1 ニュー新橋ビル 2F,https://tabelog.com/tokyo/A1301/A130103/13022892/
158,居酒屋,個室居酒屋 さつま武蔵 田町店,"営業時間
[月～土・祝日・祝前日]15:00～24:00(L.O.23:00、ドリンクL.O.23:30)
日曜営業
定休日
日曜日",東京都港区芝5-22-3 浅岡ビル4F,https://tabelog.com/tokyo/A1314/A131402/13134276/
159,居酒屋,赤坂うまや,"営業時間
【月～金】昼　11:30〜14:30(L.O14:00）夜　17:00〜23:00(L.O22:00)【土】夜　15:00〜22:00(L.O21:00)【日祝日】休業※営業時間は変わることがございます。詳細は、店舗にお問合せください。※WEBでの予約が埋まっている場合でもお席をご用意できる可能性がございますので、お電話にてお問合せください。
定休日
日曜、祝日、年末年始",東京都港区赤坂4-2-32,https://tabelog.com/tokyo/A1308/A130801/13005690/
160,居酒屋,三田餃子酒場,"営業時間
11：00～25:00（L.O.24：00）日曜営業
日曜営業
定休日
なし",東京都港区芝5-16-7 芝ビル 2F,https://tabelog.com/tokyo/A1314/A131402/13286028/
161,居酒屋,日本酒と個室居酒屋 まぐろ奉行とかに代官 新橋店,"営業時間
月～木、土、日、祝日: 12:00～翌0:00 （料理L.O. 23:00 ドリンクL.O. 23:30）金、祝前日：12:00～29:00（料理L.O. 28:00 ドリンクL.O. 28:30）【ディナー】12:00～24:00※12:00～16:00は予約の方のみの営業となります
定休日
年中無休",東京都港区新橋3-23-1 Box’R Shinbashi 3F,https://tabelog.com/tokyo/A1301/A130103/13187283/
162,居酒屋,腹黒屋 品川,"営業時間
[月～木]ディナー　17:00-23:00[金]ディナー　17:00-26:00[土]ディナー　14:00-23:00[日祝]ディナー　14:00-22:00※東京都の要請に従い営業時間が変更になりますのでご了承くださいませ。〈営業時間変更〉営業時間変更ございます！詳しくは下記の備考欄をご確認くださいませ。
日曜営業
定休日
不定休　※年末年始の営業時間については、店舗にお問合せください",東京都港区港南2-3-26 モンテーヌ品川ビル 2F,https://tabelog.com/tokyo/A1314/A131403/13070115/
163,居酒屋,焼鳥・鮮魚×個室和ダイニング 二代目 鳥久,"営業時間
16:00～23:45 （料理L.O. 23:00 ドリンクL.O. 23:20）
日曜営業
定休日
不定休",東京都港区新橋2-16-1 ニュー新橋ビル 3Ｆ,https://tabelog.com/tokyo/A1301/A130103/13259489/
164,居酒屋,FULLMOoN 新橋虎ノ門店,"営業時間
12:00〜24:00
定休日
日曜日",東京都港区西新橋1-23-9 河野ビル B1F,https://tabelog.com/tokyo/A1308/A130802/13289714/
165,居酒屋,炭火焼き鳥ジロー田町本店,"営業時間
【月〜日】16:00~24:00　フードLO23:00　ドリンクLO23:30
日曜営業
定休日
不定休",東京都港区芝浦3-12-2 やまとビル 4F,https://tabelog.com/tokyo/A1314/A131402/13268882/
166,居酒屋,おでんと串カツ ハチストア,"営業時間
16:00～23:00（L.O 22:00）
定休日
不定休",東京都港区新橋3-11-5 新橋協同ビル 1F,https://tabelog.com/tokyo/A1301/A130103/13245120/
167,居酒屋,個室居酒屋 花道,"営業時間
営業時間　14:00〜1:0021時以降のご予約はお電話にてご連絡ください土日祝前日　　14:00〜23:00お昼からの宴会は相談ください。
定休日
なし",東京都港区赤坂3-9-1 B2F,https://tabelog.com/tokyo/A1308/A130801/13278019/
168,居酒屋,個室居酒屋 まるまる 新橋店,"営業時間
【月～日】15:00～24:00（Lo.23:30）※15時からご予約大歓迎♪※当日予約OK！隠れ家個室完備。※15時以前の利用ご希望のお客様は事前に要予約。お気軽にお問い合わせください。
日曜営業
定休日
無休",東京都港区新橋2-6-5 外堀通り上一ビル B1F,https://tabelog.com/tokyo/A1301/A130103/13279448/
169,居酒屋,いざよい,"営業時間
月～木・土日　11:30~23:15金・祝前日　　11:30~26:00
日曜営業
定休日
年中無休",東京都港区港南2-2-5 福田ビル,https://tabelog.com/tokyo/A1314/A131403/13269064/
170,居酒屋,大衆酒場 わいけい,"営業時間
ディナータイム　17:00～翌5:00祝日も元気に朝まで営業！！
定休日
日曜日定休",東京都港区赤坂3-6-18 赤坂ニューロイヤルビル 本館 B1F,https://tabelog.com/tokyo/A1308/A130801/13266351/
171,居酒屋,鳥楽酒場,"営業時間
月～金17:00～翌0:00 （料理L.O. 23:00 ドリンクL.O. 23:30）土15:00～翌0:00 （料理L.O. 23:00 ドリンクL.O. 23:30）
定休日
日曜日",東京都港区新橋4-19-2,https://tabelog.com/tokyo/A1301/A130103/13262262/
172,居酒屋,酒肴ちいち 烏森口店,"営業時間
◆平日◆[ランチ] 11:30～14:30 (L.O.14:00)[ディナー] 17:00～24:00 (L.O.23:30)※土日祝日はコースご予約のみ承っております。気軽にお電話下さい。緊急事態宣言時はガイドラインに準ずる営業時間となります。
定休日
土曜日・日曜日・祝日",東京都港区新橋3-9-4 大橋ビル 1F,https://tabelog.com/tokyo/A1301/A130103/13159413/
173,居酒屋,馬肉バル 跳ね馬 田町三田店,"営業時間
[ランチ]月～金……11:30〜14:30(L.o.14:00）[ディナー]月～木…17:00～23:00(L.o.22:00)金…17:00～23:30(L.o.22:30)土…17:00～22:00(L.o.21:00)祝…16:00～22:00(L.o.21:00)※営業時間は状況により変更になる場合がございます
定休日
日曜日(月曜日が休日の場合、日曜営業/翌月曜日がお休み) 　※定休日は状況により変更になる場合がございます",東京都港区芝5-22-5 原田ビル 1F,https://tabelog.com/tokyo/A1314/A131402/13143781/
174,居酒屋,藁焼きと日本酒 個室居酒屋 炎楽 新橋店,"営業時間
月～木16:00～24:00（L.O.23:00、ドリンクL.O.23:30）金16:00～翌02:00（L.O.01:00、ドリンクL.O.01:30）土12:00～翌02:00（L.O.01:00、ドリンクL.O.01:30）日12:00～24:00（L.O.23:00、ドリンクL.O.23:30）
日曜営業
定休日
年中無休",東京都港区新橋3-21-11 新花ビル B1F,https://tabelog.com/tokyo/A1301/A130103/13281385/
175,居酒屋,伊勢海老＆十勝牛 完全個室居酒屋 雅邸 新橋店,"営業時間
土～木 12:00～24:00（L.O.23:00）金祝前日 12：00～29：00※12:00〜16:00は予約の方のみの営業となります。お気軽にお問い合わせください。※金祝前日は朝5時まで営業いたします！
日曜営業
定休日
無",東京都港区新橋3-23-1 Box’R Shinbashi 6F,https://tabelog.com/tokyo/A1301/A130103/13226513/
176,居酒屋,テング酒場 虎ノ門店,"営業時間
平日ランチタイムは、『湊や磯吉食堂』ディナータイムは、『テング酒場』として営業いたします。月～金曜日　　11：30～14：30（湊や磯吉食堂）16：00～23：00（テング酒場）土、日曜日・祝日定休日※年末年始、GW、お盆期間は営業日、営業時間が異なる場合がございます。詳しくはテンアライド㈱ホームページにてご確認ください。 
定休日
12月30日～1月3日",東京都港区虎ノ門1-13-4 宝寿会館　Ｂ１Ｆ,https://tabelog.com/tokyo/A1308/A130802/13103092/
177,居酒屋,北海道はでっかい道 オホーツクの恵み 網走市 西新橋店,"営業時間
ランチ 11：30～14:30(L.O14:00)ビア 17：00～23:00(L.O22:30)
定休日
土曜日・日曜日・祝日",東京都港区西新橋1-3-1 西新橋スクエア 2F,https://tabelog.com/tokyo/A1301/A130103/13171037/
178,居酒屋,鮮魚・焼き鳥 CIRCUS,"営業時間
※なるべくご予約をしてからの来店お願いします。 050-5869-6600【土曜・日曜・祝日】13:00～23:00まで通常営業。【平日】17:00～23:00新橋昼飲みインボイス制度事業者登録番号あり
日曜営業
定休日
年中無休。来店の際はなるべくご予約をお願いします",東京都港区新橋4-18-4 十合ビル 3F,https://tabelog.com/tokyo/A1301/A130103/13157299/
179,居酒屋,魚と創作料理 だん 三田店,"営業時間
月～金ランチ　11:30～14:00（L.O.13:30） 土・日・祝ディナー　16:30～23:00（L.O.22:00、ドリンクL.O.22:30） 月～木ディナー　17:00～23:00（L.O.22:00、ドリンクL.O.22:30） 金ディナー　17:00～23:30（L.O.22:30、ドリンクL.O.23:00） 
日曜営業
定休日
年中無休",東京都港区芝5-31-5 GATO三田ビル 3F・4F,https://tabelog.com/tokyo/A1314/A131402/13022179/
180,居酒屋,牡蠣海鮮料理 かき家 こだはる 新橋店,"営業時間
17:00～22:30(L.O 22:00)
定休日
日曜日",東京都港区新橋3-8-8 神野ビル 2F,https://tabelog.com/tokyo/A1301/A130103/13176423/
181,居酒屋,ひごの屋 青山本店,"営業時間
【月～土曜日】17:00～23:30（L.O.22:30、ドリンクL.O.23:00）
定休日
日曜日",東京都港区北青山3-12-7 カプリーズ青山　２Ｆ,https://tabelog.com/tokyo/A1306/A130602/13013013/
182,居酒屋,酒場フタマタ 西新橋店,"営業時間
[月～金]11:30～14:30(L.O 14:00）17:00～23:00
定休日
土日",東京都港区西新橋1-3-1 西新橋スクエア 2F,https://tabelog.com/tokyo/A1301/A130103/13243927/
183,居酒屋,完全個室居酒屋 串ごろ 新橋店,"営業時間
12：00〜24:00
日曜営業
定休日
なし",東京都港区新橋2-15-7 S-PLAZA弥生ビル 5F,https://tabelog.com/tokyo/A1301/A130103/13280922/
184,居酒屋,二代目 魚屋町,"営業時間
月～金11:30～14:30(L.O.14:00)15:00～23:30(L.O.22:30)土15：00～23：30（L.O.２２：30）日15:00～23:30（L.O.22:30）
日曜営業
定休日
不定休",東京都港区芝5-24-12,https://tabelog.com/tokyo/A1314/A131402/13060104/
185,居酒屋,珉珉 六本木店,"営業時間
「平日」11：30～15：00（ランチ）17：30～23:00（ディナー）「土曜」11：30～15：00（ランチ）17：30～23：00（ディナー）
定休日
日曜・祝日",東京都港区六本木3-10-9 カジカワ誠志堂ビル Ｂ１Ｆ,https://tabelog.com/tokyo/A1307/A130701/13006999/
186,居酒屋,和食 いぶり別邸 新橋店,"営業時間
平日(月～金)17:00～23:30（L.O.22:30、ドリンクL.O.23:00）土曜・祝日16:00～23:00（L.O.22:00、ドリンクL.O.22:30）
定休日
日曜定休〈有楽町店は日曜日も営業しております。ページ下部リンクからご予約頂けます。〉全席完全個室でご案内致します♪領収書にインボイス番号を印字しております。",東京都港区新橋3-16-2 太洋ビル 2F・3F,https://tabelog.com/tokyo/A1301/A130103/13281809/
187,居酒屋,牡蠣と牛タン 波遊 新橋駅前本店,"営業時間
【月～日・祝日・祝前日】11:00-24:00◆毎日11時から営業しております♪
日曜営業
定休日
なし",東京都港区新橋2-14-6 HT新橋ビル 8F,https://tabelog.com/tokyo/A1301/A130103/13281970/
188,居酒屋,かんてきや 浜松町店,"営業時間
【夜】16:00～23:00　※金曜日は23:30まで営業
定休日
毎週日曜日",東京都港区浜松町2-1-1,https://tabelog.com/tokyo/A1314/A131401/13179557/
189,居酒屋,いらっしゃい酒場,"営業時間
日曜日から金曜日15:00～23:30土曜日13:00～21:30
日曜営業
定休日
無休",東京都港区赤坂1-3-19 芳明ビル 1F,https://tabelog.com/tokyo/A1308/A130802/13276780/
190,居酒屋,気楽酒場 若泉庵,"営業時間
[月～金]16:00～翌4:00[土・日・祝]14:00～翌4:00
日曜営業
定休日
年中無休",東京都港区新橋3-16-3 烏森ビル 1F,https://tabelog.com/tokyo/A1301/A130103/13270378/
191,居酒屋,個室居酒屋 産地直送の海鮮 肉料理 粋正 新橋店,"営業時間
【土～木】12：00～24：00（料理L.O.23：00　ドリンクL.O.23：30）【金・祝前日】12：00～29：00（料理L.O.28：00　ドリンクL.O.28：30）
日曜営業
定休日
無し",東京都港区新橋3-23-1 Box'R shinbashiビル 7F-A,https://tabelog.com/tokyo/A1301/A130103/13265534/
192,居酒屋,魚魯魚魯 品川インターシティ店,"営業時間
【平日・祝前日】ランチ　11:30-14:00（L.O)13:30ディナー月～木17:00-22:30（L.O)21:30金　　17:00-23:00（L.O）22:00
定休日
土曜日、日曜日、祝日",東京都港区港南2-15-2 品川インターシティ B棟 B1F,https://tabelog.com/tokyo/A1314/A131403/13027694/
193,居酒屋,スタンド新橋,"営業時間
【ランチ】11:30～17:00【ディナー】17:00〜23:00（ラストオーダー）22:30
定休日
日曜/祝日",東京都港区新橋2-13-4 佐藤ビル 1F,https://tabelog.com/tokyo/A1301/A130103/13279350/
194,居酒屋,九州 熱中屋 新橋烏森 LIVE,"営業時間
【月～木・土・日】16:00～23:00【金・祝前】16:00～26:00〈年末年始営業時間〉2024.1.1　　休業2024.1.2　　16：00～22：002024.1.3　　16：00～22：00
日曜営業
定休日
なし",東京都港区新橋2-9-13,https://tabelog.com/tokyo/A1301/A130103/13027730/
195,居酒屋,月逢,"営業時間
18:00～翌5:30（金曜は翌朝7時まで）休日(土日祝)予約：ご相談
定休日
土曜・日曜・祝日",東京都港区赤坂3-15-1 赤坂コーストビル　5F,https://tabelog.com/tokyo/A1308/A130801/13181684/
196,居酒屋,わらやき屋 赤坂,"営業時間
営業時間【月～金】16：00～23：00 (L.O.22:00)【土日祝】15：00～23：00(L.O.22:00)〈年末年始営業時間〉2023-12-31　　休業2024-01-01　　休業2024-01-02　　休業
日曜営業
定休日
なし、年末年始（2023年12月31日～2024年1月2日）",東京都港区赤坂3-12-3 コンチネンタル赤坂V 1F,https://tabelog.com/tokyo/A1308/A130801/13151433/
197,居酒屋,炭火焼鳥専門 個室居酒屋 久保田 浜松町店,"営業時間
16:00-24:00
日曜営業
定休日
年中無休",東京都港区浜松町1-28-13 Daimon exⅡ 3F,https://tabelog.com/tokyo/A1314/A131401/13265090/
198,居酒屋,あん庵 赤坂店,"営業時間
月〜金　17:00〜23:00土・日・祝　16:00〜23:00※年末年始の特別営業時間※12月30日（土）16:00〜23:0012月31日（日）休1月1日（月）17:00〜23:001月2日（火）休1月3日（水）休
日曜営業
定休日
定休日なし",東京都港区赤坂3-10-14 AKASAKA FOUR DEER ビル 1F,https://tabelog.com/tokyo/A1308/A130801/13009521/
199,居酒屋,個室居酒屋 鳥海,"営業時間
営業時間　14:00〜1:0021時以降のご予約はお電話にてご連絡ください土曜日・日曜日・祝日　14:00〜23:00お昼からの宴会は相談ください。
定休日
なし",東京都港区赤坂3-9-1 B2F,https://tabelog.com/tokyo/A1308/A130801/13278020/
200,居酒屋,居酒屋 たなか畜産 赤坂店,"営業時間
個室完備！万全のコロナ対策。【営業時間】[月～金] ・ランチ 11:30～14:00・ディナー 14:00～23:30[土・祝日] ・ディナー 15:00～23:30■年末年始休業のお知らせ12/31～1/3は休業いたします
定休日
日曜(※日曜祝日の場合は、月曜定休) ※年末年始（2022年12月31日～2023年1月3日）",東京都港区赤坂3-7-11 レジーア赤坂 B1F,https://tabelog.com/tokyo/A1308/A130801/13226062/
201,居酒屋,北陸三陸酒場 陸州や 新橋総本店,"営業時間
[月～木]16:00～24:00(L.O23:00)[金、祝前日]1600～29:00（料理L.O. 翌4:00 ドリンクL.O. 翌3:30）[土、日、祝日]15:00～24:00 
日曜営業
定休日
年中無休",東京都港区新橋2-15-7 Sプラザ弥生 3F,https://tabelog.com/tokyo/A1301/A130103/13227422/
202,居酒屋,全席個室居酒屋 匠 赤坂見附店,"営業時間
16:00～24:00※4名様以上のご予約にて昼間の居酒屋営業可能！お気軽にお問い合わせください！
日曜営業
定休日
なし",東京都港区赤坂3-10-17 マーカスビル 2F,https://tabelog.com/tokyo/A1308/A130801/13266352/
203,居酒屋,赤い壺,"営業時間
[月～金]17:00～24:00[土・祝]15:00～23:00水曜12：00～14：００ランチ営業
定休日
日曜/第１・３　月曜",東京都港区北青山3-5-9 レイカーズ青山 3F,https://tabelog.com/tokyo/A1306/A130602/13256974/
204,居酒屋,青山 はら八,"営業時間
■通常営業■[月～金]ランチ　12:00～14:00[月～金]18:00～22:00（LO）土・祝・日　不定休■時短営業■[月～金]ランチ　12:00～14:00[月～金]18:00～20:00(L.O.19:00)土・日・祝　休み
定休日
土曜日　日曜日　祝日",東京都港区南青山2-11-14 青山コシビル　２Ｆ,https://tabelog.com/tokyo/A1306/A130603/13021187/
205,居酒屋,地酒と個室居酒屋 とく山 新橋本店,"営業時間
《月～金・祝前日》16:00～23:30《土・日・祝日》16:00～23:30
日曜営業
定休日
年中無休",東京都港区新橋2-15-7 Sプラザ弥生ビル 4F,https://tabelog.com/tokyo/A1301/A130103/13208774/
206,居酒屋,田町 黒鶏ファニー,"営業時間
[月～木]17:00～23:30[金・祝前日]17:00～25:00[土]17:00～22:00
定休日
日曜日",東京都港区芝5-23-17,https://tabelog.com/tokyo/A1314/A131402/13256103/
207,居酒屋,ぶたぼーる 赤坂店,"営業時間
11〜24時
日曜営業
定休日
なし",東京都港区赤坂3-12-18 第8荒井ビル 1F,https://tabelog.com/tokyo/A1308/A130801/13289701/
208,居酒屋,和モダン創作居酒屋 下松,"営業時間
月～土・祝前日・祝日ディナー　17:00～23:30（L.O.22:30)ランチ　11:30～14:00（L.O.13:50）
定休日
日曜日",東京都港区芝浦3-6-8 TOKIビル 1F,https://tabelog.com/tokyo/A1314/A131402/13264409/
209,居酒屋,昭和ロマネスク大衆酒場 恋の赤レンガ通り,"営業時間
[月〜金]17:00～4:00(L.O フード4:00 ドリンク4:00)[土・祝]17:00～23:00(L.O フード22:00 ドリンク22:30)
定休日
日曜定休",東京都港区新橋3-8-8 新橋神野ビル 1F,https://tabelog.com/tokyo/A1301/A130103/13266189/
210,居酒屋,沖縄いちゃりば酒場 あかゆら,"営業時間
平日ランチ　　11:30〜14:30（L.O.14:00）ディナー　17:00〜23:30（L.O.22:30）土、日、祝日ディナー　16:00～22：30(L.O.21:30)※日曜日はお休みです。＊テイクアウトも実施しております！＊営業時間、お弁当注文についても、お気軽にお問い合わせ下さい＾＾
日曜営業
定休日
年末年始",東京都港区芝5-9-8 GEMS田町 B1F,https://tabelog.com/tokyo/A1314/A131402/13231801/
211,居酒屋,山芋の多い料理店 麻布十番,"営業時間
ランチ11時30分～14時(L.O.13時30分)ディナー17時〜23時（L.O.22時00分）
定休日
なし",東京都港区麻布十番1-4-8 マドモアゼルビル 1F,https://tabelog.com/tokyo/A1307/A130702/13235908/
212,居酒屋,餃子職人 GYO汁,"営業時間
【月～金】18:00～24:00（フードLO 23:00 ドリンクLO23:20）   【土】   18:00～23:00（フードLO 22:00ドリンクLO22:20）2023年は29日金曜日が最終営業日となります。※臨時休業の場合もございますので食べログページ又は店舗に直接お電話にてご確認ください。
定休日
日曜日、祝日",東京都港区新橋3-22-2 東ビル 2F,https://tabelog.com/tokyo/A1301/A130103/13261384/
213,居酒屋,品川 個室和食 まつもと,"営業時間
ランチ　 11:30～14:30ディナー 17:00～23:00　
日曜営業
定休日
不定休",東京都港区港南2-16-1 品川イーストワンタワー 1F-C,https://tabelog.com/tokyo/A1314/A131403/13257406/
214,居酒屋,一番どり 六本木一丁目店,"営業時間
ランチ　　11：30～15：00　ＬＯ14：30ディナー　17：00～23：00　フードLO22：00　　　　　　　　　　　　　　　ドリンクLO22：30土曜、日曜、祝日　休業　土日祝日の企業様宴会御座いましたらご相談ください。　　　
定休日
土日祝日",東京都港区六本木1-6-1 泉ガーデンタワー　１Ｆ,https://tabelog.com/tokyo/A1307/A130701/13038683/
215,居酒屋,完全個室居酒屋 邸の庭 新橋店,"営業時間
12:00〜24:00
日曜営業
定休日
なし",東京都港区新橋3-14-5 B1F,https://tabelog.com/tokyo/A1301/A130103/13291433/
216,居酒屋,九州 熱中屋 品川グランパサージュ LIVE,"営業時間
【月～金・祝前】11:30～23:00【土】16:00～23:00
定休日
日・祝",東京都港区港南2-16-5 三菱重工ビル B1F グランパサージュ2,https://tabelog.com/tokyo/A1314/A131403/13178295/
217,居酒屋,やきとん酒場 新橋とら八,"営業時間
【平日・土曜】16:00－23:30【日曜・祝日】16:00－23:00年中無休
日曜営業
定休日
年末年始",東京都港区新橋3-25-6,https://tabelog.com/tokyo/A1301/A130103/13060860/
218,居酒屋,福炎や,"営業時間
ディナー【月〜金曜日 17:00～23:30】料理LO22:15 飲み物LO23:00【土曜日 17:00～22:00】ご予約状況により開閉店時間の調整致します。土曜・日・祝日のご利用は、ご相談ください。《昼宴会》人数様・ご予算、ご相談ください。
定休日
【定休:日曜・祝日・第一土曜日】",東京都港区新橋2-9-6 烏森神社ビル4F,https://tabelog.com/tokyo/A1301/A130103/13047799/
219,居酒屋,ときしらず 品川店,"営業時間
ディナー　17:00～23:00（L.O.22:00、ドリンクL.O.22:30）
定休日
不定休日あり【GW・お盆・年末年始】",東京都港区港南2-5-15 KIDS002ビル 3F・4F,https://tabelog.com/tokyo/A1314/A131403/13213087/
220,居酒屋,博多もつ鍋九州料理専門店 木村屋本店 浜松町駅前,"営業時間
16:00~23:00(L.O22:30)
日曜営業
定休日
不定休",東京都港区浜松町2-11-7 藤本ビル 1F・2F,https://tabelog.com/tokyo/A1314/A131401/13284368/
221,居酒屋,北海道紀行 浜松町店,"営業時間
[月~日]12：00～24：00（L.O.23:00、ドリンクL.O.23:30）※12:00〜15:00のご利用は前日までにご予約くださいませ。
日曜営業
定休日
無休",東京都港区浜松町2-5-8 井門浜松町 B1F,https://tabelog.com/tokyo/A1314/A131401/13233958/
222,居酒屋,九州居酒屋かてて 虎ノ門店,"営業時間
11:00～15:00（L.O.14:30）18:00〜22:00(フードL.O21:30、ドリンクL.O21:30)
定休日
日、祝",東京都港区西新橋1-6-13 吉荒ビル B1F,https://tabelog.com/tokyo/A1301/A130103/13288810/
223,居酒屋,赤坂 ごだいご,"営業時間
[月～木] 17:00～23:30[金] 17:00～24:00[土] 17:00～23:00
定休日
日曜・祝日",東京都港区赤坂3-10-4 赤坂月世界ビル　６Ｆ,https://tabelog.com/tokyo/A1308/A130801/13019354/
224,居酒屋,食べ飲み放題全250種 個室居酒屋 マルヤス酒場 新橋店,"営業時間
【月曜～木曜・土曜】ランチ　：11:00～15:00（L.O.14:30）ディナー：17:00～23:30（L.O.23:00）【金曜・祝前日】ランチ　：11:00～15:00（L.O.14:30）ディナー：17:00～24:00（L.O.23:30）【日・祝】ディナー：17:00～23:00（L.O.22:30）※当日予約OK！2名様～
日曜営業
定休日
無休（当日予約OK）",東京都港区新橋2-12-8 GEMS新橋 5F,https://tabelog.com/tokyo/A1301/A130103/13265462/
225,居酒屋,元祖やきとり串八珍 浜松町2号店,"営業時間
[月～金]16:00～23:00(L.O.フード22:15／ドリンク22:30)
定休日
土曜日・日曜日・祝日",東京都港区浜松町1-23-7 タマルビル 1F,https://tabelog.com/tokyo/A1314/A131401/13147005/
226,居酒屋,伊勢海老と牡蠣宴会 和食居酒屋 海の響 新橋店,"営業時間
「月～日」15:00～24:00
日曜営業
定休日
年中無休",東京都港区新橋3-23-1 TRN新橋 B1F,https://tabelog.com/tokyo/A1301/A130103/13290734/
227,居酒屋,魚焼男 弐,"営業時間
月〜木：16〜24時金：16〜25時土：16〜23時
定休日
日曜日、祝日",東京都港区新橋3-15-8 精工ビル B1F,https://tabelog.com/tokyo/A1301/A130103/13224176/
228,居酒屋,もつ千 赤坂本店,"営業時間
[月～金]17:00～25:00(L.O.24:00)[土]17:00～23:00(L.O.22:00)
定休日
日・祝",東京都港区赤坂2-14-12 高橋ビル2F,https://tabelog.com/tokyo/A1308/A130801/13086480/
229,居酒屋,全席個室 鮮や一夜 品川駅前店,"営業時間
17:00～23:30 ※営業時間前も宴会可能！(早割・遅割特典有)※公式ホームページにも、分かりやすくお得な情報が満載です!!以下の『お店のホームページ』からお越しください♪
定休日
日・祝",東京都港区港南2-6-9 DK品川ビル 7F,https://tabelog.com/tokyo/A1314/A131403/13166385/
230,居酒屋,個室 紀州備長炭 炭焼き地鶏 本陣 浜松町店,"営業時間
16:00-24:00
日曜営業
定休日
年中無休",東京都港区浜松町1-28-13 Daimon exⅡ 2F,https://tabelog.com/tokyo/A1314/A131401/13265091/
231,居酒屋,炭火焼 釜めし 日本酒の店 古鼓蔵,"営業時間
［月〜木］・ランチ／11：30～14：00・ディナー／17:00～23:00（L.O 22:00）［金・祝前日］・ランチ／11：30～14：00・ディナー／17:00～23：30（L.O 22:30）［土・祝日］・ディナー／17:00～23:00（L.O 22:00）
定休日
日曜日",東京都港区芝5-20-20,https://tabelog.com/tokyo/A1314/A131402/13261644/
232,居酒屋,二代目 鳥じゅん 品川二号店,"営業時間
15:00～23:30（L.O.22:30、ドリンクL.O.23:00）
日曜営業
定休日
なし",東京都港区港南2-2-8 1～3F,https://tabelog.com/tokyo/A1314/A131403/13250673/
233,居酒屋,ひだりや,"営業時間
ランチ 月～金 11:30～14:00 ディナー 月～金 17:30～23:00(L.O.22:00）★土曜日 不定休 ★要相談可能です、お気軽にお問い合わせ下さいませ☆
定休日
日曜・祝日・土曜日（不定期）★個人店なのでご相談可能です！歓送迎会！同窓会！",東京都港区芝大門1-15-10 ヨシザネビル　１Ｆ,https://tabelog.com/tokyo/A1314/A131401/13034602/
234,居酒屋,海老牡蠣酒場だるま,"営業時間
ランチ 11:30～14:00(L.O.13:30)ディナー17:00～23:00(L.O.フード22:00 ドリンク 22:30)
定休日
日曜",東京都港区赤坂2-20-6 赤坂川瀬ビル 1F,https://tabelog.com/tokyo/A1308/A130802/13275873/
235,居酒屋,麺酒房 実之和 六本木店,"営業時間
[月～土]11:00～翌5:00（4時半ラストオーダー）※営業時間が異なる場合があります。店舗の方にお問い合わせ下さい。
定休日
年末・年始　その他　臨時休業あり",東京都港区六本木3-13-8,https://tabelog.com/tokyo/A1307/A130701/13036017/
236,居酒屋,新橋シャモロック酒場 第2鶏舎,"営業時間
17：00～23：30
日曜営業
定休日
無し",東京都港区新橋2-16-1 ニュー新橋ビル 2F,https://tabelog.com/tokyo/A1301/A130103/13112130/
237,居酒屋,南風花 アクアシティお台場店,"営業時間
[平日]ランチ　11:30～14:30(L.O.14:00)　　　ディナー17:30～04:00(L.O.03:00)[土曜]11:30～04:00(L.O.03:00)[日祝]11:30～23:00(L.O.22:00)
日曜営業
定休日
無休",東京都港区台場1-7-1 アクアシティお台場 1F,https://tabelog.com/tokyo/A1313/A131306/13045492/
238,居酒屋,和食と日本酒 田,"営業時間
月〜金11:30～13:45　17:00-翌1時まで　土、日、祝日16:00-23:00
日曜営業
定休日
なし",東京都港区赤坂2-10-18 2F,https://tabelog.com/tokyo/A1308/A130802/13275431/
239,居酒屋,北海道シントク町 塚田農場 品川港南口店,"営業時間
【月】17:00〜23:00（LO.22:00）【火】17:00〜23:00（LO.22:00）【水】17:00〜23:00（LO.22:00）【木】17:00〜23:00（LO.22:00）【金】17:00〜23:30（LO.22:30）【土】17:00〜23:00（LO.22:00）【日】17:00〜23:00（LO.22:00）
日曜営業
定休日
諸般の事情により、予告なく休業させて頂くことがございます。予めご了承くださいませ。営業日については直接店舗へお問い合わせください。",東京都港区港南2-3-29 シーゲンビル 3F,https://tabelog.com/tokyo/A1314/A131403/13174190/
240,居酒屋,佐賀県三瀬村ふもと赤鶏 田町本店,"営業時間
[月～金]11:30～14:00(L.O.13:30)17:00～23:15(L.O.22:45)[土]17:00～23:00(L.O.22:30)土曜日現在営業しておりません。
定休日
祝日。日曜日。",東京都港区芝浦3-11-10 エタニ ビル B1F,https://tabelog.com/tokyo/A1314/A131402/13141536/
241,居酒屋,酒肴ほたる,"営業時間
【月〜金】ランチタイム ※しばらくお休みさせていただきます。　　　　　ディナータイム 17:30 - LO 22:00【土】　　しばらくの間、お休みとさせていただきます。
定休日
土曜日、日曜日、祝日",東京都港区赤坂3-19-1 東京農村2F,https://tabelog.com/tokyo/A1308/A130801/13224252/
242,居酒屋,あそこ,"営業時間
18:00〜22:00(L.O)
日曜営業
定休日
不定休",東京都港区六本木6-1-5 福島KDYビル 1F,https://tabelog.com/tokyo/A1307/A130701/13284572/
243,居酒屋,和ノ夢,"営業時間
「月～日」15:00～24:00
日曜営業
定休日
年中無休",東京都港区新橋3-23-1 Box’R Shinbashi B1F,https://tabelog.com/tokyo/A1301/A130103/13282387/
244,居酒屋,美味いもん処 手八,"営業時間
17:00～23:45(お客様次第で24:00まで)
定休日
日曜日",東京都港区新橋2-9-12 井出ビル1F,https://tabelog.com/tokyo/A1301/A130103/13135800/
245,居酒屋,おばんざいと旬の天ぷら 京町響き 新橋店,"営業時間
12:00〜24:00
日曜営業
定休日
なし",東京都港区新橋3-14-5 B2F,https://tabelog.com/tokyo/A1301/A130103/13291432/
246,居酒屋,地鶏専門 個室居酒屋 吉庭 新橋,"営業時間
16:00～24:00(L.O23:00)※営業時間は仕入状況等により早める場合がございます。予めご了承下さい※日曜営業
日曜営業
定休日
不定休",東京都港区新橋2-15-18 プラザT2 8F,https://tabelog.com/tokyo/A1301/A130103/13216511/
247,居酒屋,完全個室×創作和食 武蔵 真久作 新橋店,"営業時間
月～日、祝日、祝前日: 16:00～23:45 （料理L.O. 23:00 ドリンクL.O. 23:20）
定休日
不定休",東京都港区新橋2-16-1 ニュー新橋ビル 3F,https://tabelog.com/tokyo/A1301/A130103/13259501/
248,居酒屋,九州藩 赤坂見附店,"営業時間
［月～木］11:00～14:00／17:00～23:00（L.O.22:00）［金］［祝前日］※2時間制11:00～14:00／17:00～翌2:00（L.O.翌1:00）［土］17:00～22:00（L.O.21:00）
定休日
日曜日、祝日",東京都港区赤坂3-10-4 赤坂月世界ビル 2F,https://tabelog.com/tokyo/A1308/A130801/13208816/
249,居酒屋,憧れの古民家×牛タンしゃぶしゃぶ よござんす 浜松町・大門,"営業時間
営業時間　16:00〜23：00営業時間：【月〜土】ディナー   16：00〜23：00定休日：日・祝日
定休日
日曜・祝日",東京都港区芝大門1-8-4,https://tabelog.com/tokyo/A1314/A131401/13037553/
250,居酒屋,いいとこ鶏,"営業時間
[月～木・土]17:00～24:00（L.O.23:00）　［祝前日］[金]17:00～翌5:00
定休日
日曜日  ※貸切等のご要望があればお問い合わせください。",東京都港区新橋2-15-11 TMビル 2F,https://tabelog.com/tokyo/A1301/A130103/13151622/
251,居酒屋,全席個室 楽蔵うたげ 品川港南口店,"営業時間
17:00～23:30 ※営業時間前も宴会可能！(早割・遅割特典有)※公式ホームページにも、分かりやすくお得な情報が満載です!!以下の『お店のホームページ』からお越しください♪
日曜営業
定休日
無",東京都港区港南2-5-14 CANALE品川 6-8F,https://tabelog.com/tokyo/A1314/A131403/13090072/
252,居酒屋,魚吟 新橋店,"営業時間
月～木.土.祝日.祝前日16:00～翌0:00 （料理L.O. 23:15 ドリンクL.O. 23:30）金16:00～翌2:00（料理L.O. 1：00 ドリンクL.O. 1:30）
日曜営業
定休日
無し",東京都港区新橋3-23-1 TRN新橋ビル 4F,https://tabelog.com/tokyo/A1301/A130103/13285088/
253,居酒屋,鉄板焼 団,"営業時間
15:00～翌5:00（L.O.3:30）
日曜営業
定休日
不定休(お問い合わせください)",東京都港区新橋4-19-10 タカソビル 1F-B,https://tabelog.com/tokyo/A1301/A130103/13251085/
254,居酒屋,福の花 溜池山王店,"営業時間
[月～金]11:30～14:15(L.O.13:45)17:00～23:00(L.O.22:30)
定休日
土曜日・日曜日・祝日",東京都港区赤坂2-9-5 松屋ビル B1F・1F,https://tabelog.com/tokyo/A1308/A130802/13170035/
255,居酒屋,新橋シャモロック酒場 新橋鶏舎,"営業時間
【月～木】17:00～23:30【金】17:00～26:00【土・日・祝】17:00～23:30
日曜営業
定休日
無し",東京都港区新橋3-18-8 三舘ビル 1～3Ｆ,https://tabelog.com/tokyo/A1301/A130103/13099730/
256,居酒屋,個室居酒屋 えんぱ 赤坂店,"営業時間
月～金16:00～翌4:00（L.O.3:00、ドリンクL.O.3:30）土・日12:00～翌4:00（L.O.3:00、ドリンクL.O.3:30）
日曜営業
定休日
年中無休",東京都港区赤坂3-13-6 国際天野ビル 2F,https://tabelog.com/tokyo/A1308/A130801/13268826/
257,居酒屋,卓上レモンサワー＆ハイボール 焼鳥食べ放題 乾杯500酒場 新橋店,"営業時間
【月～土・祝前日】ディナー　17:00～翌4:30（L.O.3:45、ドリンクL.O.4:00）【日・祝日】ディナー　17:00～24:00（L.O.22:45、ドリンクL.O.23:15）【土～日・祝日】ランチ　：11:00～17:00※完全予約制。10名様～昼宴会のご予約承ります。お電話でお問い合わせください！
日曜営業
定休日
無休（朝まで営業中）",東京都港区新橋1-4-5 ヒューリックG10ビル 2F,https://tabelog.com/tokyo/A1301/A130103/13269770/
258,居酒屋,とり居酒屋 天然居,"営業時間
【月曜～金曜】11:00～14:00(L.O.13:40)16:00～23:30(L.O.23:00)★土曜日は16時~23時
定休日
日曜日",東京都港区虎ノ門1-12-14 1F,https://tabelog.com/tokyo/A1308/A130802/13258277/
259,居酒屋,マグロ・日本酒専門店 吟醸マグロ 品川店,"営業時間
［月〜木・土]17:00～23:30（LO22:30）[金]17:00～26:00（LO25:00）※日曜含む連休の場合は最終日が定休日
定休日
日曜含む連休の場合は最終日が定休日です",東京都港区港南2-2-1 ミナトビル 7F,https://tabelog.com/tokyo/A1314/A131403/13250034/
260,居酒屋,ねぎま 三ぞう 新橋店,"営業時間
月～土・祝前日・祝日ディナー　16:00～24:00（L.O.23:30） 
定休日
年末年始（2023年12月31日～2024年1月3日）はお休みとさせていただきます。　※日曜日",東京都港区新橋4-14-8,https://tabelog.com/tokyo/A1301/A130103/13159193/
261,居酒屋,個室居酒屋 鳥利久 品川グランドセントラルタワー店,"営業時間
月～金・祝前日　ディナー　16:00～23:00（L.O.22:30、ドリンクL.O.22:30）ランチ　11:30～14:30（L.O.14:00、ドリンクL.O.14:00）土・日・祝　11:30～23:00（L.O.22:30、ドリンクL.O.22:30）
日曜営業
定休日
なし",東京都港区港南2-16-3 品川グランドセントラルタワー B1F,https://tabelog.com/tokyo/A1314/A131403/13282068/
262,居酒屋,タマリバ 白金魚 PLATINUM FISH,"営業時間
【月曜日〜金曜日】17:00〜0:00最終入店を23:00迄としております。【土曜日】17:00〜23:00 （F.LO.22:00  D.LO.22:30）※ラストオーダー、閉店時間の決まりは特にございません。お気軽にお問合せください。
定休日
日曜・祝日",東京都港区新橋3-2-12 高松ビル 1F,https://tabelog.com/tokyo/A1301/A130103/13270967/
263,居酒屋,鴨ときどき馬 浜松町本店,"営業時間
[月～金]17:00～23:30[土・日・祝]16:00～23:00※新型コロナウイルス感染拡大防止の観点から、臨時休業及び営業時間を変更する場合がございます。
日曜営業
定休日
なし",東京都港区芝大門2-6-8 中島ビル 1F,https://tabelog.com/tokyo/A1314/A131401/13274529/
264,居酒屋,芝浦食肉市場直送 品川ホルモン,"営業時間
定休日なし17:00～24:00(L.O23:00)日曜　17:00〜21:00(L.O20:00)※お肉無くなり次第終了
日曜営業
定休日
なし",東京都港区港南2-4-9,https://tabelog.com/tokyo/A1314/A131403/13242662/
265,居酒屋,生ラムかんな 新橋店,"営業時間
営業時間17:00～23:30(L.O.23:00)
定休日
日曜日・祝日",東京都港区新橋4-14-8,https://tabelog.com/tokyo/A1301/A130103/13245993/
266,居酒屋,博多 鶴ふく 西麻布店,"営業時間
全日 17:00～翌5:00お席のご利用時間は基本的に2時間制です。※年末年始･お盆期間は営業時間が異なる場合がございます｡
日曜営業
定休日
無",東京都港区西麻布1-15-7 1F,https://tabelog.com/tokyo/A1307/A130701/13257173/
267,居酒屋,産地直送 五丁目酒場,"営業時間
【月～金】15：00～23：30【土・日・祝日】13：00～23：00
日曜営業
定休日
無し",東京都港区赤坂5-1-34 クウォーターハウスビル B1F,https://tabelog.com/tokyo/A1308/A130801/13268249/
268,居酒屋,なんで、や お台場店,"営業時間
【平日(月〜金)】11時半〜15時　17時〜23時【土日祝】11時半〜23時※年末年始･お盆期間は営業時間が異なる場合がございます｡
日曜営業
定休日
無休",東京都港区台場1-7-1 アクアシティお台場 1F,https://tabelog.com/tokyo/A1313/A131306/13101236/
269,居酒屋,麻布十番 魚と牛じゃ,"営業時間
18:00～5:00　【LO 4:00】
日曜営業
定休日
年末年始12月31〜",東京都港区南麻布1-6-31 南麻布ビル1F,https://tabelog.com/tokyo/A1307/A130702/13215869/
270,居酒屋,宮崎地鶏炭火焼 車 浜松町店,"営業時間
＜ランチ＞11:30～14:30（LO 14:00）＜ディナー＞17:00〜23:00（LO 22:30）【当店よりお知らせ】2023年4月1日(土)より、22時以降にご入店のお客様は、深夜料金10%を頂戴いたします。お客様には大変ご迷惑おかけしますが、何卒ご理解の上、今後とも変わらぬご愛顧賜りますようよろしくお願い申し上げます。
日曜営業
定休日
年末年始およびビル休館日 ※12/31.1/1.1/2.1/3はお休みを頂きます。",東京都港区海岸1-2-20 汐留ビルディング 1F,https://tabelog.com/tokyo/A1314/A131401/13047954/
271,居酒屋,ぼうず,"営業時間
【月～金】11:30〜14:00（L.O 13:30）18:00～22:00  (L.O 21:00)
定休日
土・日・祝",東京都港区芝5-14-1 マック三田コート 1F,https://tabelog.com/tokyo/A1314/A131402/13089991/
272,居酒屋,2ND TOKYO,"営業時間
18:00～翌5：00　(料理L.O.翌3:00、ドリンクL.O.翌4:30)
日曜営業
定休日
無し",東京都港区六本木5-18-1 2F,https://tabelog.com/tokyo/A1307/A130701/13253951/
273,居酒屋,サカナヤ オアジ 新橋店,"営業時間
［月～土 ］1５:00〜2３:00(Lo 22:030)定休日　日曜日　　　　第２、第４月曜日。  
定休日
毎週日曜日 。第２ 、第４月曜日。(日、月が祝祭日の場合、月曜日休業日)",東京都港区新橋3-25-19,https://tabelog.com/tokyo/A1301/A130103/13157174/
274,居酒屋,佐とう,"営業時間
【月～土】17:00～27:00
定休日
日、祝",東京都港区新橋3-21-2 江藤ビル地下 1F,https://tabelog.com/tokyo/A1301/A130103/13185565/
275,居酒屋,焼はまぐり 青山八番too,"営業時間
【月₋金】11：30～14:30（LO.14：00）【月-金】17:30～22:00（LO.21:00）【土曜日】17：00～22：00（LO.21:00）
定休日
日曜　祝日",東京都港区南青山1-10-3 南青山Dビル 1F,https://tabelog.com/tokyo/A1306/A130603/13237625/
276,居酒屋,酒呑,"営業時間
営業時間17:30～24:00(LO 23：00)
定休日
日曜・祝日",東京都港区赤坂9-6-23 赤坂葵ビル　２Ｆ,https://tabelog.com/tokyo/A1307/A130701/13001895/
277,居酒屋,仙台牛タン&ステーキ もみじ赤坂,"営業時間
11:30～14:3017:00～23:00（金曜日26:00)土曜日ご予約のみ(ディナー)ご予約希望の場合、前日までにご連絡ください。
日曜営業
定休日
なし",東京都港区赤坂3-14-7 Uni赤坂 2F,https://tabelog.com/tokyo/A1308/A130801/13284830/
278,居酒屋,ぶたぼーる 新橋店,"営業時間
月　11:00〜24:00火　11:00〜24:00水　11:00〜翌日5:00木　11:00〜翌日5:00金　11:00〜翌日5:00土　12:00〜翌日5:00日　12:00〜翌日5:00
日曜営業
定休日
なし",東京都港区新橋2-9-16 新橋萬楽庵ビル 1F,https://tabelog.com/tokyo/A1301/A130103/13273691/
279,居酒屋,鮮魚・和紙しゃぶ 虎てつ 田町店,"営業時間
■営業時間月曜～土曜日、祝前日　昼　11:30～15:00【要予約】夜　16:00～24:00（フードL.O.23:00 ドリンクL.O.23:30）※日曜・祝日は【要予約】ネット予約カレンダー上で在庫はありませんので、お電話にてお問い合わせください。
定休日
土・日・祝日は予約制　おかげ様で8周年！お得な企画多数あり。名物の「しょうが香るスープ和紙しゃぶ」　昆布と２種の鰹で取った濃厚な出汁に、摺おろし生姜と数種類の薬膳を合わせた自慢の特製スープです。個室は少人数～大人数まで様々ご用意。全国の漁港で水揚げされた鮮魚や47都道府県の日本酒をご堪能ください。",東京都港区芝浦3-6-8 TOKIビル 5Ｆ,https://tabelog.com/tokyo/A1314/A131402/13167074/
280,居酒屋,串屋 壱和 田町店,"営業時間
※人員不足のため日曜日の営業は休業致しております。ランチ月〜金曜日11:30～13:30(L.O.13:00)ディナー月〜日曜日17:00～23:00（L.O.22:30)
日曜営業
定休日
祝祭日、年末年始、GW、お盆",東京都港区芝5-25-7 5286芝ビル 2F,https://tabelog.com/tokyo/A1314/A131402/13129504/
281,居酒屋,炭火と酒 くろや,"営業時間
［月～日・祝日・祝前日］15:00～翌0:00 (料理L.O.23:00 ドリンクL.O.23:30)
定休日
日曜日",東京都港区芝大門1-15-3 GEMS大門 6F,https://tabelog.com/tokyo/A1314/A131401/13279970/
282,居酒屋,地鶏と徳島県産 阿波尾鶏の水炊き いち藤 浜松町本店,"営業時間
月～日・祝日・祝前日16:00～24:00 (L.O.23:00 ドリンクL.O.23:30)
日曜営業
定休日
不定休日あり",東京都港区浜松町2-5-8 井門浜松町ビル 3F-A,https://tabelog.com/tokyo/A1314/A131401/13283247/
283,居酒屋,肉串専門店 肉乃,"営業時間
12:00～24:00※12時～16時まで予約制で昼宴会が可能です。
日曜営業
定休日
無",東京都港区新橋2-16-1 ニュー新橋ビル 2F,https://tabelog.com/tokyo/A1301/A130103/13233544/
284,居酒屋,木村屋本店 虎ノ門一丁目,"営業時間
月～金１１：３０～１４：００　１７：００～２３：００
定休日
土日祝",東京都港区虎ノ門1-11-2 虎ノ門平和ビル 1F,https://tabelog.com/tokyo/A1308/A130802/13289126/
285,居酒屋,酒場フタマタ 新橋店,"営業時間
月～木　　17:00～23:30金・祝前　17:00～26:00土日祝　　16:00～23:30
日曜営業
定休日
なし",東京都港区新橋3-15-8 精工ビル 1F,https://tabelog.com/tokyo/A1301/A130103/13236500/
286,居酒屋,ラムと泡,"営業時間
17:00~23:00(LO:22:30)
日曜営業
定休日
月曜日・祝日",東京都港区新橋3-15-1 第一大興ビル 1F,https://tabelog.com/tokyo/A1301/A130103/13264640/
287,居酒屋,酒亭 ぷくぷく,"営業時間
[月～金]	17:00～23:00[土]	17:00～23:00
定休日
日曜・祝日",東京都港区新橋1-16-10 浅川ビル　Ｂ１Ｆ,https://tabelog.com/tokyo/A1301/A130103/13033896/
288,居酒屋,BARATIE,"営業時間
18:00~翌5:00
定休日
日",東京都港区六本木3-8-8 WOOビル 1F,https://tabelog.com/tokyo/A1307/A130701/13287118/
289,居酒屋,麻布十番居酒屋 あさごや,"営業時間
[月・火・木～日]17:00～翌04:00 (L.O 翌03:00)年末年始12/27(水)特別営業12/31～1/4休業
日曜営業
定休日
水曜日",東京都港区麻布十番3-7-5 マスコビル麻布弐番館 B1F,https://tabelog.com/tokyo/A1307/A130702/13271138/
290,居酒屋,うまいもん酒場 一心,"営業時間
【月～木・祝前日】11:00～24:00(L.O.23:00、ドリンクL.O.23:30)毎週月曜～金曜(祝日は除く)はランチ11時～営業中【金】11:00～翌5:00(L.O.4:00、ドリンクL.O.4:30)毎週金曜日は朝5時まで営業しております【土・日・祝】15:00～24:00（L.O.23:00、ドリンクL.O.23:30）※土日祝日のランチは事前予約が必要です
日曜営業
定休日
年中無休",東京都港区新橋3-6-1 碧山ビル 1F,https://tabelog.com/tokyo/A1301/A130103/13268708/
291,居酒屋,とろさば料理専門店 SABAR 浜松町大門店,"営業時間
■ランチ　11:38～14:00（L.O.13:30、ドリンクL.O.13:30）■ディナー　17:00～23:38（L.O.22:38、ドリンクL.O.23:00）
定休日
日曜日・年末年始（12/31～1/3）",東京都港区芝大門1-15-3 GEMS大門 5F,https://tabelog.com/tokyo/A1314/A131401/13193069/
292,居酒屋,六献 品川店,"営業時間
【月～土】17：00～23：00（L.O22:00）
定休日
日曜・年末年始・G.W・お盆期間　※月曜日祝日の場合、日曜営業",東京都港区港南1-8-27 日新ビル B1F,https://tabelog.com/tokyo/A1314/A131403/13171572/
293,居酒屋,全席扉付き完全個室 鳥之助 新橋SL広場店,"営業時間
月～日、祝日、祝前日: 16:00～翌23:45 （料理L.O. 23:00 ドリンクL.O. 23:20）■土日祝日もご予約受付中！お気軽にお電話にてお問い合わせください。天候等店の状況により早めに閉店する場合がございます
日曜営業
定休日
ビルの休館日に準ずる。",東京都港区新橋2-16-1 ニュー新橋ビル 3F 312-2,https://tabelog.com/tokyo/A1301/A130103/13253303/
294,居酒屋,DESIGN FOOD MARKET 新橋店,"営業時間
16:00～24:00◼︎16:00~ 完全穴場タイム。早い時間から飲みたい方にオススメ。◼︎22：00～ 二次会タイム。団体様も比較的スムーズにご案内！◼︎24：00～ ご相談タイム。営業時間外のご宴会承ります！
日曜営業
定休日
不定休日あり",東京都港区新橋1-15-5 新橋ぺルサビル 10F,https://tabelog.com/tokyo/A1301/A130103/13197015/
295,居酒屋,全席個室 隠れ家ダイニング 北海 新橋本店,"営業時間
●月～土ディナー：17:00～24:00（L.O.23:30）[全席個室2名様～当日予約OK]
定休日
日曜日・祝日",東京都港区新橋3-8-5 ル・グランシエルビルディング13 4F,https://tabelog.com/tokyo/A1301/A130103/13247830/
296,居酒屋,土風炉 品川店,"営業時間
【月曜日～金曜日】ランチ11:30-14:30　（ＬＯ14：00）ディナー17:00-23:00 （ＬＯ22：20）【土曜日】11:30-22:00（ＬＯ21：20）WEBご予約は24時間受け付けておりますので、休業日などはこちらをご利用下さい。
定休日
日曜日・祝祭日",東京都港区港南2-15-2 品川インターシティ B1F,https://tabelog.com/tokyo/A1314/A131403/13001658/
297,居酒屋,個室居酒屋 焼き鳥食べ放題 鳥宴地 新橋鳥森口店,"営業時間
【月～日】11：00～翌0:00（料理L.O. 23:30 ドリンクL.O. 23:30）24時まで営業中☆お気軽にお問い合わせください！
日曜営業
定休日
無休",東京都港区新橋3-11-1 5F,https://tabelog.com/tokyo/A1301/A130103/13211643/
298,居酒屋,わ・かく田,"営業時間
[月～金] 11:30～14:00 17:00～22:30(L.O.22:00) [土] 17:00～22:00(L.O.21:30)
定休日
日曜日・祝日",東京都港区芝大門1-15-6 2F,https://tabelog.com/tokyo/A1314/A131401/13207811/
299,居酒屋,居酒屋 三平,"営業時間
【月～金】11:30～23:30営業中・休憩なし(L.O.23:00) 【土】13:00～23:00営業中・休憩なし(L.O.22:30)日曜・祝日休み
定休日
日曜祝日",東京都港区港南2-6-10,https://tabelog.com/tokyo/A1314/A131403/13029302/
300,居酒屋,吉粋 囲い 品川店,"営業時間
日～木曜日12:00～24:00金土祝前日12:00～5:00
日曜営業
定休日
なし",東京都港区港南2-2-1 ミナトビル 2F,https://tabelog.com/tokyo/A1314/A131403/13257396/
301,居酒屋,大衆肉酒場 ゼニバ msb田町店,"営業時間
【月～金】11:30〜15:0017:00〜23:00【土・日・祝日】11:30〜15:0017:00〜23:00
日曜営業
定休日
不定休",東京都港区芝浦3-1-21 ステーションタワーN 1F,https://tabelog.com/tokyo/A1314/A131402/13250033/
302,居酒屋,麺とおばんざいとお酒のお店 佳什,"営業時間
[月～土]11:00~23:00［日］  11:00~22:00
日曜営業
定休日
不定期　2か月に１度第2日曜日ビルメンテナンス日定休",東京都港区新橋2-16-1 ニュー新橋ビル 1F,https://tabelog.com/tokyo/A1301/A130103/13267728/
303,居酒屋,魚屋あらまさ 赤坂本店,"営業時間
17:00～翌1時
日曜営業
定休日
不定休",東京都港区赤坂2-10-15 溜池ミツワビル 1F･2F,https://tabelog.com/tokyo/A1308/A130802/13015220/
304,居酒屋,焼き鳥と刺身が味わえる完全個室居酒屋 峰八 新橋本店,"営業時間
[全日]16:00～翌4:00
日曜営業
定休日
無し",東京都港区新橋3-16-3 烏森ビル 5F-Ａ,https://tabelog.com/tokyo/A1301/A130103/13248912/
305,居酒屋,仙台牛タンと肉寿司 完全個室居酒屋 みちのく 新橋店,"営業時間
12:00〜24:00
日曜営業
定休日
なし",東京都港区新橋2-9-7 IKENO-7 6F,https://tabelog.com/tokyo/A1301/A130103/13287639/
306,居酒屋,二尺五寸 品川グランパサージュ店,"営業時間
月～金 11:30～14:30 17:00～22:00(L.O.21:00) 
定休日
土曜日・日曜日・祝日・年末年始 / 【お得】各種ポイント1000PT以上使用でハイボールを人数分プレゼント！",東京都港区港南2-16-3 グランドセントラルタワーグランパサージュ 1F,https://tabelog.com/tokyo/A1314/A131403/13166826/
307,居酒屋,創作和食と厳選地酒 辻政 新橋店,"営業時間
通常営業時間16:00~24:00※営業時間は仕入状況等により早める場合がございます。予めご了承下さい※日曜営業営業時間外ご希望の際はご相談させて頂きます。
日曜営業
定休日
無し",東京都港区新橋2-15-18 プラザT2 8F,https://tabelog.com/tokyo/A1301/A130103/13216492/
308,居酒屋,とり香 新橋店,"営業時間
［月～日・祝・祝前］12:00～24:00(料理L.O.23:00 ドリンクL.O.23:30)15:00～24:00(L.O.23:30)※12:00～15:00のご利用は前日までのご予約で受付可能です!
日曜営業
定休日
無休",東京都港区新橋3-23-1 3F,https://tabelog.com/tokyo/A1301/A130103/13271919/
309,居酒屋,銀邸とり馬 赤坂見附店,"営業時間
17:00～24:00
日曜営業
定休日
不定休",東京都港区赤坂3-9-5 B1F,https://tabelog.com/tokyo/A1308/A130801/13253571/
310,居酒屋,ジョニーの原価酒場 Bar 田町・三田店,"営業時間
■営業時間外でも事前ご予約で承ります✨ディナーメニュー：月〜金曜日: 16:00～24:00／土曜・日曜・祝日：11:30～22:00 ラストオーダー（フード：閉店の60分前・ドリンク：閉店の30分前）★昼のテラス持ち込みBBQ場としても大人気♪1名：1h/880円
日曜営業
定休日
毎日営業中！手ぶらBBQや持ち込みBBQが大人気✨換気の良いテラス席がいつでも使える店♪ ・飲み放題付きBBQコース＝4600円・持ち込みBBQ=880円　田町・三田駅近のビル屋上にある秘密の酒場です。 チョイ飲みもガッツリ飲みにも◎！四季によってお店の楽しみ方が変化して年中飽きないお店✨",東京都港区芝5-32-9 ECS第5ビル 3F,https://tabelog.com/tokyo/A1314/A131402/13216280/
311,居酒屋,熱中酒場 肴亭 田町店,"営業時間
月~金　11:30~23:30(フードL.o 22:30,ドリンクL.o23:00)祝日、土日  14:00~23:00(フードL.o 22:00,ドリンクL.o22:30)
日曜営業
定休日
なし",東京都港区芝5-16-7 芝ビル B1F,https://tabelog.com/tokyo/A1314/A131402/13275654/
312,居酒屋,博多串焼き・野菜巻き なまいき 品川店,"営業時間
[昼]12:00～16:00(予約制）[夜]16:00～24:00※12時～16時まで予約制で昼宴会が可能です。※時間外のご宴会は完全予約制にて承ります。お気軽にご相談ください！
日曜営業
定休日
無休※時間外のご宴会は完全予約制にて承ります。お気軽にご相談ください！",東京都港区港南2-4-18 ルネサンスビル 3F,https://tabelog.com/tokyo/A1314/A131403/13253250/
313,居酒屋,九州 熱中屋 浜松町 芝大門 LIVE,"営業時間
【月～土・祝】16:00～23:00
定休日
日曜",東京都港区芝大門2-5-8 芝大門牧田ビル　Ｂ１Ｆ,https://tabelog.com/tokyo/A1314/A131401/13025376/
314,居酒屋,居酒屋 楽が気 新橋本店,"営業時間
月: 11:30～23:00 （料理L.O. 22:00 ドリンクL.O. 22:30）火～金: 11:30～翌8:00 （料理L.O. 翌7:00 ドリンクL.O. 翌7:30）土、日、祝日、祝前日: 11:00～翌8:00 （料理L.O. 翌7:00 ドリンクL.O. 翌7:30）
日曜営業
定休日
年中無休",東京都港区新橋3-21-4 1F,https://tabelog.com/tokyo/A1301/A130103/13159420/
315,居酒屋,大黒 赤坂店,"営業時間
12:00〜24:00
日曜営業
定休日
なし",東京都港区赤坂3-8-17 2F,https://tabelog.com/tokyo/A1308/A130801/13289695/
316,居酒屋,全席完全個室居酒屋 匠 品川店,"営業時間
12:00〜24:00
日曜営業
定休日
なし",東京都港区港南2-2-9 朝日ビル 4F,https://tabelog.com/tokyo/A1314/A131403/13285412/
317,居酒屋,ばんばんざい 田町店,"営業時間
【ディナー】火　水　木　金  15:00〜28:00 (LO 27:00、 ドリンクLO27:30)月　土　日祝     15:00〜24:00 (LO 23:00、 ドリンクLO23:30)
日曜営業
定休日
不定休",東京都港区芝5-20-22,https://tabelog.com/tokyo/A1314/A131402/13030209/
318,居酒屋,九州 熱中屋 浜松町 LIVE,"営業時間
【月～木】　　16:00～23:30【金・祝前】16:00～翌4:00【土・日・祝】12:00～23:30
日曜営業
定休日
年中無休",東京都港区芝大門2-4-1 大門マイアミビル 2F,https://tabelog.com/tokyo/A1314/A131401/13118138/
319,居酒屋,どまん中 赤坂店,"営業時間
水～金 ランチ　11:30～14:00 水～金 ディナー　17:00～23:00 （L.O.22:00） 月・火・土 ディナー　15:00～23:00 （L.O.22:00)
定休日
日曜日・祝日・年末年始はお休み致します。（12月31日～1月4日）",東京都港区赤坂3-13-2 MJ赤坂ビル 1F,https://tabelog.com/tokyo/A1308/A130801/13168884/
320,居酒屋,いぶき 新橋店,"営業時間
月～土ディナー：17:00～24:00（L.O.23:30）[全席個室2名様～当日予約OK]
日曜営業
定休日
日曜日・祝日",東京都港区新橋3-8-5 ル・グランシエルビルディング13 4F,https://tabelog.com/tokyo/A1301/A130103/13278324/
321,居酒屋,小籠包餃子酒場,"営業時間
[月～日]12:00～00:00(L.O 23:30)
日曜営業
定休日
なし",東京都港区新橋2-15-9 S-PLAZA弥生Ⅱ 7F,https://tabelog.com/tokyo/A1301/A130103/13286536/
322,居酒屋,創作郷土料理 蔵,"営業時間
[月～日]12:00～24:00　　
日曜営業
定休日
全年無休",東京都港区赤坂3-8-18 ビーグル赤坂見附ビル 3F,https://tabelog.com/tokyo/A1308/A130801/13290054/
323,居酒屋,沖縄居酒屋 パラダヰス 大門・浜松町,"営業時間
2023年12月より15:00〜OPEN！[月～土]ディナー　15:00～23:00
定休日
日曜・祝日",東京都港区芝大門2-8-14 古口ビル 2F 3F,https://tabelog.com/tokyo/A1314/A131401/13052562/
324,居酒屋,個室居酒屋 和食郷土料理 魚京助 新橋駅前店,"営業時間
月～日、祝日、祝前日: 16:30～翌0:00 （料理L.O. 23:00 ドリンクL.O. 23:30）
日曜営業
定休日
無休※ビル閉館日除く　年末年始・お盆休みも休まず営業しております♪",東京都港区新橋2-15-18 プラザT2ビル 6F,https://tabelog.com/tokyo/A1301/A130103/13203693/
325,居酒屋,居さかな屋 みよし,"営業時間
11:30～14:0017:00～22:00(L.O.21:30)コロナ自粛期間中のみの、営業時間になります。※土曜日はランチの営業は行っておりません。ご要望のある方はお昼のご宴会も承っておりますので、お問い合わせください。
定休日
日曜・祝日",東京都港区港南2-6-7 品川ビル　Ｂ１Ｆ,https://tabelog.com/tokyo/A1314/A131403/13032668/
326,居酒屋,新橋うっちゃり,"営業時間
【月～土】15:00~23:00
定休日
日曜日",東京都港区新橋2-15-13 新橋一棟ビル,https://tabelog.com/tokyo/A1301/A130103/13237385/
327,居酒屋,東京海老酒場 案のジョー,"営業時間
【平日】ランチ：11:00〜16:00ディナー：16:00～23:00（L.O.22:30）【土日祝】11:00〜15:0016:00〜22:00（L.O.21:30）
日曜営業
定休日
不定休",東京都港区浜松町1-19-8,https://tabelog.com/tokyo/A1314/A131401/13266737/
328,居酒屋,和食のあらまさ,"営業時間
【月～木】17:00～25:00【金・祝前日】17:00〜翌２:00
定休日
土曜・日曜・祝日",東京都港区赤坂2-9-2 ウェイタワーズ 1F,https://tabelog.com/tokyo/A1308/A130802/13259497/
329,居酒屋,九州 熱中屋 田町三田 LIVE,"営業時間
■ランチ月～金　11:30～14:00■ディナー月～木・祝　17:00～23:00金　17:00～23:00土・日　　16:00～23:0010月特別営業時間：10/3(火)17:00-23:00　ランチ営業無し
日曜営業
定休日
年末年始はお問い合わせください",東京都港区芝5-26-20 建築会館 B1F,https://tabelog.com/tokyo/A1314/A131402/13124567/
330,居酒屋,個室居酒屋 ちからホール 新橋店,"営業時間
【月～日・祝日・祝前日】11:00-24:00■毎日11時から営業しております。■10名以上の団体様の全キャンセルは前日まで承ります。キャンセルの場合はお電話いただけると助かります
日曜営業
定休日
無休",東京都港区新橋2-14-6 HT新橋ビル 8F,https://tabelog.com/tokyo/A1301/A130103/13276499/
331,居酒屋,風土木,"営業時間
[月～金] ランチ／11:30～14:30(L.O14:00) [月～金] ディナー／17:30～23:00(L.O22:00＊料理)
定休日
土日祝",東京都港区芝大門2-3-9 柘上ビル　１Ｆ,https://tabelog.com/tokyo/A1314/A131401/13110854/
332,居酒屋,鮮魚 個室居酒屋 竹蔵 浜松町本店,"営業時間
［月～金・祝前日］15:00～24:00（L.O.23:00/ドリンクL.O.23:30）―――――――――――――――昼宴会・営業時間外のご予約も承っております。お気軽にお問い合わせください。
日曜営業
定休日
年中無休",東京都港区浜松町1-28-13 ムーンストリート大門 4F,https://tabelog.com/tokyo/A1314/A131401/13168866/
333,居酒屋,麻布十番蕎麦居酒屋 そばごや,"営業時間
[火～日・祝]11:30～翌05:00 (L.O 翌04:00)【ランチメニュー】11:30～14:30【ディナーメニュー】14:30～翌04:00
日曜営業
定休日
月曜日",東京都港区麻布十番2-8-17 斎藤ビル 1F,https://tabelog.com/tokyo/A1307/A130702/13279384/
334,居酒屋,レモンサワー専門店 Kushi×Lemon,"営業時間
月～火:16：00～23：00水〜木：16：00〜23：00金：16：00〜29：00土、日、祝日15：00～24：00
日曜営業
定休日
無休",東京都港区新橋3-19-2 昌ビル2～5F,https://tabelog.com/tokyo/A1301/A130103/13244934/
335,居酒屋,まぐろ総本家 浜松町店,"営業時間
月～土・祝前日15:00～24:00（L.O.22:45、ドリンクL.O.23:00）★12:00〜15:00は前日までの4名様以上のご予約にて承ります！お気軽にご連絡くださいませ！
定休日
日曜日",東京都港区浜松町2-5-8 浜松町ビル 4F,https://tabelog.com/tokyo/A1314/A131401/13243845/
336,居酒屋,一石三鳥 別邸,"営業時間
【火～日】17:00～23:00※臨時休業の場合あり
日曜営業
定休日
月曜日（※臨時営業の場合あり）",東京都港区西麻布1-8-12 ARISTO西麻布 1F,https://tabelog.com/tokyo/A1307/A130701/13286138/
337,居酒屋,完全個室居酒屋 穏座 新橋店,"営業時間
12:00〜24:00
日曜営業
定休日
なし",東京都港区新橋2-9-7 IKENO-7 7F,https://tabelog.com/tokyo/A1301/A130103/13287641/
338,居酒屋,日本酒ト肴 縁,"営業時間
[月～金]17:00～翌01:00(L.O)[土・日・祝]定休日
定休日
土・日曜日",東京都港区赤坂2-10-13 成光ビル 2F,https://tabelog.com/tokyo/A1308/A130802/13262729/
339,居酒屋,いいとこ鶏 新橋店,"営業時間
[月～金]12:00～24:00[土・日・祝]11:00～24:00 
日曜営業
定休日
年中無休",東京都港区新橋2-15-9 S-PLAZA弥生Ⅱ 3F,https://tabelog.com/tokyo/A1301/A130103/13265577/
340,居酒屋,まごころ いし井,"営業時間
[月~金]17:00～23:00(L.O.22:00)
定休日
土・日・祝",東京都港区新橋2-10-1 カシマビル 3F,https://tabelog.com/tokyo/A1301/A130103/13052841/
341,居酒屋,牡蠣と国産和牛 品川商店,"営業時間
【ランチ】月～金　11:30～14:00【ディナー】月～金　14:00～29:00　土日祝　12:00～29:00
日曜営業
定休日
無し",東京都港区港南2-2-1 ミナトビル 1F,https://tabelog.com/tokyo/A1314/A131403/13237343/
342,居酒屋,九州黒太鼓 品川,"営業時間
【月～土】17:00～23:00(L.O22:00)〈営業時間変更〉2023/12/12～15　　17:00～23:302023/12/17　　　 　16:00～23:002023/12/18～22　　17:00～23:302023/12/25～28　　17:00～23:302023/12/29・30　　16:00～23:00
定休日
日曜日",東京都港区港南2-5-5 港南OMTビル 4～5F,https://tabelog.com/tokyo/A1314/A131403/13122894/
343,居酒屋,東北うまいもん郷土料理 個室居酒屋 奥羽本荘 新橋店,"営業時間
【全日】12:00~24:00コロナ対策を徹底し24時まで元気に営業しております！
日曜営業
定休日
年中無休",東京都港区新橋3-22-3 新橋S.Pビル 3F,https://tabelog.com/tokyo/A1301/A130103/13260654/
344,居酒屋,肉系居酒屋 肉十八番屋 虎ノ門店,"営業時間
月～金ランチ　11:30～15:00（L.O.14:30）ディナー　17:00～23:30（L.O.23:00）土・祝日11:30～23:30■年末年始休業のお知らせ12/31～1/3は休業いたします
定休日
日曜日(月曜祝日の場合、日曜営業いたします)　※ビルの工事の為8/11～8/15はお休みを頂きます",東京都港区虎ノ門1-16-4 アーバン虎ノ門ビル1F,https://tabelog.com/tokyo/A1308/A130802/13192854/
345,居酒屋,和洋折衷 灯,"営業時間
[月〜土]17:00〜24:30 (lo45分前)
定休日
日曜日",東京都港区赤坂3-13-2 MJ赤坂ビル 3F,https://tabelog.com/tokyo/A1308/A130801/13282466/
346,居酒屋,よりみち,"営業時間
[月～金]15:00～24:00(L.O.23:00、ドリンクL.O.23:30)[土・日・祝]13:00～24:00(L.O.23:00、ドリンクL.O.23:30)
日曜営業
定休日
なし",東京都港区新橋3-19-8 る・グランシェルBLDG27 1F,https://tabelog.com/tokyo/A1301/A130103/13213328/
347,居酒屋,旨唐揚げと居酒メシ ミライザカ 青山外苑前店,"営業時間
15:00～翌日01:00　日曜は23:00迄　※祝休日・祝休日の前日は曜日に準じる。※12/31(日)を休業とさせていただきます。
日曜営業
定休日
なし",東京都港区南青山2-27-27 マルハチ青山ビル B1F～2F,https://tabelog.com/tokyo/A1306/A130603/13052627/
348,居酒屋,銀座 しら鳥,"営業時間
月～金17:00～26:00（L.O. 25:30）土・祝17:00～22:00（L.O. 21:30）
定休日
日曜日、年末年始",東京都港区新橋1-4-3 芝ビル B1F,https://tabelog.com/tokyo/A1301/A130103/13289822/
349,居酒屋,旨唐揚げと居酒メシ ミライザカ 新橋銀座口ガード下店,"営業時間
16:00～翌日03:00　金曜は16:00～翌日05:00土曜・日曜は14:00～翌日03:00※祝休日・祝休日の前日は曜日に準じる。
日曜営業
定休日
なし",東京都港区新橋1-3-10 1F,https://tabelog.com/tokyo/A1301/A130103/13238190/
350,居酒屋,美食米門 品川,"営業時間
【ランチ】平日 11:30～14:00(L.O.13:30)土日祝日 11:30~14:30(L.O.14:00)【ディナー】17:00～23:00(L.O.22:00)〈年末年始営業時間〉2023.12.31　　休業2024.1.1　　 　休業※新型コロナウィルスの影響により営業時間・定休日が変更になることがございます。ご来店時は事前に店舗にご確認下さい。
日曜営業
定休日
不定休　※1/15日　休館日による休業　年末年始（要確認）",東京都港区港南2-16-1 品川イーストワンタワー 1F,https://tabelog.com/tokyo/A1314/A131403/13005727/
351,居酒屋,本格和食 個室居酒屋 邸の庭 品川本店,"営業時間
12:00〜23:00（L.O.22:30）※12:00〜15:00はご予約の方のみの営業となります。お気軽にお問い合わせください。
定休日
無し",東京都港区港南2-16-1 品川イーストワンタワー B1F,https://tabelog.com/tokyo/A1314/A131403/13266064/
352,居酒屋,焼き鳥原価酒場 ヤキトリ御殿 新橋店,"営業時間
月～木15:00～翌02:00金・祝前日15:00～翌05:00【土】12:00～翌05:00【日・祝日】12:00～翌02:00
日曜営業
定休日
不定休日あり",東京都港区新橋3-21-11,https://tabelog.com/tokyo/A1301/A130103/13275852/
353,居酒屋,大衆酒場 BEETLE 田町,"営業時間
[月～金]11時～15時(LO14時半)※定食の営業のみ16時～23時半(LO23時)※定食販売なし[土日祝]11時～23時半(LO23時)※定食販売なし2023/12/29-30　11:00～23:302023/12/31　　  11:00～21:002024/1/1　　　　休業2024/1/2-3　　　11:00～23:30
日曜営業
定休日
1月1日",東京都港区芝浦3-1-21 ムスブ田町ステーションタワーS 1F,https://tabelog.com/tokyo/A1314/A131402/13227117/
354,居酒屋,ぬる燗佐藤 六本木 本店,"営業時間
月～土17:00～22:30
定休日
祝日・日曜",東京都港区六本木7-17-12 六本木ビジネスアパートメンツ 1F,https://tabelog.com/tokyo/A1307/A130701/13144930/
355,居酒屋,四文銭 品川店,"営業時間
【月~木】16:00~23:30【金】16:00~29:00【土・祝前日】15:00~23:30【日・祝日】14:00~23:30
日曜営業
定休日
不定休",東京都港区港南2-3-28 第3協和ビル 5F,https://tabelog.com/tokyo/A1314/A131403/13271902/
356,居酒屋,完全個室居酒屋 あばれ鮮魚 新橋店,"営業時間
12:00〜24:00
日曜営業
定休日
なし",東京都港区新橋2-15-9 S-PLAZA弥生Ⅱビル 6F,https://tabelog.com/tokyo/A1301/A130103/13267762/
357,居酒屋,大衆原価居酒屋 金太炉酒場 新橋店,"営業時間
【月～金】12：00～24:00（料理L.O. 23:30 ドリンクL.O. 23:00）【土・日・祝日】12：00～24:00（料理L.O. 23:30 ドリンクL.O. 23:00）
日曜営業
定休日
無",東京都港区新橋3-18-1 千陽ビル B1F,https://tabelog.com/tokyo/A1301/A130103/13256379/
358,居酒屋,焼肉串ろっきー 銀座店,"営業時間
17:00～翌4:00
定休日
日曜祝日",東京都港区新橋1-5-5 グランベル銀座Ⅱ 1F,https://tabelog.com/tokyo/A1301/A130103/13173365/
359,居酒屋,わらやき屋 品川,"営業時間
【火～土】17:00～23:00【日、月】17:00～22:30〈年末年始営業時間〉2023-12-31　　　休業2024-01-01　　　休業2024-01-02　　　休業
日曜営業
定休日
無し、年末年始（2023年12月31日～2024年1月2日）",東京都港区港南2-5-5 港南OMTビル 2～3F,https://tabelog.com/tokyo/A1314/A131403/13122893/
360,居酒屋,馬並み家 新橋,"営業時間
［平日］　17:00～23:30［土日祝］15:00～23:30
日曜営業
定休日
無休",東京都港区新橋2-9-17 第二常磐ビル1F,https://tabelog.com/tokyo/A1301/A130103/13110853/
361,居酒屋,酒席 まつした,"営業時間
月～金ランチ　11:00～14:00月～土ディナー　17:00～24:00（L.O.23:00）
定休日
日・祝",東京都港区芝浦3-1-32 なぎさテラス 4F,https://tabelog.com/tokyo/A1314/A131402/13223806/
362,居酒屋,完全個室確約 創作和食居酒屋 蔵八 新橋店,"営業時間
月～日、祝日、祝前日: 16:00～翌23:45 （料理L.O. 23:00 ドリンクL.O. 23:20）■土日祝日もご予約受付中！お気軽にお電話にてお問い合わせください。天候等店の状況により早めに閉店する場合がございます
日曜営業
定休日
不定休日あり(ビルの休館日に準ずる。)",東京都港区新橋2-16-1 ニュー新橋ビル 312-1,https://tabelog.com/tokyo/A1301/A130103/13252374/
363,居酒屋,全席個室居酒屋 トロ銀 品川店,"営業時間
日～木、祝日　12:00～24:00金土、祝前日　12:00～29:00
日曜営業
定休日
無し",東京都港区港南2-2-1 ミナトビル 3F,https://tabelog.com/tokyo/A1314/A131403/13234840/
364,居酒屋,居酒屋 凛 新橋店,"営業時間
ランチ10:00～15:00ディナー15:00～24:00
定休日
日曜（不定休あり）",東京都港区新橋2-16-1 ニュー新橋ビル B1F-5,https://tabelog.com/tokyo/A1301/A130103/13188189/
365,居酒屋,旬魚と個室 和食りん  新橋本店,"営業時間
【月～土】16:00～24:00（FL.23:00、DL.23:30）
日曜営業
定休日
日・祝",東京都港区新橋2-12-2 HK新橋ビル3F,https://tabelog.com/tokyo/A1301/A130103/13100377/
366,居酒屋,山薬 清流庵 新橋汐留店,"営業時間
[月～金]　11:00～14:30　17:00～21:00(L.O)[土]　11:00～14:30　17:00～19:00L.O)[祝]　11:00～14:30　 
定休日
日曜日",東京都港区東新橋1-5-2 汐留シティセンター B1F,https://tabelog.com/tokyo/A1301/A130103/13195222/
367,居酒屋,人生酒場,"営業時間
[月～日]12:00~23:30
日曜営業
定休日
不定休",東京都港区新橋2-16-1 ニュー新橋ビル B1F,https://tabelog.com/tokyo/A1301/A130103/13290085/
368,居酒屋,Soba&Co. 神谷町店,"営業時間
月曜～土曜：ランチ 11:30～14:30　　　　　　ディナー 17:00～22:00L.O日曜日、祝日　12:00～14:30　　　　　　　17:00～21:00L.O
日曜営業
定休日
年末年始",東京都港区虎ノ門5-12-8 クローバー神谷町 1F・2F,https://tabelog.com/tokyo/A1307/A130704/13234654/
369,居酒屋,青山一丁目たぬき,"営業時間
月〜金　16時〜24時(フードL.O23時、ドリンクL.O23時30分)土曜・日曜　16時〜23時(フードL.O22時、ドリンクL.O22時30分)
日曜営業
定休日
なし",東京都港区南青山1-3-6 都営南青山一丁目アパート6号棟 1F,https://tabelog.com/tokyo/A1306/A130603/13278635/
370,居酒屋,天ぷらとおでん 個室 天串 六本木店,"営業時間
通常営業17:00～24:00（L.O.23:00、ドリンクL.O.23:30） 新型コロナウイルス感染拡大防止の措置により、予告なく変更になる場合が御座います。 
日曜営業
定休日
不定休日あり　新年1/1~1/2は定休日　12/31はアラカルトのお客様サービス料別途10%いただきます。ご了承ください。",東京都港区六本木4-9-9 東瑙ビル B1F,https://tabelog.com/tokyo/A1307/A130701/13255813/
371,居酒屋,肉寿司ダイニングMEAT HOUSE 新橋店,"営業時間
月～日、祝日、祝前日: 12:00～27:00 
日曜営業
定休日
無し",東京都港区新橋2-16-1 ニュー新橋ビル 3F 333-1,https://tabelog.com/tokyo/A1301/A130103/13266674/
372,居酒屋,居酒屋 みかさ,"営業時間
【月〜土】18:00～22:00(LO) 23:00閉店
定休日
日曜日、祝日",東京都港区港南2-2-4,https://tabelog.com/tokyo/A1314/A131403/13095495/
373,居酒屋,廣楽,"営業時間
14:00～24:00
定休日
日曜日",東京都港区新橋2-16-1 ニュー新橋ビル B1F,https://tabelog.com/tokyo/A1301/A130103/13075507/
374,居酒屋,ビストロ  TOMO,"営業時間
【通常営業】月～金　１３：００～２３：0０定休日【土曜・日曜日・祝日】　
定休日
土曜・日曜日・祝日",東京都港区新橋4-19-10 タカソビル B1F,https://tabelog.com/tokyo/A1301/A130103/13184826/
375,居酒屋,肉バル 完全個室居酒屋 minehachi 新橋烏森口店,"営業時間
[全日]16:00～4:00
日曜営業
定休日
無休",東京都港区新橋3-16-3 烏森ビル5F-B,https://tabelog.com/tokyo/A1301/A130103/13248911/
376,居酒屋,わらやき屋 龍馬の塔,"営業時間
月～土　祝前日ディナー　16:00～23:00（L.O.22:00）※新型コロナウイルス感染拡大防止等の観点から、状況により営業日・営業時間を変更する場合がございます。※年末年始営業時間【12/31~1/3】休業日1/4(木)以降は通常営業となります。
定休日
日曜、年末年始（2023/12/31～2024/1/3）",東京都港区浜松町2-1-7 浜松町201ビル,https://tabelog.com/tokyo/A1314/A131401/13111845/
377,居酒屋,全席個室 楽蔵うたげ 赤坂見附店,"営業時間
17:00～23:30 ※営業時間前も宴会可能！(早割・遅割特典有)※公式ホームページにも、分かりやすくお得な情報が満載です!!以下の『お店のホームページ』からお越しください♪
定休日
日・祝",東京都港区赤坂3-1-10 赤坂ISOビル 3F,https://tabelog.com/tokyo/A1308/A130801/13152602/
378,居酒屋,鮨とおでん アンド 新橋2号店,"営業時間
【ディナー】月～金　17:30～23:00（22:00L.o）
定休日
土・日・祝日",東京都港区新橋3-21-2 丸文ビル 3F,https://tabelog.com/tokyo/A1301/A130103/13283671/
379,居酒屋,六六,"営業時間
11:00から～24:00まで　食べ物23:00ラスオータ　　飲み物23:30まで　　　24:00時閉店　よろしくお願いします　
定休日
日曜日 予約で営業できます",東京都港区新橋2-16-1 ニュー新橋ビル B1F 53号,https://tabelog.com/tokyo/A1301/A130103/13282859/
380,居酒屋,こぼうず,"営業時間
ランチ      11：30～13：30（L..O）14:00閉店ディナー　 18：00～21：00（L..O）22:00閉店
定休日
土曜、日曜、祝日",東京都港区芝5-24-16 Ｂ１F,https://tabelog.com/tokyo/A1314/A131402/13183544/
381,居酒屋,個室接待・打ちたて蕎麦 永山,"営業時間
[月～金・祝前日]・ディナー　16:00～24:00（L.O.23:30）[土日・祝前日・祝日]15:00～23:00（L.O.22:30）
日曜営業
定休日
年中無休　　※年末年始はお休みになります。",東京都港区芝5-32-10 土屋ビル,https://tabelog.com/tokyo/A1314/A131402/13155470/
382,居酒屋,やきとん三吉 新橋店,"営業時間
平日　14:00~24:00土日祝　12:00~24:00※変更になる場合があります。詳しくはお問い合わせ下さい
定休日
なし",東京都港区新橋3-16-22,https://tabelog.com/tokyo/A1301/A130103/13289043/
383,居酒屋,五島人 浜松町店,"営業時間
（月～木、土・日・祝）17：00～23：00（金曜日のみ）17：00～翌2：00
日曜営業
定休日
無",東京都港区浜松町2-6-2 浜松町262ビル 1F,https://tabelog.com/tokyo/A1314/A131401/13205586/
384,居酒屋,個室×ビストロ Borghini 新橋店,"営業時間
[土〜木16:00～24:00[金・祝前]16:00〜28:00
定休日
なし",東京都港区新橋2-11-10 HULIC＆NewSHINBASHI 3F,https://tabelog.com/tokyo/A1301/A130103/13234671/
385,居酒屋,さくら麹 新橋店,"営業時間
[月～金]11:30～15:00(L.O.14:30)17:00～23:00(L.O.22:30)[土・日・祝]定休日ランチ営業、夜10時以降入店可
定休日
日曜日 土曜日 祝日　NET予約なら24時間365日OK！◆祝日土・日曜日　団体貸切営業承ります。各種コース料理にて承ります。　詳しくはお電話ください。　土、日曜日割引有ります。（飲み放題。1000円） ◆店休日はWEB予約【即予約が出来ます】または、0355012424まで。",東京都港区新橋1-18-12 新橋一丁目ビル　B1F,https://tabelog.com/tokyo/A1301/A130103/13112179/
386,居酒屋,鶏屋むさし 浜松町店,"営業時間
[金・祝前日]16:00～翌2:00(L.O.1:00、ドリンクL.O.1:30)[月～木・土・日]16:00～24:00(L.O.23:00、ドリンクL.O.23:30)―――――――――――――――昼宴会・営業時間外のご予約も承っております。お気軽にお問い合わせください。
日曜営業
定休日
年中無休",東京都港区浜松町1-28-13 Daimon ex Ⅱ 6～7F,https://tabelog.com/tokyo/A1314/A131401/13203774/
387,居酒屋,薬膳火鍋OSHIDORI,"営業時間
全日17:00～23:00（L.O:コース21:30//ドリンク22:30）
日曜営業
定休日
定休日なし",東京都港区麻布十番1-8-11 TAKADENビル B1F,https://tabelog.com/tokyo/A1307/A130702/13228394/
388,居酒屋,升亀 品川店,"営業時間
月～金　16:30～23:30(LO23:00)土　　　16:00～23:30(LO23:00)
定休日
日曜・祝日",東京都港区港南2-2-9 岩谷ビル　２Ｆ,https://tabelog.com/tokyo/A1314/A131403/13033254/
389,居酒屋,旬鮮酒場 天狗 浜松町南口店,"営業時間
平日ランチタイムは、『湊や磯吉食堂』ディナータイムは、『旬鮮酒場天狗』として営業いたします。月～金曜日　　11：30～14：00（湊や磯吉食堂）16：00～23：00（旬鮮酒場天狗）土曜日15：00～22：30（旬鮮酒場天狗）日曜日・祝日定休日
定休日
12月30日～1月3日※年末年始、GW、お盆期間は営業日、営業時間が異なる場合がございます。詳しくはテンアライド㈱ホームページにてご確認ください。",東京都港区浜松町2-6-2 藤和浜松町ビル,https://tabelog.com/tokyo/A1314/A131401/13085585/
390,居酒屋,銘柄焼鳥 もつ鍋 個室居酒屋 千鳥 六本木店,"営業時間
月：16:00〜24:00(L,O.23:00)火〜日曜日：16:00〜翌5:00(L,O.3:30)
日曜営業
定休日
無し《1月1日,2日は休業日となります。》",東京都港区六本木7-14-1 宝祥ソシアルビル 2F,https://tabelog.com/tokyo/A1307/A130701/13265566/
391,居酒屋,隠れ家ダイニングなべや,"営業時間
[月～金・土]11:30～14:00(L.O13:30)17:00～24:00
定休日
日曜日",東京都港区新橋3丁目13-7 本多ビル2F,https://tabelog.com/tokyo/A1301/A130103/13116277/
392,居酒屋,東京コトブキ 虎ノ門店,"営業時間
【月～金】11:30～14:30（L.O.14:00）／17:00～22:00（L.O.21:00）
定休日
土,日,祝",東京都港区虎ノ門1-1-21 新虎ノ門実業会館 1F,https://tabelog.com/tokyo/A1308/A130802/13017108/
393,居酒屋,さつま黒千代香 六本木店,"営業時間
≪営業時間のお知らせです≫【月～金】17：00～翌5：00（L.O：4：00）【土・祝】17:00～23：00（L.O:22:30 ）※ 日曜日は定休日となります
定休日
日曜日定休",東京都港区六本木6-1-2 富士プラザビル 4F,https://tabelog.com/tokyo/A1307/A130701/13120793/
394,居酒屋,水炊き・焼き鳥 とりいちず酒場 田町慶応仲通り店,"営業時間
※以下の時間帯で営業致します※[月～木・土日祝]11:45～23:30[金・祝前日]11:45～翌4:00（料理L.O. 1時間前　ドリンクL.O. 30分前）【年末年始営業日の営業時間】※12/28〜1/2：土曜営業時間　※1/3：日曜営業時間  ※12月28日～1月3日：年末年始料金10％いただきます。
日曜営業
定休日
年末年始(12/31,1/1)他、無休！　◆絶品水炊きとデカ旨焼鳥がおすすめのコスパ最強居酒屋♪プレモル中ジョッキが税込219円とコスパも最強！◆大人数宴会可能！…会社宴会・打ち上げ・飲み会等の各種宴会に是非ご利用ください！",東京都港区芝5-24-7,https://tabelog.com/tokyo/A1314/A131402/13237730/
395,居酒屋,魚と日本酒 魚バカ一代 新橋本店,"営業時間
【ディナー】[月～金]17:00～23:30（L.O22:30）[土・日・祝]16:00～23:30　(L.O22:30)日により変更あり。
定休日
※12月31日",東京都港区新橋3-8-4 ル・グランシエルBLDG.14 1F,https://tabelog.com/tokyo/A1301/A130103/13163129/
396,居酒屋,虎ノ門ビストロ BBQ アジアナ,"営業時間
11:00～24:00
定休日
日曜日",東京都港区虎ノ門1-14-1 B1F,https://tabelog.com/tokyo/A1308/A130802/13225630/
397,居酒屋,隠れ居肴家 わびさび 新橋本店,"営業時間
[月～金]17:00～22:30(L.O)[土]17:00～21:00(L.O)閉店時間を早めさせて頂くこともございます
定休日
日曜日、祝日",東京都港区新橋2-9-6 鳥森神社ビル 3F,https://tabelog.com/tokyo/A1301/A130103/13251321/
398,居酒屋,のどぐろ専門店 赤坂 かなめ,"営業時間
月〜金　17:00〜25:00
定休日
土曜・日曜・祝日",東京都港区赤坂2-9-2 ウェイタワーズ B1F,https://tabelog.com/tokyo/A1308/A130802/13265524/
399,居酒屋,海神の後楽園 新橋店,"営業時間
月曜日〜木曜日　日曜日：12:00~24:00金土：12:00〜05:00
日曜営業
定休日
なし",東京都港区新橋3-19-7 ル・グラシェルBLDG.24 3F,https://tabelog.com/tokyo/A1301/A130103/13291523/
400,居酒屋,茶茶 Ryu-rey,"営業時間
【ランチ】平日　11:45～14:00【ディナー】日～木・土　17:00～22:00[21:00ラストオーダー]金　　　　　17:00～23:00[22:00ラストオーダー]
日曜営業
定休日
年末年始",東京都港区南青山5-8-3 equboビル 4F,https://tabelog.com/tokyo/A1306/A130602/13025177/
401,居酒屋,東京新橋 達磨酒場,"営業時間
月曜日〜木曜日　日曜日：12:00~24:00金　土：12:00〜05:00
日曜営業
定休日
年中無休",東京都港区新橋3-19-7 ル・グラシェルBLDG.24,https://tabelog.com/tokyo/A1301/A130103/13285840/
402,居酒屋,全席個室 じぶんどき 品川港南口店,"営業時間
17:00～23:30									※営業時間前も宴会可能！(早割・遅割特典有)※公式ホームページにも、分かりやすくお得な情報が満載です!!以下の『お店のホームページ』からお越しください♪
日曜営業
定休日
無",東京都港区港南2-5-14 カナーレ品川 2F・3F,https://tabelog.com/tokyo/A1314/A131403/13281219/
403,居酒屋,水炊き・焼鳥・鶏餃子 とりいちず 新橋SL広場店,"営業時間
※以下の時間帯で営業致します※[月～金・祝前日]14:00～23:30(料理L.O.22:30　ドリンクL.O.23:00)[土・日・祝]12:00～23:30(料理L.O.22:30　ドリンクL.O.23:00)【年末年始営業日の営業時間】※12/28〜1/2：土曜営業時間　※1/3：日曜営業時間  ※12月28日～1月3日：年末年始料金10％いただきます。
日曜営業
定休日
年末年始(12/31,1/1)他、無休！　◆絶品水炊きとデカ旨焼鳥がおすすめのコスパ最強居酒屋♪プレモル中ジョッキが税込219円とコスパも最強！◆大人数宴会可能！…会社宴会・打ち上げ・飲み会等の各種宴会に是非ご利用ください！",東京都港区新橋2-15-7 S-PLAZA弥生 7F,https://tabelog.com/tokyo/A1301/A130103/13245353/
404,居酒屋,山の恵み,"営業時間
[月～日・祝日]12:00～00:00(L.O 23:30)
日曜営業
定休日
なし",東京都港区新橋2-15-9 S-PLAZA弥生Ⅱ 8F,https://tabelog.com/tokyo/A1301/A130103/13286538/
405,居酒屋,個室居酒屋 穏座 赤坂店,"営業時間
12:00〜24:00
日曜営業
定休日
不定休 (ビルの休館日に準じます)",東京都港区赤坂3-12-11 ニューギンザビル 4F,https://tabelog.com/tokyo/A1308/A130801/13224999/
406,居酒屋,魚屋の居酒屋 魚錠 芝大門店,"営業時間
■平日・土曜日ランチ　11：30～14：30（LO14：00）ディナー17：00～23：00（フードLO22：30、ドリンクLO22：45）
定休日
日・祝",東京都港区芝大門2-8-13 サクセス芝大門ビル 1F,https://tabelog.com/tokyo/A1314/A131401/13194324/
407,居酒屋,海鮮問屋　地魚屋 浜松町店,"営業時間
【月～金】ランチ　 11:30～14:30 （L.O14:00）ディナー 16:30～23:00　(L.O22:00）【土曜日】12:00～21:00（L.O20:00）
定休日
日曜・祝日・年末年始【年末年始　休業日のご案内】12月30日～1月3日休業",東京都港区浜松町1-25-13 浜松町ＮＨビル　Ｂ１･１Ｆ･２Ｆ,https://tabelog.com/tokyo/A1314/A131401/13024385/
408,居酒屋,新橋牛タンいろ葉,"営業時間
営業時間は状況に応じ変更となる場合があります。月～金16:00～23:30(フードL.О22:45、ドリンクL.O23:00）土日祝15:00～23:00(フードL.О.22:15、ドリンクL.O.22:30)
日曜営業
定休日
不定休日あり",東京都港区西新橋1-17-11 新橋東栄ビル 1F,https://tabelog.com/tokyo/A1301/A130103/13220829/
409,居酒屋,信州蕎麦・鶏 個室居酒屋 八兵衛 田町本店,"営業時間
月～日16:00～24:00(LO　フード23:00　ドリンク23:30)
日曜営業
定休日
不定休",東京都港区芝浦3-12-1 マキノビル 3F,https://tabelog.com/tokyo/A1314/A131402/13176239/
410,居酒屋,日本酒と串天 座へそ 新橋店,"営業時間
平日ランチ11：30～14:00ディナー16:00~23：30(LO22:30)土曜12：00～23：30（LO22:30）
定休日
日、祝日",東京都港区新橋2-8-2 TMビル B1F,https://tabelog.com/tokyo/A1301/A130103/13264642/
411,居酒屋,南国亭 浜松町大門店,"営業時間
11：00～15：0017：00～23：00(L.O.22：30）
日曜営業
定休日
無休",東京都港区芝大門2-3-6 大門アーバニスト B1F,https://tabelog.com/tokyo/A1314/A131401/13153114/
412,居酒屋,酒亭赤坂かねさく,"営業時間
営業時間は平日ディナー月～金17:00～23:00(LO.22:00)の営業となります。土曜・祝日は17:00より22:00(LO.21:00)土祝不定休ご理解のほどよろしくお願いいたします。
定休日
日曜日",東京都港区赤坂3-14-5,https://tabelog.com/tokyo/A1308/A130801/13218461/
413,居酒屋,九州料理 九六,"営業時間
11:30〜23:00（フード L.O22:00,ドリンクL.O22:30 ）
日曜営業
定休日
不定休",東京都港区南青山3-6-4 新幸ビルディング 1F,https://tabelog.com/tokyo/A1306/A130602/13275330/
414,居酒屋,バル&キッチン カパイ 烏森通り店,"営業時間
17時～翌7時
定休日
日曜日",東京都港区新橋2-15-13 エレガンス新橋ビル 2F,https://tabelog.com/tokyo/A1301/A130103/13274736/
415,居酒屋,居酒屋 源喜 和Dining,"営業時間
月〜金　ランチ12:00〜14:30(ラストオーダー14:00)ディナー18:00〜23:00(フードラストオーダー22:00、ドリンクラストオーダー22:30)土・日・祝は店舗へ電話にてご確認願います。
定休日
土日祝はお電話にてご確認願います。仕入れの都合で宴会コースの対応ができない場合がございます。",東京都港区北青山3-5-9 レイカーズ青山 B1F,https://tabelog.com/tokyo/A1306/A130602/13249750/
416,居酒屋,浜松町 スタンド富士,"営業時間
月〜金　17時～24時(Lo30分前)土　15時～24時(Lo30分前)日　15時～24時(Lo30分前)
定休日
なし",東京都港区浜松町2-1-6 ADsis Daimon 1F,https://tabelog.com/tokyo/A1314/A131401/13260557/
417,居酒屋,野菜巻き串どげんね 品川店,"営業時間
[月～金]11:30～14:0017:00～23:00[土]17:00～23:00
定休日
日曜日・祝日",東京都港区港南2-16-5 NBF品川タワー B1F,https://tabelog.com/tokyo/A1314/A131403/13289893/
418,居酒屋,あぶり 清水 総本店,"営業時間
＊毎日昼飲みできます＊【火〜土・祝前日】12:00〜翌04:00【日・月】12：00～23:00
日曜営業
定休日
不定休",東京都港区新橋3-19-8 ル・グラシエルBLDG.30,https://tabelog.com/tokyo/A1301/A130103/13210170/
419,居酒屋,魚焼男 新橋本店,"営業時間
【ランチ月〜金】11：30～13:30【ディナー月〜木・土】16:00〜23:00(L.O.22:00)【ディナー金・祝前日】17：00～24：00(L.O23：00)
定休日
日",東京都港区新橋3-5-13 大興ビル B1F,https://tabelog.com/tokyo/A1301/A130103/13213261/
420,居酒屋,町中華へそ SL広場前店,"営業時間
平日ランチ　11:30～15:00(L.O14:30)ディナー15:00～翌4:00(ラストオーダー3:00)土曜日ディナー15:00～翌4:00(ラストオーダー3:00)日曜日、連休最終日ディナー15:00～24:00(ラストオーダー23:00)日曜日は24時まで
日曜営業
定休日
年末年始12/31～1/1はお休み",東京都港区新橋2-9-7 IKENO-7 1F,https://tabelog.com/tokyo/A1301/A130103/13277381/
421,居酒屋,完全個室居酒屋 串ばってん 赤坂店,"営業時間
12:00~24:00
日曜営業
定休日
なし",東京都港区赤坂3-12-11 ニューギンザビル 6F,https://tabelog.com/tokyo/A1308/A130801/13273258/
422,居酒屋,トロ政 品川店,"営業時間
11:30〜24:00お得な昼宴会特典！17時までに来店されたコースご予約で人数×500円OFF！24時以降は系列店でのご案内OK！
日曜営業
定休日
なし",東京都港区港南2-2-9 朝日ビル 1F,https://tabelog.com/tokyo/A1314/A131403/13272077/
423,居酒屋,今ここに 酒と人と肴,"営業時間
18:00～23:00(L.O.22:30)
定休日
日・祝日 ※土曜は不定期営業しております",東京都港区新橋3-14-6 小林ビル 1F,https://tabelog.com/tokyo/A1301/A130103/13240012/
424,居酒屋,新橋 二貴,"営業時間
ランチ11:20～13:20（平日のみ）ディナー17:00～23:30（平日）17:00～22:00（土曜）※8月の土曜日はお休みさせていただきます。
定休日
日曜・祝日",東京都港区新橋2-11-8 セントランス・２ビル,https://tabelog.com/tokyo/A1301/A130103/13033276/
425,居酒屋,旭肉店,"営業時間
[月～金]17:00～24:00(L..O 23：30)
定休日
土曜・日曜・祝日",東京都港区浜松町2-12-1 ガーデン浜松町 1F,https://tabelog.com/tokyo/A1314/A131401/13279757/
426,居酒屋,日本酒と和食 花びし,"営業時間
［月・火・水・木・土］17:00～24:00(L.O.23:00)［金］17:00～26:00(L.O.25:00)［日］17:00～23:00(L.O.22:00)
日曜営業
定休日
なし",東京都港区新橋3-9-6,https://tabelog.com/tokyo/A1301/A130103/13285719/
427,居酒屋,海鮮個室居酒屋 ほろ酔い 浜松町大門店,"営業時間
11:00～24:00（L.O.23:30、ドリンクL.O.23:30）※土日祝日は、ランチメニューは提供しておりません。11時～OPENしておりますが居酒屋メニューのみご提供です。※ランチメニューの事前予約・ネット予約は受け付けておりません。◎人数や予算等、ご相談頂ければ、お客様に最適な空間をご案内させて頂きますので、スタッフにお気軽にご相談下さい。
日曜営業
定休日
なし",東京都港区芝大門2-4-1 大門マイアミビル 6F,https://tabelog.com/tokyo/A1314/A131401/13248723/
428,居酒屋,青山きいろ,"営業時間
■ランチ月～金 11:30～14:30(LO.14:00)■ディナー月～金17:30～22:00(LO.21:00)
定休日
土曜・日曜・祝日",東京都港区北青山3-2-5 NH青山ビル B1F,https://tabelog.com/tokyo/A1306/A130603/13132894/
429,居酒屋,嬉酔 新橋烏森口店,"営業時間
15:00～24:00
日曜営業
定休日
なし",東京都港区新橋3-11-1 5F,https://tabelog.com/tokyo/A1301/A130103/13282024/
430,居酒屋,粋 田町店,"営業時間
[月～土・祝前日]16:00～23:30（料理L.O 22:30、ドリンクL.O 23:00）［平日月～金］11:30～15:00（L.O 14:30）
定休日
日曜・祝日定休　※今後無休にする予定です。",東京都港区芝浦3-7-15 3F,https://tabelog.com/tokyo/A1314/A131402/13289973/
431,居酒屋,大衆居酒屋 すい酔,"営業時間
19:00～7:00
日曜営業
定休日
なし",東京都港区六本木4-10-5 サワタカ六本木ビル 4F,https://tabelog.com/tokyo/A1307/A130701/13249190/
432,居酒屋,個室居酒屋 酒蔵 季 虎ノ門店,"営業時間
[月～金]11:00～15:001５:00～23:３0
定休日
土日祝曜日",東京都港区虎ノ門1-16-11 桜川アネックスビル 1F,https://tabelog.com/tokyo/A1308/A130802/13232080/
433,居酒屋,串焼 しばてん 新橋店,"営業時間
[月～金]16:00〜23:20[土]16:00～23:00
定休日
日曜・祝日",東京都港区新橋3-16-23,https://tabelog.com/tokyo/A1301/A130103/13030499/
434,居酒屋,田町 炭火串焼 正直や,"営業時間
［ランチ］11：30～14：00［ディナー］17：00～23:30（Ｌ.Ｏ.23:00）
定休日
日曜日",東京都港区芝浦3-12-16,https://tabelog.com/tokyo/A1314/A131402/13034017/
435,居酒屋,ちゃい九炉 表参道 南青山三丁目店,"営業時間
17:00~23;00{ラストオーダー22:00ドリンク22:30}金曜日のみ23:30{ラストオーダー22:30ドリンク23:00}日、祝定休
定休日
日曜日　祝日",東京都港区南青山3-8-2 サンブリッジ青山 2F,https://tabelog.com/tokyo/A1306/A130602/13151777/
436,居酒屋,海鮮居酒屋 名物酒家,"営業時間
ランチ　11:00～15:00※お昼のご予約は席のご指定ができませんので、予めご了承ください。ディナー　17:00～23:00（ラストオーダー→22:00）※各自治体の要請に基づき、営業時間短縮等の対応をさせて頂きます。
定休日
日曜日、祝日は休業です。",東京都港区芝4-12-2 B1F,https://tabelog.com/tokyo/A1314/A131402/13162609/
437,居酒屋,椿,"営業時間
ランチ 11:15～13:30         夜 17:00〜23:00 （開店はお客様ご要望で前倒し可）（閉店時間はお客様の状況により早じまいする場合もあります）
定休日
日曜・祝日、土曜は8名以上。開店時間はご要望対応可能",東京都港区新橋2-16-1 ニュー新橋ビル B1F,https://tabelog.com/tokyo/A1301/A130103/13057050/
438,居酒屋,ばむぶう,"営業時間
ディナー[平日]18:00～翌8:00(LO.翌7:30)ディナー[日祝]18:00～翌5:00(LO.翌4:30)2F席18:00～23:00
日曜営業
定休日
無",東京都港区西麻布4-11-10,https://tabelog.com/tokyo/A1307/A130703/13013009/
439,居酒屋,個室居酒屋 創作和食 おりょう 新橋本店,"営業時間
【月～日、祝日、祝前日】16:30～翌0:00 （料理L.O. 23:00 ドリンクL.O. 23:30）
日曜営業
定休日
年中無休",東京都港区新橋2-15-18 プラザT2ビル 6F,https://tabelog.com/tokyo/A1301/A130103/13209988/
440,居酒屋,朝日食堂,"営業時間
ランチ　11:30～14:00(L.O13:45。土日祝ランチ休み)ディナー［月～日］18:00～23:30(ﾌｰﾄﾞL.O22:30 ﾄﾞﾘﾝｸ23:00)
日曜営業
定休日
無休",東京都港区六本木7-9-7 福一フラット1F,https://tabelog.com/tokyo/A1307/A130701/13028760/
441,居酒屋,くいどころバー箸○,"営業時間
[月~木]17:30~0:00(LO)[金]17:30~0:00(LO)[土]17:30~0:00(LO)
定休日
日曜・祝日",東京都港区赤坂3-15-3 忍路ビル １Ｆ,https://tabelog.com/tokyo/A1308/A130801/13024727/
442,居酒屋,かおりひめ,"営業時間
ランチ　　11:00～15:30(LO15:00)ディナー　17:00〜23:00(LO22:00)
日曜営業
定休日
無休",東京都港区新橋2-19-10 新橋マリンビル　２Ｆ,https://tabelog.com/tokyo/A1301/A130103/13004915/
443,居酒屋,寅正,"営業時間
【月～金】11:00-15:00　17:00-5:00  【土】17:00-5:00
定休日
日曜日、祝日、第2第4土曜日",東京都港区新橋2-18-4,https://tabelog.com/tokyo/A1301/A130103/13279479/
444,居酒屋,粋の極み 新橋店,"営業時間
【土～木】12：00～24：00（料理L.O.23：00　ドリンクL.O.23：30）【金祝前日】12：00～29：00（料理L.O.28：00　ドリンクL.O.28：30）※お昼のご予約は要相談。店舗までお問い合わせください
日曜営業
定休日
無し",東京都港区新橋3-23-1 7F,https://tabelog.com/tokyo/A1301/A130103/13271916/
445,居酒屋,暁タップス ビアロバタ 芝大門,"営業時間
[火～金]17:00～22:00（フードL.O21:00、ドリンクL.O21:30）
定休日
月・土・日・祝日(イベント、貸切は応相談）",東京都港区芝大門1-6-12 竹やビル 1F,https://tabelog.com/tokyo/A1314/A131401/13231625/
446,居酒屋,まつり,"営業時間
16:00〜24:00(L.O.23:45)
定休日
なし　※祝日が月曜日の場合のみ休み",東京都港区新橋2-16-1 ニュー新橋ビル B1F,https://tabelog.com/tokyo/A1301/A130103/13105404/
447,居酒屋,東京オーブン 赤坂,"営業時間
月〜金モーニング　7:00〜10:00ランチ　　　11:30〜14:00（L.O)ディナー　　17:00〜23:30(L.O)  24:00(CLOSE)※土日祝日のみ22：30閉店となります土日祝モーニング　7:00〜10:00ディナー　　16:00～22:30
日曜営業
定休日
不定休",東京都港区赤坂3-18-1 ホテルリズベリオ赤坂 1F,https://tabelog.com/tokyo/A1308/A130801/13209963/
448,居酒屋,十番右京,"営業時間
平日）17:00～翌2:00(L.O1:00)（金曜、土曜、祝前日）17:00〜翌3:00(L.O2:00)（日曜）17:00〜23:30(L.O22:30)翌日が祝日の場合は日曜日も3時まで営業します。代わりに翌日の祝日は23時半までの営業とさせて頂きます。
日曜営業
定休日
年末年始 (12/30~1/4)",東京都港区麻布十番2-8-8 ミレニアムタワー B1F,https://tabelog.com/tokyo/A1307/A130702/13234873/
449,居酒屋,和が家,"営業時間
[月~木]12:00~24:00[金・祝前日]12:00~28:00[土・日]12:00~24:00
日曜営業
定休日
なし",東京都港区赤坂3-9-1 紀陽ビル B1F-B,https://tabelog.com/tokyo/A1308/A130801/13286494/
450,居酒屋,炭金 浜松町本店,"営業時間
月～金、祝前日: 15:00～翌2:00 （料理L.O. 翌1:00 ドリンクL.O. 翌1:30）土: 13:00～翌4:00 （料理L.O. 翌3:00 ドリンクL.O. 翌3:30）日、祝日: 13:00～翌2:00 （料理L.O. 翌1:00 ドリンクL.O. 翌1:30）
日曜営業
定休日
年中無休",東京都港区浜松町2-1-20 SVAX大門ビル B1F-B,https://tabelog.com/tokyo/A1314/A131401/13282179/
451,居酒屋,博多串焼き・野菜巻き 完全個室 串蔵,"営業時間
[月~木]　12:00~24:00[金・祝前日] 12:00~28:00[土・日] 12:00~24:00
日曜営業
定休日
なし",東京都港区赤坂3-9-1 紀陽ビル B1F A,https://tabelog.com/tokyo/A1308/A130801/13286478/
452,居酒屋,完全個室とかに料理 大門浜松町邸,"営業時間
月～日・祝日・祝前日14:00～翌0:00(料理L.O. 23:00 ドリンクL.O. 23:30)
日曜営業
定休日
不定休日あり",東京都港区浜松町2-5-8 井門浜松町ビル 5F,https://tabelog.com/tokyo/A1314/A131401/13267861/
453,居酒屋,酒食堂 虎ノ門蒸留所,"営業時間
[月~金]ランチ 11:30-15:00(L.O.14:30)ディナー 17:00-23:00(L.O.22:00)[土]13:00-22:30※通し営業(L.O.21:30)[日・祝]13:00-22:30※通し営業(L.O.21:30)
日曜営業
定休日
定休日なし　施設に営業時間時準ずる",東京都港区虎ノ門1-17-1 虎ノ門ビジネスタワー 3F,https://tabelog.com/tokyo/A1308/A130802/13245922/
454,居酒屋,トロ金 浜松町本店,"営業時間
月～金、祝前日: 15:00～翌2:00 （料理L.O. 翌1:00 ドリンクL.O. 翌1:30）土、日、祝日: 13:00～翌2:00 （料理L.O. 翌1:00 ドリンクL.O. 翌1:30）
日曜営業
定休日
年中無休　※忘年会シーズンは各種宴会お一人様3500円からのコースご予約になります！予めご了承下さい",東京都港区浜松町2-1-20 SVAX大門ビル B1F-A,https://tabelog.com/tokyo/A1314/A131401/13281395/
455,居酒屋,旬の海鮮と牡蠣鍋 なな星,"営業時間
月～日・祝日・祝前日16:00～翌0:00(L.O. 23:00 ドリンクL.O. 23:30)
日曜営業
定休日
不定休日あり",東京都港区浜松町2-5-8 井門浜松町ビル 3F C,https://tabelog.com/tokyo/A1314/A131401/13284234/
456,居酒屋,地鶏 仲みち,"営業時間
18:00～24:00
日曜営業
定休日
不定休         (日曜日は、前日までのご予約 及び コースのみ承ります。)",東京都港区西麻布2-24-8,https://tabelog.com/tokyo/A1307/A130701/13022721/
457,居酒屋,鳥一代 はなれ,"営業時間
昼 11:30～14:00夜 18:00～23:00 (L.Oフード22:00 ドリンク22:30)---------------------2023年9/1よりディナーの営業時間変更17:00～23:00 (L.Oフード22:00 ドリンク22:30)
定休日
土曜日、日曜日、祝日",東京都港区芝浦3-15-5 ダイヤモンドパレス 1F,https://tabelog.com/tokyo/A1314/A131402/13242211/
458,居酒屋,個室居酒屋 飲み家,"営業時間
月～土・祝前日15:00～24:00（L.O.22:45、ドリンクL.O.23:00）★12:00〜15:00は前日までの4名様以上のご予約にて承ります！お気軽にご連絡くださいませ！
定休日
日曜",東京都港区浜松町2-5-8 浜松町ビル 4F,https://tabelog.com/tokyo/A1314/A131401/13291660/
459,居酒屋,鍛冶屋 文蔵 カレッタ汐留店,"営業時間
[月～金]11:30～14:30（L.O.14:00）17:00～23:00（L.O.22:30）
定休日
土・日・祝",東京都港区東新橋1-8-2 カレッタ汐留 B2F,https://tabelog.com/tokyo/A1301/A130103/13122690/
460,居酒屋,はなぜん 赤坂店,"営業時間
[月〜金]11:30～14:3017:30～23:30(L.O.22:45)※コースのご予約は2日前の22：00までにお願いいたします。
定休日
日・祝日 ※土曜日はお電話での予約制です。お電話でご確認ください。",東京都港区赤坂5-2-45 しもじまビル 1F,https://tabelog.com/tokyo/A1308/A130801/13118205/
461,居酒屋,鍛冶屋 文蔵 神谷町店,"営業時間
昼食　11:30～14:30夕食　17:00～23:00（L.O.22:30）※営業時間は予告なく変更になる場合がございます。 
定休日
土・日・祝",東京都港区虎ノ門4-3-20 神谷町MTビル B1F,https://tabelog.com/tokyo/A1307/A130704/13106233/
462,居酒屋,新橋日和 新橋店,"営業時間
月～日・祝日・祝前日12:00～24:00 (L.O.23:00 ドリンクL.O.23:30)
日曜営業
定休日
不定休日あり",東京都港区新橋3-21-9,https://tabelog.com/tokyo/A1301/A130103/13289625/
463,居酒屋,個室居酒屋　馬に魚に　 赤坂見附店,"営業時間
[月~金／祝前日]16:00~24:00 (L.O23:30)[土／祝日]16:00~24:00  (L.O23:30)■16：00～完全穴場タイム！早い時間から飲みたい方にオススメ！
定休日
日曜日／その他不定休日あり",東京都港区赤坂3-8-1 赤坂アルトビル 3-A,https://tabelog.com/tokyo/A1308/A130801/13191415/
464,居酒屋,創作鉄板と鮨 たけはな,"営業時間
【月〜金】11時30分〜14時（L.o13時30分）17時30分〜23時（L.o22時30分）【土】17時30分〜23時（L.o22時30分）
定休日
日曜日",東京都港区三田3-1-19 柳下ビル 1F,https://tabelog.com/tokyo/A1314/A131402/13285418/
465,居酒屋,海鮮のYODARE カレッタ汐留店,"営業時間
ランチ【月～土】11時～14時半(LO.14時)ディナー【月～金】17時～22時半(LO.21時半)【土】17時〜22時(LO.21時)【日・祝】11時〜18時(LO.17時)
日曜営業
定休日
定休日無し",東京都港区東新橋1-8-2 カレッタ汐留 B2F,https://tabelog.com/tokyo/A1301/A130103/13286036/
466,居酒屋,居酒屋 うちやま,"営業時間
17:30-23:00（F.L.O.22:00、D.L.O22:30）
定休日
施設に準ずる",東京都港区麻布台1-3-1 麻布台ヒルズ タワープラザ 3F,https://tabelog.com/tokyo/A1307/A130704/13290104/
467,居酒屋,勝枝のとり 大門店,"営業時間
月〜土・祝前日・祝日ランチ　11:30～14:30月～土・祝前日ディナー　17:00～23:00（L.O.22:30）
定休日
日曜日",東京都港区芝大門2-4-1 マイアミビル 3F,https://tabelog.com/tokyo/A1314/A131401/13212149/
468,居酒屋,ヤンヤン飯店 新橋店,"営業時間
平日 ランチ11:30～14：30　ディナー17:00～23:00休前日 ランチ11:30～14：30　ディナー17:00～23:00土 15:00～22:00日曜祝日 定休※ご予約、季節、天候等により、予告なく営業時間が変更となる場合がございますので予めご了承ください。詳細はご利用店舗へお問い合わせください。
定休日
日曜日・祝日休業",東京都港区新橋1-3-13,https://tabelog.com/tokyo/A1301/A130103/13265529/
469,居酒屋,喰処飲処 蛍火 浜松町ハマサイト店,"営業時間
[月～木]ランチ　11:30～14:30ディナー　17:00～22:30(LO22:00)[金・祝前日]ランチ　11:30～14:30ディナー　17:00～23:00(LO22:30)
定休日
土曜日、日曜日、祝日",東京都港区海岸1-2-20 汐留ビルディング 2F,https://tabelog.com/tokyo/A1314/A131401/13248448/
470,居酒屋,バンジハ,"営業時間
ーーーーーーーーーーーー「Lunch」火・水　11:45~14:00(L.O. 13:30)木・金・土　11:45~15:00(L.O. 14:30)「Dinner」 月〜土　17～23時 (L.O. 22:00)
定休日
日曜日",東京都港区麻布十番1-11-10 十番アネックス B1F,https://tabelog.com/tokyo/A1307/A130702/13277576/
471,居酒屋,北の味紀行と地酒 北海道 カレッタ汐留店,"営業時間
＜営業時間＞ランチ　　11:00～14:30(LO14:00)ディナー　16:00～23:00(フードLO22:30/ドリンクLO22:45)12/30～12/31　11:00～22：001/2～1/3　11:00～23：00
日曜営業
定休日
ビルに準ずる　2024/1/1～1/2",東京都港区東新橋1-8-2 カレッタ汐留 46F,https://tabelog.com/tokyo/A1301/A130103/13132703/
472,居酒屋,和牛しゃぶしゃぶ焼鳥食べ飲み放題 完全個室 炭焼き番長 田町本店,"営業時間
月～木、日、祝日、祝前日: 12:00～翌2:00 （料理L.O. 翌1:00 ドリンクL.O. 翌1:30）金: 12:00～翌5:00 （料理L.O. 翌4:00 ドリンクL.O. 翌4:30）土: 12:00～翌4:00 （料理L.O. 翌3:00 ドリンクL.O. 翌3:30）【15時からオープン◆お得な昼宴会プラン多数あり】】◆昼宴会3時間飲み放題付 3000円コミコミ価格＆幹事
日曜営業
定休日
年中無休※忘年会シーズンは各種宴会コース平日2時間お一人様3500円からのコースご予約になります！予めご了承下さい。",東京都港区芝5-22-6 芝REビル 1F,https://tabelog.com/tokyo/A1314/A131402/13269671/
473,居酒屋,鍛冶屋 文蔵 虎ノ門店,"営業時間
ランチ　 　 11：30～14：30ディナー 　 17：00～22：00（L.O.21：30）
定休日
土日祝",東京都港区虎ノ門2-2-1 住友不動産虎ノ門タワー 1F,https://tabelog.com/tokyo/A1308/A130802/13171549/
474,居酒屋,酒々屋 和海,"営業時間
[月～土]17：00～23：30
定休日
日・祝日",東京都港区新橋3-7-3 新橋フォディアビル 1F,https://tabelog.com/tokyo/A1301/A130103/13213820/
475,居酒屋,和牛と地鶏 鮮魚と地酒 食べ飲み放題 完全個室 目利きの番長 田町本店,"営業時間
月～木、日、祝日、祝前日: 12:00～翌2:00 （料理L.O. 翌1:00 ドリンクL.O. 翌1:30）金: 12:00～翌5:00 （料理L.O. 翌4:00 ドリンクL.O. 翌4:30）土: 12:00～翌4:00 （料理L.O. 翌3:00 ドリンクL.O. 翌3:30）【15時からオープン◆お得な昼宴会プラン多数あり】】◆昼宴会3時間飲み放題付 3000円コミコミ価格＆幹事
日曜営業
定休日
年中無休 ※忘年会シーズンは各種宴会コース平日2時間お一人様3500円からのコースご予約になります！予めご了承下さい。",東京都港区芝5-22-6 芝REビル 1F,https://tabelog.com/tokyo/A1314/A131402/13269670/
476,居酒屋,オクユカシ,"営業時間
2023/12/29　17:00-21:002023/12/30～2024/1/3　お休み1/4～通常営業再開です月～土17:00～23:00（L.O.22:00（ドリンクは22:30））
定休日
日曜日（年末年始など不定休日あり）",東京都港区新橋2-9-12 フロンティアビル 2F,https://tabelog.com/tokyo/A1301/A130103/13287373/
477,居酒屋,スタミナ屋,"営業時間
[毎日！]12:00～翌2:00（料理L.O.翌1:00　ドリンクL.O.翌1:30）
日曜営業
定休日
なし（年末年始も営業します！）",東京都港区新橋4-18-1 鳥新ビル 1F,https://tabelog.com/tokyo/A1301/A130103/13281605/
478,居酒屋,お忍び個室 居酒屋 左衛門 新橋店,"営業時間
【月～木】16:00～23:30（L.O.22:30、ドリンクL.O.23:00）【日・祝】14:00～23:30（L.O.22:30、ドリンクL.O.23:00）【金】16:00～翌4:00（L.O.3:00、ドリンクL.O.3:30)【土・祝前日】14:00～翌4:00（L.O.3:00、ドリンクL.O.3:30）※営業時間・休業日は変更になる場合がございます。
日曜営業
定休日
※休業期間・営業時間は変更される可能性がございます。",東京都港区新橋2-15-18 プラザT2ビル 3F,https://tabelog.com/tokyo/A1301/A130103/13210854/
479,居酒屋,魚豪商 コダマ,"営業時間
[月〜水]16:00～24:00(L.O30分前)[木、土]16:00～25:00(L.O30分前)[金]16:00～27:00(L.O30分前)
定休日
日曜日",東京都港区新橋4-19-10 タカソビル 1F A,https://tabelog.com/tokyo/A1301/A130103/13285388/
480,居酒屋,鉄火 分店,"営業時間
【月曜〜金曜】15:30〜26:00【土曜日】15:30〜26:00【日曜・祝日】15:30〜23:00
日曜営業
定休日
なし",東京都港区芝5-26-5 船橋ビル 2F,https://tabelog.com/tokyo/A1314/A131402/13123414/
481,居酒屋,豚しゃぶ 地魚 焼酎 角栄,"営業時間
月～金、祝前日: 11:30～14:00 （L.O. 13:30 ）17:00～23:00 （L.O. 21:00 ）土曜日: 12:00～14:30 （L.O. 14:00 ）17:00～22:00 （L.O. 21:00 ）
定休日
日、祝日",東京都港区港南2-3-13 品川フロントビル,https://tabelog.com/tokyo/A1314/A131403/13279073/
482,居酒屋,新橋たんの利久,"営業時間
[月～金]11:00～24:00
定休日
なし",東京都港区新橋3-14-15 S TECビル 6F,https://tabelog.com/tokyo/A1301/A130103/13290153/
483,居酒屋,山口郷土料理 だぶる,"営業時間
【月～土】17:00～03:00 (L.O 02:00)ランチ【月〜金】11:30～14:30 (L.O14:00)
定休日
日、祝日",東京都港区六本木3-4-7 KYビル B1F,https://tabelog.com/tokyo/A1307/A130701/13285586/
484,居酒屋,オアシスサウナ アスティル,"営業時間
■レストランの営業時間朝食営業（定食） / 7:00～9:45（ラストオーダー 9:30）[月～土] 12:30～翌 3:00（ラストオーダー 2:30）[日･祝] 12:30～23:00（ラストオーダー 22:30）■サウナの営業時間正午12:00～翌AM10:00（10:00～12:00は清掃の為 クローズ）　
日曜営業
定休日
年中無休(12/31～1/3 店休）",東京都港区新橋3-12-3 アスティル新橋ビル 3～4F,https://tabelog.com/tokyo/A1301/A130103/13129975/
485,居酒屋,鍛冶屋文蔵 新橋烏森口店,"営業時間
[月～土]16:00～23:00(LO22:30)[日・祝]16:00～22:00(LO21:30)
日曜営業
定休日
無休",東京都港区新橋3-25-17,https://tabelog.com/tokyo/A1301/A130103/13270463/
486,居酒屋,海華月 乃木坂店,"営業時間
【月～金】・昼11:30～14:30（L.O.14:00）※ランチタイムはコースのみ予約可能です。・夜17:30～23:00　(L.O.22:00)【土】・夜17:30～22:00　(L.O.21:00)【日祝】現在お休みをいただいております。
定休日
日・祝曜日",東京都港区南青山1-15-20 ヴィラ乃木坂　Ｂ１Ｆ,https://tabelog.com/tokyo/A1307/A130701/13014586/
487,居酒屋,凪,"営業時間
ランチ11：30A.M.～2：00P.M.ディナー5：00P.M～10：00P.M.　
定休日
土・日・祝日",東京都港区浜松町1-21-4,https://tabelog.com/tokyo/A1314/A131401/13035795/
488,居酒屋,あぶり清水 総本店別館,"営業時間
【月～金】16:00～23:00【土・日・祝】15:00～23:00
日曜営業
定休日
不定休",東京都港区新橋3-20-7 1F～3F,https://tabelog.com/tokyo/A1301/A130103/13238186/
489,居酒屋,ひふみ,"営業時間
[月～土]ランチ11:30～15:30(L.O.15:00) ［月～土］ディナー17:00～24:00(L.O.23:30)
定休日
無休（日曜不定休)",東京都港区南青山3-2-3 カトレアビル B1F,https://tabelog.com/tokyo/A1306/A130603/13174361/
490,居酒屋,金子屋 田町店,"営業時間
【月～金】11:00～13:3016:00～23:00(L.O22:00)【土・日・祝】14:00～23:00(L.O22:00)
日曜営業
定休日
年末年始",東京都港区芝5-20-20 田町K-1ビル 1F・2F,https://tabelog.com/tokyo/A1314/A131402/13288407/
491,居酒屋,男前料理 酒・菜 おかず,"営業時間
月〜金17:00〜23:00(お料理LO＝22：00、お飲み物LO＝22：30)
定休日
土日祝、12月30日〜1月8日までお休みです 　年末年始　(御予約があれば営業いたしますので、お問い合わせください)",東京都港区赤坂2-12-18 COI赤坂溜池ビル 1F,https://tabelog.com/tokyo/A1308/A130802/13026062/
492,居酒屋,猿兵衛 赤坂店,"営業時間
[月～金]17:00～28:00（最終入店26:00 L.O.27:00）※ご来店の場合はお電話でご連絡ください。
定休日
土曜日・日曜日・祝日・その他不定休あり",東京都港区赤坂3-14-7 ユニ赤坂ビル 4F,https://tabelog.com/tokyo/A1308/A130801/13157951/
493,居酒屋,銀座酒場 マルイチ,"営業時間
[月～金]17:30～26:00（LO25:00）
定休日
土曜日・日曜日・祝日",東京都港区新橋1-11-1 新橋ＪＯＹビル 1F,https://tabelog.com/tokyo/A1301/A130103/13044691/
494,居酒屋,男前料理 虎ノ門 はらから hara-kara,"営業時間
◆［月～金］17:00～23:00(lo22:30)［祝土日］定休日※ご予約があれば営業いたします(夏季休業)(年末年始)
定休日
土日祝祭日(貸切り予約可)",東京都港区虎ノ門1-15-10 名和ビル B1F,https://tabelog.com/tokyo/A1308/A130802/13182482/
495,居酒屋,やきとん ユカちゃん 麻布ふじ嶋 新橋店,"営業時間
17時半～
定休日
土日・祝日は不定休です。",東京都港区新橋4-14-4 1F,https://tabelog.com/tokyo/A1301/A130103/13130172/
496,居酒屋,和飲。ほの字 六本木店,"営業時間
＜昼食／月曜日〜金曜日＞11:30～14:30（L.O.14:00）＜夕食／月曜日〜木曜日＞ 17:30～23:00（お食事 L.O.22:15／お飲み物 L.O.22:30）＜夕食／金曜日＞17:30～26:00（お食事 L.O.25:00／お飲み物 L.O.25:30）
定休日
土曜日・日曜日・祝日",東京都港区六本木3-4-33 マルマン六本木ビル　１Ｆ,https://tabelog.com/tokyo/A1307/A130701/13015221/
497,居酒屋,和酒バル 廻,"営業時間
ディナー営業【月〜金曜日】 18:00～23:00(食事L.O.21:30)　※月〜金曜日の最終入店時間は21:30となります。【土】　　　　18:00〜22:00(食事L.O.20:30)ランチ営業【月〜金曜日】 11:30～14:00(L.O.13:45)【日・祝日】定休日【土曜日】不定休
定休日
日曜定休日、土曜日、祝日不定休",東京都港区新橋5-12-7 Totsu Shimbashi BLD. B1F,https://tabelog.com/tokyo/A1301/A130103/13175442/
498,居酒屋,和楽,"営業時間
大好評‼️もつ鍋のテイクアウト・地方配送やってます‼️テイクアウトはお電話でご予約して頂くとお待たせしません‼️地方配送配送は当店ホームページからご注文下さい‼️☆ 9月28(木)〜10月4日(水)迄お休みさせて頂いきます。2023年10月の定休日は毎週水曜日とさせて頂きます。　営業時間  18:00〜23:00 ラストオーダー　22:00　　
日曜営業
定休日
UBER・MENUなどの各デリバリーやってます‼️☆ 9月28日(木)〜10月4日(水)迄お休みさせて頂きます‼️10月は水曜日定休日",東京都港区西麻布1-4-7 西麻布101,https://tabelog.com/tokyo/A1307/A130701/13133014/
499,居酒屋,牛泥棒,"営業時間
18:00〜25:00（24:00 L.O.）
定休日
日曜定休、12月31日、1月1日、8日(月)、15日(月)、29日(月)",東京都港区白金5-10-12 1F,https://tabelog.com/tokyo/A1316/A131602/13176600/
500,居酒屋,九州の地魚料理 侍 赤坂店,"営業時間
ディナー 月～金　18:00～04:00(L.O.03:00) 土　18:00～04:00(L.O.03:00) （緊急事態宣言時、蔓延防止等重点措置時などは営業時間変更しております。詳しくはお問い合わせください）(天候、在庫状況等により早閉まいする場合もあります。深夜帯遅くのご利用の際はお電話でご確認ください)
定休日
日・祝",東京都港区赤坂3-6-18 赤坂ニューロイヤルビル本館　２Ｆ,https://tabelog.com/tokyo/A1308/A130801/13043745/
501,居酒屋,大衆炉端 フジヤマ桜,"営業時間
[ランチ」11:30～14:00(L.O/13:30)※土・祝日除くランチタイムは、完売次第終了とさせていただく場合がございます。[ディナー]　16:00～23:00（L.O/22:30）
定休日
日曜日は店休となります",東京都港区浜松町2-1-1 5F,https://tabelog.com/tokyo/A1314/A131401/13202922/
502,居酒屋,Suginoko 青山店,"営業時間
【ランチ】　11:30～15:00【ディナー】［月〜金］17:00～23:00  (L.O22:00)　　　　　　［土・日・祝］17:00〜22:00（L.O21:00）※誠に勝手ながらしばらくの間、日曜日を定休日と刺せて頂きます。
日曜営業
定休日
無し",東京都港区北青山3-8-12 3F,https://tabelog.com/tokyo/A1306/A130602/13003504/
503,居酒屋,木曽路,"営業時間
17:00～00:00 (L.O.23:30)
定休日
土日祝　※御予約のみ別途承ります。",東京都港区新橋3-6-4 スカイワールドビル 3F,https://tabelog.com/tokyo/A1301/A130103/13025380/
504,居酒屋,麺酒房　実之和 赤坂店,"営業時間
月～金　ランチ11:30～17:00             ディナー17:00～24:00(L.O.23:20)※お鍋のL.Oは23時とさせていただきます。
定休日
土曜・日曜・祝日",東京都港区赤坂6-3-16 赤坂瀬戸ビル 1F,https://tabelog.com/tokyo/A1308/A130801/13145819/
505,居酒屋,もつ千 虎ノ門店,"営業時間
［月～金］17:00～25:00(L.O.24:00)
定休日
土曜・日曜・祝日",東京都港区虎ノ門1-15-11,https://tabelog.com/tokyo/A1308/A130802/13122679/
506,居酒屋,北前海鮮問屋三番船ハ印,"営業時間
[月～金]17:00～22:00（LO21:00）
定休日
土日祝日",東京都港区浜松町1-16-12,https://tabelog.com/tokyo/A1314/A131401/13113706/
507,居酒屋,つくね山本,"営業時間
月～土：17:00～23:00(LO.22:30)お電話でのご予約は14:30以降にてお願いいたします。■ まん延防止措置に伴う営業時間変更のお知らせ《期間》1/21(金)～3/6(日)《閉店時間》21時 ※20時まで酒類提供あり
定休日
日曜日",東京都港区新橋2-4-5 不二ビルディング新橋 1F,https://tabelog.com/tokyo/A1301/A130103/13234976/
508,居酒屋,かに地獄 新橋,"営業時間
月～金　17:00～23:30土日祝　15:00～23:30
日曜営業
定休日
奇数月　第２日曜日",東京都港区新橋2-16-1 ニュー新橋ビル B1F,https://tabelog.com/tokyo/A1301/A130103/13114768/
509,居酒屋,海鮮問屋 地魚屋 三田,"営業時間
【月～金】ランチ　 11:30～14:30 （L.O14:00）ディナー 16:30～23:00　(L.O22:00）【土曜日】12:00～21:00（L.O20:00）
定休日
日曜・祝日",東京都港区芝5-34-7 田町センタ－ビルピアタ 3F,https://tabelog.com/tokyo/A1314/A131402/13028929/
510,居酒屋,大将99,"営業時間
［月〜金］17:00～22:30
定休日
土曜日、日曜日",東京都港区新橋3-22-2 つるやTKビル4F,https://tabelog.com/tokyo/A1301/A130103/13288706/
511,居酒屋,格安ビールと鉄鍋餃子 3・6・5酒場 品川店,"営業時間
月～金、祝前日15:00～23:30(L.O.23:00　ドリンクL.O.23:15)土･日･祝日12:00～23:30(L.O.23:00　ドリンクL.O.23:15)
日曜営業
定休日
※営業時間・メニュー内容は変更になる場合がございます。詳細は店舗までお問合せください。",東京都港区港南2-2-1 ミナトビル 4F,https://tabelog.com/tokyo/A1314/A131403/13282232/
512,居酒屋,居酒屋 あじ彩,"営業時間
※ 2023年8月13日〜15日 お盆休みとなります [月〜金]17:00～24:00(L.O 23:30)[土・祝]17:00〜23:00(L.O 22:30)
定休日
日曜(月曜が祝祭日の場合は、日曜営業で月曜休日となります)",東京都港区麻布十番2-4-15 イラーレ麻布十番2F,https://tabelog.com/tokyo/A1307/A130702/13135812/
513,居酒屋,烏森百薬,"営業時間
【月】15：00～23：00(L.o22：00)【火〜土】11：30～23：00（L.o 22：00)
定休日
日曜日、祝日",東京都港区新橋2-15-5,https://tabelog.com/tokyo/A1301/A130103/13225528/
514,居酒屋,赤坂ごだいご はなれ,"営業時間
[月～金] 11:30～14:00[月～木] 17:00～23:30[金]17:00～24:00[土]17:00～23:00※上記は通常時です。国、東京都の要請に準じた　営業となります。（営業時間、酒類販売など）
定休日
日曜・祝日",東京都港区赤坂3-8-1 赤坂アルトビル B1F,https://tabelog.com/tokyo/A1308/A130801/13212539/
515,居酒屋,居酒屋 一力,"営業時間
昼：11:00～14:00夜：17:00～23:00（L.O.フード22:30、ドリンク22:45）※土曜は（L.O.フード22:15、ドリンク22:30）※土曜、祝日ランチ休み
定休日
日曜日",東京都港区浜松町2-6-4 丸徳ビル　Ｂ１Ｆ・１Ｆ・２Ｆ,https://tabelog.com/tokyo/A1314/A131401/13029280/
516,居酒屋,格安ビールと鉄鍋餃子 3・6・5酒場 赤坂2号店,"営業時間
日～土、祝前日、祝日15:00～23:00(L.O料理22:30、ドリンク22:45)
日曜営業
定休日
なし",東京都港区赤坂3-13-14 赤坂313ビル 2F,https://tabelog.com/tokyo/A1308/A130801/13281468/
517,居酒屋,あぶり清水 西口通り店,"営業時間
【全日】17〜23時(LO22時)
日曜営業
定休日
なし（年末年始はお休み頂いております。）",東京都港区新橋3-22-9 田口ビル 1F,https://tabelog.com/tokyo/A1301/A130103/13291192/
518,居酒屋,鍛冶屋 文蔵 品川グランパサージュ店,"営業時間
［月～金］11:30～14:30(L.O.14:00)17:00～23:00(L.O.22:30) ※営業時間は予告なく変更になる場合がございます。 
定休日
土・日・祝",東京都港区港南2-16-5 三菱重工ビルB1 グランパサージュ2 B1F,https://tabelog.com/tokyo/A1314/A131403/13144674/
519,居酒屋,総作料理 日いづる,"営業時間
18：00～お客様がいらっしゃるまで（※閉店時間は特に設けていません！お客様がいらっしゃるまで開けています！）
定休日
日曜日・祝日（年末年始はお休み）",東京都港区六本木7-14-11 ニイクラビル　Ｂ１Ｆ,https://tabelog.com/tokyo/A1307/A130701/13111146/
520,居酒屋,格安ビールと鉄鍋餃子 3・6・5酒場 赤坂1号店,"営業時間
日～木、土、祝日15:00～23:00(L.O料理22:30、ドリンク22:45)金、祝前日　15:00～29:00(L.O料理28:00、ドリンク28:30)
日曜営業
定休日
※営業時間・メニュー内容は変更になる場合がございます。詳細は店舗までお問合せください。",東京都港区赤坂3-11-19 UF3ビル 1F,https://tabelog.com/tokyo/A1308/A130801/13278993/
521,居酒屋,鉄火 本店,"営業時間
ランチタイム11:00～14：00ディナータイム16:00～02:00(L.O.01:00)
日曜営業
定休日
無休",東京都港区芝5-23-15,https://tabelog.com/tokyo/A1314/A131402/13026121/
522,居酒屋,三代目 鳥メロ 品川港南口店,"営業時間
＜月～金・祝前＞16:00～23:30＜土＞14:00～23:30＜祝＞14:00～22:00
日曜営業
定休日
日曜・祝休日定休　※09/18(月)を休業とさせていただきます。",東京都港区港南2-5-11 大三洋行品川ビル 2F,https://tabelog.com/tokyo/A1314/A131403/13217836/
523,居酒屋,なゝ樹 麻布十番店,"営業時間
月～日、祝日、祝前日: 17:00〜25：00（料理L.O. 24時ドリンクL.O. 24時半）営業時間や酒類の提供は政府の要請に従って変動致します。ご了承ください。
定休日
なし",東京都港区麻布十番3-5-14 麻布HAUS 1F,https://tabelog.com/tokyo/A1307/A130702/13256116/
524,居酒屋,シゲル,"営業時間
月～金曜日18:00～24:00（L.O23:00）
定休日
土・日・祝",東京都港区赤坂2-13-8 赤坂ロイヤルプラザ　２Ｆ,https://tabelog.com/tokyo/A1308/A130802/13031197/
525,居酒屋,長屋 本店,"営業時間
月～金　　１７時～２３時まで通常営業させて頂きます。22時30分ラストオーダーとさせて頂きます。　　　　　　　　　　　　　
定休日
土曜・日曜・祝日",東京都港区新橋2-15-13 1F～2F,https://tabelog.com/tokyo/A1301/A130103/13007930/
526,居酒屋,モンローの家,"営業時間
月～金 17:00～0２:00　（L.O１:00) しばらくの間、２４時閉店（L.O23：00）※テイクアウト可ドギーバッグ可（食べ残しをお持ち帰りいただけます）※デリバリー可但し、お店の定める範囲（近隣）のみ
定休日
土・日・祝日",東京都港区新橋2-15-13 エレガンス新橋 6F,https://tabelog.com/tokyo/A1301/A130103/13034949/
527,居酒屋,権八 西麻布,"営業時間
11:30～3:30（ラストオーダー Food 2:45／Drink 3:00）ランチ(平日）11:30～15:00 ※営業時間変更のお知らせ■2023.5.15（月）～ 6.8（木）OPEN：11:30CLOSE：24:30（ FOOD L.O. 23:30 / DRINK L.O. 24:00  ）
日曜営業
定休日
無休",東京都港区西麻布1-13-11,https://tabelog.com/tokyo/A1307/A130701/13005298/
528,居酒屋,夢や 品川店,"営業時間
[月～土]17：00～22:30(L.O)日祝休み不定期でお休みをいただくことがございますお気軽にお問い合わせ下さい
定休日
日祝、研修等で不定期にお休みを頂くこともございます。",東京都港区港南2-2-9,https://tabelog.com/tokyo/A1314/A131403/13057719/
529,居酒屋,鳥藤,"営業時間
［月～金］17:00～翌2:00[土・日・祝］17:00～21:00（閉店時間はお客様の状況により早じまいする場合もあります）
定休日
日・祝日",東京都港区新橋3-13-7 本多ビル 1F,https://tabelog.com/tokyo/A1301/A130103/13025197/
530,居酒屋,博多ほたる 麻布十番店,"営業時間
（月～金）17：00～23：00　（22：00）LO（土・日・祝）　15：00～23：00　（22：00）LO
日曜営業
定休日
1月1日・2日",東京都港区麻布十番2-7-5 カスタリア麻布十番七面坂 1F,https://tabelog.com/tokyo/A1307/A130702/13133270/
531,居酒屋,傳八 青山,"営業時間
月～金 17:00～23:30(L.O.22:35)土・祝 17:00～23:00(L.O.22:20)
定休日
日曜日定休日",東京都港区南青山5-9-9 サンケ青山,https://tabelog.com/tokyo/A1306/A130602/13013696/
532,居酒屋,玉金 六本木店,"営業時間
【日～木・祝】　　17:00～翌4:00(L.O.3:30)【金・土・祝前】　17:00～翌6:00(L.O.5:30)詳臨時時間営業・臨時休業有。しくは店舗までお問い合わせください。
日曜営業
定休日
不定休有。詳しくは店舗までお問い合わせください。年末年始12/31～1/2まで休業とさせていただきます。",東京都港区六本木6-1-5 グッドワークビル 2F,https://tabelog.com/tokyo/A1307/A130701/13027705/
533,居酒屋,さかなや いさむ,"営業時間
17：30～24：00
定休日
日曜、祝日定休",東京都港区新橋2-2-4 新橋パイオニアビル2　B1F,https://tabelog.com/tokyo/A1301/A130103/13078907/
534,居酒屋,権八 お台場,"営業時間
営業時間：[前日]　11：30～23：00　　　　　　　（L.O. Food 22：00 / Drink 22：30）
日曜営業
定休日
年中無休（商業施設に順ずる）",東京都港区台場1-7-1 アクアシティお台場 4F,https://tabelog.com/tokyo/A1313/A131306/13002922/
535,居酒屋,あんぷく 虎ノ門ヒルズ店,"営業時間
[月～金]11:00～15:00(L.O.14:30)17:00～23:00(L.O.22:00)［土日祝］11:00～15:00(L.O14:30)17:00～22:00(L.O21:00)
日曜営業
定休日
年末年始【2023年12月30日夜～2024年1月3日までお休み】 2023年は12月30日ランチまで営業・2024年は1月4日のランチ(11時)～通常営業",東京都港区虎ノ門1-26 虎ノ門ヒルズ 4F,https://tabelog.com/tokyo/A1308/A130802/13168504/
536,居酒屋,魚輝,"営業時間
［月〜日・祝日]17:30〜23:30※アラカルトLO 22:00、おまかせコースLO 21:00、ドリンクLO 22:30とさせていただきます。※当日席もご用意できますのでまずはお気軽にお電話下さい。
日曜営業
定休日
年末年始",東京都港区六本木7-6-3 喜楽ビル101,https://tabelog.com/tokyo/A1307/A130701/13133090/
537,居酒屋,目利きの銀次 麻布十番駅前店,"営業時間
月曜-木曜：11:00～23:30金曜：11:00～23:30土曜：11:00～23:30日祝：11:00～23:30※祝前日は曜日に順ずる※ラストオーダーは料理、ドリンク閉店30分前
日曜営業
定休日
年中無休",東京都港区東麻布3-5-15 瀬里奈グリーンハイツ 1F,https://tabelog.com/tokyo/A1307/A130701/13156169/
538,居酒屋,千年の宴 新橋烏森口駅前店,"営業時間
月-木・祝前日17:00～03:00金土 17:00～04:00日祝 17:00～23:30※祝前日の営業時間は曜日に準じます※ラストオーダーは料理、ドリンク閉店30分前
日曜営業
定休日
年中無休",東京都港区新橋3-12-3 アスティル新橋ビル 6F,https://tabelog.com/tokyo/A1301/A130103/13139558/
539,居酒屋,山内農場 品川港南口駅前店,"営業時間
月-木 17:00-23:30金土 17:00-03:00日祝 17:00-23:0012/4~月-水 17:00-23:30木・金 17:00-05:00土・日祝 17:00-23:00※祝前日の営業時間は曜日に準じます※ラストオーダーは料理、ドリンク閉店30分前
定休日
年中無休",東京都港区港南2-6-7 品川ビル 3～4F,https://tabelog.com/tokyo/A1314/A131403/13228140/
540,居酒屋,山内農場 大門・浜松町店,"営業時間
月-木 17:00-23:30金 17:00-03:00土日祝 17:00-23:30※祝前日の営業時間は曜日に準じます※ラストオーダーは料理、ドリンク閉店30分前4/29～5/7　23時閉店
日曜営業
定休日
 無",東京都港区浜松町2-1-20 SVAX大門ビルディング 7F,https://tabelog.com/tokyo/A1314/A131401/13234455/
541,居酒屋,THE 赤提灯,"営業時間
①月曜～金曜【１F 立ち飲み】16:00～23:30【２F着席 】17:00～23:00②土曜日16:00～23:00
定休日
日曜、祝日",東京都港区新橋1-13-5,https://tabelog.com/tokyo/A1301/A130103/13285052/
542,居酒屋,串かつ男 男おでん,"営業時間
[月～金]11:30～14:00[月～土]18:00～22:00(L.O.2130)金曜日のみLO22時
定休日
日曜定休",東京都港区六本木7-10-4 福一ビル 1F,https://tabelog.com/tokyo/A1307/A130701/13039216/
543,居酒屋,ムスブ田町魚金,"営業時間
【全日】ランチ　11:30~15:00(L.O. 14:30)ディナー17:00~23:00(L.O. 22:00)
日曜営業
定休日
年末年始",東京都港区芝浦3-1-21 msb Tamachi 田町ステーションタワーS 1F,https://tabelog.com/tokyo/A1314/A131402/13227219/
544,居酒屋,鳥三昧 新橋店,"営業時間
月～水・日・祝日ディナー　15:00～24:00（L.O.23:00）木～土・祝前日ディナー　15:00～翌6:00（Ｌ.O.翌5：00）
日曜営業
定休日
年中無休",東京都港区新橋3-23-1 Box'R shinbashiビル 1F,https://tabelog.com/tokyo/A1301/A130103/13260107/
545,居酒屋,目利きの銀次 虎ノ門駅前店,"営業時間
月曜-木曜：11:00～23:30金曜：11:00～03:00土曜：11:00～22:00日祝：11:00～18:00※祝前日の営業時間は曜日に準じます※ラストオーダーは料理、ドリンク閉店30分前
日曜営業
定休日
年中無休※【12月31日・1月1日　店舗休業日】",東京都港区虎ノ門1-1-21 新虎ノ門実業会館 2F,https://tabelog.com/tokyo/A1308/A130802/13204091/
546,居酒屋,さかなさま 日比谷店,"営業時間
ランチ：11:30～14:00ディナ：17:00～22:30
定休日
土日・祝日",東京都港区西新橋1-1-1 日比谷フォートタワー 2F,https://tabelog.com/tokyo/A1308/A130802/13276955/
547,居酒屋,腹黒屋 田町,"営業時間
[平日]ランチ　　11:30-14:30 (L.O.14:00)ディナー　17:00-23:00 (L.O.22:00)［土曜］ディナー　15:00-22:00(L.O.21:00)※ビルや弊社都合等にて、営業時間の変更の可能性ございます。〈年末年始営業時間〉2023.12.30　 休業2024.1.2　　  休業　　　1.3　　 休業　　　1.7　　 休業     
定休日
日曜日",東京都港区芝5-34-7 田町センタ－ビルピアタ B1F,https://tabelog.com/tokyo/A1314/A131402/13107946/
548,居酒屋,魚と酒 はなたれ 新橋店,"営業時間
［月～金］14:00～23:00.ラストオーダー22:30［土、日］12:00～23:00.ラストオーダー22:30
日曜営業
定休日
不定休",東京都港区新橋3-21-2 江藤ビル 1F,https://tabelog.com/tokyo/A1301/A130103/13205215/
549,居酒屋,串だおれ 新橋1号店,"営業時間
平日・土曜日14時から26時日曜日・祝日13時から23時※喫煙目的店の為20歳未満のお客様の入店はお断りしております。当店はお席で喫煙ＯＫです！！
日曜営業
定休日
無休",東京都港区新橋3-8-8 リバティ8 1F,https://tabelog.com/tokyo/A1301/A130103/13270668/
550,居酒屋,麻布369,"営業時間
18:00〜24:00（L.O.23:00）
定休日
日曜日",東京都港区麻布十番1-9-11 CIMA Azabujuban 1F,https://tabelog.com/tokyo/A1307/A130702/13242220/
551,居酒屋,でんのしおり 表参道店,"営業時間
■昼 [平日・土日祝] 　11:30～15:00  (L.O14:30) ■夜[平日]　17:00～23:00(Food/Drink L.O 22:00 )[土日祝] 17:00〜23:00(Food/Drink L.O 22:00)日祝は店休日もありますので店舗に確認お願い致します。お電話は15～18時が繋がりやすくなっております。
日曜営業
定休日
年末年始 12/31～1/3",東京都港区南青山5-1-25 メゾンドラミア　Ｂ１Ｆ,https://tabelog.com/tokyo/A1306/A130602/13021110/
552,居酒屋,ぬる燗佐藤 御殿山茶寮,"営業時間
月～金　11:00～22:00（LO 20:50）土日祝　11:00～21:00（LO 19:50）
日曜営業
定休日
無休",東京都港区高輪3-26-27 エキュート品川 2F,https://tabelog.com/tokyo/A1314/A131403/13174982/
553,居酒屋,くいもの屋 わん 田町店,"営業時間
【水～金】11:30～14:00(L.O.13:30)16:00～24:00(L.O.23:30)【月・火】11:30～14:00(L.O.13:30)16:00～23:30(L.O.23:00)【土】16:00～24:00(L.O.23:30)【日】16:00～23:30(L.O.23:00)
日曜営業
定休日
なし",東京都港区芝5-31-24 勝文館共同ビル２・３階,https://tabelog.com/tokyo/A1314/A131402/13125236/
554,居酒屋,外呑処へそ 新橋0号店,"営業時間
12：00～24：00（LO23:30）【年末年始のお知らせ】12/31・1/1お休み年始は1/2～営業します！
日曜営業
定休日
年末年始",東京都港区新橋3-12-3 アスティル新橋ビル 1F,https://tabelog.com/tokyo/A1301/A130103/13256732/
555,居酒屋,海の宴,"営業時間
ランチ 　11:00～15:00　平　日　ディナー 17:00～23:30　　土・祝日　１１：００―２３：３０　　　　　　　　　【お昼のコース予約．団体予約も受付中。】
定休日
日曜日",東京都港区南青山1-3-6 都営南青山アパート6棟 1F,https://tabelog.com/tokyo/A1306/A130603/13165564/
556,居酒屋,ささの屋 芝大門店,"営業時間
月～金(ランチタイム)11:00～14:00(ラストオーダー13:30)月～金(ナイト)16:30～23:00(ラストオーダー22:00)土 • 日・祝日は休業
定休日
土曜、日曜、祝日",東京都港区芝大門2丁目4-4,https://tabelog.com/tokyo/A1314/A131401/13059811/
557,居酒屋,巣立つ魚金 赤坂店,"営業時間
【全日】ランチ　11:30〜15:00(L.O. 14:30)ディナー17:00〜23:00(L.O. 22:00)
日曜営業
定休日
年末年始",東京都港区赤坂3-10-3 黛ビル 1F,https://tabelog.com/tokyo/A1308/A130801/13232714/
558,居酒屋,ささの屋 田町芝浦店,"営業時間
■ランチ[月~金]　11:00～14:0０（L.O. 13:45 ）■ディナー16:30～23:00（料理L.O. 22:30 ドリンクL.O. 22:45）★金・祝前日のみ★16:30～23:30（料理L.O. 22:45 ドリンクL.O. 23:10）土曜日☆ディナーのみ☆15:00~23:00（料理L.O. 22:30 ドリンクL.O. 22:45）
定休日
日曜日、祝祭日",東京都港区芝浦3-11-10,https://tabelog.com/tokyo/A1314/A131402/13085678/
559,居酒屋,三六 麻布十番店,"営業時間
平日　昼11:30~15:00(l.o.14:30)　　　夜17:30~23:00(l.o.22:00)土日祝　16:00~23:00(l.o.22:00)年末年始の営業は、12月29日2200で営業終了、年始は、1月5日1600から営業いたします。
日曜営業
定休日
年末年始休業あります",東京都港区麻布十番2-9-5 1F・2Ｆ,https://tabelog.com/tokyo/A1307/A130702/13195661/
560,居酒屋,畦道,"営業時間
[月～金]11:10～14：0017:00～22:00(フードラスト20:30)ドリンクは22:00退店ならいくらでも最終入店20:30[土・日・祝]定休日
定休日
土、日、祝日",東京都港区新橋5-7-12 堀川ビル 1F,https://tabelog.com/tokyo/A1314/A131401/13013859/
561,居酒屋,屋台屋 博多劇場新橋2号店,"営業時間
ディナー 16:00～0:00(L.O：23:30)
日曜営業
定休日
不定休",東京都港区新橋3-14-3,https://tabelog.com/tokyo/A1301/A130103/13226255/
562,居酒屋,赤坂阿吽 本店,"営業時間
11:30～14:00（L.O13:30)17:00～23:00（L.O22:00)
定休日
土日祝日（年末年始・夏季休暇・GW・研修などでお休みを頂戴する場合があります。）",東京都港区赤坂3-21-3 牧野ビル 1F,https://tabelog.com/tokyo/A1308/A130801/13052951/
563,居酒屋,阿吽亭,"営業時間
月～金11:30～14:00（L.O13:30）17:00～23:00（L.O22:00）
定休日
土日祝・年末年始・他不定休（年末年始・夏季休暇・GW・研修などでお休みを頂戴する場合があります。）",東京都港区赤坂3-19-9 オレンジボックス 5F,https://tabelog.com/tokyo/A1308/A130801/13163109/
564,居酒屋,アジアン酒場 親の家,"営業時間
ランチ　11：00～14：30（L.O.14：00）ディナー　17:00～24：00（L.O.23：30）※土曜のみ17:00～23:00での営業(前日までご予約必要)※日曜日・祝日は定休日とさせていただいておりますが、５名様以上のご予約に限り、ご予約をいただければ対応できる場合がございます。お気軽にお電話にてお問い合わせくださいませ。
定休日
日曜日、祝日",東京都港区三田3-4-10 リーラヒジリザカ 1F,https://tabelog.com/tokyo/A1314/A131402/13209626/
565,居酒屋,沖縄ダイニング 琉歌 六本木店,"営業時間
18:00 ~ 翌４:00（L.O.翌３:00）個室は座敷個室やテーブル個室、また半個室など数種類のお席を完備。
日曜営業
定休日
1月1日は休業とさせていただきます。",東京都港区六本木6-1-2 富士プラザビル　２Ｆ,https://tabelog.com/tokyo/A1307/A130701/13025142/
566,居酒屋,笑笑 お台場海浜公園駅前店,"営業時間
月～木：16:00～23:00金　　：16:00～翌4:00土　　：16:00～翌4:00日祝　：16:00～23:00※ラストオーダーは料理、ドリンク閉店30分前
日曜営業
定休日
年中無休",東京都港区台場2-3-2 台場フロンティアビル　２Ｆ,https://tabelog.com/tokyo/A1313/A131306/13073225/
567,居酒屋,肴や 呉平,"営業時間
※コロナ禍に伴い営業時間が変更になる可能性があります。直接店舗までお問い合わせ下さい。[月～金]ランチ　11:30～14:00ディナー　16:00～23:30[土・祝日]ディナー　16:00～23:30
定休日
日曜日",東京都港区港南2-4-18 ルネッサンス２　２Ｆ,https://tabelog.com/tokyo/A1314/A131403/13023686/
568,居酒屋,大衆酒場 北海道ながまれ 外苑前,"営業時間
年内は12/29まで通常通り営業致します。[月～金]11:30～14:30(L.O14:00)　16:30～23:00(L.O22:30)[土・日・祝]16:00～23:00(L.O22:30)※2024年1月2日㈫特別営業15：00～21：00
日曜営業
定休日
12/30、12/31、1/1、1/3～1/5",東京都港区北青山2-9-8 セントラルレジデンス北青山アクシルコート 1F,https://tabelog.com/tokyo/A1306/A130603/13202375/
569,居酒屋,龍馬街道 品川,"営業時間
【月～金】ランチ　11:30～14:00ディナー　17:00～22:00【土】ディナー　17:00～22:00〈年末年始営業時間〉2023-12-29　　17:00～22:002023-12-30　　17:00～22:002023-12-31　　　休業2024-01-01　　　休業2024-01-02　　　休業2024-01-03　　　休業
定休日
日 、 夏季休暇（８/11～8/13）、年末年始（2023/12/31、2024/1/1～1/3）",東京都港区港南2-16-1 品川イーストワンタワー B1F,https://tabelog.com/tokyo/A1314/A131403/13116246/
570,居酒屋,居酒屋革命 酔っ手羽 新橋店,"営業時間
営業時間月～金、祝前日: 14:00～翌8:00土、日、祝日: 12:00～翌8:00定休日：なし日曜営業
定休日
年中無休",東京都港区新橋2-9-4 新橋乾盃ビル B1F,https://tabelog.com/tokyo/A1301/A130103/13287231/
