,genre,store_name,business_hours,address,url
0,居酒屋,完全個室居酒屋 うまか 有楽町店,"営業時間
16:00~24:00
日曜営業
定休日
年中無休",東京都千代田区有楽町2-3-6 8F,https://tabelog.com/tokyo/A1301/A130102/13289724/
1,居酒屋,Noodle House Laundry,"営業時間
[月～日]11:00～23:002023/12/31　　  11:00～20:002024/1/1　　　　休業2024/1/2-3　　　11:00～19:00
定休日
元旦",東京都千代田区丸の内1-9-1 東京駅 グランスタ B1F,https://tabelog.com/tokyo/A1302/A130201/13270970/
2,居酒屋,炉端焼き 大衆魚食堂才蔵 飯田橋,"営業時間
[月〜金］11:30〜14:3017:00〜23:00(L.O 22:30)[土］11:30〜14:3017:00〜23:00(L.O22:30)
定休日
日曜日、祝日",東京都千代田区飯田橋4-3-4 第三木屋ビル 1F,https://tabelog.com/tokyo/A1309/A130905/13249498/
3,居酒屋,ワインの酒場。ディプント 飯田橋店,"営業時間
[月～金]17:00～23:30(フードLO.22:30・ドリンクLO.23:00）[土]16:00～23:30(フードLO.22:30・ドリンクLO.23:00）[日・祝]16:00～23:00(フードLO.22:00・ドリンクLO.22:30）
日曜営業
定休日
年末年始etc",東京都千代田区富士見2-6-12 AMビル 101,https://tabelog.com/tokyo/A1309/A130905/13195471/
4,居酒屋,九州博多料理 いなせもん 神田店,"営業時間
［月～土・祝前日]17:00～23:00（フードL.O.22:00ドリンクL.O.22:30）
定休日
日曜日",東京都千代田区内神田3-24-3 VORT内神田 1F,https://tabelog.com/tokyo/A1310/A131002/13241858/
5,居酒屋,個室・炉端料理 かこいや 丸の内オアゾ店,"営業時間
[月～金]　11:30～14:00 (L.O13:30）17:00～22:00 (L.O21:30）[土]12:00～15:00【要コース予約】17:00～21:00 (L.O20:30）[日・祝]12:00～15:00【要コース予約】
日曜営業
定休日
不定休日あり ビルの休館日・年末年始は店休日",東京都千代田区丸の内1-6-2 新丸の内センタービル 3F,https://tabelog.com/tokyo/A1302/A130201/13090302/
6,居酒屋,百味軒,"営業時間
(平日)11:00〜15:0017:00〜24:00(土日)11:00〜24:00
日曜営業
定休日
なし",東京都千代田区東神田2-6-1,https://tabelog.com/tokyo/A1310/A131002/13289643/
7,居酒屋,酔ってこい,"営業時間
9月　NEW OPEN！月〜金　15:00〜24:00土・日・祝　15:00〜24:00
日曜営業
定休日
年中無休",東京都千代田区飯田橋4-9-8 飯田橋プラザ 6F-B,https://tabelog.com/tokyo/A1309/A130905/13288671/
8,居酒屋,大衆小料理 達磨酒場 有楽町店,"営業時間
月～木・日曜日 : 11:30~24:00金・土曜日 : 12:00〜05:00
日曜営業
定休日
年中無休",東京都千代田区有楽町1-2-8 慶楽傳順ビル 1F・2F,https://tabelog.com/tokyo/A1301/A130102/13285291/
9,居酒屋,鉄板焼肉 KINTO 神保町本店,"営業時間
【月曜～金曜】･ランチ 11:30～14:30(L.O.14:00)･ディナー 17:00～22:00(L.O.21:30)
定休日
土曜・日曜日・祝日",東京都千代田区神田小川町3-10-14 新駿河台ビル 1F,https://tabelog.com/tokyo/A1310/A131003/13278704/
10,居酒屋,秋葉原旨い魚と焼酎.地酒 美味研鑽 TETSU,"営業時間
■ランチ　11:30～14:30（L.O.14:00）ランチはクレジットカード利用不可■ディナー　17:00～23:00（L.O.21:30）
定休日
日曜日・祝日・土曜日、その他不定休あり（SNSをご確認ください）",東京都千代田区神田和泉町1-2-22 中尾ビル　Ｂ１Ｆ,https://tabelog.com/tokyo/A1310/A131001/13016907/
11,居酒屋,完全個室居酒屋　栞 水道橋駅前店,"営業時間
13:00～24:00
日曜営業
定休日
定休日無し",東京都千代田区神田三崎町2-22-18 西山興業新水道橋ビル 7F,https://tabelog.com/tokyo/A1310/A131003/13217828/
12,居酒屋,やきとり 一升瓶 大手町,"営業時間
【月～金】ランチ　  11:30～14:00(L.O. 13:30)ディナー  17:00～23:00(L.O. 22:00)※フードとドリンク両方22:00※とんかつ虎鐡側にお座りのお客様はL.O.21:30、22:00閉店 とさせて頂きますので宜しくお願い致します。【テイクアウト】L.O　22:00
定休日
土曜日・日曜日・祝日　職人が焼き上げる本格焼鳥×利き酒師厳選の焼酎",東京都千代田区大手町1-1-1 B1F,https://tabelog.com/tokyo/A1302/A130201/13231590/
13,居酒屋,あやせ鶏 市ヶ谷店,"営業時間
月曜日～金曜日　17:00～23:30(L.O.22:30)土曜日（分煙）　17:00～21:00 (L.O.20:00) ※メンテナンス、コロナ等の影響で営業時間が変更の場合もございます、店舗にご確認ください。
定休日
日曜日、祝日",東京都千代田区九段南4-7-24,https://tabelog.com/tokyo/A1309/A130904/13277299/
14,居酒屋,やきとん酒場 秋葉原とら八,"営業時間
【平日・土曜】16:00－23:30【日曜・祝日】16:00－23:00年中無休
日曜営業
定休日
年末年始",東京都千代田区神田佐久間町2-17,https://tabelog.com/tokyo/A1310/A131001/13025447/
15,居酒屋,磯浜魚業,"営業時間
[月～金]11:00～14:0017:00～23:30 (L.O.23:00)[土]16:30～23:00 (L.O.22:30)
定休日
日曜・祝日",東京都千代田区神田司町2-7-14 1F,https://tabelog.com/tokyo/A1310/A131002/13244393/
16,居酒屋,東京コトブキ 御茶ノ水店,"営業時間
【月～木】11:30～14:30　L.O.14:0017:00〜22:00　L.O.21:00  ドリンク 21:30【金，祝前】11:30～14:30　L.O.14:00　17:00～22:30　L.O.21:30  ドリンク 22:00【土】16:00～22:00　L.O.21:00　ドリンク21:30
定休日
日、祝日",東京都千代田区神田駿河台2-10-5 駿台興業ビル B1F,https://tabelog.com/tokyo/A1310/A131002/13224968/
17,居酒屋,卓上レモンサワー＆ハイボール 焼鳥食べ放題 乾杯500酒場 神田店,"営業時間
【月～日】11:00～翌5:00★毎日朝まで営業★当日のご予約も承っております！
日曜営業
定休日
無（毎日朝まで営業）",東京都千代田区内神田3-21-8 2F,https://tabelog.com/tokyo/A1310/A131002/13275666/
18,居酒屋,水道橋 個室居酒屋 辻屋,"営業時間
営業時間16:00~24:00
日曜営業
定休日
不定休",東京都千代田区神田三崎町2-20-10 勝又ビル 5F,https://tabelog.com/tokyo/A1310/A131003/13276529/
19,居酒屋,鮮魚と信州蕎麦 個室居酒屋 二代目八兵衛 有楽町本店,"営業時間
［月～日・祝日・祝前日］16:00～24:00(L.O.23:00 ドリンクL.O.23:30)
日曜営業
定休日
年中無休",東京都千代田区有楽町1-2-11 オーキッドスクエアビル B1F,https://tabelog.com/tokyo/A1301/A130102/13271991/
20,居酒屋,食彩房,"営業時間
[月～日]15:00～24：00（LO.23：30）
日曜営業
定休日
無し",東京都千代田区神田佐久間町1-15 川初ビル 7F A,https://tabelog.com/tokyo/A1310/A131001/13284643/
21,居酒屋,個室居酒屋 じどりや炭蔵 水道橋駅前店,"営業時間
通常営業時間15時～24時※東京ドームのイベント時はお昼から営業しております。詳細はお問い合わせお願い致します。お席のご用意ができない場合はこちらからメールやお電話でお伝えさせていただいております。予めご了承ください。
日曜営業
定休日
年中無休　※蔓延防止重点措置の適用に伴い、次の期間は休業致します。［期間］2022.01.21〜2022.03.21   ［店舗］じどりや炭蔵　　（株）未来ビジョン",東京都千代田区神田三崎町2-22-18 西山興業新水道橋ビル 5F,https://tabelog.com/tokyo/A1310/A131003/13197056/
22,居酒屋,さんほれ,"営業時間
[ディナー]　月～土17:00～22:00(L.O.21:30)
定休日
日曜日・祝日",東京都千代田区神田佐久間町3-37-1  山茂登ビル 1F,https://tabelog.com/tokyo/A1310/A131002/13063906/
23,居酒屋,二◯加屋長介 大手町店,"営業時間
[月-金]11:00-14:00（L.O.13:30）17:00-22:00（L.O.FOOD 21:00 / DRINK 21:30）＊状況により営業時間が変更する場合がございます。＊詳しくは店舗に直接お問い合わせ下さいませ。
定休日
土日祝日・施設休館日（年末年始・全館停電日・臨時休館日）",東京都千代田区大手町1-1-1 大手町パークビルディング B1F,https://tabelog.com/tokyo/A1302/A130201/13204741/
24,居酒屋,東京屋台 北町ダイニング,"営業時間
[月～金]  11:00 ～ 23:00  (L.O. 料理21:30／ドリンク22:00)  ランチ営業 11:00〜15:00[土]  11:00 ～ 22:00  (L.O. 料理20:30 ／ドリンク21:00) [日・祝]  11:00 ～ 21:00  (L.O. 料理19:30 ／ドリンク20:00)
定休日
無休",東京都千代田区丸の内1-9-1 東京駅八重洲北口 2F,https://tabelog.com/tokyo/A1302/A130201/13167009/
25,居酒屋,産直鮮魚と和牛 海鮮個室居酒屋 海の秘境 有楽町店,"営業時間
金・祝前日12:00～翌5:00（L.O.4:00、ドリンクL.O.4:30）ランチタイムはご宴会のみ承ります。人数・ご予算などお気軽にご相談ください。月～木・土・祝日12:00～24:00（L.O.23:00、ドリンクL.O.23:30）
日曜営業
定休日
無し",東京都千代田区有楽町2-3-6 九重会館ビル 2F,https://tabelog.com/tokyo/A1301/A130102/13290744/
26,居酒屋,阿酒羅,"営業時間
17:00～24:00
日曜営業
定休日
なし",東京都千代田区神田三崎町2-12-5 ニュー千代田ビル 1F,https://tabelog.com/tokyo/A1310/A131003/13289931/
27,居酒屋,別邸KOKORI,"営業時間
【月～金】17:00~23:00（お食事　22：00　LO）　　　　　　　 （ドリンク22：30　LO）【土】17:00~22:00（お食事　21：00　LO）　　　　　　　 （ドリンク21：30　LO）
定休日
日曜・祝日",東京都千代田区神田駿河台3-2-6 A.PLAZA御茶ノ水ビル 2F,https://tabelog.com/tokyo/A1310/A131002/13247332/
28,居酒屋,個室中華居酒屋 好来酒場,"営業時間
[月～金]11:00～15:00 17:00～23:30【土曜日，祝日】17:00～23:00
定休日
日曜日",東京都千代田区神田紺屋町11 岩田ビル1F,https://tabelog.com/tokyo/A1310/A131002/13118335/
29,居酒屋,九州 熱中屋 有楽町 LIVE,"営業時間
[月～金・祝前]13:30－23:00[土・日・祝]13:30－23:00※13：30～17：00まではランチメニューとディナーメニューの両方をご提供
日曜営業
定休日
無",東京都千代田区有楽町1-7-1 有楽町電機ビル B1,https://tabelog.com/tokyo/A1301/A130102/13162250/
30,居酒屋,東神田 粋ざま,"営業時間
ランチ【月.水.金】11:30〜14:00 (L.O.13:30)ディナー【月～土】完全予約制
定休日
日曜日・祝日",東京都千代田区東神田1-14-10 1F,https://tabelog.com/tokyo/A1302/A130204/13289850/
31,居酒屋,きむら屋 飯田橋駅前,"営業時間
【月～金曜】16:00～23:30ラストオーダー 22:30【土、日、祝】16:00～23:00ラストオーダー 22:00
日曜営業
定休日
年末年始（12月31日～1月4日）",東京都千代田区飯田橋4-9-8 大和ビル 2F,https://tabelog.com/tokyo/A1309/A130905/13039703/
32,居酒屋,珉珉 八重洲店,"営業時間
9月から土曜日の営業時間が変更になります。11:30〜22:00（LO21:30）【月～金】11：00～23：00（L.O.22：30）【土日・祝】11：30～22：00（L.O.21：30）年末年始は営業時刻が異なります。詳しくは店舗までお問い合わせ下さい。
日曜営業
定休日
元旦　及び　建物に順ずる",東京都千代田区丸の内1-9-2 グラントウキョウサウスタワー B1F,https://tabelog.com/tokyo/A1302/A130201/13046000/
33,居酒屋,やきとん酒場 神田とら八,"営業時間
【月～金】ランチ　　11:30～14:00ディナー　16:30～23:30【土曜】ディナー　16:30～23:00
定休日
日曜・祝日・年末年始",東京都千代田区内神田3-5-1,https://tabelog.com/tokyo/A1310/A131002/13033291/
34,居酒屋,香鶏酒房鳥八 神田店,"営業時間
ランチ11:30～14:00(L.O.13:30/閉店14:00)ディナー17:00～23:00(フードL.O.22:00/ドリンクL.O.22:30/閉店23：00)
定休日
土曜日・日曜日・祝日",東京都千代田区内神田3-22-9,https://tabelog.com/tokyo/A1310/A131002/13249986/
35,居酒屋,えびず 御茶ノ水店,"営業時間
[月～金]17:00～23:30（L.O.23:00） [土・日・祝]17:00～23:00 （L.O.22:30） 
日曜営業
定休日
無休　※12月30日〜1月3日は定休日になります",東京都千代田区神田駿河台2-4-14 ウィーンビル B1F,https://tabelog.com/tokyo/A1310/A131002/13283082/
36,居酒屋,串治郎 有楽町店,"営業時間
12:00〜24:00
日曜営業
定休日
なし",東京都千代田区有楽町1-6-1 第二日比谷ビル 6F,https://tabelog.com/tokyo/A1301/A130102/13286298/
37,居酒屋,宮崎県日南市 塚田農場 秋葉原中央通り店,"営業時間
【月】17:00〜23:00（LO.22:00）【火】17:00〜23:00（LO.22:00）【水】17:00〜23:00（LO.22:00）【木】17:00〜23:00（LO.22:00）【金】17:00〜23:30（LO.22:30）【土】15:00〜23:30（LO.22:30)【日】15:00〜23:00（LO.22:00)
日曜営業
定休日
なし",東京都千代田区外神田1-13-3 ヒューリック秋葉原中央通りビル 8F,https://tabelog.com/tokyo/A1310/A131001/13132770/
38,居酒屋,和食バル KO-IKI 神田店,"営業時間
【土～木】15:00～25：00(L.O.24:30) 【金・祝前日】15:00～29:00(L.O.28：30) 
日曜営業
定休日
年中無休　領収書にインボイス番号を印字しております。",東京都千代田区鍛冶町1-6-5 三州屋ビル,https://tabelog.com/tokyo/A1310/A131002/13208592/
39,居酒屋,YAMAGATA おさけとおりょうり DAEDOKO,"営業時間
[月～土]11:00～15:00(lo.14:30) 17:00〜23:00(lo.22:00)[日・祝]11:00〜15:00(lo.14:30)17:00〜22:00(lo.21:00)
日曜営業
定休日
不定休 (丸ビル休館日に準ずる)",東京都千代田区丸の内2-4-1 丸の内ビルディング 6F,https://tabelog.com/tokyo/A1302/A130201/13126132/
40,居酒屋,やきとん 元気,"営業時間
[月～土]17:00~23:30(L.O.23:00)［日・祝］15:00〜22:00(L.O.21:30)※4/29及び５/3，4，5の営業時間は17:00～23:30（L.O.23:00）になります。
日曜営業
定休日
なし",東京都千代田区神田佐久間3-37-30 轟ビル 1F,https://tabelog.com/tokyo/A1310/A131002/13096482/
41,居酒屋,旬の鮮魚と日本酒 作,"営業時間
11:00〜15:0017:00〜23:30(LO23:00)
定休日
日曜日(10名以上のご予約のあった場合のみ営業)",東京都千代田区内神田1-11-4 日華ビル 1F,https://tabelog.com/tokyo/A1310/A131002/13289435/
42,居酒屋,旬鮮屋 漁,"営業時間
【 月 ～ 金 】　ラ ン チ　 11:30～14:00 (L.O)ディナー　17:00～23:00 (L.O)※土曜日は暫くの間に不定休とさせていただきます。※平日・お昼・土日祝日とも貸切可能です。ご予算に合わせた各種コースをご用意しております。ぜひ、お気軽にお問い合わせください。 
定休日
日曜日・祝日　※（ 団体様のご予約は、日曜・祝日も ご相談、承っております。）",東京都千代田区平河町1-6-11 エクシール平河町 B1F,https://tabelog.com/tokyo/A1308/A130803/13185789/
43,居酒屋,串神坊,"営業時間
12:00〜深夜1:00(ラストオーダー深夜0:30)
日曜営業
定休日
無休",東京都千代田区神田神保町2-26-4 マルニビル1Ｆ,https://tabelog.com/tokyo/A1310/A131003/13195858/
44,居酒屋,吉蔵 有楽町日比谷店,"営業時間
［月～金］10:00～24:00（Lo.23:00）［土・日・祝］10:00～24:00（Lo.23:00）
定休日
年中無休",東京都千代田区有楽町1-2-9 小川ビル 3F,https://tabelog.com/tokyo/A1301/A130102/13279054/
45,居酒屋,神田 もつ焼のんき,"営業時間
平日　15:00~23:00(L.O.22:30)土日　13:00~23:00(L.O.22:30)
日曜営業
定休日
不定休有り",東京都千代田区神田鍛冶町3-7 八光ビル 1F,https://tabelog.com/tokyo/A1310/A131002/13163484/
46,居酒屋,八鶴,"営業時間
【金以外】16:00～24：00【金】16:00～05：00
日曜営業
定休日
なし",東京都千代田区飯田橋4-8-2 第4山商ビル 4F,https://tabelog.com/tokyo/A1309/A130905/13287153/
47,居酒屋,完全個室と日本酒横丁 あばれ鮮魚 有楽町店,"営業時間
12:00〜24:00
日曜営業
定休日
なし",東京都千代田区有楽町2-3-6 九重会館 4F,https://tabelog.com/tokyo/A1301/A130102/13270391/
48,居酒屋,薩摩隼人 飯田橋店,"営業時間
月～日14:00～23:30 （料理L.O. 22:30 ドリンクL.O. 23:00）
日曜営業
定休日
不定休日あり",東京都千代田区飯田橋4-7-8,https://tabelog.com/tokyo/A1309/A130905/13288414/
49,居酒屋,月光食堂 神田司町店,"営業時間
ランチ営業【月～金】11:30～13:45(L.O)売切れ次第終了  夜　営業【月～金】17:00～23:00(L.O.22:00)　 
定休日
土・日・祝",東京都千代田区神田司町2-9-2 ディーキューブビル　１F,https://tabelog.com/tokyo/A1310/A131002/13097009/
50,居酒屋,コドマ,"営業時間
【月曜日～土曜日】16：00～23：00【日曜日】12:00～21:00※政府自治体が定める感染対策の要請に従い、営業時間が変更になる場合が御座います。
日曜営業
定休日
年末年始",東京都千代田区神田佐久間町3-28 E&Tビル 1F,https://tabelog.com/tokyo/A1310/A131001/13256071/
51,居酒屋,博多かわ屋 水道橋店,"営業時間
16:00~23:30(LO)23:00
日曜営業
定休日
不定休",東京都千代田区神田三崎町3-2-10 寺西ビル1F,https://tabelog.com/tokyo/A1310/A131003/13228388/
52,居酒屋,どん薩摩,"営業時間
■月〜土＜ランチ＞　11:00〜14:30＜ディナー＞16:30〜23:00（フードLO：21:30、ドリンクLO：22:15）■日・祝＜ランチ＞　11:00〜14:30＜ディナー＞16:30〜22:00（フードLO：21:00、ドリンクLO：21:30）
日曜営業
定休日
不定休",東京都千代田区丸の内2-4-1 丸の内ビルディング 6F,https://tabelog.com/tokyo/A1302/A130201/13227238/
53,居酒屋,越後酒房 八海山 御茶ノ水店,"営業時間
月～土・祝前日16:00～24:00（L.O.23:00、ドリンクL.O.23:30）日・祝日16:00～23:00（L.O.22:00、ドリンクL.O.22:30）
日曜営業
定休日
なし",東京都千代田区神田駿河台2-2-4 御茶ノ水駅前ビル 8F,https://tabelog.com/tokyo/A1310/A131002/13155469/
54,居酒屋,全席個室 楽蔵うたげ 有楽町駅前店(銀座),"営業時間
17:00～23:30 ※営業時間前も宴会可能！(早割・遅割特典有)※公式ホームページにも、分かりやすくお得な情報が満載です!!以下の『お店のホームページ』からお越しください♪
日曜営業
定休日
無",東京都千代田区有楽町2-3-5 aune有楽町 3F・B2F,https://tabelog.com/tokyo/A1301/A130102/13144212/
55,居酒屋,鮪と炭火焼き うお炭 秋葉原店,"営業時間
月～金: 16:00～23:00 （料理L.O. 22:00）土、日、祝日: 12:00～23:00 （料理L.O. 22:00）祝前日: 16:00～23:00【12月31日～1月3日の営業時間について】11:30～22:00(L.o21:00)となります。「当店は現在インボイス制度未登録の為、領収書などに登録番号等は記載されません。領収書が必要なお客様はご留意下さい」
定休日
無休",東京都千代田区神田佐久間町2-11 JD秋葉原ビル 1F,https://tabelog.com/tokyo/A1310/A131001/13291335/
56,居酒屋,ナンクルナイサ きばいやんせ 丸の内OAZO店,"営業時間
[月〜金]11:00～14:30／17:00～23:00[土、日、祝日]11:00～14:30／17:00～22:00※年末年始･お盆期間は営業時間が異なる場合がございます｡
日曜営業
定休日
不定休",東京都千代田区丸の内1-6-4 丸の内OAZO 6F,https://tabelog.com/tokyo/A1302/A130201/13102360/
57,居酒屋,空腹鶏,"営業時間
16:00～23:30（L.O.22:30、ドリンクL.O.23:00）その他、時間外営業も受け付けます。
定休日
日曜日",東京都千代田区鍛冶町1-5-1 今本ビル1F,https://tabelog.com/tokyo/A1310/A131002/13221951/
58,居酒屋,おでんと肉豆富料理 酒場ゴロー 神田駅前店,"営業時間
【月曜～金曜】17:30～24:00【土曜・日曜・祝日】15:00～22:00
日曜営業
定休日
無休",東京都千代田区内神田3-13-9 ＹＫ神田ビル1・2F,https://tabelog.com/tokyo/A1310/A131002/13214092/
59,居酒屋,魚と酒 はなたれ 丸の内本店,"営業時間
月・火　　　11:30～14:00（LO13:30）　　　　　　17:00～22:00（ドリンク・フードLO21:00）水・木・金　11:30～14:00（LO13:30）　　　　　　17:00～23:00（ドリンク・フードLO22:00）定休日：土日祝日
定休日
土曜日・日曜日・祝日(12/30-1/4)",東京都千代田区丸の内2-2-1 岸本ビルヂング B1F,https://tabelog.com/tokyo/A1302/A130201/13151637/
60,居酒屋,日本酒と手打ちそば 李蕎庵,"営業時間
［月～金］11:30~14:30(14:00L.O)17:00~22:00(21:30L.O)
定休日
土日祝",東京都千代田区神田美土代町9-17 日宝神田淡路町ビル B1F,https://tabelog.com/tokyo/A1310/A131002/13281787/
61,居酒屋,大衆和牛酒場 コンロ家 霜降り和牛鍋と神戸牛ホルモン鉄板焼 神田店,"営業時間
10月25日(月)より、下記の通り営牛時間を変更いたします。＜月～金＞17:30～23:30＜土・日・祝日＞17:30~23:30人材不足の為、当社の大切などれ…従業員の休みが現在非常に取りづらくなっており、全従業員が一丸となり革命を起こしに来そうでしたので、たまに祝日をしぶしぶお休みさせていただきます。ご理解とご協力のほどお願い致します。 番長
定休日
年中夢牛（スタッフに疲れが見えたら休みます)",東京都千代田区神田富山町20-1 神田タイショービル 1F,https://tabelog.com/tokyo/A1310/A131002/13222689/
62,居酒屋,どまん中 秋葉原店,"営業時間
月〜日ディナー　15:00～23:00食材の仕入れ状況により、閉店を早める場合があります。
日曜営業
定休日
年末年始（12月31日～1月4日）",東京都千代田区神田佐久間町3-37-4 酒販会館 B1F,https://tabelog.com/tokyo/A1310/A131001/13156174/
63,居酒屋,九段下 鳥福,"営業時間
[月～金]                      ランチ　　11:30-14:30　ディナー　17:00-23:00 [土]ディナー　15:00-23:00〈12月・1月営業時間変更〉営業時間変更ございます！詳しくは下記の備考欄をご確認くださいませ。
定休日
日曜　※臨時営業日もございますので、詳しくは店舗までお問い合わせください。",東京都千代田区九段北1-3-4 九段清新ビル 1～2F,https://tabelog.com/tokyo/A1310/A131003/13117749/
64,居酒屋,うのたくみ 飯田橋店,"営業時間
月～日・祝日・祝前日14:00～23:30 (L.O.22:30 ドリンクL.O.23:30)
日曜営業
定休日
不定休日あり",東京都千代田区飯田橋4-7-8,https://tabelog.com/tokyo/A1309/A130905/13288415/
65,居酒屋,さかながはねて 神田本店,"営業時間
月～木16:30～23:30（L.O.22:30、ドリンクL.O.23:00）金16:30～翌1:00（L.O.23:15、ドリンクL.O.24:30）土16:30～23:00（L.O.22:00、ドリンクL.O.22:30）
定休日
日曜日",東京都千代田区鍛冶町2-2-9 B1F,https://tabelog.com/tokyo/A1310/A131002/13287488/
66,居酒屋,宮本真久作 有楽町日比谷店,"営業時間
[月〜金]15:30〜23:45（L.O.22:45、ドリンクL.O.23:15）[土·日·祝]14:30〜23:45（L.O.22:45、ドリンクL.O.23:15）※閉店時間は日によって異なる場合がございます。
日曜営業
定休日
不定休日あり",東京都千代田区有楽町1-2-11 オーキッドスクエア 2F-A,https://tabelog.com/tokyo/A1301/A130102/13280173/
67,居酒屋,佐賀ふもと赤鶏 酒場髙しな 秋葉原店,"営業時間
【月〜金】11:30〜14:00(L.O13:30)  16:00〜23:30(L.O23:00)【土】15:00〜23:00(L.O22:30)※ネット予約が受付できない場合でも、お電話頂ければお席をご用意できる場合がございます。お気軽にお問い合わせください！
定休日
日曜日、祝日（※年末年始お休みのお知らせ：12/30(土)～1/4(木)はお休みさせて頂きます。）",東京都千代田区神田和泉町1-3-6 エンドウビル 1F,https://tabelog.com/tokyo/A1310/A131001/13240557/
68,居酒屋,個室居酒屋 鶏のまるよし 有楽町日比谷店,"営業時間
月～木　16：00～24：00　(F.L23：30 D.L23：30)　金　16：00～27：00　(F.L26：00 D.L26：00)　土・日　12：00～24：00　(F.L23：30 D.L23：30)　※祝日、祝前日は各曜日の営業時間に準ずる※11:00～16:00は、4名様以上のご予約であればご利用可能です。前日までにお電話でご予約くださいませ。
日曜営業
定休日
無し",東京都千代田区有楽町1-2-9 TS日比谷ビル 4F,https://tabelog.com/tokyo/A1301/A130102/13279056/
69,居酒屋,四国郷土活性化 藁家88 神田店,"営業時間
月～木17:00～23:00（料理L.O 22:30／ドリンクL.O 22:30）金・祝前17:00～23:00（料理L.O 22:30／ドリンクL.O 22:50）※お昼の宴会も受け付けております！お気軽にご相談ください！
定休日
日・祝日／不定休日あり／年末年始（2022年12月31日～1月3日）",東京都千代田区鍛冶町2-2-9 共伸会館 7F,https://tabelog.com/tokyo/A1310/A131002/13124385/
70,居酒屋,水道橋商店,"営業時間
(月〜日)11:00〜翌04:30(ラストオーダー04:00)※新型コロナウイルス感染状況により営業時間が変更になる場合がございます。詳しくは店舗までお問合せください。
日曜営業
定休日
特に無し",東京都千代田区神田三崎町2-20-10 101,https://tabelog.com/tokyo/A1310/A131003/13267779/
71,居酒屋,酒場MORI,"営業時間
[月～木]11:30～13:00 (L.O13:00)17:00～23:00[金]11:30～13:00 (L.O13:00)16:00～23:00
定休日
土・日・祝",東京都千代田区丸の内1-7-5,https://tabelog.com/tokyo/A1302/A130201/13285439/
72,居酒屋,大衆食堂 ゑびすホール,"営業時間
11:00~23:00
定休日
日曜日※ビルに準ずる",東京都千代田区大手町1-9-7 大手町フィナンシャルシティ サウスタワー B1F,https://tabelog.com/tokyo/A1302/A130201/13286137/
73,居酒屋,秋葉原 しゃかりき,"営業時間
[月～金]17:00～23:30(フードL.O 22:30、ドリンクL.O23:00)　[土・日・祝] 16:00～23:00フードL.O 22:00、ドリンクL.O22:30)
日曜営業
定休日
年末年始",東京都千代田区神田佐久間町2-10 飯島ビル 1F,https://tabelog.com/tokyo/A1310/A131001/13289656/
74,居酒屋,麹村,"営業時間
月～土 11:00～14:30(L.O.14:00)ランチはクレジットカードでのお支払はできません。現金会計のみとなりますので予めご了承ください。◆ご予約・お問い合わせのお電話は14：00以降でお願い致します。月～金 17:00～23:00土・祝 17:00～22:00
定休日
日曜日",東京都千代田区平河町1-4-11 はらだビル 2F・3F,https://tabelog.com/tokyo/A1308/A130803/13011113/
75,居酒屋,鳥びと,"営業時間
9月1日 NEW OPEN！！！月曜〜金曜　15:00〜24:00（L.O30分前）土・日・祝　15:00〜24:00（L.O30分前）
日曜営業
定休日
年中無休",東京都千代田区飯田橋4-9-8 飯田橋プラザ 6F A,https://tabelog.com/tokyo/A1309/A130905/13288471/
76,居酒屋,一角 HIBIYA CENTRAL MARKET,"営業時間
11:00-23:00※営業状況により早仕舞いする場合もございますので、何卒ご了承下さい【平日】ランチ11:00-14:00 (L.O.)（クローズ15:00-17:00)ディナー17:00-23:00 (Food Drink L.O. 22:00)※平日は、時間帯によりメニューが異なります。【土日祝日】終日居酒屋営業 (Food Drink L.O. 22:00)
日曜営業
定休日
施設に準ずる",東京都千代田区有楽町1-1-2 東京ミッドタウン日比谷 3F HIBIYA CENTRAL MARKET,https://tabelog.com/tokyo/A1301/A130102/13219258/
77,居酒屋,魚馬る 有楽町店,"営業時間
11:00～24:00月～日、祝日、祝前日: 11:00～翌0:00（料理L.O. 23:30 ドリンクL.O. 23:30）
日曜営業
定休日
無休",東京都千代田区有楽町1-2-11 8F,https://tabelog.com/tokyo/A1301/A130102/13284600/
78,居酒屋,あぶり 清水 水道橋店,"営業時間
【ランチ営業】月～金　11:30〜15:00【ディナー営業】月〜金　17:00〜商品無くなり次第終了土日、祝　12:00(13:00オープンの場合あり)〜商品無くなり次第終了
定休日
不定休",東京都千代田区神田三崎町2-13-7 AYASUIDOUBASHI 1F,https://tabelog.com/tokyo/A1310/A131003/13225601/
79,居酒屋,煮込み伝次,"営業時間
11:30~15:0017:00~22:00(L.c21:30)
定休日
日・祝",東京都千代田区神田神保町2-28 加瀬ビル 1F,https://tabelog.com/tokyo/A1310/A131003/13290467/
80,居酒屋,半蔵 秋葉原駅前店,"営業時間
月～土・祝前日16:00～翌0:00日・祝日16:00～23:00
日曜営業
定休日
不定休あり",東京都千代田区神田佐久間町1-15 川初ビル 10F,https://tabelog.com/tokyo/A1310/A131001/13242377/
81,居酒屋,個室居酒屋 座楽 神保町店,"営業時間
13－24時まで
日曜営業
定休日
定休日無し",東京都千代田区神田神保町2-24-8,https://tabelog.com/tokyo/A1310/A131003/13179916/
82,居酒屋,三代目 文治 日比谷本店,"営業時間
月～金 11：30～14：00／17：00～23：00土 11：30～15：00／17：00〜23：00日、祝日 11：30～15：00／17：00〜22：00
日曜営業
定休日
無休",東京都千代田区有楽町1-6-3 日比谷頴川ビルB1,https://tabelog.com/tokyo/A1301/A130102/13115868/
83,居酒屋,炭火串焼き 海鮮料理 燦々,"営業時間
［月〜日］11:00~24:00（L.O）F 23：00 　D 23：30
日曜営業
定休日
年中無休",東京都千代田区有楽町1-2-9 有楽町小川ビル 1F,https://tabelog.com/tokyo/A1301/A130102/13283262/
84,居酒屋,鮨とおでん アンド 神田小川町店,"営業時間
【ランチ】火～金：11:00～14:30(14:00 L.O)【ディナー】月～金：17:30～23:30(22:30 料理L.O　23:00 ドリンクL.O)　　　　　
定休日
土・日・祝",東京都千代田区神田美土代町11-3 近藤ビル 1F,https://tabelog.com/tokyo/A1310/A131002/13278093/
85,居酒屋,九州 熱中屋 日比谷 LIVE,"営業時間
［月～木］17:00～23:00［金］17:00～26:00［土］17:00～23:00
定休日
日・祝",東京都千代田区有楽町1-6-10 スクワール日比谷ビル B1F,https://tabelog.com/tokyo/A1301/A130102/13157255/
86,居酒屋,焼き鳥 炙り焼き をどり 虎ノ門飯野ビル店,"営業時間
ランチ11:30～14:30(L.O.14:00）ディナー17:00～22:00(L.O.21:30)金曜のみ23:00閉店（LO22:30）
定休日
土曜・日曜日・祝日",東京都千代田区内幸町2-1-1 飯野ビルディング B1F,https://tabelog.com/tokyo/A1308/A130802/13175196/
87,居酒屋,個室と和食 和ノ音  秋葉原店,"営業時間
月～土・祝前日16:00～翌0:00日・祝日16:00～23:00
日曜営業
定休日
不定休日あり",東京都千代田区神田佐久間町1-15 川初ビル 10F,https://tabelog.com/tokyo/A1310/A131001/13200870/
88,居酒屋,鶏屋むさし 有楽町店,"営業時間
［月～日・祝日・祝前日］16:00～24:00(L.O.23:00、ドリンクL.O.23:30)
日曜営業
定休日
年中無休",東京都千代田区有楽町1-3-7 なる巳ビル 3F,https://tabelog.com/tokyo/A1301/A130102/13268747/
89,居酒屋,牛たん 伊地知 御茶ノ水ワテラス店,"営業時間
[月～金]ランチ　11：00 ～ 14：30ディナー　17：00 ～ 23：00[土・日・祝]ランチ　11：00 ～ 14：30ディナー　17：00 ～ 22:30※ランチタイムのご予約も承っております。※新型コロナウイルスの感染拡大防止のため、緊急事態宣言の発令を受け4月25日から20:00閉店とさせていただきます。
日曜営業
定休日
WATERRASに準ずる",東京都千代田区神田淡路町2-105 ワテラスモール 2F,https://tabelog.com/tokyo/A1310/A131002/13218641/
90,居酒屋,全席個室 楽蔵 秋葉原駅前店,"営業時間
17:00～23:30 ※営業時間前も宴会可能！(早割・遅割特典有)※公式ホームページにも、分かりやすくお得な情報が満載です!!以下の『お店のホームページ』からお越しください♪
日曜営業
定休日
無",東京都千代田区神田佐久間町1-16 ダイニングスクエア秋葉原ビル 3F,https://tabelog.com/tokyo/A1310/A131001/13022402/
91,居酒屋,鮮丸 水道橋店,"営業時間
[月～木]12:00～24:00(料理L.O.23:00 ドリンクL.O.23:30)[金・土]12:00～翌5:00(料理L.O.翌4:30 ドリンクL.O.翌4:30)[日]12:00～24:00(料理L.O.23:00 ドリンクL.O.23:00)[祝]12:00～翌5:00(料理L.O.23:00 ドリンクL.O.23:00)
日曜営業
定休日
無休",東京都千代田区神田三崎町2-20-10 7F,https://tabelog.com/tokyo/A1310/A131003/13281052/
92,居酒屋,海神の後楽園,"営業時間
[月～木、日]11:30～翌0:00 （料理L.O. 23:00 ドリンクL.O. 23:30）[金、土、祝前日]12:00～翌5:00 （料理L.O. 翌4:00 ドリンクL.O. 翌4:00）
日曜営業
定休日
年中無休！年末年始も営業いたします。",東京都千代田区有楽町1-2-8 慶楽傳順ビル 3F,https://tabelog.com/tokyo/A1301/A130102/13290556/
93,居酒屋,吟乃月 有楽町店,"営業時間
11:00~29:00
日曜営業
定休日
無",東京都千代田区有楽町2-3-6 九重会館 8F,https://tabelog.com/tokyo/A1301/A130102/13289723/
94,居酒屋,三ぞう 岩本町店,"営業時間
16:00～24:00（L.O.23:30） 
日曜営業
定休日
年末年始（2023年12月31日～2024年1月3日）はお休みとさせていただきます。",東京都千代田区神田岩本町1,https://tabelog.com/tokyo/A1310/A131002/13119011/
95,居酒屋,函館炉端焼き しげぞう,"営業時間
【月～金】ランチ11:30～14:30 / ディナー17:30～23:00
定休日
土･日･祝日",東京都千代田区神田錦町3-22 テラススクエア 2F,https://tabelog.com/tokyo/A1310/A131003/13282181/
96,居酒屋,肉と日本酒いぶり  神田店,"営業時間
・月～土16:00～23:30（L.O.22:30、ドリンクL.O.23:00）※昼宴会のご予約も承ります。お電話にてお問い合わせください。
定休日
日曜日",東京都千代田区内神田3-12-10 神田西口NSビル 6F,https://tabelog.com/tokyo/A1310/A131002/13206561/
97,居酒屋,もつ福 丸の内店,"営業時間
▼通常営業時間■ランチ11：00～14：30（L.O.14:00）■ディナー［月～金］17：00～23：00（L.O.22：00）［土］　　16：00～23：00（L.O.22：00）［日・祝］16：00～22：00（L.O.21：00）
日曜営業
定休日
無休　■年末年始営業のご案内… 12月29日(金)・30日(土)【22時閉店】／12月31日(日)【21時閉店】／1月1日(月)【休業】／1月2日(火)・3日(水)【22時閉店】／1月4日(木)より通常営業となります",東京都千代田区丸の内2-4-1 丸の内ビルディング 6F,https://tabelog.com/tokyo/A1302/A130201/13032279/
98,居酒屋,和食の故郷 神田本店,"営業時間
平日　16時～25時金曜、祝前日　16時〜28時土曜、日曜、祝日　13時〜24時仕入れ状況により早く閉める場合がございます。
日曜営業
定休日
なし　※領収書にインボイス番号を印字しております。",東京都千代田区内神田2-14-13,https://tabelog.com/tokyo/A1310/A131002/13200608/
99,居酒屋,炭次郎酒場 水道橋店,"営業時間
毎日16:00〜24:00(lo23:15)12月31日16:00〜6:00（lo５:15）
日曜営業
定休日
無し",東京都千代田区神田三崎町3-7-13 田中ビル 2F,https://tabelog.com/tokyo/A1310/A131003/13265439/
100,居酒屋,秋葉原 肉寿司,"営業時間
【平日・日曜日】12時～22時(ドリンクL.O:21:30　フードL.O.21:00)【金・土・祝前】12時～22時30分(ドリンク・フードL.O:22:00)詳しくはTwitterをご確認ください。
日曜営業
定休日
不定休日あり　1/1.1/2は休業となります。",東京都千代田区神田練塀町3 富士ソフト秋葉原ビル 1F,https://tabelog.com/tokyo/A1310/A131001/13240320/
101,居酒屋,串治郎 秋葉原店,"営業時間
15:00〜24:00
日曜営業
定休日
なし",東京都千代田区神田佐久間町1-24 GATO秋葉原ビル 5F,https://tabelog.com/tokyo/A1310/A131001/13281363/
102,居酒屋,炭火料理 五島列島直送の魚 麹町 うおみっつ,"営業時間
【月～金】17時～23時料理ラストオーダー 22時
定休日
土日祝祭日、お盆、年末年始",東京都千代田区麹町4-3-30 MKビル B1F,https://tabelog.com/tokyo/A1308/A130803/13290490/
103,居酒屋,個室 umiバル×肉酒場 310 秋葉原本店,"営業時間
営業時間平日13:00〜24:00金曜日・祝前日15:00〜25:00土曜・日曜・祝日12:00〜24:00
日曜営業
定休日
不定休",東京都千代田区神田佐久間町1-19 山中ビル 2F,https://tabelog.com/tokyo/A1310/A131001/13266657/
104,居酒屋,若どり屋 神田淡路町店,"営業時間
【月～金】17:00〜23:00(LO 22:00)予告なく営業時間の短縮させて頂くことがございます。予めご了承くださいませ。
定休日
土・日：諸般の事情により、予告なく休業させて頂くことがございます。予めご了承くださいませ。営業日については直接店舗へお問い合わせください。",東京都千代田区神田司町2-2-5 DK・Tビル 1F,https://tabelog.com/tokyo/A1310/A131002/13191269/
105,居酒屋,ねぎま三ぞう 秋葉原総本店,"営業時間
16:00～24:00（L.O.23:30）
日曜営業
定休日
年末年始（2023年12月31日～2024年1月3日）はお休みとさせていただきます。",東京都千代田区神田松永町11-1,https://tabelog.com/tokyo/A1310/A131001/13164693/
106,居酒屋,創作和食×完全個室居酒屋 鳥政 神田駅前店,"営業時間
[月～木、土、祝前日]11:00～翌0:00（料理L.O. 23:00 ドリンクL.O. 23:30）[金]11:00～翌5:00（料理L.O. 翌4:00 ドリンクL.O. 翌4:30）
定休日
日曜日",東京都千代田区内神田3-20-6 第108東京ビル 4F,https://tabelog.com/tokyo/A1310/A131002/13248143/
107,居酒屋,岬,"営業時間
[平日月～金] ランチ営業11:30~14:00 (L.O. 13:30)ディナー営業17:00～23:00(フードL.O.22:00 ドリンクL.O.22:30)[土、祝日]ディナー営業17:00~23:00(フードL.O.22:00 ドリンクL.O.22:30)連休や、天候などにより営業時間変更の可能性があります。
定休日
日曜日、不定休 年末年始は12/31〜1/3がお休みです。",東京都千代田区神田鍛冶町3-3 ニュー神田ビル 1F,https://tabelog.com/tokyo/A1310/A131002/13199392/
108,居酒屋,酒と魚 海神-UMIGAMI-,"営業時間
11:00～24:30（金曜のみ25:00閉店）				※15時オープンとなるお日にちがございます。15時以前のご予約／ご来店は事前にお問い合わせください。
日曜営業
定休日
なし",東京都千代田区神田神保町1-10-1 AL BUILDING,https://tabelog.com/tokyo/A1310/A131003/13290549/
109,居酒屋,酒菜家,"営業時間
月曜日～土曜日：17:00～23:00（L.O：フード22:20、ドリンク22:40）
定休日
日・祝・※夏季休暇",東京都千代田区東神田3-2-4 サマリヤマンション 102,https://tabelog.com/tokyo/A1311/A131103/13103091/
110,居酒屋,升屋 神保町店,"営業時間
月～土曜日11:00～24:00（料理L.O 23:00、ドリンクL.O 23:30）日・祝日11:00～23:00（料理L.O 22:00、ドリンクL.O 22:30）※ランチL.Oは15:30(ランチ後クローズなし)※ランチタイムから単品料理・お酒・ご宴会の提供あり
日曜営業
定休日
無休 （年末年始12月31日〜1月3日のみ休み)",東京都千代田区神田小川町3-10 新駿河台ビル B1F,https://tabelog.com/tokyo/A1310/A131003/13028656/
111,居酒屋,博多満月 市ヶ谷店,"営業時間
月～土　17:00～23:30(Lo23:00)
定休日
日曜・祝日休業",東京都千代田区五番町4-2 東プレビル　２Ｆ,https://tabelog.com/tokyo/A1309/A130904/13115186/
112,居酒屋,青ゆず 寅,"営業時間
[月～土]ランチ　　11:00～15:00(L.O.14:30)　　ディナー　17:00〜23:00(L.O.21:45)[日・祝]ランチ　　11:00～15:00(L.O.14:30)　　ディナー　17:00〜22:00(L.O.20:45)
日曜営業
定休日
無休",東京都千代田区丸の内2-4-1 丸の内ビルディング 6F,https://tabelog.com/tokyo/A1302/A130201/13000303/
113,居酒屋,あらた,"営業時間
【月～金】ランチ　11：00～14：30（L.O.14：00）ディナー　17：00～24：00（L.O.23：00）【土】ディナー　17:00～22:30(L.O.22:00)
定休日
日・祝",東京都千代田区飯田橋3-2-6 フィルパーク飯田橋 2F,https://tabelog.com/tokyo/A1309/A130905/13185677/
114,居酒屋,イタリアン肉バル 29DOME 水道橋店,"営業時間
月～金16:00～24:00（L.O.22:30、ドリンクL.O.23:30）土・日・祝13:00～24:00（L.O.22:30、ドリンクL.O.23:30）※ランチ予約も承り中！お電話にてお問い合わせください。
日曜営業
定休日
なし",東京都千代田区神田三崎町2-20-10 勝又ビル B1F,https://tabelog.com/tokyo/A1310/A131003/13203531/
115,居酒屋,串八珍 麹町店,"営業時間
【ディナー】（平日）16:00～23:00（L.O. フード 22:15　ドリンク 22:30）（土曜日）16:00～23:00（L.O. フード 21:15　ドリンク 21:30）
定休日
日祝",東京都千代田区麹町4-3 麹町四丁目ビル B1F,https://tabelog.com/tokyo/A1308/A130803/13257679/
116,居酒屋,日本酒個室バル 蔵ノ助 有楽町店,"営業時間
月～金16:00～24:00土・日・祝日16:00～24:00
日曜営業
定休日
12月31日〜1月3日は店休日",東京都千代田区有楽町1-3-7 なる巳ビル 4F,https://tabelog.com/tokyo/A1301/A130102/13119425/
117,居酒屋,大衆居酒屋 とりいちず 秋葉原店,"営業時間
※以下の時間帯で営業致します※[全日]12:00-翌5:00（料理L.O.翌4:00，ドリンクL.O.翌4:30）※22時～閉店までにご来店のお客様は、深夜料金10%加算いたします。※12月28日～1月3日：年末年始料金10％いただきます。
日曜営業
定休日
無休！　◆コスパ最強！生搾りレモンサワーが税込165円！◆大人数宴会可能◆2時間飲み放題付コース2,178円～…会社宴会・打ち上げ・飲み会等の各種宴会に是非ご利用ください！",東京都千代田区神田佐久間町2-11 秋葉ビル 2F,https://tabelog.com/tokyo/A1310/A131001/13271137/
118,居酒屋,保夜萬歩参,"営業時間
[月～金]17:00〜23:30(22:30フードL.O.)(23:00ドリンク L.O.)
定休日
土曜日不定休・祝日休",東京都千代田区内神田3-12-10 礒見ビル 4F,https://tabelog.com/tokyo/A1310/A131002/13223173/
119,居酒屋,正一酒場,"営業時間
15:00～24:00（L.O.23:40）
日曜営業
定休日
なし",東京都千代田区内神田3-22-5 江戸ッ子ビル,https://tabelog.com/tokyo/A1310/A131002/13284828/
120,居酒屋,鳥劇場 水道橋店,"営業時間
【月】　　　16:00〜24:00【火〜日】　11:00～24:00（年中無休）
日曜営業
定休日
無し",東京都千代田区神田三崎町2-19-7 大滝ビル,https://tabelog.com/tokyo/A1310/A131003/13277308/
121,居酒屋,一番どり 霞ヶ関コモンゲート店,"営業時間
[月～金]11:30～14:3017:00～22:00(L.O 21:00)
定休日
土日祝日",東京都千代田区霞ヶ関3-2-1 霞ヶ関コモンゲート 西館 1F,https://tabelog.com/tokyo/A1301/A130103/13291287/
122,居酒屋,麹蔵 市ヶ谷店,"営業時間
【月～金曜日】11:30～14:30／17:00～23:00【土】11:30～16:00／16:00～22:00
定休日
日曜祝日",東京都千代田区九段北4-2-6 市ヶ谷ビル B1F,https://tabelog.com/tokyo/A1309/A130904/13247657/
123,居酒屋,串揚げとレモンサワー かつ政 秋葉原店,"営業時間
ディナー　月~日・祝　16:00～23:30　　　　閉店時間に変更が有る場合が御座います、ご容赦下さい。混雑時はお席時間2時間制。ご予約の際は注意事項をよくお読みの上宜しくお願い致します。上記の営業時間の他に12：00～16：0024：00～29：30等の時間外営業も承っております。お電話にてお問い合わせ下さい。
日曜営業
定休日
不定休",東京都千代田区神田佐久間町1-15 川初ビル 5F,https://tabelog.com/tokyo/A1310/A131001/13288663/
124,居酒屋,ナンクルナイサ　きばいやんせー 神保町店,"営業時間
[月～金]11:30～14:30／17:30～23:00※年末年始･お盆期間は営業時間が異なる場合がございます｡
定休日
土日祝日",東京都千代田区神田錦町3-22 テラススクエア2F,https://tabelog.com/tokyo/A1310/A131003/13182229/
125,居酒屋,大衆酒場 ABURU。,"営業時間
平日11:30～24:00土日祝13:00～24:00■年末年始休業のお知らせ12/31～1/3は休業いたします
定休日
なし(年末年始はお休み予定)",東京都千代田区内神田3-18-8 ナルミビル 2F,https://tabelog.com/tokyo/A1310/A131002/13251682/
126,居酒屋,SAKE MARKET 秋葉原店,"営業時間
平日：18:00〜23:00土日祝：12:00〜16:00、18:00〜23:00の2部制
日曜営業
定休日
なし",東京都千代田区外神田4-4-2 HULIC ＆ New AKIHABARA 10F,https://tabelog.com/tokyo/A1310/A131001/13237462/
127,居酒屋,鉄板居酒屋お好みキング,"営業時間
[月～金]ランチ　11:30～14:00[月～土]ディナー　17:00～23:00 （土曜日はディナー営業のみ）
定休日
日、祝日",東京都千代田区飯田橋3-3-9 VERDAビル 1F,https://tabelog.com/tokyo/A1309/A130905/13209006/
128,居酒屋,大衆居酒屋 肉と飲み放題を個室で優雅に 東京小町 水道橋店,"営業時間
11:00~24:00
日曜営業
定休日
年中無休",東京都千代田区神田三崎町3-4-6,https://tabelog.com/tokyo/A1310/A131003/13206603/
129,居酒屋,のどぐろ割烹 和,"営業時間
[月～金]17:00~25:00（L.O 24:00）[土日祝]16:00-24:00
日曜営業
定休日
不定休",東京都千代田区神田駿河台2-2-5 井口ビル 1F,https://tabelog.com/tokyo/A1310/A131002/13282092/
130,居酒屋,おさかな居酒屋 おびれせびれ,"営業時間
【月〜木】　　　　17:00〜23:30【土】　　　16:00〜23:30LO. 料理22:30  飲み物23:00【金、祝前日】　　17:00〜27:00LO.料理26:00    飲み物26:30【日、祝】　　　16:00〜23:00LO. 料理22:00  飲み物22:30
日曜営業
定休日
定休日なし",東京都千代田区神田佐久間町2-10 飯島ビル 1Ｆ,https://tabelog.com/tokyo/A1310/A131001/13258750/
131,居酒屋,とり鉄 麹町店,"営業時間
【月～金】11:00～15:00（料理L.O 14:30、ドリンクL.O. 14:30）17:00～23:30（料理 L.O 23:00、ドリンクL.O. 23:00）【土】17:00～23:00（料理L.O 22:30、ドリンクL.O. 22:30）
定休日
日曜・祝日",東京都千代田区麹町4-1 セリエビル 2Ｆ,https://tabelog.com/tokyo/A1308/A130803/13027059/
132,居酒屋,なおじん,"営業時間
月〜金曜日 17:00〜24:00土曜日       17:00〜22:00
定休日
日曜日、祝日 ※休日ご利用の際はお気軽にご相談ください。 ◆年末年始のお休み◆12/30～1/3◆",東京都千代田区神田佐久間町2-8 小松ビル 1F,https://tabelog.com/tokyo/A1310/A131002/13031350/
133,居酒屋,琉球酒場 げん,"営業時間
月曜～金曜・祝前日＜16：30～24：00＞土日・祝日＜16：30～24：00＞食事ラストオーダー（23：00）飲み物ラストオーダー（23：30）
日曜営業
定休日
年始　※ネット予約カレンダーの参照をお願い致します",東京都千代田区五番町4-2 東プレビル B1F,https://tabelog.com/tokyo/A1309/A130904/13274612/
134,居酒屋,雷門き介 神保町店,"営業時間
[月～金]　11：30～14：30（L.O.14：00）．16：00～23:00[土]11:30～22:00
定休日
日・祝",東京都千代田区神田神保町2-4 東京建物神保町ビル B1,https://tabelog.com/tokyo/A1310/A131003/13124810/
135,居酒屋,串焼道場 有楽町日比谷店,"営業時間
[月〜金]15:30〜23:45（料理L.O. 22:45 ドリンクL.O. 23:15）[土·日·祝日]14:30〜23:45（料理L.O. 22:45 ドリンクL.O. 23:15）※閉店時間は日によって異なる場合がございます。
日曜営業
定休日
不定休日",東京都千代田区有楽町1-2-11 オーキッドスクエア 2F,https://tabelog.com/tokyo/A1301/A130102/13280283/
136,居酒屋,のどぐろ専門店 八仙 秋葉原,"営業時間
平日　17:00～25:00(LO 料理24:00/ドリンク24:30)土曜祝17:00～23:00(LO 料理22:00/ドリンク22:30)日曜　当分の間休業*プレミアムクーポンのご利用は20時30分以降のご来店で要予約となります。1日2組様限定。
定休日
当面の間、日曜定休",東京都千代田区神田佐久間町3-28 星野ビル 1F,https://tabelog.com/tokyo/A1310/A131001/13273011/
137,居酒屋,和食処 いと家,"営業時間
【月～土】１１：３０～１４：３０（L.O　１４：００）１8：0０～２３：００（L.O　２１：0０）
定休日
日曜日",東京都千代田区九段南4-4-7 中川ビル 1F,https://tabelog.com/tokyo/A1309/A130904/13259987/
138,居酒屋,ひもの屋 半蔵門総本店,"営業時間
[月～金]11:00～15:0016:00～23:00[土](団体様ご宴会ご相談可能）　　　　
定休日
土・日・祝　※土曜日のみ団体様ご宴会ご相談可能です。お気軽にお問い合わせください。",東京都千代田区平河町1-7-2,https://tabelog.com/tokyo/A1308/A130803/13205480/
139,居酒屋,神田 ゑびす屋,"営業時間
【月～金】ランチ　 11:00～14:30ディナー 17:00～23:30（Lo.23:00）【土】ディナー 17:00～23:30（Lo.23:00）
定休日
日曜日・祝日　※20名以上～予約制で承ります。",東京都千代田区鍛冶町1-6-7,https://tabelog.com/tokyo/A1310/A131002/13276496/
140,居酒屋,大衆居酒屋 とりいちず 有楽町店,"営業時間
12:00～翌5時（料理L.O. 翌4:00 ドリンクL.O. 翌4:30）※22時以降ご来店のお客様は、深夜料金10%加算いたします。※12月28日～1月3日：年末年始料金10％いただきます。
日曜営業
定休日
年始(1/1)、他無休！　◆コスパ最強！生搾りレモンサワーが税込165円！◆大人数宴会可能◆2時間飲み放題付コース2,178円～…会社宴会・打ち上げ・飲み会等の各種宴会に是非ご利用ください！",東京都千代田区丸の内3-7-8,https://tabelog.com/tokyo/A1301/A130102/13277752/
141,居酒屋,美門や 東京大手町店,"営業時間
営業時間16:00～24:00ご予約のお問い合わせは１５時以降繋がり易くなっております。
定休日
不定休",東京都千代田区大手町2-5-6 1F,https://tabelog.com/tokyo/A1302/A130201/13211407/
142,居酒屋,個室創作居酒屋スター,"営業時間
月～土ディナー　17:00～24:00（L.O.23:00）月〜金ランチ　11:00～15:00
定休日
日、祝、予約承ります.臨時営業有り。",東京都千代田区麹町3-1-8 メイゾン麹町 B1F,https://tabelog.com/tokyo/A1308/A130803/13230903/
143,居酒屋,函館海鮮うにくら 日比谷店,"営業時間
【火～日】月曜日の祝日は営業ランチ　　しばらくの間休業ディナー　17:00～23:00（L.O22:30）
日曜営業
定休日
月曜定休日（年末年始休みあり）月曜日が祝日の場合、月曜営業、火曜休み",東京都千代田区内幸町1-7-1 日比谷奥路地G-18,https://tabelog.com/tokyo/A1301/A130103/13249981/
144,居酒屋,酒場 伸輔 帝劇店,"営業時間
ランチ[月・火・水・木・金]11:00～14:00 (L.O.13:30)ディナー[月～金]17:00～22:00 (L.O.21:30 food/drink)[土・日・祝]休業
定休日
土曜、日曜、祝日",東京都千代田区丸の内3-1-1 帝劇ビル B2F,https://tabelog.com/tokyo/A1301/A130102/13258539/
145,居酒屋,九州 熱中屋 御茶ノ水 LIVE,"営業時間
■ランチ月～金　11:30－14:00■ディナー月～金　17:00－23:00土日祝　16:00－23:00
日曜営業
定休日
無休",東京都千代田区神田駿河台2-1-30 フジビル Ｂ１Ｆ,https://tabelog.com/tokyo/A1310/A131002/13055488/
146,居酒屋,大衆和牛酒場 コンロ家 飯田橋店,"営業時間
＜月～金＞17:00～23：30＜土・日・祝日＞17:00～23：00
定休日
不定牛（スタッフに疲れが見えたら休みます)",東京都千代田区飯田橋4-5-6 イーシーエス第6ビル 1F,https://tabelog.com/tokyo/A1309/A130905/13213759/
147,居酒屋,居酒屋こころ,"営業時間
ランチ：11:30〜13:30(L.O13:00)ディナー：17:00〜23:00(フードL.O22:00、ドリンクL.O.22:30)※12月のご予約について：ネット予約ではアラカルトでのご予約を20時以降とさせていただきます。それ以前でアラカルトご希望の方はお電話にて対応いたしますので、お気軽にご相談ください。
定休日
日曜日 　■12月：30(土),31(日)   ■1月：1(月祝),7(日),14(日),21(日),27(土),28(日),29(日) がお休みです。1/2(火)〜1/4(木)の営業時間は15:00〜21:00(ラストオーダー 20:00)となります。",東京都千代田区神田紺屋町37 斉木第三ビル 1F,https://tabelog.com/tokyo/A1310/A131002/13174171/
148,居酒屋,中落ち100円の居酒屋 まぐろんち 神田店,"営業時間
平日ランチ　　11:30〜14:00ディナー　16:00~23:15(L.O22:45) 土日祝日ランチなしディナー　15:00〜23:15（L.O22:45）＊ランチは売切れ次第、終了となります。
日曜営業
定休日
12月31日・1月1日",東京都千代田区内神田2-10-8 ワイワークスビル B1F,https://tabelog.com/tokyo/A1310/A131002/13245735/
149,居酒屋,牡蠣小屋 水道橋,"営業時間
平日11：30～14：30（L.O.14：00）17：00～23：30（L.O.22：45）土日祝日17：00～23：30（L.O.22：45）
日曜営業
定休日
年末",東京都千代田区神田三崎町1-4-8 愛光舎ビル B1F,https://tabelog.com/tokyo/A1310/A131003/13235004/
150,居酒屋,Mr.Happy,"営業時間
17:00~23:00Food L.O 22:00Drink L.O 22:30
日曜営業
定休日
不定休日あり",東京都千代田区神田神保町1-4-4 コンフォートKビル 1F,https://tabelog.com/tokyo/A1310/A131003/13205430/
151,居酒屋,まる豚,"営業時間
当面の間、以下の時間にて営業します。月〜木、土曜日　15:00〜23:30(LO：22:30）金曜日　　　　　15:00〜24:30(LO：23:30）
定休日
当面の間、日曜定休といたします。※月曜が祝日の場合は、日曜営業の月曜休みとなります。",東京都千代田区内神田3-18-8 内神田ビル 1F,https://tabelog.com/tokyo/A1310/A131002/13086497/
152,居酒屋,傑作,"営業時間
月～金 15:00～24:00（L.O.23:00、ドリンクL.O.23:30）土・日・祝日 12:00～24:00（L.O.23:00、ドリンクL.O.23:30）
日曜営業
定休日
なし",東京都千代田区有楽町2-3-6 九重会館ビル 2F,https://tabelog.com/tokyo/A1301/A130102/13291624/
153,居酒屋,大衆酒場あげもんや 神田西口店,"営業時間
[月〜金]11:30〜14:00（L.O13:45)18:00〜22:30（L.O22:00）
定休日
土日・祝",東京都千代田区内神田3-5-1 大蓄ビル,https://tabelog.com/tokyo/A1310/A131002/13256459/
154,居酒屋,肉バル 肉ソン大統領 秋葉原店,"営業時間
【月～金・祝前日】ディナー：17:00〜23:00【土日祝】12:00〜23:00【年末年始営業時間】12/31(12:00～22:00) / 1/1(休業) / 1/2・3(12:00～22:00)となります。「当店は現在インボイス制度未登録の為、領収書などに登録番号等は記載されません。領収書が必要なお客様はご留意下さい。」
日曜営業
定休日
1日1日",東京都千代田区神田佐久間町2-11 JD秋葉原ビル 2F,https://tabelog.com/tokyo/A1310/A131001/13201683/
155,居酒屋,ぬる燗佐藤 丸の内,"営業時間
【月〜土】ランチ11:00 - 14:00（L.o13:30)ディナー17:30 - 22:30(L.o21:30)
定休日
日曜日・祝日",東京都千代田区丸の内3-2-3 丸の内二重橋ビル B1F,https://tabelog.com/tokyo/A1301/A130102/13227404/
156,居酒屋,全席個室 楽蔵 神田駅前店,"営業時間
月～金 17:00～23:30 ※営業時間前も宴会可能！(早割・遅割特典有※公式ホームページにも、分かりやすくお得な情報が満載です!!以下の『お店のホームページ』からお越しください♪
定休日
土曜日・日曜日・祝日",東京都千代田区鍛冶町1-7-9 大朋ビル 5F,https://tabelog.com/tokyo/A1310/A131002/13037398/
157,居酒屋,稲香屋,"営業時間
【月～金】17:00~23:00（L.O 22:00）[土・日・祝]17:00~23:00（L.O 22:00）土日祝に関しては不定休ですのでお問い合わせください。
定休日
不定休（詳細はお問い合わせください。）",東京都千代田区鍛冶町2-7-3 国際ビル　２Ｆ,https://tabelog.com/tokyo/A1310/A131002/13051200/
158,居酒屋,味噌と鮮魚と純米酒 穂,"営業時間
[月～金]【ランチ】11:30～14:30（L.O.14:00）【夜】16:00～23:30[土曜]15:00～23:30[日曜祝日]15:00～23:00
日曜営業
定休日
なし",東京都千代田区有楽町1-7-1 有楽町電気ビル B1F,https://tabelog.com/tokyo/A1301/A130102/13269456/
159,居酒屋,屋台酒場バッテン,"営業時間
[月～木]16:00～26:00[金・祝前日]16:00～27:30[土・日・祝日]15:00～24:00
日曜営業
定休日
年中無休◎インボイスに対応しております。",東京都千代田区内神田3-10-3 神田ロイヤルビル 2F,https://tabelog.com/tokyo/A1310/A131002/13281718/
160,居酒屋,酒と肴 離れ庵 東京駅店,"営業時間
<毎日>11:00～23:00(L.O22:00)（11〜15時まではランチメニューもございます）
日曜営業
定休日
元旦のみ",東京都千代田区丸ノ内1-9-1 グランスタ八重北 B1F 黒塀横丁,https://tabelog.com/tokyo/A1302/A130201/13270379/
161,居酒屋,個室・炉端料理 かこいや 丸の内二丁目店,"営業時間
【月～木】　11：30～14：00（L.O. 13：30）　17：00～22：00（L.O. 21：30）【金】　11：30～14：00（L.O. 13：30）　17：00～22：30（L.O. 22：00）【土日祝】　12：00～14：30（L.O. 14：00）　17：00～21：00（L.O. 20：30）
日曜営業
定休日
12/30～1/3は休業日となります。　1/4 より営業致します。",東京都千代田区丸の内2-5-2 三菱ビル B1F,https://tabelog.com/tokyo/A1302/A130201/13118624/
162,居酒屋,鉄板ビストロ シーフードバンク Gochi 神田店,"営業時間
〔金・祝前日〕15:00～翌5:00（L.O.4:30、ドリンクL.O.4:30）〔月～木・土・日〕15:00～翌1:00（L.O.24:30、ドリンクL.O.24:30）営業時間外の宴会もご相談ください！ご来店時は事前に店舗にお電話にてご確認下さい。
日曜営業
定休日
年中無休　領収書にインボイス番号を印字しております。",東京都千代田区鍛冶町2-2-9 3F,https://tabelog.com/tokyo/A1310/A131002/13196160/
163,居酒屋,大衆酒場 北海 神田店,"営業時間
■月～金ランチ　：11:00～14:30ディナー：17:00～24:00■土・日・祝ランチ　：12:00～16:00ディナー：16:00～24:00※土日祝のご予約は前日までにご予約下さい。当日のご予約はお電話にて、お問い合わせ下さい。★人気の150種×食べ飲み放題は2H2,580円～！予約は2名様～承っております★
日曜営業
定休日
無　※土日祝日は予約制となります。",東京都千代田区鍛冶町1-7-16,https://tabelog.com/tokyo/A1310/A131002/13206793/
164,居酒屋,東北うまいもん酒場 伊達男 神田本店,"営業時間
[月～金祝前日]     17:00～※最終入店は翌1:00まで[時間外営業深夜延長営業等お問い合わせください土曜日曜営業時は17〜23時まで◆7名様以上のご予約はお電話にて承ります。※お席の配置についてご案内あり。◆最大30名様（着席）までの貸切承ります。
定休日
不定休 日曜祝日はお問い合わせ下さい⚪︎",東京都千代田区鍛冶町1-4-6 東京神田ビル 2F,https://tabelog.com/tokyo/A1310/A131002/13177451/
165,居酒屋,全席個室 ウメ子の家 秋葉原駅前店,"営業時間
17:00～23:30 【土・日・祝】16:00～23:30※営業時間前も宴会可能！(早割・遅割特典有)※公式ホームページにも、分かりやすくお得な情報が満載です!!以下の『お店のホームページ』からお越しください♪
日曜営業
定休日
無",東京都千代田区神田佐久間町1-16 ダイニングスクエア秋葉原ビル 2F,https://tabelog.com/tokyo/A1310/A131001/13022401/
166,居酒屋,Luv.Fish? 東京,"営業時間
【月〜金】11:00～23:00ランチ　  11:00~15:00ディナー  17:00~23:00(L.O 22:00)【土】11:00～23:00ランチ　  11:00~15:00ディナー  15:00~23:00(L.O 22:00)【日・祝】11:00~22:00ランチ　11:00~15:00ディナー15:00~22:00(LO.21:00)
日曜営業
定休日
施設に準じる",東京都千代田区丸の内1-5-1 新丸ビル 7F 丸の内ハウス,https://tabelog.com/tokyo/A1302/A130201/13284089/
167,居酒屋,炉端とおでん 呼炉凪来 秋葉原店,"営業時間
月～木・土・日・祝日ディナー　16:00～翌1:00（L.O.24:00、ドリンクL.O.24:30）金・祝前日16:00～翌5:00（L.O.4:00、ドリンクL.O.4:30）
日曜営業
定休日
なし 領収書にインボイス番号を印字しております。",東京都千代田区外神田1-15-18 奥山ビル 6F,https://tabelog.com/tokyo/A1310/A131001/13284221/
168,居酒屋,しみる 丸の内,"営業時間
［月〜木・土・祝日］16：00～23：00（L.O.22：30）［金・祝前日］16：00～25：00（L.O.24：30）※金曜が祝日の場合は23:00までの営業となります。
定休日
日曜日（日曜日が祝日の場合、翌月曜日に振替店休）　■年末年始営業のご案内… 12月30日(土)～1月3日(水)までの間【休業】 ／1月4日(木)より通常営業となります",東京都千代田区丸の内1-7-3,https://tabelog.com/tokyo/A1302/A130201/13260438/
169,居酒屋,魚と酒 はなたれ 丸の内トラストタワー店,"営業時間
平日11：00～23：00土17：00～22：00
定休日
日曜祝日　12/29～1/4",東京都千代田区丸の内1-8-1 丸の内トラストタワーN館 2F,https://tabelog.com/tokyo/A1302/A130201/13170396/
170,居酒屋,和食屋 こう太,"営業時間
【月〜金】16時〜25時【土日祝】15時〜24時
日曜営業
定休日
なし",東京都千代田区神田駿河台2-6-11 第87ビル B1F,https://tabelog.com/tokyo/A1310/A131002/13286363/
171,居酒屋,酒場シナトラ 東京駅店,"営業時間
[月～金]【ランチ】11:00～14:00  【ディナー】14:00〜23:00(L.O. フード22:00 ドリンク22:30)[土]11:00～23:00(L.O. フード22:00 ドリンク22:30)[日・祝〕11:00～22:00(L.O. フード21:00 ドリンク21:30)
日曜営業
定休日
【定休日なし】 東京駅のモダン割烹。和の逸品料理と日本酒を堪能",東京都千代田区丸の内1-9-1 東京駅一番街 2F 東京グルメゾン,https://tabelog.com/tokyo/A1302/A130201/13222835/
172,居酒屋,どまんなか 秋葉原別邸,"営業時間
月～日15:00～23:00
日曜営業
定休日
なし",東京都千代田区神田佐久間町2-18-5 アークビル B1F,https://tabelog.com/tokyo/A1310/A131001/13275740/
173,居酒屋,個室鍋処 薩摩日和 秋葉原店,"営業時間
【月～日・祝日・祝前日】16:00～24:00 (L.O.23:00、ドリンクL.O.23:30)※11:00～16:00の昼宴会も承っております。
日曜営業
定休日
年中無休",東京都千代田区神田佐久間町1-16 大橋ビル 3Ｆ,https://tabelog.com/tokyo/A1310/A131001/13201622/
174,居酒屋,魚匠屋 神田本店,"営業時間
[月～金]11:30～14:00(LO.13:30)17:00～23:00(料理LO.22:00、ドリンクLO.22:30)
定休日
土日祝",東京都千代田区神田鍛冶町3-3 ニュー神田ビル B1F,https://tabelog.com/tokyo/A1310/A131002/13268568/
175,居酒屋,魚縁 秋葉原店,"営業時間
月~日・土祝16:00～24：00(LO23:00)毎日営業中♪
日曜営業
定休日
年中無休",東京都千代田区神田佐久間町1-24 ガトー秋葉原ビル 6F,https://tabelog.com/tokyo/A1310/A131001/13208486/
176,居酒屋,名古屋コーチン専門個室居酒屋 いし橋 秋葉原本店,"営業時間
ディナー　月~日・祝　16:00～23:30閉店時間が変更になる場合が御座います。ご予約の際は注意事項をよくお読みの上宜しくお願い致します。上記の営業時間の他に12：00～16：0024：00～29：30等の時間外営業も承っております。お電話にてお問い合わせ下さい。
日曜営業
定休日
不定休",東京都千代田区神田佐久間町1-15 川初ビル 5FA,https://tabelog.com/tokyo/A1310/A131001/13170641/
177,居酒屋,レモンサワーと串揚げ 十村 水道橋店,"営業時間
16:00～24:00
日曜営業
定休日
不定休",東京都千代田区神田三崎町2-22-18 西山興業新水道橋ビル 5F,https://tabelog.com/tokyo/A1310/A131003/13288662/
178,居酒屋,沖縄クラフトビール＆琉球バル ガチマヤ,"営業時間
ランチ　　11:00～14:30（L.O.14：00）ディナー　17:00～23：00(L.O.22：00)　ご不明な点はお気軽にお問い合わせ下さい♪
日曜営業
定休日
年末年始",東京都千代田区神田神保町1-6 神保町サンビルディング B1F,https://tabelog.com/tokyo/A1310/A131003/13189860/
179,居酒屋,鳥光國 秋葉原アキバトリム店,"営業時間
＜ランチ＞月～金・祝前日11:00～14:00／土・日・祝11:00～14:30＜ディナー＞17:00～23:00※12/30は22:00まで、12/31は21:00まで、1/2と1/3は21:00までの営業時間となります。
日曜営業
定休日
年末年始（2024年1月1日）はお休みとさせていただきます。",東京都千代田区神田佐久間町1-6-5 TX秋葉原阪急ビル 5F,https://tabelog.com/tokyo/A1310/A131001/13237878/
180,居酒屋,タン兵衛,"営業時間
11:00～24:00
日曜営業
定休日
無休",東京都千代田区有楽町1-6-1 第二日比谷ビル 3F,https://tabelog.com/tokyo/A1301/A130102/13285665/
181,居酒屋,いいとこ鶏 有楽町店,"営業時間
12:00~24:00
日曜営業
定休日
なし",東京都千代田区有楽町1-2-11 Orchid Squarea 8F,https://tabelog.com/tokyo/A1301/A130102/13277888/
182,居酒屋,北海道チューボー グランアージュ,"営業時間
[月～金] 11:00～22:30（LO22：00）[祝日] 11:30～20:00（LO19：30）[土・日]休業
定休日
土日休業・年末年始",東京都千代田区丸の内1-9-2 グラントウキョウサウスタワー B1F,https://tabelog.com/tokyo/A1302/A130201/13195645/
183,居酒屋,全席個室 じぶんどき 秋葉原駅前店,"営業時間
平日　17:00～23:30土日祝　15:00～23:30　※営業時間前も宴会可能！(早割・遅割特典有)※公式ホームページにも、分かりやすくお得な情報が満載です!!以下の『お店のホームページ』からお越しください♪
日曜営業
定休日
無休",東京都千代田区外神田1-18-19 BiTO AKIBA 8F,https://tabelog.com/tokyo/A1310/A131001/13241155/
184,居酒屋,炙処 火ノ膳 浅草橋店,"営業時間
11:30～ 15:00 L.Ｏ.14:3017:00～ 23:00 L.Ｏ.22:00（お料理）/22:30（ドリンク）※土日祝は昼飲み予約受付中！！
日曜営業
定休日
不定休",東京都千代田区東神田3-6-11,https://tabelog.com/tokyo/A1311/A131103/13240115/
185,居酒屋,水道橋大衆酒場 合掌,"営業時間
[月～金・祝前日]11:30～13:30（L.O.13:15）17:00～23:30（フードL.O.22:30、ドリンクL.O.23:00）[土]17:00～23:00（L.O.22:30）
定休日
日曜日、祝日",東京都千代田区神田三崎町2-15-10 華ビル　１Ｆ,https://tabelog.com/tokyo/A1310/A131003/13043739/
186,居酒屋,水の和座 山葵 御茶ノ水店,"営業時間
[月～土]ランチ 11:30～14:30(L.O.14:00)[月～日] ディナー 16:30～23:00(L.O.22:15)
日曜営業
定休日
無休",東京都千代田区神田駿河台4-3 新お茶の水ビル B1F,https://tabelog.com/tokyo/A1310/A131002/13033304/
187,居酒屋,餃子 いち,"営業時間
月～金ランチ：11：00～14：30(LO14:00）ディナー：17:00～24:00フードLO23:00ドリンクLO23:30)土、日、祝日ディナー：17:00～24:00(フードLO23:00 ドリンクLO23:30)
日曜営業
定休日
年中無休",東京都千代田区平河町1-8-11 グローリア平河町 1F,https://tabelog.com/tokyo/A1308/A130803/13241453/
188,居酒屋,だるま酒場,"営業時間
【月～金】ランチ　 11:45~13:30ディナー 17:00~23:30【土】ディナー 17:00~23:30 
定休日
日曜日",東京都千代田区内神田1-11-10 コハラビル B1-A,https://tabelog.com/tokyo/A1310/A131002/13262425/
189,居酒屋,釜焼鳥本舗おやひなや 有楽町店,"営業時間
■月〜金17:00～23:30■土日祝17:00～23:00金曜および混雑時は、お席を2時間制とさせていただく場合がございます。
日曜営業
定休日
無休",東京都千代田区有楽町1-2-9 5F,https://tabelog.com/tokyo/A1301/A130102/13108311/
190,居酒屋,テング酒場 お茶の水店,"営業時間
月～金曜日11：30～14:00 /16:00～23：00土曜日16：00～23：00日曜日・祝日16：00～21：00※年末年始、GW、お盆期間は営業日、営業時間が異なる場合がございます。詳しくはテンアライド㈱ホームページにてご確認ください。 
定休日
12月31日～1月3日",東京都千代田区神田駿河台2-1-34 プラザお茶の水 1F,https://tabelog.com/tokyo/A1310/A131002/13118355/
191,居酒屋,和食処 五島 有楽町店,"営業時間
[月～金] 11:00～15:00(L.O.14:30) 16:00～22:30(フードL.O21:45、ドリンクL.O.22:00) [土・祝] 11:00～15:00(L.O.14:30) 
定休日
 土曜日夜　日曜日",東京都千代田区有楽町2-10-1 東京交通会館 B1F,https://tabelog.com/tokyo/A1301/A130102/13226491/
192,居酒屋,仙台牛タンと野菜巻き串 完全個室居酒屋 はなこま 秋葉原店,"営業時間
月～日、祝日、祝前日：15:00～翌0:00 (料理L.O. 23:00 ドリンクL.O. 23:00)日曜営業
日曜営業
定休日
不定休日あり",東京都千代田区神田佐久間町1-15 川初ビル 6F,https://tabelog.com/tokyo/A1310/A131001/13284599/
193,居酒屋,虎連坊 秋葉原店,"営業時間
【月～金】11:30～14:30（L.O.14:00）／17:00～23:00（L.O.22:00）【土】17:00～23:00（L.O.22:00）
定休日
日,祝",東京都千代田区外神田1-18-18 BiTO AKIBA PLAZA 9F,https://tabelog.com/tokyo/A1310/A131001/13035025/
194,居酒屋,蕎麦と炙り焼き 奥 いずも,"営業時間
月～金ランチ　11:00～14:30（L.O.14:00）ディナー　17:00～23:00 フード(L.O.22:00)　ドリンク(L.О22:30)
定休日
土曜日、日曜日、祝日",東京都千代田区有楽町1-7-1 有楽町電気ビル,https://tabelog.com/tokyo/A1301/A130102/13209432/
195,居酒屋,全席個室 鮨と酒日和 ととうお 秋葉原駅前店,"営業時間
17:00～23:30（L.O.22:30、ドリンクL.O.23:00）※諸般の事情により、営業時間を変更させていただく事がございます。詳細はお電話にてお問合せくださいませ。※公式ホームページにも、分かりやすくお得な情報が満載です!!以下の『お店のホームページ』からお越しください♪
定休日
無休　 ※諸般の事情により、定休日を変更させていただく事がございます。詳細はお電話にてお問合せくださいませ。",東京都千代田区神田佐久間町1-16 ダイニングスクエア秋葉原ビル 5F,https://tabelog.com/tokyo/A1310/A131001/13290593/
196,居酒屋,名物家 有楽町店,"営業時間
12:00~24:00
日曜営業
定休日
なし",東京都千代田区有楽町1-2-11 オーキッドスクエア 4F,https://tabelog.com/tokyo/A1301/A130102/13281962/
197,居酒屋,炭火焼き鳥 すいけん 飯田橋,"営業時間
〈営業時間〉■11:30-14:30■17:30-23:30
定休日
日曜日、祝日（土曜は夜のみ営業）",東京都千代田区飯田橋3-3-7 秋穂セントラルビル 1-B,https://tabelog.com/tokyo/A1309/A130905/13260247/
198,居酒屋,珉珉 飯田橋サクラテラス店,"営業時間
【月～土】11:30～23:00( L.O.22:30）【日・祝】11:30～22:00（L.O.21:30）
日曜営業
定休日
無休",東京都千代田区富士見2-10-2 飯田橋グラン・ブルーム サクラテラス 3F,https://tabelog.com/tokyo/A1309/A130905/13173849/
199,居酒屋,大衆&個室 祭酒場 飯田橋東口駅前店,"営業時間
17:00～23:30（フードL.O. 22：30 / ドリンクL.O. 23：00）※営業時間前も宴会可能！
日曜営業
定休日
定休日はございません。気軽にご利用いただける大衆的な居酒屋です。",東京都千代田区飯田橋4-9-8 飯田橋プラザ 1F,https://tabelog.com/tokyo/A1309/A130905/13115133/
200,居酒屋,旬の鮮魚と個室 楽の宴,"営業時間
11:00～23:30（L.O.23:00）
日曜営業
定休日
年中無休",東京都千代田区内神田3-10-3 神田ロイヤルビル B1F,https://tabelog.com/tokyo/A1310/A131002/13160289/
201,居酒屋,Kokori,"営業時間
17:00 ～ 23:00
定休日
日曜",東京都千代田区神田須田町1-6,https://tabelog.com/tokyo/A1310/A131002/13159211/
202,居酒屋,越後屋 喜兵衛,"営業時間
［月～金］11:00〜15:0017:00〜22:00（L.O.フード 21:00／ ドリンク 21:30）［土.日］店休
定休日
日曜日・祝日(不定休・お問い合わせ下さい。)",東京都千代田区飯田橋3-10-9 アイガーデンテラス 2F,https://tabelog.com/tokyo/A1309/A130905/13166377/
203,居酒屋,すりみや 神田淡路町店,"営業時間
［月～金］11:30～14:00／17:00～22:30（L.O.21:30）［土］11:30〜14:00/17:00～22:00（L.O.21:00）
定休日
日曜日、祝日　（年末年始休みあり）",東京都千代田区神田須田町1-3-1 須田町ビルB1,https://tabelog.com/tokyo/A1310/A131002/13036139/
204,居酒屋,九州炭火酒場 ばってん 神田西口店,"営業時間
[月～木]16:00～26:00[金・祝前日]16:00～27:30[土・日・祝日]15:00～24:00
日曜営業
定休日
年中無休【※ネット予約ができないお時間帯でも、お電話であればご予約いただける場合もございますのでお気軽にお電話下さい。】",東京都千代田区内神田3-12-4 第一岸ビル 1F,https://tabelog.com/tokyo/A1310/A131002/13256574/
205,居酒屋,個室居酒屋×博多焼き鳥 巻きの助 飯田橋店,"営業時間
16:00～24:00フードLO23:00／ドリンクLO23:30
定休日
日曜日/祝日（※土曜日は不定休です。詳しくはお問い合わせください。）",東京都千代田区飯田橋4-5-6 ECS第3ビル 1F,https://tabelog.com/tokyo/A1309/A130905/13225614/
206,居酒屋,焼鳥 ハレツバメ 丸ノ内センタービル店,"営業時間
【月〜金】11:30～14:30（L.O.14:00）17:00～23:00（L.O.22:00）
定休日
土曜日・日曜日・祝日　 年末年始",東京都千代田区丸の内1-6-1 丸の内センタービル B1F,https://tabelog.com/tokyo/A1302/A130201/13270640/
207,居酒屋,四万十川 銀座,"営業時間
【全日】16:00～23:00（L.O 22:00）※18時～21時は電話が大変繋がりにくくなっております。　電話でのご対応をご希望の方は、上記時間以外にお願い致します。〈年末年始営業時間〉2023-12-31　　　休業2024-01-01　　　休業2024-01-02　　　休業
日曜営業
定休日
なし、年末年始（2023年12月31日～2024年1月2日）",東京都千代田区有楽町2-1-21 新幹線高架下建物 1F,https://tabelog.com/tokyo/A1301/A130102/13117852/
208,居酒屋,日本酒と創作糠漬 KURARA,"営業時間
［月〜金］17:00〜翌2:00［土曜日］17:00〜24:00
定休日
日曜日・祝日(土曜日不定期休業)",東京都千代田区神田紺屋町36-3 不二機材ビル1F,https://tabelog.com/tokyo/A1310/A131002/13233563/
209,居酒屋,やきとん三吉 水道橋店,"営業時間
平日16:00〜24:00土日祝15:00〜24:00
日曜営業
定休日
年末年始",東京都千代田区神田三崎町2-10-3,https://tabelog.com/tokyo/A1310/A131003/13240031/
210,居酒屋,大衆酒場龍太郎,"営業時間
11:00～24:00(L.O.23：30)
日曜営業
定休日
なし",東京都千代田区神田三崎町3-7-12 原田ビル 3F,https://tabelog.com/tokyo/A1310/A131003/13288172/
211,居酒屋,五色 GEMS市ヶ谷店,"営業時間
[月～金]11:30～無くなり次第終了17:00～23:00[土]17:00～23:00
定休日
日曜、祝日、年末年始",東京都千代田区六番町4-3 GEMS市ヶ谷 5F,https://tabelog.com/tokyo/A1309/A130904/13175167/
212,居酒屋,日本酒原価酒蔵 神田店,"営業時間
◯平日15:00~23:30◯土日祝12:00～23:30
日曜営業
定休日
8/29",東京都千代田区内神田2-8-5,https://tabelog.com/tokyo/A1310/A131002/13238652/
213,居酒屋,大衆食堂 るんごホール,"営業時間
[月～金]11:00～22:00(フードLO21:00、ドリンクLO21:30)[土]11:30～21:00 (フードLO20:00、ドリンクLO20:30)日曜日、祝日は定休日
定休日
日曜日、祝日",東京都千代田区大手町1-1-1 大手町パークビル B1F,https://tabelog.com/tokyo/A1302/A130201/13258185/
214,居酒屋,旬鮮酒場 天狗 秋葉原中央口店,"営業時間
月～土曜日11：30～23：00日曜日・祝日12：00～22：00※ランチタイムは、ジュークステーキとして営業しております。※年末年始、GW、お盆期間は営業日、営業時間が異なる場合がございます。詳しくはテンアライド㈱ホームページにてご確認ください。 
定休日
12月31日/１月１日",東京都千代田区神田佐久間町1-8,https://tabelog.com/tokyo/A1310/A131001/13085567/
215,居酒屋,日本酒原価酒蔵 神保町店,"営業時間
月曜〜金曜15:00〜23:00(フードラストオーダー22:30)(ドリンクラストオーダー23:00)土.日曜日.祝日13:00〜23:00(フードラストオーダー22:30)(ドリンクラストオーダー23:00)
日曜営業
定休日
年末年始",東京都千代田区神田神保町2-28 キガワビル1階,https://tabelog.com/tokyo/A1310/A131003/13227070/
216,居酒屋,越後屋 三十郎,"営業時間
[月～金]11:00～15:00 (L.O.14:30) 17:00～23:00 (L.O.22:00)[土・日・祝]11:00～14:30 (L.O.14:00)17:00～22:00 (L.O.21:00)
日曜営業
定休日
年末年始",東京都千代田区神田淡路町2-105 ワテラスアネックス 3Ｆ,https://tabelog.com/tokyo/A1310/A131002/13154217/
217,居酒屋,おせっかい屋,"営業時間
〔ディナー〕17:00～25:00〔ディナー〕（土）17:00～22:00
定休日
日曜・祝日、不定休",東京都千代田区 内神田2-9-13 オールビルB1,https://tabelog.com/tokyo/A1310/A131002/13124013/
218,居酒屋,個室ダイニング 十勝石狩函館 秋葉原駅前店,"営業時間
17:00～23:30 ※営業時間前も宴会可能！(早割・遅割特典有)※公式ホームページにも、分かりやすくお得な情報が満載です!!以下の『お店のホームページ』からお越しください♪
日曜営業
定休日
無",東京都千代田区神田佐久間町1-16 ダイニングスクエア秋葉原ビル 4F,https://tabelog.com/tokyo/A1310/A131001/13165609/
219,居酒屋,堀 堀～hori hori～,"営業時間
〔月～木・土・日・祝日〕15:00～翌1:00（L.O.24:30、ドリンクL.O.24:30）〔金・祝前日〕15:00～翌5:00（L.O.4:30、ドリンクL.O.4:30）
日曜営業
定休日
年中無休　領収書にインボイス番号を印字しております。",東京都千代田区鍛冶町2-2-9 3F,https://tabelog.com/tokyo/A1310/A131002/13196030/
220,居酒屋,御茶ノ水 TEN,"営業時間
17:00～翌2:00
日曜営業
定休日
無し",東京都千代田区神田駿河台2-10-6 お茶の水aビル 1F,https://tabelog.com/tokyo/A1310/A131002/13270952/
221,居酒屋,最上 楽農園 稲庭うどん 山菜,"営業時間
月～土　11:00～21:00(L.O.20:30)※12月は22:00まで営業中（料理L.O.21:00 ドリンクL.O.21:30）
定休日
日・祝　※【9月の臨時休業について】スタッフ不足のため、誠に勝手ながら、9月の土曜日は臨時休業させていただきます。",東京都千代田区内神田3-24-5 エッサム神田ホール2号館 2F,https://tabelog.com/tokyo/A1310/A131002/13196141/
222,居酒屋,宮崎料理 万作,"営業時間
[ランチ]11:00～15:00(L.O.14:15)[ディナー]17:00～22:30(L.O.21:30)12/31、1/2、1/3は17:00～21:00(L.O.20:00)となります。（1/1はKITTE休館のためお休み）
日曜営業
定休日
不定休(KITTEに準ずる)",東京都千代田区丸の内2-7-2 KITTE 5F,https://tabelog.com/tokyo/A1302/A130201/13153791/
223,居酒屋,酒場ダルマ,"営業時間
【月〜土】11:30～14:30（L.O.14:00）17:00～23:00（L.O.22:00）
定休日
日曜・祝日",東京都千代田区内神田3-14-8 ニシザワビル B1F,https://tabelog.com/tokyo/A1310/A131002/13259930/
224,居酒屋,神保町 加賀廣,"営業時間
[月～土]17:30~23:00(料理L.O22:00）
定休日
日・祭日",東京都千代田区神保町2-17-11 集英社共同ビル １Ｆ,https://tabelog.com/tokyo/A1310/A131003/13047908/
225,居酒屋,別海町酒場 新大手町ビル店,"営業時間
昼営業時間【11：30～14：30】夜営業時間【17：00～22：00】金曜日のみ【17：00～23：00】お席、ご宴会のご予約承ります。
定休日
土曜日・日曜日・祝日",東京都千代田区大手町2-2-1 新大手町ビル Ｂ１Ｆ,https://tabelog.com/tokyo/A1302/A130201/13129255/
226,居酒屋,肉＆生ハム 隠れ家バル ボノボ,"営業時間
【月～金】ランチ　　11:30~14:30 (L.O 14:00)　ディナー　17:30～23:30（フードL.O 22:45/ドリンクL.O 23:00）【土】ディナー　16:00～23:30（フードL.O 22:45/ドリンクL.O 23:00）
定休日
日曜日 祝日　疲労困憊時",東京都千代田区富士見2-2-11 富士見ヨシダビル 1F,https://tabelog.com/tokyo/A1309/A130905/13210971/
227,居酒屋,煮タリ蒸シタリ こんぺいとう,"営業時間
[月・火・水・木]11:00〜15:0017:00～23:30[金・祝前日]11:00〜14:3016:30〜23:30[土]11:00～23:30[日]11:30～23:00年末年始は営業時間が変更になる場合がございます。詳しくは店舗までお問合せ願います。
日曜営業
定休日
なし",東京都千代田区富士見2-2-9 大山ビル 1Ｆ,https://tabelog.com/tokyo/A1309/A130905/13268866/
228,居酒屋,牛塊丼・牛串・牛塊鍋 大木屋,"営業時間
【月～土】11:30～15:3017:00～22:30(Lo.22:00）
定休日
日・祝（コースご予約は相談可能）",東京都千代田区西神田2-1-2 西神田センタービル 1F,https://tabelog.com/tokyo/A1310/A131003/13283115/
229,居酒屋,個室と地鶏和食 なか匠 神田店,"営業時間
【ランチ】11：30～14：00【ディナー】17：00～23：30
日曜営業
定休日
不定休　ビルの休館日に準じます",東京都千代田区鍛冶町2-1-6 第二櫻井ビル 3F,https://tabelog.com/tokyo/A1310/A131002/13185957/
230,居酒屋,神田ゴタル,"営業時間
ディナー［月〜金］17:00〜23：00フードL.O    22：30ドリンクL.O  22：30［土］17:00〜22：00フードL.O    21：30ドリンクL.O  21：30
定休日
日曜",東京都千代田区神田紺屋町6 松本ビル 1F,https://tabelog.com/tokyo/A1310/A131002/13161704/
231,居酒屋,居酒屋のむず,"営業時間
《営業時間》11:30～24:30■年末年始休業のお知らせ12/31～1/3は休業いたします
日曜営業
定休日
無休(年末年始はお休み予定)",東京都千代田区内神田3-18-8 ホワイト駅前ビル2F,https://tabelog.com/tokyo/A1310/A131002/13102793/
232,居酒屋,四季旬彩とお酒 桃源郷,"営業時間
【平日】ランチ 11:00～14:00【土】ランチ 11:30～14:00ディナー 17:00～23:00 (L.O.22:00)※当店はインボイス制度適格請求書発行事業者です。
日曜営業
定休日
無し(年末年始とGWはお休みを頂きます。)",東京都千代田区神田小川町1-11 千代田小川町クロスタ B1F,https://tabelog.com/tokyo/A1310/A131002/13124740/
233,居酒屋,山さん,"営業時間
ランチ　11:00〜14:00ディナー　17:00〜23:30
日曜営業
定休日
日曜日",東京都千代田区神田富山町30-2 吉田ビル B1F,https://tabelog.com/tokyo/A1310/A131002/13269106/
234,居酒屋,和み家 魚えん,"営業時間
月～金16:00～24:00土祝14:00～24:00■年末年始休業のお知らせ12/31～1/3は休業いたします
定休日
日曜日定休(月曜日が祝日の場合、日曜営業月曜日定休)",東京都千代田区内神田3-18-8 ナルミビル3F,https://tabelog.com/tokyo/A1310/A131002/13128806/
235,居酒屋,個室居酒屋 番屋 神田駅前店,"営業時間
[月～木・土] 17:00～23:00(LO.22:00)[金・祝前日] 17:00～23:30(LO.22:30)
定休日
日曜・祝日",東京都千代田区鍛冶町2-9-3,https://tabelog.com/tokyo/A1310/A131002/13021453/
236,居酒屋,笑よし,"営業時間
ランチ　11:30〜14:00(L.O.13:30)ディナー　16:00〜22:00(L.O.21:30)
定休日
土曜・日曜・祝日",東京都千代田区神田佐久間町1-14 第2東ビル B1F,https://tabelog.com/tokyo/A1310/A131001/13276750/
237,居酒屋,大和屋 音次郎,"営業時間
月～金17：00～23：30土17：00～22：30日祝休業
定休日
日祝、GW、お盆、年末年始",東京都千代田区鍛冶町1-2-12 JR高架下共同ビル 2F,https://tabelog.com/tokyo/A1310/A131002/13200522/
238,居酒屋,完全個室・海鮮旬魚 はなの舞 神田西口駅前店(高架下),"営業時間
【ディナー】月～土　17:00～23:30
定休日
日曜日、祝日、年末年始（12/30~1/2）",東京都千代田区鍛冶町1-2-7,https://tabelog.com/tokyo/A1310/A131002/13051775/
239,居酒屋,ひらりきらり,"営業時間
【月～金】ランチ11:30～14:00（13:30 L.O)＊ランチタイムは全席禁煙。＊ランチ予約不可。【月～金】ディナー17:30～23:00＊「今から来店」希望の方は、直接お電話下さい。＊ディナーは全席喫煙可。
定休日
土曜日、日曜日、祝日",東京都千代田区神田多町2-2-9 マガザン神田III 2F,https://tabelog.com/tokyo/A1310/A131002/13269418/
240,居酒屋,飛騨居酒屋　蔵助,"営業時間
 月曜〜金曜　11:30〜14:00                       17:00〜23:00 土曜 17:00〜23:00
定休日
日曜・祝日",東京都千代田区神田駿河台3-5-15 荒井ビル 2F,https://tabelog.com/tokyo/A1310/A131002/13155297/
241,居酒屋,自家製麺十割そばと地酒 あけぼのや,"営業時間
【火〜金】15:00～23:00（L.O 22:00）【土日祝】11:30～14:30（L.O 14:00）               16:00〜23:00（L.O 22:00）※年末年始営業時間のお知らせ【12/29】 15:00〜22:00 (L.O21:00)【12/30〜1/6】 休業日【1/7】通常営業
日曜営業
定休日
※当面の間毎週月曜日を定休日とさせて頂きます。",東京都千代田区有楽町2-1-16,https://tabelog.com/tokyo/A1301/A130102/13220600/
242,居酒屋,居酒屋おおきに,"営業時間
月〜木　14:00〜2:00(L.O.)1:00金・祝前日　14:00〜4:00(L.O.)3:00土日・祝　14:00〜24:00 (L.O.)23:00
日曜営業
定休日
なし",東京都千代田区内神田3-22-10 竹内ビル 1F,https://tabelog.com/tokyo/A1310/A131002/13268445/
243,居酒屋,大衆飯店かね子,"営業時間
【月～金】16：00～23：00（Lo22：00）【土】14：00～23：00（Lo22：00）【日祝】14：00～22：30（Lo21：30）【定休日】　年末年始28日：16:00~23:00（LO：22:00）29日：14:00~23:00（LO：22:00）30日：14:00~22:00（LO：21:00）3日：16:00~22:00（LO：21:00）
日曜営業
定休日
無し",東京都千代田区神田佐久間町2-11,https://tabelog.com/tokyo/A1310/A131001/13252249/
244,居酒屋,ラム肉酒場 ラムゴロー 神田南口店,"営業時間
■■絶対お得！毎日開催ハッピーアワー■■『120分！全ドリンク！半額！』★18:30までにご入店頂ければ120分ドリンク半額★【月～金】17:00～23:30L.O.フード22:30　ドリンク23:00【土】16:00～23:00L.O.フード22:00　ドリンク22:30
定休日
日曜・祝日◆11/23は祝日ですが営業します！◆",東京都千代田区鍛冶町1-3-7 SWビル 1F・2F,https://tabelog.com/tokyo/A1310/A131002/13262518/
245,居酒屋,鮮選酒場 あられ屋 神田本店,"営業時間
[月～日]16:00～24:00(L.O23:00)
日曜営業
定休日
無し",東京都千代田区鍛冶町2-8-3 マガザン神田,https://tabelog.com/tokyo/A1310/A131002/13291591/
246,居酒屋,串焼 博多松介 神田店,"営業時間
[ランチ] 　※ランチは平日のみ営業 ※ランチは予約不可11:30～14:00 ( LO 13:30)※商品完売で、早閉まいの場合あり[ディナー]17:30～22:00 (フードLO 21:00/ドリンクLO 21:30)※土曜はディナーのみ営業(17時～
定休日
日曜・祝日 ・年末年始 (その他：不定期で店休日あり)",東京都千代田区神田錦町2-2-1 KANDA SQUARE,https://tabelog.com/tokyo/A1310/A131002/13250494/
247,居酒屋,テング酒場 神田南口店,"営業時間
月～金曜日11：30～23：00土曜日16：00～22：30日曜日・祝日定休日※ランチタイムは、湊や磯吉食堂として営業しております。※年末年始、GW、お盆期間は営業日、営業時間が異なる場合がございます。詳しくはテンアライド㈱ホームページにてご確認ください。 
定休日
12月30日～1月3日",東京都千代田区鍛冶町1-2-10,https://tabelog.com/tokyo/A1310/A131002/13145003/
248,居酒屋,沖縄料理と炉端焼き なんくるないさー,"営業時間
【月～金】ランチ11:00〜14:30 / ディナー17:00〜23:00【土･日･祝】ランチ11:00〜15:00 / ディナー 17:00～22:00
日曜営業
定休日
無休 (年末年始を除く)",東京都千代田区外神田4-14-1 秋葉原UDX 3F,https://tabelog.com/tokyo/A1310/A131001/13282182/
249,居酒屋,金市朗 市ヶ谷店,"営業時間
【月〜金】ランチ営業11:30〜14:30ディナー営業17:00〜23:30【土・日・祝】ランチ営業なしディナー営業17: 00〜23:30
日曜営業
定休日
なし",東京都千代田区六番町4-3 GEMS市ヶ谷 6F,https://tabelog.com/tokyo/A1309/A130904/13175166/
250,居酒屋,島の味処 平戸こんね,"営業時間
[月曜～土曜]昼の部/11:30～14:00※ ご飯がなくなり次第で終了となります。夜の部/17:00～22:00(L.O21:30)[日曜&祝日]昼の部/11:30～14:00※ ご飯がなくなり次第で終了となります。夜の部/準備が整い次第～21:00(不定休/L.O.20:30)※ 日曜&祝日は不定休のためSNSなどでご確認ください。
日曜営業
定休日
※ ビルの休館日に準ずる",東京都千代田区有楽町2-10-1 東京交通会館 B1F,https://tabelog.com/tokyo/A1301/A130102/13284225/
251,居酒屋,ダイナミックキッチン＆バー 響 有楽町店,"営業時間
※営業時間変更当面の間以下の時間にて営業致します。＜月～金＞ランチ　　11：00～15：00（LO14:00）ディナー　17：00～22：30（LO21:30）＜土・日・祝＞ランチ　　11：00～15：00（LO14:00）ディナー　17：00～21：30（LO20:30）
定休日
年中無休　　(有楽町イトシアプラザに準ずる)",東京都千代田区有楽町2-7-1 有楽町イトシアプラザ  3F,https://tabelog.com/tokyo/A1301/A130102/13072533/
252,居酒屋,和食 いぶり別邸 有楽町店,"営業時間
【月～土・祝前日・祝日】16:00～23:30（L.O.22:30、ドリンクL.O.23:00）【日】16:00～23:00（L.O.22:00、ドリンクL.O.22:30）
日曜営業
定休日
満席の際は、【新橋店】へお問い合わせください。有楽町店と同じメニュー・コースをご用意致しております。領収書にインボイス番号を印字しております。",東京都千代田区有楽町2-3-6 九重会館ビル 3F,https://tabelog.com/tokyo/A1301/A130102/13253836/
253,居酒屋,東北うまいもん郷土料理個室居酒屋 奥羽本荘 有楽町店,"営業時間
12:00~24:00(通し営業です♪)年中無休で24時まで営業しております。
日曜営業
定休日
無",東京都千代田区有楽町2-3-6 九重会館ビル B1F,https://tabelog.com/tokyo/A1301/A130102/13268608/
254,居酒屋,黒潮 秋葉原本店,"営業時間
【月～日・祝日】16:00～23:30昼宴会承ります！（要予約）※16時迄のご来店は事前予約が必要となりますのでご了承下さい。
日曜営業
定休日
無",東京都千代田区神田佐久間町2-13-27 B1F,https://tabelog.com/tokyo/A1310/A131001/13223146/
255,居酒屋,神田西口 もつ焼のんき,"営業時間
平日　15:00~23:30(L.O.22:30)土日　13:00~23:00(L.O.22:30)
日曜営業
定休日
不定休",東京都千代田区内神田3-10-9 DK愛和ビル 1F,https://tabelog.com/tokyo/A1310/A131002/13277505/
256,居酒屋,テング酒場 神田東口店,"営業時間
月～金曜日11：30～23：00土曜日16：00～23：00日曜日・祝日16：00～22：30※年末年始、GW、お盆期間は営業日、営業時間が異なる場合がございます。詳しくはテンアライド㈱ホームページにてご確認ください。 
日曜営業
定休日
12月31日/１月１日",東京都千代田区鍛冶町2-13-22,https://tabelog.com/tokyo/A1310/A131002/13055829/
257,居酒屋,やきとん三吉 神田店,"営業時間
平日16:00〜24:00土日祝15:00〜24:00
日曜営業
定休日
年末年始",東京都千代田区鍛冶町1-2-15,https://tabelog.com/tokyo/A1310/A131002/13226612/
258,居酒屋,元祖やきとり串八珍 市ヶ谷駅前店,"営業時間
[月～土]16:00～23:00(L.O.フード 22:15／ドリンク 22:30）
定休日
日曜日・祝日",東京都千代田区九段北4-2-15 市ヶ谷プラザビル 2F,https://tabelog.com/tokyo/A1309/A130904/13055683/
259,居酒屋,神田おかめ,"営業時間
[月～金] ランチ 11:30～14:00(L,O)ディナー 17:00～23:00 [土]17:00～23:00
定休日
日曜",東京都千代田区鍛冶町1-10-8 石川第二LKビル 1F,https://tabelog.com/tokyo/A1310/A131002/13282988/
260,居酒屋,Big-Pig 神田カープ本店,"営業時間
★☆★☆★☆ディナー★☆★☆★☆【月曜～金曜】営業時間　17:00～23:00L.O　フード22:15　ドリンク22:30★☆★☆★☆★☆★☆★☆★☆★☆★☆【土】営業時間　16:00~23:00【日】12月10日、17日は17時〜21時で営業しております。プロ野球シーズンオフ中はお休みを頂いております。★☆★☆★☆★☆★☆★☆★☆★☆★☆
日曜営業
定休日
12月24日、12月30日〜1月3日までお休みです。",東京都千代田区内神田3-4-6 富士エレベータービル　Ｂ１Ｆ,https://tabelog.com/tokyo/A1310/A131002/13011303/
261,居酒屋,個室居酒屋 いっすい 有楽町日比谷店,"営業時間
【全日】11:00～24：00（L.O.23:30）※11:00～16:00は、4名様以上のご予約であればご利用可能です。前日までにお電話でご予約くださいませ。
日曜営業
定休日
無し",東京都千代田区有楽町2-3-1 福石ビル 3F,https://tabelog.com/tokyo/A1301/A130102/13285155/
262,居酒屋,酒場 たかや,"営業時間
[月～金]17:30~23:00 (Dinner)[月～金]11:45~14:00 (Lunch)土日不定休
定休日
土日不定休",東京都千代田区神田三崎町2-2-13 八千代ビル1,https://tabelog.com/tokyo/A1310/A131003/13220739/
263,居酒屋,市ヶ谷 巴,"営業時間
平日ランチ　11：00～15：00（L.O.14：30）ディナー　17：00～23：30（L.O.23：00）土・日・祝ランチ　　11：00～15：00（L.O.14：30）ディナー　23：00（L.O.22：00）
日曜営業
定休日
不定休・年末年始",東京都千代田区五番町5-1 JS市ヶ谷ビル B1F,https://tabelog.com/tokyo/A1309/A130904/13213499/
264,居酒屋,無敵酒場 炭焼き市場,"営業時間
16:00～24:00(L.O23:00)
日曜営業
定休日
年中無休",東京都千代田区神田三崎町2-10-10 矢野ビル 1FA,https://tabelog.com/tokyo/A1310/A131003/13269871/
265,居酒屋,炭火焼き ちから 神田店,"営業時間
月～木・土日祝：11:00～翌0:00 （料理L.O. 23:30）金・祝前日　　：11:00～翌5:00 （料理L.O. 翌4:00）※営業時間外のご予約につきましてはお電話で予めご相談下さい
定休日
なし",東京都千代田区内神田3-7-3 三貢ビル 1~4F,https://tabelog.com/tokyo/A1310/A131002/13270981/
266,居酒屋,壱の座 有楽町串酒場,"営業時間
［月～日、祝日、祝前日］ 12:00～翌0:00 （料理L.O. 23:00 ドリンクL.O. 23:30）※12:00～15:00のご利用は前日までのご予約で受付可能です。ランチタイムはご宴会のみ承ります。
日曜営業
定休日
無休",東京都千代田区有楽町2-3-6 九重会館ビル 1F,https://tabelog.com/tokyo/A1301/A130102/13280486/
267,居酒屋,九志焼亭 大手町フィナンシャルシティー グランキューブ店,"営業時間
[ランチ]11:00～14:30（L.O.14:00）[ディナー]17:00～22:30（L.O.22:00)店舗にご確認下さい。
定休日
土曜日、日曜日、祝日",東京都千代田区大手町1-9-2 大手町フィナンシャルシティー グランキューブ B1F-B110,https://tabelog.com/tokyo/A1302/A130201/13202604/
268,居酒屋,すし土風炉 秋葉原店,"営業時間
【平日・祝前日】ランチ11:30-14:30／ディナー14:30-23:00 【土曜日・日曜日・祝日】ランチ12:00－14:30ディナー14:30-22:30・時間は状況により変更する場合がございます。
日曜営業
定休日
無休",東京都千代田区神田佐久間町3-37,https://tabelog.com/tokyo/A1310/A131001/13028349/
269,居酒屋,麹蔵 秋葉原店,"営業時間
ランチ [月～金・祝前] 11:30～14:30(L.O.14:00) [土・日・祝] 11:30～16:30(L.O.16:30) ディナー [月～金・祝前] 17:00～23:00(L.O.22:00) [土] 16:30～23:00(L.O.22:00) [日・祝] 16:30～22:00(L.O.21:00) ＊状況により閉店時間が早まる可能性がございます。
日曜営業
定休日
テラス席営業(3月～10月)年末年始(12/31～1/3)",東京都千代田区神田佐久間町1-8-3 ダイハツ秋葉原ビル　2F,https://tabelog.com/tokyo/A1310/A131001/13110448/
270,居酒屋,2000円 食べ放題飲み放題 居酒屋 おすすめ屋 神田店,"営業時間
全日 17:00～22:00（L.O.21:30）※最終来店時間21:00
日曜営業
定休日
無 ※12/31～1/3は休みとさせて頂きます。",東京都千代田区内神田3-21-8 神田北口合同ビル 4F,https://tabelog.com/tokyo/A1310/A131002/13240413/
271,居酒屋,ビーフン・豚足 ハーヤーチャン,"営業時間
[月～金]11:30～14:00(L.O.13:30)17:00～23:30(L.O.22:30)[土]16:00～23:00(L.O.22:30)
定休日
日曜・祝日（※年末年始のお休み：12/30(土)～1/4(木)はお休みさせて頂きます！）",東京都千代田区丸の内1-7-2,https://tabelog.com/tokyo/A1302/A130201/13290911/
272,居酒屋,完全個室居酒屋 星夜の宴 神田駅前店,"営業時間
16:30～23:30（フードL.O.22：30／ドリンクL.O.23:00）
日曜営業
定休日
無休",東京都千代田区鍛冶町2-1-13 神田駅前大業ビル B1F,https://tabelog.com/tokyo/A1310/A131002/13151023/
273,居酒屋,龍の屋,"営業時間
15:00～24:00（L.O.23:00、ドリンクL.O.24:00）昼宴会はご相談ください。
日曜営業
定休日
無し",東京都千代田区神田佐久間町1-15 川初ビル 7F B,https://tabelog.com/tokyo/A1310/A131001/13284644/
274,居酒屋,さらりーまん割烹 千寿,"営業時間
[月～金]17:00～24:00（L.O.23:30）[土・祝日]17:00〜2１:00（L.O.はお客様次第となります。）
定休日
日曜日、月（祝日）、土（祝日）",東京都千代田区内神田3-12-10 磯見ビル　Ｂ１Ｆ,https://tabelog.com/tokyo/A1310/A131002/13011287/
275,居酒屋,サケリア バンコ,"営業時間
【月～金】16:00～25:00【土、日】15:00～24:00
日曜営業
定休日
不定休",東京都千代田区内神田3-2-10 トーセイホテル ココネ神田 1F,https://tabelog.com/tokyo/A1310/A131002/13275331/
276,居酒屋,珉珉 Otemachi One店,"営業時間
月～金 11:00～23:00（L.O 22:30）土 11:00～22:00（L.O 21:30）
定休日
日・祝",東京都千代田区大手町1-2-1 Otemachi one B204,https://tabelog.com/tokyo/A1302/A130201/13247666/
277,居酒屋,マルヤス酒場 神田店,"営業時間
11：00～翌5：00（L/O4：30）ランチメニューのご提供は11：00～15：00です。
日曜営業
定休日
年中無休",東京都千代田区鍛冶町2-9-3 神田鍛冶町駅前ビル 2F,https://tabelog.com/tokyo/A1310/A131002/13251699/
278,居酒屋,北海道シントク町 塚田農場 秋葉原万世橋店,"営業時間
【月～木】17:00〜23:00（LO.22:00）【金】17:00〜23:30（LO.22:30）【土】12:00〜23:30（LO.22:30）【日祝】12:00〜23:00（LO.22:00）【祝前】17:00〜23:30（LO.22:30）※祝前が休日の場合12:00～23:30（LO.22:30）予告なく営業時間の短縮させて頂くことがございます。予めご了承くださいませ。
日曜営業
定休日
諸般の事情により、予告なく休業させて頂くことがございます。予めご了承くださいませ。営業日については直接店舗へお問い合わせください。",東京都千代田区外神田1-16-1 秋葉原トゥモロービル 5F,https://tabelog.com/tokyo/A1310/A131001/13187771/
279,居酒屋,しまね料理とさばしゃぶの店 主水 有楽町店,"営業時間
【月〜土】11:00〜14:30(LO.14:00)17:00〜23:00(LO.22:30)
定休日
日曜",東京都千代田区丸の内3-2-3 二重橋スクエア B1F,https://tabelog.com/tokyo/A1301/A130102/13290574/
280,居酒屋,手作り居酒屋 たぬき,"営業時間
11：30～24:00土曜日予約のみ営業
定休日
日、祝日",東京都千代田区内神田3-5-5 大同ビル 202,https://tabelog.com/tokyo/A1310/A131002/13259728/
281,居酒屋,福丸,"営業時間
[月～金]12:00～26:00(L.O 25:00)[土・日・祝]12:00～26:00(L.O 25:00)
日曜営業
定休日
無し",東京都千代田区神田佐久間町1-16 大橋ビル 3F-B,https://tabelog.com/tokyo/A1310/A131001/13289637/
282,居酒屋,和風個室居酒屋 灯 有楽町日比谷店,"営業時間
[月～金]14:00～24:00(L.Oフード23:00・ドリンク23:30)[土・日・祝]15:00～24:00(L.Oフード23:00・ドリンク23:30)
定休日
なし",東京都千代田区有楽町1-6-1 第二日比谷ビル 7F,https://tabelog.com/tokyo/A1301/A130102/13274500/
283,居酒屋,居酒屋 栄 有楽町駅前店,"営業時間
月～金・祝前日・祝日ディナー　15:00～24:00（L.O.23:00、ドリンクL.O.23:00） 土・日ランチ・ディナー　12:00～24:00（L.O.23:00、ドリンクL.O.23:00） 
定休日
年中無休",東京都千代田区有楽町1-2-9 2Ｆ・3Ｆ・4Ｆ,https://tabelog.com/tokyo/A1301/A130102/13213293/
284,居酒屋,串八珍 大手町ファーストスクエア店,"営業時間
【ランチ】11:00～14:00【ディナー】17:00～22:45（L.O.22:15）
定休日
【土曜・日曜・祝日】",東京都千代田区大手町1-5-1 大手町ファーストスクエア B1F,https://tabelog.com/tokyo/A1302/A130201/13259948/
285,居酒屋,酒蔵レストラン宝 東京国際フォーラム店,"営業時間
[月～金]11:30～14:30(L.O.14:00)17:00～22:00(L.O.F21:00 D21:30)[祝]11:30～15:30(L.O.15:00)17:00～22:00(L.O.F21:00 D21:30)
定休日
年末年始　12/31～1/5",東京都千代田区丸の内3-5-1 東京国際フォーラム B1F,https://tabelog.com/tokyo/A1301/A130102/13004073/
286,居酒屋,九州うまいもんと焼酎 芋蔵 霞が関店,"営業時間
【ランチ】月～金　　　11:00～14:30（L.O14:00)【ディナー】月～木　　　17 :00～22:30(L.O 22:30)金・祝前日　17:00～23:00(L.O 22:00)
定休日
　土・日・祝日",東京都千代田区霞が関3-2-6 東京倶楽部ビルディング　2F,https://tabelog.com/tokyo/A1308/A130802/13181262/
287,居酒屋,九州炭火酒場ばってん はなれ 神田北口店,"営業時間
[月～木]16:00～26:00[金・祝前日]16:00～27:30[土・日・祝日]15:00～24:00
日曜営業
定休日
年中無休",東京都千代田区内神田3-21-3 神田高橋ビル 1F～3F,https://tabelog.com/tokyo/A1310/A131002/13286139/
288,居酒屋,肉と魚の日本酒酒場 あんず,"営業時間
全日16:00〜翌4:00営業時間はお客様の状況で早く閉めることがあります。電話での確認お願い致します。
日曜営業
定休日
無し",東京都千代田区内神田3-12-5 渡辺住研ビル 1F,https://tabelog.com/tokyo/A1310/A131002/13276419/
289,居酒屋,KICHIRI 秋葉原,"営業時間
【月〜金、土日】17:00～23:00（L.O.:22:00)12月15日、22日、29日金曜日のみ17:00~25:00(LO:24:00)
日曜営業
定休日
無休",東京都千代田区神田佐久間町1-13 チョムチョム秋葉原 3F,https://tabelog.com/tokyo/A1310/A131001/13052355/
290,居酒屋,焼き鳥とワイン＋ビストロおでん 3B 神保町,"営業時間
＜通常営業＞17:00〜23:00（L.O.22:30）＜日曜及び連休最終日＞16:00〜22:00（L.O.21:30）※月曜日が祝日の場合、その前日の日曜日は＜通常営業＞の時間となります。
日曜営業
定休日
なし",東京都千代田区神田神保町1-18-10 三光ビル1F,https://tabelog.com/tokyo/A1310/A131003/13241579/
291,居酒屋,くいものや じゃぽん 分店,"営業時間
11:00〜15:0017:00〜24:00
定休日
日・祝",東京都千代田区一ツ橋1-1-1 パレスサイドビル B1F,https://tabelog.com/tokyo/A1302/A130201/13290329/
292,居酒屋,秋葉原メンゲキ酒場,"営業時間
【月～土】　11：00～22：30（券売機22：00ラストオーダー）【日祝】　11：00～21：30（券売機21：00ラストオーダー）飲み放題＆居酒屋メニュー提供月～金　15：00～21：30土曜　　11：00～21：30日祝　　11：00～20：30※平日11：00～15：00までは券売機にて、らーめん、お飲み物、おつまみのご用意もしております。
日曜営業
定休日
なし",東京都千代田区外神田4-14-1 秋葉原UDXビル 2F,https://tabelog.com/tokyo/A1310/A131001/13241545/
293,居酒屋,スミビトケムリ 神田店,"営業時間
[土～木]16:00～25:00[金曜日、祝前]16:00～29:00【年末の注意事項】12月6日より全日2時間制となります。予めご了承くださいませ。【年末年始の営業について】12/31(日)〜1/2(火)まで休業、1/3(水)〜通常営業となります！領収書にインボイス番号を印字しております。
日曜営業
定休日
年中無休※【年末年始の営業について】12/31(日)〜1/2(火)まで休業、1/3(水)〜通常営業",東京都千代田区鍛冶町1-7-19 大越ビル 1F,https://tabelog.com/tokyo/A1310/A131002/13252900/
294,居酒屋,ニユートーキヨー　庄屋 丸の内センタービル店,"営業時間
11:00～22:00(CLOSE 14:30～17:00)
定休日
土・日・祭日",東京都千代田区丸の内1-6-1 丸の内センタービル B1F,https://tabelog.com/tokyo/A1302/A130201/13055148/
295,居酒屋,水道橋 寿司個室居酒屋 魚秀,"営業時間
16:00~24:00
日曜営業
定休日
不定休",東京都千代田区神田三崎町2-20-10 勝又ビル 5Ｆ-A,https://tabelog.com/tokyo/A1310/A131003/13275803/
296,居酒屋,日本酒 炉端焼き 郷味 本店,"営業時間
ランチ　11:30～14:00ディナー　17:00～23:00（L.O 22：30）
定休日
日曜日.祝日",東京都千代田区神田和泉町1-4-1 カーサビアンカ 1F,https://tabelog.com/tokyo/A1310/A131001/13034632/
297,居酒屋,元祖やきとり串八珍 岩本町店,"営業時間
【ランチ】（平日）11:30～13:30【ディナー】（月～土）16:00～23:00（L.O. フード 22:15　ドリンク 22:30）
定休日
日・祝",東京都千代田区岩本町2-5-9 パステルコート神田岩本町1F,https://tabelog.com/tokyo/A1310/A131002/13101224/
298,居酒屋,肉と日本酒いぶり 有楽町店,"営業時間
【月～土】16:00～23:30（L.O.22:30、ドリンクL.O.23:00）【日】16:00～23:00（L.O.22:00、ドリンクL.O.22:30）
日曜営業
定休日
年中無休〈年末年始を除く〉少人数～団体までご案内可能な個室完備♪様々な宴会シーンにピッタリです。領収書にインボイス番号を印字しております。",東京都千代田区有楽町2-3-6 九重会館ビル 5F,https://tabelog.com/tokyo/A1301/A130102/13243613/
299,居酒屋,個室居酒屋 吟楽 有楽町駅前店,"営業時間
【通常営業】16:00〜24:00(L.O food 23:00、drink 23：30)
日曜営業
定休日
年中無休",東京都千代田区有楽町2-3-6 九重会館ビル 6F,https://tabelog.com/tokyo/A1301/A130102/13266155/
300,居酒屋,完全個室居酒屋 串ばってん 有楽町店,"営業時間
12:00〜24:00
日曜営業
定休日
なし",東京都千代田区有楽町2-3-6 九重会館 4F,https://tabelog.com/tokyo/A1301/A130102/13264573/
301,居酒屋,個室居酒屋 北の大地,"営業時間
12:00〜24:00
日曜営業
定休日
なし",東京都千代田区有楽町2-3-6 九重会館 7F,https://tabelog.com/tokyo/A1301/A130102/13267763/
302,居酒屋,大衆韓国酒場 チュルギダ,"営業時間
【ランチ】10:00～14:00【ディナー】14:00～23:00
定休日
土・日・祝",東京都千代田区鍛冶町1-9-19 GEMS新日本橋 2F,https://tabelog.com/tokyo/A1310/A131002/13288627/
303,居酒屋,麹蔵 有楽町晴海通り本店,"営業時間
現在閉店時間は～23:00となっております。　　通常【平日・祝前日】11:30-14:30／17:00-23:00【土曜】11:30-15:00／17:00-23:00【日曜・祝日】11:30-15:00／17:00-22:00月火限定コース\3980平日定番ｺｰｽ　飲み放題付\5000土日祝は　お得な割引できます。
日曜営業
定休日
12月31、1月1、2は休業。",東京都千代田区有楽町1-6-4 千代田ビル　Ｂ１Ｆ・Ｂ２Ｆ,https://tabelog.com/tokyo/A1301/A130102/13020094/
304,居酒屋,鴨ときどき馬 神保町本店,"営業時間
2023年7月25日OPEN！■月～木金・祝前　17:00～23:30■土日祝		　16:00～23:00		
日曜営業
定休日
無",東京都千代田区神田神保町1-2-12 アイビー第一ビル B1F,https://tabelog.com/tokyo/A1310/A131003/13286555/
305,居酒屋,兼坂 東京丸の内店,"営業時間
通常営業16:00～24:00
定休日
不定休",東京都千代田区大手町2-5-6 1F,https://tabelog.com/tokyo/A1302/A130201/13211397/
306,居酒屋,風舞,"営業時間
【月～金】11:30～14:00 17:30～23:00料理L.O.22:00／飲み物L.O.22:30）
定休日
土・日・祝",東京都千代田区九段南3-5-7 エミナンス九段　Ｂ１Ｆ,https://tabelog.com/tokyo/A1308/A130803/13033733/
307,居酒屋,板前バル LIVE FISH MARKET 日比谷グルメゾン店,"営業時間
LunchEveryday 11:00～15:00(土日祝日はランチメニューの提供は行っておりません。終日ディナーメニューのみのご案内となります。)DinnerMon-Fri   17:00~23:30Saturday 15:00～23:30Sunday   15:00～23:00（土日祝日はアイドルタイムがございませんので、何時にご入店いただいてもお食事をとっていただけます。）
日曜営業
定休日
なし(年末年始だけお休みを頂戴します）",東京都千代田区内幸町1-7-21 日比谷グルメゾン,https://tabelog.com/tokyo/A1301/A130101/13247581/
308,居酒屋,I Love Gyoza アキバの竜王 秋葉原総本店,"営業時間
【平日】 16:00〜23:30【土】14:00〜23:30【金曜・祝前日】16:00～27:00【土日祝】14:00〜23:00
日曜営業
定休日
不定休",東京都千代田区神田佐久間町3-37 MK佐久間町ビル 1F,https://tabelog.com/tokyo/A1310/A131002/13170231/
309,居酒屋,海鮮×日本酒 完全個室居酒屋 まぐろ奉行とかに代官 有楽町店,"営業時間
月～金 15:00～24:00（L.O.23:00、ドリンクL.O.23:30）土・日・祝日 12:00～24:00（L.O.23:00、ドリンクL.O.23:30）
日曜営業
定休日
年中無休",東京都千代田区有楽町2-3-6 九重会館ビル 2F,https://tabelog.com/tokyo/A1301/A130102/13274848/
310,居酒屋,水炊き・焼鳥・鶏餃子 とりいちず 水道橋店,"営業時間
※以下の時間帯で営業致します※【全日】11:45～24:00(L.O.23:00)※12月28日～1月3日：年末年始料金10％いただきます。
日曜営業
定休日
無休！　◆絶品水炊きとデカ旨焼鳥がおすすめのコスパ最強居酒屋♪プレモル中ジョッキが税込219円とコスパも最強！◆大人数宴会可能！…会社宴会・打ち上げ・飲み会等の各種宴会に是非ご利用ください！",東京都千代田区神田三崎町2-10-10 後楽ビル 1F,https://tabelog.com/tokyo/A1310/A131003/13246812/
311,居酒屋,個室 串天 鮮魚 二十四区 末広町店,"営業時間
月～金平日ランチ：11時半～14時ディナー：17時～23時半
定休日
無",東京都千代田区外神田2-14-5 B1F,https://tabelog.com/tokyo/A1311/A131101/13245091/
312,居酒屋,和食バル 音音 八重洲鉄鋼ビル店,"営業時間
＜月～金＞11:00～14:3017:00～23:00＜土日祝＞11:00～22:00
日曜営業
定休日
無休",東京都千代田区丸の内1-8-2 鉄鋼ビル南館 B1F,https://tabelog.com/tokyo/A1302/A130201/13187744/
313,居酒屋,個室ダイニング ウメ子の家 有楽町駅前店(銀座),"営業時間
17:00～23:30 ※営業時間前も宴会可能！(早割・遅割特典有)※公式ホームページにも、分かりやすくお得な情報が満載です!!以下の『お店のホームページ』からお越しください♪
日曜営業
定休日
無",東京都千代田区有楽町2-3-5 aune有楽町 7Ｆ,https://tabelog.com/tokyo/A1301/A130102/13039693/
314,居酒屋,和食バル 音音 御茶ノ水ソラシティ店,"営業時間
[平日]ランチ11：30～14：30ディナー17：00～23：00[土日祝]ランチ11：30～14：30ディナー17：00～21：00
定休日
【年末年始は休業。  個室７部屋あり、日本酒も希少種を含む45種類ありお好きな日本酒が見つけられます！",東京都千代田区神田駿河台4-6 御茶ノ水ソラシティビル B1F,https://tabelog.com/tokyo/A1310/A131002/13181671/
315,居酒屋,個室居酒屋 道らく 水道橋店,"営業時間
 11:00～翌0:00 （料理L.O. 23:00 ドリンクL.O. 23:30）※11:00～15:00は、前日までにご予約いただいた場合のみ営業いたします。
日曜営業
定休日
年中無休",東京都千代田区神田三崎町3-7-12 原田ビル 2F,https://tabelog.com/tokyo/A1310/A131003/13229596/
316,居酒屋,魚と日本酒 どまん中 はなれ 秋葉原店,"営業時間
[月曜日～土曜日]  毎日営業中！！16:00～23:00（L.O.22:30）※『日曜日は同ビル1階コドマにて営業中』12:00〜21:00（L.O.20:30）
日曜営業
定休日
年末年始（12月31日～1月4日）",東京都千代田区神田佐久間町3-28 E&Tビル B1F,https://tabelog.com/tokyo/A1310/A131001/13223597/
317,居酒屋,魚海船団 小川町店,"営業時間
【月曜日～金曜日】◆15:00～23:30【土曜日】◆15:00～22:30
定休日
日曜日、祝日",東京都千代田区神田小川町1-8-3 小川町北ビル B1F,https://tabelog.com/tokyo/A1310/A131002/13261482/
318,居酒屋,魚の旨い店 飯田橋本店,"営業時間
[月～日]11:30～ 15:00（L.Ｏ.14:30）17:00～ 23:00（L.Ｏ.22:30）※土日祝は昼飲み予約受付中！！
日曜営業
定休日
不定休",東京都千代田区飯田橋4-4-12,https://tabelog.com/tokyo/A1309/A130905/13140611/
319,居酒屋,東京 壽,"営業時間
【昼】11:00～14:30（L.O.14:00)【月〜土夜】16:00～23:00（L.O.22:00）【日・祝夜】16:00～22:00（L.O.21:00）
日曜営業
定休日
年中無休",東京都千代田区丸の内1-9-1 東京駅一番街 2F 東京グルメゾン,https://tabelog.com/tokyo/A1302/A130201/13221765/
320,居酒屋,大衆酒場 五郎 神田西口店,"営業時間
【月曜・火曜・土曜】営業時間　16:00～23:00【水曜・木曜・金曜】営業時間　16:00～24:00★12月末まで限定で水・木・金は営業時間を延ばします。終電ギリギリまで五郎で盛り上がりましょう！！
定休日
日曜日・祝日",東京都千代田区内神田3-4-6 富士エレベータービル 1F,https://tabelog.com/tokyo/A1310/A131002/13150545/
321,居酒屋,山陰海鮮 炉端かば 丸の内店,"営業時間
[月～土・祝日]11:30～15:00【ラストオーダー14:30】17:00～23:00【ラストオーダー22:00】
定休日
日曜日",東京都千代田区丸の内1-4-1 丸の内永楽ビルディング B1F,https://tabelog.com/tokyo/A1302/A130201/13136029/
322,居酒屋,焼貝 あこや 日比谷店,"営業時間
平日 　   [ランチ11:00〜14:30(L.O14:00)]             [ディナー17:00〜22:30(L.O22:00)土日祝日 [ランチ11:00〜15:00(L.O14:30)]             [ディナー17:00〜22:30(L.O22:00)
日曜営業
定休日
不定休",東京都千代田区内幸町1-7-1 日比谷OKUROJI G25,https://tabelog.com/tokyo/A1301/A130103/13252066/
323,居酒屋,がブリチキン。 水道橋店,"営業時間
火~金17:00~24:00土曜・日曜・祝日（ドームイベントにより変動）15:00~24：00土・日・祝日は店舗に確認下さい
日曜営業
定休日
不定休　電話に確認して下さい。",東京都千代田区神田三崎町2-9-6 利久堂ビル 1F,https://tabelog.com/tokyo/A1310/A131003/13204250/
324,居酒屋,トロ政 有楽町日比谷店,"営業時間
年末営業　12月6日〜31日は朝まで営業11:30〜29:00通常営業［月〜木］11:30〜24:00[金〜土、祝前日］11:30〜28:30［日、祝日］11:30〜24:00
日曜営業
定休日
なし",東京都千代田区有楽町1-2-10 錦ビル 1F・B1F,https://tabelog.com/tokyo/A1301/A130102/13257384/
325,居酒屋,明神丸 竹橋パレスサイドビル店,"営業時間
[月～金]11:30~14:00(L.O. 13:30)17:00~22:00(フードL.O21:15　アルコールL.O 21:30)[土]15：00～22：00(フードL.O21:15　アルコールL.O 21:30)
定休日
日曜・祝日　施設に順ずる",東京都千代田区一ツ橋1-1-1 パレスサイドビル B1F,https://tabelog.com/tokyo/A1302/A130201/13207972/
326,居酒屋,すすきの 大助 TOKYO,"営業時間
【月～金】ディナー　17:00～23:00（L.O.22:30）【月～金】ランチ　11:30～14:00（L.O.13:30） 
定休日
土曜日、日曜日、祝日、年末年始、お盆",東京都千代田区鍛冶町1-9-19 GEMS新日本橋 B1F,https://tabelog.com/tokyo/A1310/A131002/13227258/
327,居酒屋,魚心,"営業時間
[月～木・日]12:00～24:00(L.O23:00)[金・土・祝前・祝]11:00～翌5:00(L.O翌4:00)
日曜営業
定休日
無し",東京都千代田区神田三崎町2-22-18 6F,https://tabelog.com/tokyo/A1310/A131003/13278936/
328,居酒屋,三番酒場,"営業時間
16:00～翌0:00(L.O. 23:30)
定休日
日曜日",東京都千代田区内神田3-4-5 林東京第一ビル 1F,https://tabelog.com/tokyo/A1310/A131002/13291092/
329,居酒屋,匠 水道橋店,"営業時間
[月～土]ランチ 11:30～15:00(L.O.14:30)[月～日] ディナー 16:30～23:10(L.O.22:50)
日曜営業
定休日
年末年始",東京都千代田区神田三崎町2-18-9 二葉第三ビル　１Ｆ,https://tabelog.com/tokyo/A1310/A131003/13029544/
330,居酒屋,東京串焼倶楽部 秋葉原店,"営業時間
11:30～24:00フード23：00(L.O)ドリンク23：30(L.O)
日曜営業
定休日
なし",東京都千代田区外神田1-18-19 秋葉原プロジェクトビル 5F,https://tabelog.com/tokyo/A1310/A131001/13240138/
331,居酒屋,九州藩 大手町店,"営業時間
[月～金]ランチ　11:00～14:00ディナー17:00～23:00(L.O.22:00)
定休日
土曜日、日曜日、祝日",東京都千代田区内神田2-2-1 鎌倉河岸ビル B1F,https://tabelog.com/tokyo/A1302/A130201/13257123/
332,居酒屋,九段ごち屋,"営業時間
月～金11:30～14:00(L.O） 17:00〜23:00営業時間は23時閉店　22:30ラストオーダー。
定休日
土曜不定休　日・祝",東京都千代田区九段北1-9-14 九段リハイム　１Ｆ,https://tabelog.com/tokyo/A1309/A130906/13039433/
333,居酒屋,日本酒バルかぐら,"営業時間
■営業時間【月〜金】16:00～23:00【土、日、祝日】15:00〜22:00営業時間外でも団体様（20名以上）でしたら対応可能です、ご相談ください。
日曜営業
定休日
無し",東京都千代田区神田多町2-2-3 1F,https://tabelog.com/tokyo/A1310/A131002/13217909/
334,居酒屋,海鮮 日本酒 ほっこり 霞が関店,"営業時間
[月～金・祝前日]　　　　　　　　　　　　　　　　　　　　　　11：00～14：30（LO　14：00）17：00～23：00（LO　21：30、ドリンクLO22：30）※2022年12月28日、2023年1月4日は22時まで営業となります。ご了承よろしくお願いいたします。テイクアウト・デリバリー「月～金」11:00～14:00、17:00～21：30
定休日
土・日・祝、年末年始（2022年12/29～2023年１/3まで休業）",東京都千代田区霞が関3-2-6 東京倶楽部ビルディング  2F,https://tabelog.com/tokyo/A1308/A130802/13048642/
335,居酒屋,和びすとろ SAKU 飯田橋店,"営業時間
平日　昼11:30-14:00　　　夜17:00-23:30土   　夜17:00-23:00日　　夜17:00-23:00
日曜営業
定休日
無休",東京都千代田区富士見2-3-1 信幸ビル 102,https://tabelog.com/tokyo/A1309/A130905/13219525/
336,居酒屋,えびず永山 大手町店,"営業時間
[月～木] 17:00～23：30[金・祝前日] 17:00～24：00[土] 16:00～23:00[日・祝]17：00～22：00ランチ［月～金］11：30～14：00
日曜営業
定休日
不定休日あり",東京都千代田区大手町2-5-12 1F,https://tabelog.com/tokyo/A1302/A130201/13137854/
337,居酒屋,神田のまぐろトラエモン 神田駅前店,"営業時間
17:00～23:00（LO22:00）【12月31日～1月3日の営業時間について】17:00～22:00(L.o21:00)となります。「当店は現在インボイス制度未登録の為、領収書などに登録番号等は記載されません。領収書が必要なお客様はご留意下さい。」
日曜営業
定休日
1月1日",東京都千代田区鍛冶町1-7-4 博栄ビル B1・B2,https://tabelog.com/tokyo/A1310/A131002/13194711/
338,居酒屋,炭火焼き鳥 串八珍 靖国総本店,"営業時間
ディナー16：00～23：00（L.O. フード 22:15　ドリンク 22:30）
日曜営業
定休日
無休",東京都千代田区九段北1-3-2 大橋ビル　２Ｆ,https://tabelog.com/tokyo/A1309/A130906/13036582/
339,居酒屋,四川大衆 ハオワール,"営業時間
平日 ランチ　 11:30 〜 14:00 (L.O13:30)　　 ディナー 18:00 〜 23:00 (L.O22:00)土曜 ディナー18:00 〜 23:00（L.O22:00）　
定休日
日曜日",東京都千代田区神田神保町1-48-3,https://tabelog.com/tokyo/A1310/A131003/13227255/
340,居酒屋,やきとり やきとん元気 清美通り店,"営業時間
月~木曜日：12:00~23:30（L.O.22:30）金曜日　　：12:00~24:00（L.O.23:30）日〜祝前日:14:00~23:30 （L.O.22:30）
日曜営業
定休日
なし",東京都千代田区神田佐久間町2-14-7 EIWAビル 1F,https://tabelog.com/tokyo/A1310/A131001/13238879/
341,居酒屋,全席個室 楽蔵 御茶ノ水駅前店,"営業時間
17:00～23:30 ※営業時間前も宴会可能！(早割・遅割特典有)※公式ホームページにも、分かりやすくお得な情報が満載です!!以下の『お店のホームページ』からお越しください♪
日曜営業
定休日
日・祝",東京都千代田区神田駿河台2-2-4 御茶ノ水駅前ビル 4・5Ｆ,https://tabelog.com/tokyo/A1310/A131002/13156610/
342,居酒屋,肉もつ屋 神坊,"営業時間
終日11:30～25:00
定休日
無休 (12/31～1/3のみ休み）",東京都千代田区神田神保町2-14-4 1F,https://tabelog.com/tokyo/A1310/A131003/13230451/
343,居酒屋,四国味遍路88屋 丸の内店,"営業時間
【ランチ/LUNCH】月～金：11:00～14:30（LO14:00）【ディナー/DINNER】月～金：17:00～23:00（L.O.22:00）土曜日：17:00～22:00（L.O.21:00）※2024年1月2日・3日はランチ営業のみ（限定メニュー）
定休日
日曜日・ 祝日 / 2023年12月30日～2024年1月1日は休業/土曜日はディナーのみ営業",東京都千代田区丸の内1-4-1 丸の内永楽ビルディング B1F,https://tabelog.com/tokyo/A1302/A130201/13136028/
344,居酒屋,肉と魚と日本酒 日本酒バル 金子家,"営業時間
月～金: 18:00～翌0:00 （料理L.O. 23:00 ドリンクL.O. 23:30）土、日、祝日: 14:00～翌0:00 （料理L.O. 23:00 ドリンクL.O. 23:30）時間外でもご予算・人数・コース等によりご相談承ります♪予約日の5日前までの応相談ください。※当日のキャンセルはキャンセル料金を100％頂戴しておりますコース予約：コース代金の100％ ／席のみ予約：お
日曜営業
定休日
無し",東京都千代田区神田三崎町3-7-13 田中ビル 5F,https://tabelog.com/tokyo/A1310/A131003/13226521/
345,居酒屋,日和 有楽町店,"営業時間
月～日・祝前日・祝日16:00～24:00（L.O.23:00、ドリンクL.O.23:30）
日曜営業
定休日
不定休日あり",東京都千代田区有楽町1-2-7 有楽町金田ビル 7F,https://tabelog.com/tokyo/A1301/A130102/13289628/
346,居酒屋,鍛冶屋 文蔵 丸の内 国際フォーラム前店,"営業時間
16:00～23:00（L.O.22:30）　※ランチ営業は宴会のみ相談可※営業時間は予告なく変更になる場合がございます。 
日曜営業
定休日
無休",東京都千代田区丸の内3-7-18,https://tabelog.com/tokyo/A1301/A130102/13031407/
347,居酒屋,MY Shokudo Dining & Sakaba,"営業時間
ランチ11:30～13:30（就業者限定）ディナー17:30～23:00（一般開放）<L.o フード22:00/ドリンク22:30>
定休日
土日祝休み",東京都千代田区大手町2-6-4 TOKYO TORCH Terrace 3F,https://tabelog.com/tokyo/A1302/A130201/13262724/
348,居酒屋,鍛冶屋 文蔵 大手町店,"営業時間
１６：００～２３：0０（LO２2：3０）※営業時間は予告なく変更になる場合がございます。 
日曜営業
定休日
無休",東京都千代田区大手町2-5-1,https://tabelog.com/tokyo/A1302/A130201/13033456/
349,居酒屋,鍛冶屋 文蔵 有楽町店,"営業時間
16:00～23:00（L.O.22:30）※営業時間は予告なく変更になる場合がございます。 
日曜営業
定休日
無休",東京都千代田区有楽町2-1-11,https://tabelog.com/tokyo/A1301/A130102/13167526/
350,居酒屋,居酒屋 かまどか 飯田橋店,"営業時間
全日16時～23時ラストオーダーフード22：30ドリンク22：45
日曜営業
定休日
年中無休",東京都千代田区飯田橋4-7-8 第３山商ビルｉタワー　６Ｆ,https://tabelog.com/tokyo/A1309/A130906/13026766/
351,居酒屋,小樽横丁 有楽町店,"営業時間
[月～金]17:00～22:30(ＦL.O.2130/DLO.22:00)[土]17:00～22:00(LO.21:00)
定休日
日曜祝日",東京都千代田区丸の内3-7-17,https://tabelog.com/tokyo/A1301/A130102/13138326/
352,居酒屋,北の味紀行と地酒 北海道 大手町店,"営業時間
＜営業時間＞【月～金】ランチ　　11:00～14:30(LO14:00)ディナー　16:30～23:00(フードLO22:30/ドリンクLO22:45)【土日祝】店休
定休日
土曜日・日曜日・祝日　12/30～2024/1/3はビル休のためお休み",東京都千代田区大手町1-8-1 KDDI大手町ビル B1F,https://tabelog.com/tokyo/A1302/A130201/13125433/
353,居酒屋,矢まと 御茶ノ水店,"営業時間
［月～金］ランチ11:30～14:30（L.O.14:00）ディナー17:00～22:30(L.O.22:00)　※営業時間は予告なく変更になる場合がございます。 
定休日
土曜・日曜・祝日",東京都千代田区神田駿河台1-2-5 神田駿河台ビル　Ｂ１Ｆ,https://tabelog.com/tokyo/A1310/A131002/13093291/
354,居酒屋,かまどか 秋葉原店,"営業時間
全日11時～23時ラストオーダーフード22：30ドリンク22：45▼2022/10/1～は下記営業時間となります。11時～23時
日曜営業
定休日
年中無休",東京都千代田区外神田1-18-19 BiTO AKIBA 6F,https://tabelog.com/tokyo/A1310/A131001/13240311/
355,居酒屋,初つぼみ 霞が関店,"営業時間
11:30～14:30（オーダーストップ　14:00）17:00～22:00（オーダーストップ　21:30）※営業時間は予告なく変更になる場合がございます。 
定休日
土・日・祝",東京都千代田区霞が関3-3-2 新霞ヶ関ビル　１Ｆ,https://tabelog.com/tokyo/A1308/A130802/13033245/
356,居酒屋,鍛冶屋 文蔵 神田須田町店,"営業時間
[月～金]16:00～23:00(LO22:30)※営業時間は予告なく変更になる場合がございます。 
定休日
土曜・日曜・祝日",東京都千代田区神田須田町2-7,https://tabelog.com/tokyo/A1310/A131002/13055104/
357,居酒屋,爐端本店,"営業時間
[月〜金]11:30〜14:30 ランチ17:00〜23:30 ディナー(23:00LO)[土日祝日]17:00〜23:00(22:30LO)
日曜営業
定休日
不定休",東京都千代田区有楽町1-3-8,https://tabelog.com/tokyo/A1301/A130102/13007922/
358,居酒屋,鍛冶屋 文蔵 秋葉原店,"営業時間
［月～金］16:00～23:00(L.O.22:30)［土日祝］16:00～22:30(L.O.22:00)※営業時間は予告なく変更になる場合がございます。 
日曜営業
定休日
年中無休",東京都千代田区神田佐久間町3-37-9,https://tabelog.com/tokyo/A1310/A131001/13028281/
359,居酒屋,鍛冶屋 文蔵 駿河台店,"営業時間
［月～金］ランチ　　11:30～14:30（L.O.14:00）ディナー　17:00～23:00（L.O.22:30）※営業時間は予告なく変更になる場合がございます。 
定休日
土・日・祝日",東京都千代田区神田駿河台3-6 全電通労働会館 B1F,https://tabelog.com/tokyo/A1310/A131002/13130907/
360,居酒屋,北の味紀行と地酒 北海道 秋葉原店,"営業時間
※営業時間や酒類提供に関する提供時間・人数制限、その他条件等は行政の要請に準じております。今後も行政の要請により内容を予告なく変更する場合がございます。＜営業時間＞17:00～23:00(フードLO22:30/ドリンクLO22:45)
定休日
なし",東京都千代田区外神田1-16-1 トゥモロービル　８Ｆ,https://tabelog.com/tokyo/A1310/A131001/13017268/
361,居酒屋,鍛冶屋 文蔵 飯田橋店,"営業時間
[月～土]16:00～23:00(L.O.22:30) [日・祝]16:00～22:30(L.O.22:00) ※営業時間は予告なく変更になる場合がございます。※5/14より、日・祝の閉店時間を22:30に変更させていただきます。 
日曜営業
定休日
無休",東京都千代田区飯田橋4-7-8 第３山商ビルｉタワー　B1F,https://tabelog.com/tokyo/A1309/A130906/13124688/
362,居酒屋,串焼 なかま,"営業時間
[月～木] 16時〜25時[金]16時〜翌2時祝祭日は営業時間が変わります
定休日
毎週日曜日",東京都千代田区鍛冶町1-3-8,https://tabelog.com/tokyo/A1310/A131002/13277577/
363,居酒屋,霧笛屋 八重洲口 東京グランアージュ店,"営業時間
 [月～金]11：00～14：30 (LO 14：00)16：00～23：00 (LO 22：30)[土、日、祝]店休
定休日
土・日・祝",東京都千代田区丸の内1-11-1 パシフィックセンチュリープレイス丸の内 B1F,https://tabelog.com/tokyo/A1302/A130201/13220563/
364,居酒屋,甘太郎 秋葉原店,"営業時間
＜営業時間＞月～木16:00～23:00(LO22:30)金16:00～23:30(LO22：30)土12：00～23:30(LO22：30)日・祝日12:00～23:00(LO22:30)
日曜営業
定休日
-",東京都千代田区外神田1-16-1 トゥモロービル　７Ｆ,https://tabelog.com/tokyo/A1310/A131001/13052027/
365,居酒屋,神田 福富,"営業時間
【ランチ】11：30～14：00【ディナー】17：00～23：30
日曜営業
定休日
不定休",東京都千代田区鍛冶町2-1-6 第二櫻井ビル 3F-K,https://tabelog.com/tokyo/A1310/A131002/13290824/
366,居酒屋,コマツ神田 西口商店街,"営業時間
[月～木]【ディナー】17:00～翌0:00[金]【ディナー】17:00～翌2:00[土]【ディナー】15:00～翌2:00[日祝]【ディナー】15:00～翌0:00
日曜営業
定休日
不定休",東京都千代田区内神田2-11-8,https://tabelog.com/tokyo/A1310/A131002/13233709/
367,居酒屋,なかめのてっぺん 丸の内,"営業時間
[月～金]ランチ　11:00～14:30（L.O.14:00）ディナー　17:00～23:30（L.O.23:00）[土]ディナー　17:00～23:00（L.O.22:30）[日祝]ディナー　17:00〜22:00 (L.O.21:30)
日曜営業
定休日
不定休",東京都千代田区丸の内1-4-1 丸の内永楽ビルディング iiyo!!（イーヨ!!） B1F,https://tabelog.com/tokyo/A1302/A130201/13136061/
368,居酒屋,浜焼太郎 神保町店,"営業時間
（月曜日～金曜日）１７：００～２３：００　LO22:30分（土曜日、祭日）　１７：００～２２：００　LO21:30分（日曜日）　店休
定休日
日曜日、年末年始　(12月３０日～１月８日）",東京都千代田区神田神保町1-16-2 武藤ビル 1F・2F,https://tabelog.com/tokyo/A1310/A131003/13288040/
369,居酒屋,矢まと 神田駅前店,"営業時間
【月～金】16:00～23:00（L.O.22:30） 【土・日・祝】16:00～22:00（L.O.21:30）※12/2より、土日祝の営業時間を22:00に変更させて頂きます。※営業時間は予告なく変更になる場合がございます。 
定休日
なし",東京都千代田区鍛冶町2-1-2 神田南口鋭光ビル 1F,https://tabelog.com/tokyo/A1310/A131002/13017261/
370,居酒屋,園庭京,"営業時間
[月～金]11:00～24:00[土・日・祝]11:00～24:00(L.O)
定休日
なし",東京都千代田区有楽町1-2-9 TS日比谷ビル 3F,https://tabelog.com/tokyo/A1301/A130102/13291414/
371,居酒屋,矢まと 秋葉原店,"営業時間
[月～土]11:30～14:30（L.O.14:00）16:00～23:00（L.O.22:30）[日・祝]11:30～14:30（L.O.14:00）16:00～22:30  (L.O.22:00)
定休日
無休",東京都千代田区神田佐久間町1-6-1 ＪＲ高架下,https://tabelog.com/tokyo/A1310/A131001/13006364/
372,居酒屋,ぽど 丸の内,"営業時間
[平日] 　ランチ    11:30～14:00(L.O) ※ランチの予約不可ディナー 17:00～22:00 (21:00 L.O)[土日・祝日]現在営業を中止しております。
定休日
土日・祝日",東京都千代田区丸の内3-3-1 新東京ビル B1F,https://tabelog.com/tokyo/A1301/A130102/13043439/
373,居酒屋,魚海船団 神田今川橋店,"営業時間
【月曜日～金曜日】15:00~23:30【土曜日】15:00~22:30
定休日
日曜、祝日、年末年始",東京都千代田区鍛冶町1-8-1 SRビル 1F,https://tabelog.com/tokyo/A1310/A131002/13281704/
374,居酒屋,居酒屋 燈 コリドー街銀座店,"営業時間
〔月〜木〕11:30〜14:00/17:00〜24:00〔金曜日〕11:30〜14:00/17:00〜05:00〔土、日、祝日〕17:00〜24:00
日曜営業
定休日
なし",東京都千代田区内幸町1-6-8 裏コリドー,https://tabelog.com/tokyo/A1301/A130103/13285458/
375,居酒屋,金子屋,"営業時間
[月～金]16時〜23時 (L.O 22時)[土]14時〜23時 (L.O 22時)[日・祝]14時〜22時30分 (L.O 21時30分)[年末年始]12月28日(木) 通常営業29日(金) 14時～23時 (L.O 22時)30日(土) 14時～22時 (L.O 21時)31日(金)～1月2日 休業1月3日(水) 15時～22時 (L.O 21時)4日(木) 通常営業
日曜営業
定休日
年末年始",東京都千代田区神田佐久間町2-11 AOIビル 1F,https://tabelog.com/tokyo/A1310/A131001/13161647/
376,居酒屋,居酒屋 土間土間 飯田橋店,"営業時間
▼2022/4/27～は下記営業時間となります。月～木16時～24時、土・日・祝16時～23時、金・祝前日16時～翌5時※ラストオーダーは、フード：閉店時間の30分前、ドリンク：閉店時間の15分前▼2022/10/1～は下記営業時間となります。月～木・土・日・祝16時～23時、金・祝前日16時～翌5時
日曜営業
定休日
年中無休",東京都千代田区飯田橋4-7-8 カクエイビル 1F,https://tabelog.com/tokyo/A1309/A130905/13051839/
377,居酒屋,男前料理と五島列島直送の魚 神保町 無花果,"営業時間
[月～金]１７：００～２３：００(お料理LO＝22：00、お飲み物LO＝22：00)[土日祝祭日]予約時のみ営業
定休日
土日・祝祭日　※ご予約があれば営業いたしますので、お問い合わせください。12月30日～1月8日までお休みさせていただきます。",東京都千代田区神田神保町1-9 神保町KMビル　１F,https://tabelog.com/tokyo/A1310/A131003/13173237/
378,居酒屋,野らぼー 大手町カンファレンスセンター店,"営業時間
【月～金】昼の部　11:15～14:30夜の部　17:00～22:00
定休日
土曜日 日曜日 祝日　年末年始（12/30-1/3）",東京都千代田区大手町1-3-2 大手町カンファレンスセンター B1F,https://tabelog.com/tokyo/A1302/A130201/13101421/
379,居酒屋,◎ にじゅうまる,"営業時間
[ランチ]11：15～14:00(料理 L.O１３：30)＊予約可[夜]１7：30～夜２2：00(料理 L.O. 夜２1 ：0０|)
定休日
土・日・祝",東京都千代田区一番町10-8 一番ウェストビル　Ｂ１Ｆ,https://tabelog.com/tokyo/A1308/A130803/13022563/
380,居酒屋,魚海船団 宴別邸 神田２号店,"営業時間
『月曜日～金曜日』◆15:00～23:30【魚海船団】（居酒屋）『土曜日』◆15:00～22:30【魚海船団】（居酒屋）
定休日
日曜・祝日",東京都千代田区内神田3-18-4 第一杉本ビル 1F,https://tabelog.com/tokyo/A1310/A131002/13139236/
381,居酒屋,なんしゅう家,"営業時間
月曜日〜金曜日 17:00～23:30土曜日 17:00〜23:00
定休日
日・祝",東京都千代田区内神田2-8-14,https://tabelog.com/tokyo/A1310/A131002/13090199/
382,居酒屋,魚や 藤海,"営業時間
【営業時間】［月～土］17:00～23:00（ラストオーダー　料理22:00　飲み物22:30）
定休日
日曜日・祝祭日（定休日臨時営業も20名様以上のご予約で相談可）",東京都千代田区外神田2-13-7 ダイニチ神田ビル B1F,https://tabelog.com/tokyo/A1311/A131101/13188420/
383,居酒屋,讃岐うどん 野らぼー 大手町店,"営業時間
【月～金】昼の部　11:00～14:00（L.O.14:00）夜の部　17:00～22:00（L.O.21:30）
定休日
土曜・日曜・祝日　年末年始",東京都千代田区大手町1-6-1 大手町ビル B2F,https://tabelog.com/tokyo/A1302/A130201/13019505/
384,居酒屋,魚酒場ピン 神保町,"営業時間
【平日・祝前】ディナー 17:00～23:00 （LO：フード22：00　ドリンク22：30）【土】ディナー17：00~22：00　(LO:フード21：00　ドリンク21：30)【平日・祝前】ランチ 11:30～14:30 (L.O.14:00) 土曜日は除きます 
定休日
日・祝日",東京都千代田区神田神保町2-20 ワカヤギビル 1F,https://tabelog.com/tokyo/A1310/A131003/13179904/
385,居酒屋,やきとん酒場 大手町とら八,"営業時間
［月～金］ランチ　　11:30～14:00ディナー　16:30～23:30［土］ディナー　16:30～23:00
定休日
日曜・祝日",東京都千代田区大手町2-5-9,https://tabelog.com/tokyo/A1302/A130201/13033311/
386,居酒屋,焼鳥居酒屋 代表鳥締役 かいかぶり 秋葉原店,"営業時間
営業時間のお知らせ平日 ランチ　11:55〜13:30 オーダーストップ13:00ディナー　17:00〜23:30  L.O お食事22:30 お飲み物　23:00土日祝日ランチ　お休みディナー　16:00〜23:00  L.O お食事22:00 お飲み物　22:30
日曜営業
定休日
不定休（詳細は店舗までご連絡ください）年末年始は1月1日～1月3日が休業日です",東京都千代田区神田佐久間町3-35-5 178ビル 1F,https://tabelog.com/tokyo/A1310/A131001/13226022/
387,居酒屋,焼きとり おでん さかじ,"営業時間
[月〜金]ランチ11:30〜14:00（LO）ディナー17:00〜23:00（LO）[土・日・祝]ディナー17:00〜23:00（LO）
日曜営業
定休日
不定休",東京都千代田区六番町4-3 GEMS市ヶ谷 4F,https://tabelog.com/tokyo/A1309/A130904/13265329/
388,居酒屋,いわし料理・日本料理 かぶき,"営業時間
【月曜日～金曜日】ランチ　11:00～14:00ディナー　16:30～22:30 (L.O 22:00)【土曜日】ディナー　16:30～21:30(L.O21:00)
定休日
日・祝日",東京都千代田区内神田3-22-10 ハチヤビル 1F,https://tabelog.com/tokyo/A1310/A131002/13273454/
389,居酒屋,おでん 和食 銀座おぐ羅 丸の内TOKIA店,"営業時間
【営業時間】ランチ　11：30～14：30（LO14：00）ディナー17：00～23：00（LO22：00）※状況により変更の可能性があります。---------【月～日】ランチ　11:30～14:30（L.O.14:00） 【月～金】ディナー　17:30～23:00（L.O.22:00）【土・祝】17:00～22:00（L.O.21:00）
日曜営業
定休日
不定休",東京都千代田区丸の内2-7-3 東京ビルTOKIA 3F,https://tabelog.com/tokyo/A1302/A130201/13020123/
390,居酒屋,博多もつ鍋 幸 とりもつえん KITTE丸の内店,"営業時間
【営業時間】ランチ　　 11:00～14:00(LO)ディナー　17:00～21:00(LO)※その他KITTEに準ずる年末年始のご案内12月31日及び1月2日、3日は20時閉店となります。1月1日はKITTEビル閉館となります。
日曜営業
定休日
不定休(KITTEに準ずる)",東京都千代田区丸の内2-7-2 KITTE 5F,https://tabelog.com/tokyo/A1302/A130201/13153784/
391,居酒屋,和菜房 the kitchen 晴,"営業時間
月～金ランチ　11:30～14:30（L.O.14:00）ディナー　17:00～23:00（L.O.22:00、ドリンクL.O.22:00）
定休日
土曜・日曜・祝日",東京都千代田区丸の内3-1-1 国際ビル B1F,https://tabelog.com/tokyo/A1301/A130102/13032445/
392,居酒屋,旬菜和食 我家 神保町店,"営業時間
月～木・土・日・祝前日・祝日16:00～24:00（L.O.23:30、ドリンクL.O.23:30）
日曜営業
定休日
不定休 (ビルの休館日に準じます) 領収書にインボイス番号を印字しております。",東京都千代田区神田神保町1-4 クロサワビル 3F,https://tabelog.com/tokyo/A1310/A131003/13238462/
393,居酒屋,全席個室 じぶんどき 有楽町日比谷店,"営業時間
17:00～23:30※営業時間前も宴会可能！(早割・遅割特典有)※公式ホームページにも、分かりやすくお得な情報が満載です!!以下の『お店のホームページ』からお越しください♪
日曜営業
定休日
無",東京都千代田区有楽町1-6-8 松井ビル 3F・4F,https://tabelog.com/tokyo/A1301/A130102/13281990/
394,居酒屋,クレオール一歩,"営業時間
[月～金]11:00～14:00（L.O 13:30）、17:30～23:00（フードLO 22：00／ドリンクLO 22：30）
定休日
土曜・日曜・祝日、お盆・年末年始　スタッフ不足の為、お休みになる日がございます。お問い合わせお願い致します。",東京都千代田区神田猿楽町2-5-2 小山ビル 1F,https://tabelog.com/tokyo/A1310/A131003/13075939/
395,居酒屋,虎連坊 大手町店,"営業時間
【月〜金】11:30～14:30（L.O.14:00）／17:00～22:45（L.O.21:45）
定休日
土,日,祝",東京都千代田区大手町1-5-1 大手町ファーストスクエア EAST B1F,https://tabelog.com/tokyo/A1302/A130201/13011026/
396,居酒屋,味さと,"営業時間
［月～金］11:30～13:30／17:00～23:00（L.O21:50. D22:30）［土］17:00～21:00（L.O20:30）ご予約はご相談ください。
定休日
日曜祭日",東京都千代田区九段北1-11-12,https://tabelog.com/tokyo/A1309/A130906/13032613/
397,居酒屋,北の味紀行と地酒 北海道 秋葉原電気街北口店,"営業時間
＜営業時間＞ランチ　11:30～14:30（L.O.14:00)ディナー　17:00～23:00(フードLO22:30/ドリンクLO22:45)12/30　11:00～23：0012/31　11:00～24：002024/1/1～1/3　11：30～23：00
日曜営業
定休日
ビルに準ずる",東京都千代田区外神田1-18 BiTO AKIBA 9F,https://tabelog.com/tokyo/A1310/A131001/13240310/
398,居酒屋,天ぷら さいとう 神田本店,"営業時間
[月～金]11:30～14:00（LO13:45）17:00～23:00（LO22:00）[土]17:00～22:00（LO21:00）
定休日
日曜日・祝祭日",東京都千代田区神田富山町28 田澤神田ビル 1F,https://tabelog.com/tokyo/A1310/A131002/13191365/
399,居酒屋,天ぷらとワイン大塩 日比谷店,"営業時間
[月～金]11:30～22:00[21:00(L.O)]※14:00頃までランチメニューをご用意しております。食材なくなり次第終了とさせて頂きます。[土・日・祝]12:00〜22:00[21:00(L.O)]※終日アラカルトメニューでのご案内となります。
日曜営業
定休日
なし",東京都千代田区内幸町1-7-1,https://tabelog.com/tokyo/A1301/A130103/13250016/
400,居酒屋,霧笛屋 新大手町ビル店,"営業時間
［月～金］11：30～14：30（L.O.14:00）17：00～22：30（L.O.22:00）※ 営業時間は予告なく変更になる場合がございます。 
定休日
土・日・祝",東京都千代田区大手町2-2-1 新大手町ビル B1F,https://tabelog.com/tokyo/A1302/A130201/13160313/
401,居酒屋,鮮魚と日本酒 夢 神田店,,東京都千代田区鍛冶町1-6-1 日東合同ビルディング 1F,https://tabelog.com/tokyo/A1310/A131002/13290375/
402,居酒屋,DRAスタンド,"営業時間
【月～金】17:00～23:45(L.O.23:00)【土】12:00～23:45(L.O.23:00)【日、祝】12:00〜23:00(L.O.22:00)
日曜営業
定休日
定休日なし",東京都千代田区内幸町1-7-22 日比谷グルメゾン,https://tabelog.com/tokyo/A1302/A130201/13247817/
403,居酒屋,杉のあかり,"営業時間
【月～金】11:30～14:00(L.O.13:30)【金・祝前日】17:00～23:00(L.O.22:15)【月～木】17:00～22:30(L.O.22:00)【土】12月のみ土曜日は休まず営業致します。17:00～22:00(L.O.21:30)東京都の要請に準じた営業時間になります。
定休日
日曜日・祝日・12月の土曜日は休まず営業します）",東京都千代田区神田平河町1 第三東ビル　Ｂ１Ｆ,https://tabelog.com/tokyo/A1310/A131001/13016918/
404,居酒屋,銀だこハイボール横丁 秋葉原店,"営業時間
【月～金】17：00～23：00【土】15：00～23：00【日・祝】15：00～22：00
日曜営業
定休日
なし",東京都千代田区外神田1-18-19 Bito AKIBA 4F,https://tabelog.com/tokyo/A1310/A131001/13284567/
405,居酒屋,和風イタリアン創作料理 ねこのしっぽ,"営業時間
ランチ 11:30～15:00(L.O.14:30)ディナー 17:00～23:00(L.O.22:00)とさせて頂きます。
定休日
日曜・祝日",東京都千代田区西神田2-1-3 トービケンビル　２Ｆ,https://tabelog.com/tokyo/A1310/A131003/13011180/
406,居酒屋,ひょうたん茶屋,"営業時間
17:00～23:30（L.O.22:30）
定休日
日曜、祝祭日、年末年始、お盆",東京都千代田区神田三崎町2-16-7 上州屋ビル 1F,https://tabelog.com/tokyo/A1310/A131003/13037815/
407,居酒屋,魚海船団 神田司町本店,"営業時間
[月～金]◆魚海船団（居酒屋）≪15:30～23:00≫[土]◆魚海船団（居酒屋）≪15:30～22:30≫（土曜日不定休あり・お電話でご確認ください。）
定休日
日曜・祝日",東京都千代田区内神田2-15-4 司ビル　Ｂ１Ｆ,https://tabelog.com/tokyo/A1310/A131002/13028173/
408,居酒屋,ちゃらりちゃらり 九段店,"営業時間
15:00～23:00(L.O.22:00)早い時間からのご宴会のご予約も承っております！是非お待ちしております。
定休日
土・日・祝　※年末年始12月31日～1月4日までお休みさせていただきます。",東京都千代田区九段北1-2-11 エイム東京九段ビル　Ｂ１,https://tabelog.com/tokyo/A1309/A130906/13006236/
409,居酒屋,福津留,"営業時間
【平日・祝前】 ランチ 11:30～14:00【平日・祝前】 ディナー 17:30～23:00 (L.O.22:30)東京都からの営業時間短縮要請に従い、4月12日から当面の間、ディナーの営業時間を16.5時～２0時（Lo19時）とさせて頂きます。
定休日
土曜・日曜・祝日",東京都千代田区丸の内3-1-1 国際ビル B1F,https://tabelog.com/tokyo/A1301/A130102/13041493/
410,居酒屋,北海道はでっかい道 オホーツクの恵み 湧別町 市ヶ谷店,"営業時間
月～金曜日(ランチ)11：30～15：00(ビア)17：00～23：00土・日曜日・祝日11：30～22：00
日曜営業
定休日
年末年始を除き毎日営業いたしております。土曜、日曜日もランチから営業してます",東京都千代田区五番町5-1 市ヶ谷第8田中ビル 2F,https://tabelog.com/tokyo/A1309/A130904/13135722/
411,居酒屋,大衆酒場ダブルプレー,"営業時間
11:30～13:0016:00～23:30（L.O 23:00）
定休日
土曜日、日曜日、祝祭日",東京都千代田区神田司町2-17-14,https://tabelog.com/tokyo/A1310/A131002/13117958/
412,居酒屋,味処ちくりん,"営業時間
詳しくはお電話にて【月～金】ランチはただいまお休みいただいておりますディナー　17:00～23:30※前日までのご予約で16：00や16：30からの営業も可能です。詳しくはお電話にてお問い合わせください。
定休日
土・日曜日　　※土曜日のみ事前にご相談頂けましたら、10名以上の団体の方のみご対応させて頂きます。",東京都千代田区内神田3-17-6 小山第三ビル 2F,https://tabelog.com/tokyo/A1310/A131002/13246257/
413,居酒屋,牡蠣五坪 九段下店,"営業時間
[平日ランチタイム]11:00～14:30（LO14:00）[平日ディナータイム]17:00～23:00（LO22:00）
定休日
日曜日・祝日（但し周辺イベントにより営業）",東京都千代田区九段下北1-3-4 九段下東急さくらビル 1F,https://tabelog.com/tokyo/A1310/A131003/13247107/
414,居酒屋,市ヶ谷魚金,"営業時間
【月～金】16:00～23:00(L.O. 22:00)【土曜】　15:00~23:00(L.O. 22:00)
定休日
日・祝日・年末年始",東京都千代田区五番町6-5 クレスト五番町 1・2F,https://tabelog.com/tokyo/A1309/A130904/13217305/
415,居酒屋,大衆酒場 けいちゃん 神保町店,"営業時間
16:00～24:00営業時間はコロナの状況に応じて変更になる場合がありますので、詳細は直接店舗へお問い合わせ頂ければと思います。
定休日
日曜日　※日曜日の団体・貸切は直接店にお電話でご相談ください。",東京都千代田区神田神保町1-2-10 第3日東ビル １Ｆ,https://tabelog.com/tokyo/A1310/A131002/13115384/
416,居酒屋,オストラ 水道橋店,"営業時間
【月～金】11：30～14：00（L.O.）17：30～21：00（L.O.）【土曜】11：30～17：00
定休日
日曜・祝日",東京都千代田区神田三崎町2-10-5 木下ビル B1F,https://tabelog.com/tokyo/A1310/A131003/13283181/
417,居酒屋,座135 神保町店,"営業時間
月・日　ランチ・ディナー　11:00～24:00（L.O.23:00、ドリンクL.O.23:30）日・月以外は朝4時まで営業しております火～土・祝前日・祝日　ランチ・ディナー　11:00～翌4:00（L.O.3:00、ドリンクL.O.3:30）◆朝飲み・昼飲み出来ます♪
日曜営業
定休日
年中無休",東京都千代田区神田小川町3-10 2F,https://tabelog.com/tokyo/A1310/A131003/13255328/
418,居酒屋,串政,"営業時間
[月〜金] 11:30〜14:00   17:00〜23:00(L.O22:30)[土日祝] 17:00〜23:00(L.O22:30)※武道館のイベント開催日は、営業時間が変更となる場合がございます。各種SNSをご覧ください。
日曜営業
定休日
日曜日、月曜日ディナー",東京都千代田区九段北1-2-2 グランドメゾン九段 103,https://tabelog.com/tokyo/A1309/A130906/13286738/
419,居酒屋,あぶり 清水 市ヶ谷店,"営業時間
営業時間ランチ　　11:30〜14:00ディナー　17:00〜23:00✱土曜日/日曜日　12:00〜14:00　　　　　　　 　16:00〜22:00※15日、16日の営業時間は14時〜22時となります。
日曜営業
定休日
11月23日は16時からの営業となります。",東京都千代田区九段南4-6-15 第2内野ビル 1F,https://tabelog.com/tokyo/A1309/A130904/13221972/
420,居酒屋,神保町 しちふく,"営業時間
【月〜木】17:00～23:00Food L.O 22:00Drink L.O 22:30【金】17:00～23:30Food L.O 22:30Drink L.O 23:30［土］17:00〜22:00Food L.O 21:00Drink L.O 21:30
定休日
日祝",東京都千代田区神田神保町2-20-2,https://tabelog.com/tokyo/A1310/A131003/13269876/
421,居酒屋,煉 神田店,"営業時間
[月～金]ランチ　11:30～14:30（L.O.14:00）ディナー　17:30～22:30（L.O.22:00）[土]17:30～22:30（L.O.22:00）
定休日
年末・年始　日曜・祝日　お電話にてお問合せ下さい",東京都千代田区神田須田町2-13-10 アーバイル神田ＥＡＳＴ　１Ｆ,https://tabelog.com/tokyo/A1310/A131002/13033293/
422,居酒屋,越後屋亀丸 飯田橋サクラテラス店,"営業時間
［平日］11:00～23:00（L.O22:00）［土曜日・日曜日・祝日］11:30～22:30（L.O21:30）
日曜営業
定休日
ほぼ無休",東京都千代田区富士見2-10-2 飯田橋グラン・ブルーム サクラテラス 3F,https://tabelog.com/tokyo/A1309/A130905/13173850/
423,居酒屋,24時間 餃子酒場 神田二号店 南口店,"営業時間
24時間Pay Pay,LINE pay も利用可能。
日曜営業
定休日
無し",東京都千代田区鍛冶町1-6-4,https://tabelog.com/tokyo/A1310/A131002/13266121/
424,居酒屋,屋台屋 博多劇場 丸の内店,"営業時間
ディナー16:00～24:00
日曜営業
定休日
不定休",東京都千代田区丸の内1-10-7,https://tabelog.com/tokyo/A1302/A130201/13228166/
425,居酒屋,酒処 米俵吟蔵,"営業時間
月～金曜日：17:00～22：30(LO 21:30)時間外のご予約、ご相談承ります。野菜は生産者さんから。魚は女将が海に出て釣って来ております。ですので仕入れ次第でメニューが決まるため、お料理メニューはおまかせとなっております。前日・当日のご予約のみ、お席のみのご予約を承りますが、お料理のアラカルトでのご注文は出来かねます。ご了承下さい
定休日
土曜日・日曜日・祝日",東京都千代田区内神田3-3-13 新井ビル 1F,https://tabelog.com/tokyo/A1310/A131002/13200953/
426,居酒屋,魚民 神田南口駅前店,"営業時間
月ー木：17:00～02:00金土　：17:00～03:00日祝　：17:00～23:00※ラストオーダーは料理、ドリンク閉店30分前8/11～16　23時閉店
日曜営業
定休日
年中無休",東京都千代田区鍛冶町2-1-3 保志場ビル　B1F,https://tabelog.com/tokyo/A1310/A131002/13098966/
427,居酒屋,あぶり清水 神田店,"営業時間
営業時間ランチタイム:11:30〜14:00（平日のみ）ディナータイム:17:00〜23:00土曜日ランチタイム12:00-14:00ディナータイム　17時〜22時
定休日
11月23日は16時からの営業となります。",東京都千代田区神田小川町1-1-15 D&Fお茶の水ビル B1F,https://tabelog.com/tokyo/A1310/A131002/13227303/
428,居酒屋,魚民 小川町駅前店,"営業時間
月曜-木曜：11:30～23:30金曜：17:00～03:00土曜：17:00～23:30日祝：17:00～23:30ランチタイムメニュー　月-木(祝除く) 11:30-15:008/11～16　17-23時（ﾗﾝﾁ休止）
日曜営業
定休日
年中無休",東京都千代田区神田小川町2-1-2 シンコー・ミュージック・プラザ　Ｂ１Ｆ,https://tabelog.com/tokyo/A1310/A131002/13129798/
429,居酒屋,うまい酒とごちそう飯 びおん,"営業時間
[月〜金]ランチ  12：00頃～14：30ディナー  18:00～2:00(店内の状況で早閉めの場合有り)[土・日・祝日]前日までにご予約が有る場合、営業しております。
日曜営業
定休日
不定休",東京都千代田区神田錦町1-14-11 コデン大手町北 1F,https://tabelog.com/tokyo/A1310/A131002/13247504/
430,居酒屋,大衆馬肉酒場　冨士山,"営業時間
月～金　16:00～23:00土曜日　12:30～23:00日・祝　12:30～23:00
日曜営業
定休日
不定休",東京都千代田区神田三崎町3-4-6 1F･2F,https://tabelog.com/tokyo/A1310/A131003/13174148/
431,居酒屋,元祖やきとり串八珍 大手町ビル店,"営業時間
【ランチ】（平日）11:30～14:00【ディナー】（平日）17:00～23:00（L.O. フード 22:15　ドリンク 22:30）
定休日
土・日・祝",東京都千代田区大手町1-6-1,https://tabelog.com/tokyo/A1302/A130201/13169777/
432,居酒屋,ちぢみ屋,"営業時間
【ランチ】　月曜〜金曜　　11:30～14:30【ディナー】月曜〜金曜　　17:30～23:00（L.O 22：30)土曜日　　　　16:00〜22:00 (L.O　21：30)※テイクアウトも行っております。【臨時休業】9/4(月)〜9/24(日)上記期間内当マンションの排水管改修工事のため、やむを得ず臨時休業させて頂きます。皆様には大変ご迷惑をお掛け致します。
定休日
日曜・祝祭日",東京都千代田区麹町2-5-3 ライオンズマンション麹町 １Ｆ,https://tabelog.com/tokyo/A1308/A130803/13137382/
433,居酒屋,魚民 秋葉原中央通り店,"営業時間
月曜-木曜：17:00~02:00金曜：17:00~04:00土曜：12:00~04:00日祝：12:00~02:00
日曜営業
定休日
年中無休",東京都千代田区外神田1-13-3 ヒューリック秋葉原中央通りビル 7F,https://tabelog.com/tokyo/A1310/A131001/13109659/
434,居酒屋,酒と肴 シンメ 神田,"営業時間
平日17:00-23:00土日祝16:00-22:00
日曜営業
定休日
なし",東京都千代田区鍛冶町1-7-1 椿ビル 2F,https://tabelog.com/tokyo/A1310/A131002/13287499/
435,居酒屋,さば銀 帝劇店,"営業時間
【月～金】11:30～14:0017:30～22:30
定休日
土日祝",東京都千代田区丸の内3-1-1 帝国劇場ビル B1F,https://tabelog.com/tokyo/A1301/A130102/13227365/
436,居酒屋,福の花 市ヶ谷九段店,"営業時間
[月～金]11:30～14:15(L.O.13:45)17:00～23:00(L.O.22:30)
定休日
土曜日・日曜日・祝日",東京都千代田区九段南4-6-10 九段南ビル 1F,https://tabelog.com/tokyo/A1309/A130904/13056919/
437,居酒屋,九州の旨かもん 旨か酒 くすお 銀座裏コリドー店,"営業時間
＜月～金＞11:30～14:00 / 17:00～23:30(L.O.23:00)＜土日祝＞15:00～23:30(L.O.23:00)
日曜営業
定休日
年末年始",東京都千代田区内幸町1-6-8,https://tabelog.com/tokyo/A1301/A130103/13240188/
438,居酒屋,神田新八,"営業時間
【月～金】11:00~14:0017:00~23:00（LO22：00）【土・祭日】11:00~22:00(LO21:00)
定休日
１月１日",東京都千代田区鍛冶町2-9-1,https://tabelog.com/tokyo/A1310/A131002/13000375/
439,居酒屋,長崎県五島列島 小値賀町 神田小川町店,"営業時間
【月～金】11:00~14:00(L.O13：30)17:00~23:00(L.O22：15)【土】17:00~23:00
定休日
日曜祝日",東京都千代田区神田美土代町9-7 千代田21ビルディング B1F,https://tabelog.com/tokyo/A1310/A131002/13275739/
440,居酒屋,マグロ専門居酒屋秋葉原,"営業時間
[月～金]ランチ  11:30～14:00L.O：13:30[月～木]ディナー 16:30～22:30L.O：22:00[金]ディナー 16:30～23:00L.O      ：22:30[土]ディナー 17:00～23:00L.O：22:30
定休日
日曜日",東京都千代田区外神田4-2-6 AKIBA426ビル 2F,https://tabelog.com/tokyo/A1310/A131001/13249927/
441,居酒屋,すわ庵 本店,"営業時間
11：30～14：3017：00～22：00（21：30Ｌ．Ｏ）　　　　
定休日
土・日・祝祭日",東京都千代田区平河町1-5-6 平河町ＳＤビル　Ｂ１Ｆ,https://tabelog.com/tokyo/A1308/A130803/13017126/
442,居酒屋,さかなさま 大手町店,"営業時間
[ランチ] 11:00～14:00(L.O.13:30) [ディナー]17:00～22:30(L.O.21:45)
定休日
土曜・日曜日・祝日",東京都千代田区大手町1-1-1 大手町パークビルディング B1F,https://tabelog.com/tokyo/A1302/A130201/13211019/
443,居酒屋,目利きの銀次 大手町店,"営業時間
月～金・祝前日　11:00～23:30土曜日　11:00～22:00日・祝日　11:00～18:008/11～16　18時閉店
日曜営業
定休日
年中無休",東京都千代田区大手町2-5-9 銭瓶町橋高架下,https://tabelog.com/tokyo/A1302/A130201/13220092/
444,居酒屋,わらやき屋 九段下,"営業時間
月～土15:00～23:00〈年末年始営業時間〉2023-12-31　　　休業2024-01-01　　　休業2024-01-02　　　休業
定休日
日曜日（武道館イベント等により変更の場合あり）、年末年始（2023年12月31日～2024年1月2日）",東京都千代田区九段北1-3-5 九段第2清新ビル 1～2F,https://tabelog.com/tokyo/A1309/A130906/13174419/
445,居酒屋,大衆酒場 海の幸 林家,"営業時間
【ランチ】11:30～15:00【ディナー】15:00～翌1:00※通し営業！お昼から飲めます！※大人数の予約の場合は営業時間外でも対応可能
日曜営業
定休日
なし",東京都千代田区神田神保町2-8-16 淡景ビル 1F,https://tabelog.com/tokyo/A1310/A131003/13267084/
446,居酒屋,板前バル 東京駅店,"営業時間
[月～日・祝]11:00～23:00(L.O.22:00)
日曜営業
定休日
定休日なし",東京都千代田区丸の内1-9-1 東京駅一番街M 2F,https://tabelog.com/tokyo/A1302/A130201/13220944/
447,居酒屋,屋台屋 博多劇場 大手町店,"営業時間
[月〜土]ディナー 16:00～24:00 (L.O.23:30)
日曜営業
定休日
不定休",東京都千代田区大手町2-5-6,https://tabelog.com/tokyo/A1302/A130201/13221748/
448,居酒屋,俺の魚を食ってみろ!! 神田本店,"営業時間
ランチ（平日）11:30〜14:00ディナー17:00〜23:00土日祝16:00〜23:00
日曜営業
定休日
全日営業",東京都千代田区内神田3-19-10 ソーシアルビル B1F,https://tabelog.com/tokyo/A1310/A131002/13146074/
449,居酒屋,餃子酒場・吉,"営業時間
11:00～14:30（L.O 14:00）16:30～23:30（L.O  23:00）
日曜営業
定休日
***",東京都千代田区神田三崎町3-6-1 BACHビル 1F,https://tabelog.com/tokyo/A1310/A131003/13272984/
450,居酒屋,目利きの銀次 神保町駿河台下店,"営業時間
月曜-木曜：11:30~23:30金曜：11:30~23:30土曜：16:00~23:30日祝：16:00~23:30※ラストオーダーは料理、ドリンク閉店30分前8/11～16　17-23時
日曜営業
定休日
無休",東京都千代田区神田小川町3-3-2 マツシタビル 1F,https://tabelog.com/tokyo/A1310/A131003/13249562/
451,居酒屋,白木屋 神保町駅前店,"営業時間
月～木：17:00～01:00金　　：17:00～03:00土　　：15:00～01:00日祝　：15:00～00:008/11～16　23時閉店
日曜営業
定休日
無休",東京都千代田区神田神保町3-12-3 神保町スリービル　２Ｆ,https://tabelog.com/tokyo/A1310/A131003/13025268/
452,居酒屋,浅草割烹 天とよ 神保町店,"営業時間
ランチタイム[月～金] 11:30~16:00ディナータイム[月～金・祝前日] 16:00～23:00（L.O フード 22:00、ドリンク 22:30）[土日] 16:00～21:00（L.O フード 20:00、ドリンク 20:30）
日曜営業
定休日
祝日《10月のお休み：8、9日はお休みいただきます》※月により変更。詳細お問い合わせください",東京都千代田区神田神保町1-18-1 千石屋ビル102,https://tabelog.com/tokyo/A1310/A131003/13229844/
453,居酒屋,和食 えん 丸の内店,"営業時間
月～土　ディナー　17:00～22:00ランチ　11:00～15:00日・祝日　ランチ　11:30～15:00ディナー　17:00～21:00
日曜営業
定休日
施設に準ずる",東京都千代田区丸の内1-6-4 丸の内オアゾ 5F,https://tabelog.com/tokyo/A1302/A130201/13020305/
454,居酒屋,目利きの銀次 半蔵門駅前店,"営業時間
11:00-23:30※祝前日の営業時間は曜日に準じます※ラストオーダーは料理、ドリンク閉店30分前8/14～16　17時開店
日曜営業
定休日
年中無休",東京都千代田区麹町2-2-36 麹町鈴木ビル 1Ｆ,https://tabelog.com/tokyo/A1308/A130803/13219456/
455,居酒屋,日本酒処 季っ酔,"営業時間
17:00～23:30※土曜日要予約 ※日曜日も予約のみ営業できます。6名以上※ご要望ありましたら上記外にも営業可能でございます。［例］13：00〜7名    お気軽にご相談くださいませ。
定休日
年末年始・祝日",東京都千代田区神田北乗物町18-6 山本ビル 1F,https://tabelog.com/tokyo/A1310/A131002/13209885/
456,居酒屋,ワインと日本酒のお店 ル ジャングレ,"営業時間
18:00～23:00(L.O.22:30)貸し切り等はお時間ご相談となります。詳細はお電話で承ります。
定休日
日曜日・月曜日（詳しい営業日はインスタグラムにてご確認ください。）",東京都千代田区飯田橋4-7-4 飯田橋グランプラス 1F,https://tabelog.com/tokyo/A1309/A130905/13194299/
457,居酒屋,元祖やきとり串八珍 飯野ビル店,"営業時間
[月～金]ランチ　11：00～14：00ディナー17：00～23：00（L.O. フード 22:15　ドリンク 22:30）
定休日
土・日・祝",東京都千代田区内幸町2-1-1 飯野ビル B1F,https://tabelog.com/tokyo/A1308/A130802/13132801/
458,居酒屋,居酒屋革命 酔っ手羽 ヨドバシAKIBA店,"営業時間
全日11:00～23:00 （料理L.O. 22:00 ドリンクL.O. 22:30）※定食・ランチメニューは平日11時～15時までご利用いただけます！
日曜営業
定休日
年中無休",東京都千代田区神田花岡町1-1 ヨドバシAkiba 8F,https://tabelog.com/tokyo/A1310/A131001/13187844/
459,居酒屋,創作居酒屋 海楽水産 栄,"営業時間
［月~金］11:00~14:00(L.O.14:00)17:00~23:30(L.O 23:00)［土日祝］17:00~22:30(L.O 22:00)
定休日
日曜日",東京都千代田区外神田2-14-3 1F,https://tabelog.com/tokyo/A1311/A131101/13226305/
460,居酒屋,目利きの銀次 水道橋西口駅前店,"営業時間
月曜-木曜：11:30~23:30金曜：11:30~23:30土曜：11:30~23:30日祝：11:30~23:30※ラストオーダーは料理、ドリンク閉店30分前
日曜営業
定休日
年中無休",東京都千代田区神田三崎町2-22-18 西山興業新水道橋ビル 3F,https://tabelog.com/tokyo/A1310/A131003/13257255/
461,居酒屋,元祖やきとり串八珍 半蔵門店,"営業時間
【ランチ】（平日）11:30～14:00【ディナー】（平日）17:00～23:00（土曜日）16:00～23:00（L.O. フード 22:15　ドリンク 22:30）
定休日
日曜日・祝日",東京都千代田区麹町1-5-4 ライオンズステーションプラザ 1F,https://tabelog.com/tokyo/A1308/A130803/13179923/
462,居酒屋,居酒屋いち,"営業時間
11:00～14:30（L.O.14:00）月～金17:00～23:00（L.O.22:15）月～土
定休日
第一、第三、第五土曜日　日曜日　祝日　【年末年始休み：12/26～1/3】",東京都千代田区東神田1-14-14 東神田桜ビル 1F,https://tabelog.com/tokyo/A1302/A130204/13202948/
463,居酒屋,元祖やきとり串八珍 飯田橋店,"営業時間
16:00～23:00（L.O.フード 22:15／ドリンク 22:30）
定休日
日曜日、祝日",東京都千代田区飯田橋2-8-3 花菱軒ビル　１Ｆ,https://tabelog.com/tokyo/A1309/A130905/13055684/
464,居酒屋,京うどんとおばんざい GOJO,"営業時間
[月～金]11:15～14:30(L.O.14:00)17:30～21:30(L.O.21:00)
定休日
土・日・祝",東京都千代田区大手町1-9-7 大手町フィナンシャルシティサウスタワーB1F B-109,https://tabelog.com/tokyo/A1302/A130201/13290354/
465,居酒屋,水道橋 牛タンいろ葉,"営業時間
【営業時間のお知らせ】当店は、下記営業時間にて営業しております。【月-金】16:00-23:00(フードL.O.22:15、ドリンクL.O.22:30)【土曜日】12:30-23:00(フードL.O.22:15、ドリンクL.O.22:30)【日曜日】12:30-23:00(フードL.O.22:15、ドリンクL.O.22:30)
日曜営業
定休日
不定休",東京都千代田区神田三崎町2-17-4 鈴木ビル 1F,https://tabelog.com/tokyo/A1310/A131003/13251209/
466,居酒屋,秋葉原魚金,"営業時間
【月～金】　ランチ　11:30~15:00(L.O.14:30)　ディナー17:00~23:00(L.O.22:00)【土】15:00~23:00(L.O.22:00)※ランチ営業は平日のみですのでご注意ください。ディナータイムのご利用時間は、2時間です。
定休日
日・祝日・年末年始",東京都千代田区神田練塀町85 JEBL秋葉原スクエア 2F,https://tabelog.com/tokyo/A1310/A131001/13204318/
467,居酒屋,神田よあかし,"営業時間
月〜金18:00〜05:00（ラストオーダ：フード1時間前、ドリンク３０分前）当日17時以降の予約は直接店舗に問い合わせ下さい。❇︎コロナの状況に応じて、営業時間が変更になる場合がございます。詳細はお手数ですが、直接店舗へお問い合わせください。
定休日
土曜日・日曜日",東京都千代田区内神田3-18-8 ホワイト駅前 B1F,https://tabelog.com/tokyo/A1310/A131002/13262022/
468,居酒屋,アジアご飯とお酒のお店 Shapla 神田店,"営業時間
ランチ 11:30～15:00 ディナー 17:30～23:00(L.O.22:00)
定休日
日曜日",東京都千代田区鍛冶町2-7-6 リッツビル2F,https://tabelog.com/tokyo/A1310/A131002/13052268/
469,居酒屋,居酒屋 和が家,"営業時間
火～金ランチ　　11:00～15:00ディナー　17:00～23:00（L.O.22:30）土・日・祝14:00～23:00（L.O.22:30）
日曜営業
定休日
月曜日【年末年始について】店休日(月)以外は休まず営業致します。ランチ営業については12/22(金)迄、1月は9(火)よりスタート致します。営業時間についてはトップページ上部をご確認ください。",東京都千代田区神田岩本町1 岩本町ビル 2F,https://tabelog.com/tokyo/A1310/A131002/13050221/
470,居酒屋,白木屋 麹町駅前店,"営業時間
17:00～23:30ランチ営業時間　月-金(祝除く) 11:00～14:30※ラストオーダーは料理、ドリンク閉店30分前8/14～16 ﾗﾝﾁ休止
日曜営業
定休日
年中無休",東京都千代田区麹町3-4-7 ビルディング啓 2F,https://tabelog.com/tokyo/A1308/A130803/13149296/
471,居酒屋,神田 新八 新丸ビル店,"営業時間
月～土曜・祝日ランチ　11:00～14:30（L.O.14:00） 月~金曜ディナー　17:00～23:00（L.O.22:00）土曜・祝日ディナー　17:00～22:00（L.O.21:00）
定休日
2021年１月１７日より当面の間日曜日定休とさせて頂きます。",東京都千代田区丸の内1-5-1 新丸の内ビルディング 5F,https://tabelog.com/tokyo/A1302/A130201/13038501/
472,居酒屋,24時間 餃子酒場 秋葉原店,"営業時間
24時間Pay Pay,LINE pay も利用可能。
日曜営業
定休日
無し",東京都千代田区神田松永町1 ファーストビル 2F,https://tabelog.com/tokyo/A1310/A131001/13264566/
473,居酒屋,レモンサワーバル ウオキン,"営業時間
【月～金】16:00～23:00【土曜日】15:00〜23:00※お席のご利用は2時間制とさせて頂いております。
定休日
日曜　年末年始",東京都千代田区内神田3-22-9 新八光ビル 1F,https://tabelog.com/tokyo/A1310/A131002/13238356/
474,居酒屋,米幸,"営業時間
【平日】ランチ11:00〜15:00LO 14:30ディナー17:00〜22:00LO 21:00【土日祝】ランチ11:00〜16:00LO 15:30ディナー16:00〜22:00LO 21:00
日曜営業
定休日
施設の営業に準ずる",東京都千代田区紀尾井町1-2 東京ガーデンテラス 2F 小左衛門テラス,https://tabelog.com/tokyo/A1308/A130801/13250882/
475,居酒屋,食堂サムシン,"営業時間
ランチ　11:30〜1４:00(L.O.13:30) ディナー　〇平日17:30〜22:30(フードL.O.21:30/ドリンクL.O.22:00)〇土祝日17:30～22:00（フードLO　21:00/ドリンクLO21:30）
定休日
日曜日",東京都千代田区丸の内1-4-1 丸の内永楽ビルディング iiyo!! B1F,https://tabelog.com/tokyo/A1302/A130201/13257287/
476,居酒屋,都民酒場魚金 神保町店,"営業時間
【月〜金】16:00〜23:00(L.O. 22:00)
定休日
土日祝",東京都千代田区神田神保町1-8-10 FUNDES神保町 2F,https://tabelog.com/tokyo/A1310/A131003/13277900/
477,居酒屋,ポスト食堂,"営業時間
ランチ再開のお知らせ【月～金】11:30〜14:30※週３〜４の不定期営業の為、詳細はメニューページのランチをご覧下さい【月～金】18:00～22:00【土】17:30～21:30※詳細はInstagramをご参照ください。
定休日
日曜日、祝日",東京都千代田区一番町5-1,https://tabelog.com/tokyo/A1308/A130803/13223760/
478,居酒屋,秀泉亭 五橋庵,"営業時間
[年末年始営業の知らせ]​12月28日までは通常営業、29日はご予約のお客様のみ承ります。新年は1月4日より通常営業いたします。[月～金]11:30～14:00(L.O. 13:30)17:30～23:00(L.O. 22:30)土日祝日は、15名様以上の団体様は個別にお受けいたしますので、同窓会や親族の集まり、各種イベントなどでご利用いただけます。事前にお電話でご相談ください。
定休日
[土・日・祝]",東京都千代田区神田小川町3-16-1 共和神田ビル B1F,https://tabelog.com/tokyo/A1310/A131003/13284811/
479,居酒屋,中華厨房 一歩,"営業時間
17:00～25:00（料理L.O.24:00　ドリンクL.O.24:30）
定休日
日曜定休　その他不定休あり",東京都千代田区西神田2-2-1 東質ビル 1F,https://tabelog.com/tokyo/A1310/A131003/13279175/
480,居酒屋,海鮮居酒屋 稚内漁港 水道橋店,"営業時間
月～金・祝前日17時～23時（料理L.O. 22:30 ドリンクL.O. 22:30）
日曜営業
定休日
なし",東京都千代田区神田三崎町3-7-13 三大ビル 4F,https://tabelog.com/tokyo/A1310/A131003/13239677/
481,居酒屋,炭火焼専門食処 白銀屋 大手町分店,"営業時間
月～土【昼】11:15-14:30 (LO14:00)【夜】17:00-22:30 (LOフード22:00/LOドリンク22:00)※土曜日の夜は休業となります
定休日
日・祝　土曜日の夜",東京都千代田区内神田1-6-3 南特許ビル 1F,https://tabelog.com/tokyo/A1310/A131002/13174072/
482,居酒屋,日な田,"営業時間
18:00〜24:00（23:00 L.O）
日曜営業
定休日
不定休",東京都千代田区神田神保町2-28 神田製本会館ビル 102,https://tabelog.com/tokyo/A1310/A131003/13245555/
483,居酒屋,IZAKAYA50,"営業時間
【月〜金】17:00～翌6:00（L.O.翌5：00）【土、祝前日】17:00〜翌6:00（L.O.翌5：00）変則的に、祝日営業あり。
定休日
日曜",東京都千代田区鍛冶町2-7-6 リッツビル 1F,https://tabelog.com/tokyo/A1310/A131002/13126588/
484,居酒屋,水道橋酒場,"営業時間
月～土、祝前日: 16:00～翌0:00定休日：日、祝日※営業時間でのご利用もお気軽にご相談くださいませ。
定休日
日、祝日",東京都千代田区神田三崎町2-10-5 カズクニビル 1F,https://tabelog.com/tokyo/A1310/A131003/13251210/
485,居酒屋,鍛冶屋 文蔵 市ヶ谷店,"営業時間
16:00～23:00（L.O.22:30）日祝　閉店22:30※営業時間は予告なく変更になる場合がございます。 
日曜営業
定休日
年中無休",東京都千代田区九段北4-2-15 2F,https://tabelog.com/tokyo/A1309/A130904/13129487/
486,居酒屋,ふらっと日な田,"営業時間
【ランチコース】※前日までの予約制月曜〜金曜12時〜14時【ディナー】月曜〜土曜17:00〜23:00(L.O22:00)
定休日
日曜、祝日",東京都千代田区神田猿楽町2-2-6 ビューノS 1F,https://tabelog.com/tokyo/A1310/A131003/13266903/
487,居酒屋,美味千成,"営業時間
[月～金]16:00~23:30(L.O.22:30)[土]16:00~23:00(Ⅼ.O.22:00)
定休日
日曜、祝日",東京都千代田区有楽町2-1-21,https://tabelog.com/tokyo/A1301/A130102/13025358/
488,居酒屋,0秒レモンサワー 仙台ホルモン焼肉酒場 ときわ亭 秋葉原店,"営業時間
[月～金]16:00～24:00(L.O.23:00)[土・日・祝日]12:00～24:00(L.O.23:00)
日曜営業
定休日
年中無休 ※「お店からの大切なお知らせ」をご確認ください。なお、予告なく変更となる場合がございます。ご来店時は事前に店舗へご確認ください。",東京都千代田区神田佐久間町1-19-1 B1F,https://tabelog.com/tokyo/A1310/A131001/13258487/
489,居酒屋,屋台屋 博多劇場 有楽町店,"営業時間
ディナー16:00～24:00日曜営業
日曜営業
定休日
不定休",東京都千代田区丸の内3-6-15,https://tabelog.com/tokyo/A1301/A130102/13283212/
490,居酒屋,九段ヒトシズク,"営業時間
[月～金]11:30～13:30(L.O)17:30～22:30(L.O)[土]17:30～22:30(L.O)
定休日
日曜日、祝日",東京都千代田区九段南2-4-12 KUDANMINAMI TERRACE B1F,https://tabelog.com/tokyo/A1309/A130906/13282766/
491,居酒屋,お好み焼き･鉄板焼き 大阪 めっせ熊 東京店,"営業時間
11:00～15:00（L.O14:00）17:00～22:00（L.O21:00）
定休日
土日祝",東京都千代田区丸の内1-11-1 パシフィック・センチュリー・プレイス 丸の内 地下1階,https://tabelog.com/tokyo/A1302/A130201/13156146/
492,居酒屋,九州料理 居酒屋 永山本店 秋葉原岩本町,"営業時間
月～金11:30～23:00（L.O.22:00）土12:00～23:00（L.O.22:00）祝日12:00～23:00（L.O.22:00）
定休日
日曜日■〈全席喫煙可能〉もつ鍋を含む本格九州料理が豊富の居酒屋■〈フロア貸切可〉30～最大40名様迄対応可能■〈120分飲み放題付〉九州料理がリーズナブルに楽しめるコース7品3,990円～",東京都千代田区神田岩本町1-13 秋葉原清新ビルB1F,https://tabelog.com/tokyo/A1310/A131002/13054740/
493,居酒屋,酒亭 じゅらく お茶の水店,"営業時間
月〜金11:30 - 15:00 / 17:00 - 23:00土11:30 - 23:00日祝11:30 - 22:00
定休日
不定休",東京都千代田区神田淡路町2-9 ＪＲ高架下,https://tabelog.com/tokyo/A1310/A131002/13045351/
494,居酒屋,はなび,"営業時間
月曜〜金曜11:15〜14:0017:00〜23:00(L.O22:00)
定休日
土曜・日曜・祝日・年末年始",東京都千代田区神田小川町3-6-10 MOビル１F １－A号室,https://tabelog.com/tokyo/A1310/A131003/13133142/
495,居酒屋,よね蔵 東京サンケイビル店,"営業時間
ランチ  11:00~14:00ディナー 17:00~22:00
定休日
不定休日あり",東京都千代田区大手町1-7-2 東京サンケイビル B2F,https://tabelog.com/tokyo/A1302/A130201/13241510/
496,居酒屋,おかってや 九段下店,"営業時間
[月～金]11：30～14：00(L.O.13：30)17：00～23：00(L.O.22：30)[土]しばらく定休日
定休日
日・祝日",東京都千代田区九段北1-3-11 九段久保山ビル １Ｆ,https://tabelog.com/tokyo/A1310/A131003/13035541/
497,居酒屋,神田厨,"営業時間
１１：００~２４：００
定休日
なし",東京都千代田区神田小川町2-12-14 B1,https://tabelog.com/tokyo/A1310/A131002/13201279/
498,居酒屋,日本料理居酒屋 タキーちゃん,"営業時間
[月～金]11:00～15:0017:00〜23:30（L.O.　お食事22:30　ドリンク23:00）[土・日・祝]15:00〜23:00（L.O.　お食事22:00　ドリンク22:30
日曜営業
定休日
なし",東京都千代田区神田神保町1-26-2 1F,https://tabelog.com/tokyo/A1310/A131003/13269400/
499,居酒屋,若竹,"営業時間
[月～金]17：00～翌3:00(L.O.1:30)[土]17：00～23:00(L.O.21:30)
定休日
日・祝日",東京都千代田区内神田3-21-3,https://tabelog.com/tokyo/A1310/A131002/13076790/
500,居酒屋,世界の山ちゃん 飯田橋店,"営業時間
月～土･祝前：17:00～23:30日・祝：17:00～23:00
日曜営業
定休日
（年末年始は除く）★山ちゃんは席料＆お通しなし！",東京都千代田区飯田橋4-4-8,https://tabelog.com/tokyo/A1309/A130905/13186869/
501,居酒屋,てけてけ 御茶ノ水駅前店,"営業時間
《ディナー》【月〜金】17:00～23:30（L.O 23:00）【土】16:00～23:30（L.O 23:00）【日・祝】16:00～23:00（L.O 22:30）《ランチ》【平日】11:30～14:00（L.O.13:30）
定休日
年末年始(詳細は店舗までお問合せください)",東京都千代田区神田駿河台2-4 ウィーンビル 3F,https://tabelog.com/tokyo/A1310/A131002/13214769/
502,居酒屋,魚・菜 天舞利,"営業時間
11:30～14:00 17:30～23:00(L.O.22:00)
定休日
土曜日、日曜日、祝日",東京都千代田区内幸町2-2-2 富国生命ビル B2F,https://tabelog.com/tokyo/A1301/A130102/13032675/
503,居酒屋,伊勢路 飯田橋店,,東京都千代田区富士見2-6-10 三共富士見ビル 2F,https://tabelog.com/tokyo/A1309/A130905/13156827/
504,居酒屋,新時代 秋葉原電気街口店,"営業時間
平日　13:00～翌2:00土日祝　10:00～翌2:00
日曜営業
定休日
なし",東京都千代田区外神田1-16-10,https://tabelog.com/tokyo/A1310/A131001/13277566/
505,居酒屋,樽平 神田店,"営業時間
[月～金]16:30～23：00（22：00L.O)[土]16:30～22：00（21：00L.O)
定休日
日・祝",東京都千代田区内神田3-13-2,https://tabelog.com/tokyo/A1310/A131002/13075712/
506,居酒屋,やす田,"営業時間
11:30～14:0017:00～24:00
定休日
土曜日、日曜日、祝日",東京都千代田区神田三崎町2-12-9 水道橋伊藤ビル 1F,https://tabelog.com/tokyo/A1310/A131003/13020193/
507,居酒屋,麹町はとり,,東京都千代田区六番町4-11 朝日六番町マンション 2F,https://tabelog.com/tokyo/A1309/A130904/13204295/
508,居酒屋,日の基,"営業時間
17:00～24:00
定休日
日曜・祭日",東京都千代田区有楽町2-4-4,https://tabelog.com/tokyo/A1301/A130102/13010992/
509,居酒屋,佐賀ふもと赤鶏 酒場 高しな 東京駅ガード下店,"営業時間
[月～金]11:30～14:0017:00～23:00[土]17:00～23:00
定休日
日祝",東京都千代田区丸の内1-7-4 東京駅丸の内北口 高架下 味の散歩道,https://tabelog.com/tokyo/A1302/A130201/13250655/
510,居酒屋,大衆魚食堂 幸村 市ヶ谷,"営業時間
[月～金]11:30～14:3017:00〜22:30（L.O.22:00） [土] 11:30～14:3017:00～22:00（L.O.21:30）
定休日
日曜日・祝日",東京都千代田区九段南3-5-10,https://tabelog.com/tokyo/A1309/A130904/13221478/
511,居酒屋,京久家,"営業時間
～翌5：00
日曜営業
定休日
　１月１~３日以外は基本的に年中無休",東京都千代田区岩本町3-3-13 グレンパーク秋葉原イースト1F,https://tabelog.com/tokyo/A1310/A131002/13123642/
512,居酒屋,笹陣 お茶の水店,"営業時間
平日11:00～15:00(LO.14:00)         16:00～22:00(Lo21:00)土曜11:30～15:00(LO.14:30)　　　 日曜日.祝日はお休み
定休日
不定休",東京都千代田区神田駿河台4-3 お茶の水サンクレール B1F,https://tabelog.com/tokyo/A1310/A131002/13215268/
513,居酒屋,いろり庵 北町ダイニング,,東京都千代田区丸の内1-9-1 JR東京駅（改札外）北町ダイニング 2F,https://tabelog.com/tokyo/A1302/A130201/13167087/
514,居酒屋,信州 ほるもん亭 飯田橋店,"営業時間
［月〜土］16:00～0:00（L.O23:30）
定休日
日曜日",東京都千代田区飯田橋3-11-30 千代田街ビル　１Ｆ・2F,https://tabelog.com/tokyo/A1309/A130905/13038685/
515,居酒屋,ほていちゃん 有楽町店,"営業時間
[平日]16:00～23:00（L.O.22:30）[土・日・祝]13:00～23:00（L.O.22:30）
日曜営業
定休日
無休",東京都千代田区丸の内3-6-4,https://tabelog.com/tokyo/A1301/A130102/13262959/
516,居酒屋,開運横町 内神田店,,東京都千代田区内神田3-21-3,https://tabelog.com/tokyo/A1310/A131002/13053764/
517,居酒屋,居酒屋 ぷちあん,"営業時間
【月曜日〜金曜日】 14：30～23:30※ランチタイム営業は2023年8月31日をもちまして終了しました。【土曜日、祝日】15:00～22:30【日曜日】定休日
定休日
日曜日",東京都千代田区九段北4-2-15 市ヶ谷プラザ 2F,https://tabelog.com/tokyo/A1309/A130904/13078072/
518,居酒屋,加賀屋 秋葉原駅前店,"営業時間
16:30～23:30
定休日
日曜日、祝日",東京都千代田区神田平河町1-1 第３東ビル　Ｂ１Ｆ,https://tabelog.com/tokyo/A1310/A131001/13023145/
519,居酒屋,大衆スタンド 神田屋 水道橋東口店,"営業時間
月～金曜日16：00～23：00土曜日14：00～23：00日曜日・祝日14：00～22：00※年末年始、GW、お盆期間は営業日、営業時間が異なる場合がございます。詳しくはテンアライド㈱ホームページにてご確認ください。 
日曜営業
定休日
12月31日/1月1日",東京都千代田区神田三崎町1-4-8 愛光舎ビル 2F,https://tabelog.com/tokyo/A1310/A131003/13274756/
520,居酒屋,良心的な店 あさひ,"営業時間
17:00～23:30
定休日
土曜日、日曜日",東京都千代田区神田須田町1-12-6,https://tabelog.com/tokyo/A1310/A131002/13077360/
521,居酒屋,牧谿,"営業時間
18:00～21:00(L.O)
定休日
月曜・日曜",東京都千代田区九段南3-8-2 ライオンズマンション九段第二 1F,https://tabelog.com/tokyo/A1309/A130904/13245719/
522,居酒屋,むさし乃,"営業時間
11:30～14:0017:00～23:30
定休日
土曜日、日曜日",東京都千代田区東神田2-6-9,https://tabelog.com/tokyo/A1310/A131002/13064288/
523,居酒屋,九州沖縄食市 有楽町産直横丁,"営業時間
24時間営業
定休日
無休",東京都千代田区有楽町2-1-1 有楽町産直横丁,https://tabelog.com/tokyo/A1301/A130102/13242504/
524,居酒屋,とり鉄 大手町店,"営業時間
ランチ 11:00～14:00(L.O.14：00) ディナー 17:00～24:00(L.O.23:30)
定休日
日曜・祝日",東京都千代田区大手町2-5-12,https://tabelog.com/tokyo/A1302/A130201/13028141/
525,居酒屋,さかつぼ,"営業時間
17:00～23:00
定休日
日曜日、月曜日、祝日",東京都千代田区神田佐久間町3-33 古田土ビル１F,https://tabelog.com/tokyo/A1310/A131001/13115828/
526,居酒屋,季節料理 竹仙,"営業時間
月～金 15:00～23:00 土 15:00～22:00このほかランチ営業もあり。
定休日
日曜・祝日",東京都千代田区内神田3-11-2,https://tabelog.com/tokyo/A1310/A131002/13032648/
527,居酒屋,赤兵衛,"営業時間
月〜金 17:00〜23:00(L.O)
定休日
土曜・日曜・祝日は定休日。ただし、事前の予約で営業可能。",東京都千代田区内神田3-22-1 勝川ビル 2F,https://tabelog.com/tokyo/A1310/A131002/13173792/
528,居酒屋,千代,"営業時間
11:00～14:00 17:00～22:00
定休日
土曜日、日曜日、祝日",東京都千代田区神田錦町1-8 親和ビル B1F,https://tabelog.com/tokyo/A1310/A131002/13033886/
529,居酒屋,遊月亭,"営業時間
[月～金]18:00～翌2:00(場合によっては朝まで)[土・日]18:00～24:00
日曜営業
定休日
祝日（ご予約いただいた際は営業します）",東京都千代田区東神田1-9​-4,https://tabelog.com/tokyo/A1302/A130204/13113211/
530,居酒屋,酒処まなゆめ,,東京都千代田区神田小川町1-1 酒井ビル 1F,https://tabelog.com/tokyo/A1310/A131002/13125051/
531,居酒屋,兵六,"営業時間
17:00～22:30
定休日
土日祝",東京都千代田区神田神保町1-3,https://tabelog.com/tokyo/A1310/A131003/13018780/
532,居酒屋,三代目 鳥メロ 有楽町日比谷口店,"営業時間
15:30～翌日03:00　金曜・祝休日の前日は15:30～翌日05:00土曜は13:00～翌日05:00日曜・祝休日は13:00～翌日03:00
日曜営業
定休日
年中無休",東京都千代田区有楽町1-6-8 松井ビル 2F,https://tabelog.com/tokyo/A1301/A130102/13218018/
533,居酒屋,ビア チムニー 丸の内店,"営業時間
平日のみ昼11:00～15:00平日夜17:00～翌0:00(ラストオーダー23:30)土17:00～23:00(ラストオーダー22:30)
定休日
日・祝",東京都千代田区丸の内1-7-10,https://tabelog.com/tokyo/A1302/A130201/13040324/
534,居酒屋,玉乃光酒蔵 山田錦店,,東京都千代田区大手町1-6-1 大手町ビルヂング B2F,https://tabelog.com/tokyo/A1302/A130201/13045155/
535,居酒屋,みますや,"営業時間
[月～土]11:30〜13:30 17:00〜
定休日
日曜日 祝日",東京都千代田区神田司町2-15-2,https://tabelog.com/tokyo/A1310/A131002/13000630/
536,居酒屋,大衆酒バル さけときどきぶた 末広町店,"営業時間
11:00～14:0016:00～21:00(お酒L.O.20:00)
定休日
日曜日",東京都千代田区外神田6-11-17,https://tabelog.com/tokyo/A1311/A131101/13211702/
537,居酒屋,駒忠 神保町一丁目店,,東京都千代田区神田神保町1-39 OHIDEビル 1F,https://tabelog.com/tokyo/A1310/A131003/13075673/
538,居酒屋,佐賀県三瀬村ふもと赤鶏 丸の内店,"営業時間
[月～金]11:30～14:00(L.O.13:30）17:00～23:00（L.O.22:30）
定休日
土曜・日曜・祝日（20名様以上のご予約で土曜日も営業します！）。",東京都千代田区丸の内2-2-1 岸本ビルヂング B1F,https://tabelog.com/tokyo/A1302/A130201/13178172/
539,居酒屋,てけてけ 神田東口店,"営業時間
《ディナー》【月〜土】17:00～23:30（L.O 23:00）【日・祝】17:00～23:00（L.O 22:30）《ランチ》【平日】11:30～14:00（L.O.13:30）
日曜営業
定休日
年末年始(詳細は店舗までお問合せください)",東京都千代田区鍛冶町2-9-1,https://tabelog.com/tokyo/A1310/A131002/13037196/
540,居酒屋,酒菜家かずいち,"営業時間
［月］17:30～23:00［火～土］11:30～13:0017:30～23:00
定休日
日曜日、祝日(他、主に土曜日不定休有)",東京都千代田区神田錦町3-17 寺村ビル 1F,https://tabelog.com/tokyo/A1310/A131003/13135894/
541,居酒屋,神保町トンちゃん,"営業時間
［月～金］11:30～14:00（最終入店）／17:00～23:00（L.O.22:00）［土］17:00～21:00（L.O.20:00）
定休日
日曜日、祝日",東京都千代田区神田神保町1-103 東京パークタワー1F,https://tabelog.com/tokyo/A1310/A131003/13096087/
542,居酒屋,かぐらや 秋葉原店,"営業時間
月～日ランチ　11:00～15:00（L.O 14:30）月～土ディナー　17:00～23:00（L.O.22:30）日・祝日ディナー　17:00～22:00（L.O.21:30）
日曜営業
定休日
不定休日あり",東京都千代田区神田佐久間町2-1,https://tabelog.com/tokyo/A1310/A131001/13162708/
543,居酒屋,鳥良商店 神田小川町店,"営業時間
＜月～金＞11：30～22：30＜土・日・祝＞12：00～22：00
日曜営業
定休日
無し",東京都千代田区神田小川町1-6-3 B.D.A神田小川町ビル 1F・2F,https://tabelog.com/tokyo/A1310/A131002/13211804/
544,居酒屋,鉄道居酒屋　LittleTGV,"営業時間
[月～金]18:00～23:00（L.O22:00)[土・日・祝]12:00～23:00（L.O22:00)　※12:00～17:00はランチ営業です。【12/28～30】14：00～23：00【12/31】16：00～翌3：00【1/2・1/3】12：00～21：00
日曜営業
定休日
1/1は運休となります。",東京都千代田区外神田3-10-5 イサミヤ第３ビル　４Ｆ,https://tabelog.com/tokyo/A1311/A131101/13046515/
545,居酒屋,跳人 大手町,"営業時間
[月～金] 11:30～14:00 17:00～23:00  
定休日
土曜日　日曜日・祝日",東京都千代田区内神田2-2-1 鎌倉河岸ビル B1F,https://tabelog.com/tokyo/A1302/A130201/13153093/
546,居酒屋,籠りや 麹町店,,東京都千代田区麹町3-7 麹町山口ビル　Ｂ１Ｆ,https://tabelog.com/tokyo/A1308/A130803/13023187/
547,居酒屋,北海道バル 海 グランスタ八重洲店,"営業時間
全日11:00～22:00 （料理L.O. 21:30 ドリンクL.O. 2１:45）
日曜営業
定休日
東京駅グランルーフ施設に準ずる。",東京都千代田区丸の内1-9-1 グランスタ八重洲,https://tabelog.com/tokyo/A1302/A130201/13166517/
548,居酒屋,浜焼き海鮮居酒屋 大庄水産 水道橋店,"営業時間
11:30～23:30
日曜営業
定休日
年中無休",東京都千代田区神田三崎町2-8-7 庄や第1ビル 1F・2F,https://tabelog.com/tokyo/A1310/A131003/13206739/
549,居酒屋,お鍋居酒屋 酵然美健,"営業時間
(月～金）１１：３０～１４：３０１７：００～２２：３０
定休日
土日祝",東京都千代田区大手町1-9-7 大手町フィナンシャルシティ B1F,https://tabelog.com/tokyo/A1302/A130201/13244637/
550,居酒屋,居酒屋 四葉子,"営業時間
11:30～15:0017:00～23:00(フードL.O.22:00 ドリンクL.O.22:20)
定休日
不定休",東京都千代田区神田錦町1-21 1F,https://tabelog.com/tokyo/A1302/A130201/13271929/
551,居酒屋,ももせ季節料理,,東京都千代田区神田須田町2-11 協友ビル Ｂ１F,https://tabelog.com/tokyo/A1310/A131002/13083377/
552,居酒屋,居酒屋 破竹,"営業時間
[月～木]11:30～14:0017:00～23:00[金～日]17:00～23:00
日曜営業
定休日
無休",東京都千代田区神田三崎町2-8-7 中林ビル 1F,https://tabelog.com/tokyo/A1310/A131003/13266496/
553,居酒屋,からつ,,東京都千代田区神田多町2-3-5 森屋ビル1F,https://tabelog.com/tokyo/A1310/A131002/13035281/
554,居酒屋,うどん酒場 エエイチ 神保町,"営業時間
【ランチ】月～金 11：00～15:00土曜日（不定休）11 : 30〜15:00※麺が終了次第早く閉まる可能性が御座います。予めご了承下さいませ。【ディナー】月～金17：00～23 : 00（L.O.22 : 00)土（不定休）17：00～23：00（L.O.22：00）
定休日
日曜日（土曜日、祝日は不定休）",東京都千代田区神田神保町2-7 山本ビル B1F,https://tabelog.com/tokyo/A1310/A131003/13147933/
555,居酒屋,然 大手町店,"営業時間
[月～金] ランチ　　11時20分～15時　（Ｌ.Ｏ14時30分）ディナー　17時～23時２０分（Ｌ.Ｏ２２時１０分）[土]ディナー　17時～２２時（Ｌ.Ｏ２１時） 
定休日
日・祝",東京都千代田区大手町1-3-2 大手町カンファレンスセンター ショップ＆レストラン B1F C-9,https://tabelog.com/tokyo/A1302/A130201/13102368/
556,居酒屋,大衆酒蔵 縁,"営業時間
ランチ   11:30〜13:45居酒屋   17:00〜23:00  ラストオーダー22:00土日祭日   貸し切り予約のみ営業                (20名様以上)
定休日
土日祭日",東京都千代田区神田小川町3-5-3 神保町ＹＭＵビル B1F,https://tabelog.com/tokyo/A1310/A131003/13101792/
557,居酒屋,魚の店 オカモ倶楽部 丸の内店,"営業時間
11:00～23:00
日曜営業
定休日
無休",東京都千代田区丸の内2-7-3 東京ビルTOKIA B1F,https://tabelog.com/tokyo/A1302/A130201/13289940/
558,居酒屋,鉄板ダイニング ロドリゲス,"営業時間
17:00～翌3:00（L.O.翌2:00）
定休日
日曜日・祝日　（武道館でイベントの場合には営業）",東京都千代田区九段北1-10-5 サンブリッジ九段ビル　Ｂ１Ｆ,https://tabelog.com/tokyo/A1309/A130906/13041230/
559,居酒屋,てけてけ 竹橋パレスサイド店,"営業時間
《ディナー》【平日】17:00～23:30（L.O 23:00）《ランチ》【平日】11:30～14:30（L.O.14:00）
定休日
土・日・祝 / 年末年始(詳細は店舗までお問合せください)",東京都千代田区一ツ橋1-1-1 パレスサイドビル B1F,https://tabelog.com/tokyo/A1302/A130201/13183829/
560,居酒屋,食彩酒房かぼちゃ 帝劇ビル店,"営業時間
11:00～21:00(L.O.20:00)
定休日
土曜日、日曜日、祝日",東京都千代田区丸の内3-1-1 帝劇ビル B2F,https://tabelog.com/tokyo/A1301/A130102/13052173/
561,居酒屋,ニユートーキヨー　庄屋 大手町ビル店,"営業時間
[昼]11：30～14：30[夜]17：00～22：30
定休日
土・日・祝",東京都千代田区大手町1-6-1 大手町ビル B2F,https://tabelog.com/tokyo/A1302/A130201/13049996/
562,居酒屋,なごみ 駆々,"営業時間
ランチ 11:00～15:00ディナー 17:00～23:00土曜日は21:00
定休日
日曜日・祝日",東京都千代田区神田駿河台3-1-5 川庄ビル 3F,https://tabelog.com/tokyo/A1310/A131002/13222020/
563,居酒屋,門,"営業時間
[月～金]11:30～14:0017:00～22:00（L.O.21:00/コース料理は20:00)
定休日
土曜・日曜・祝日",東京都千代田区隼町1-1 グランドアーク半蔵門 B1F,https://tabelog.com/tokyo/A1308/A130802/13034704/
564,居酒屋,金陵本店,"営業時間
［月～土］17:00～22:45［日］定休日※祝前日の日曜日は営業
定休日
日曜日",東京都千代田区有楽町2-1-20,https://tabelog.com/tokyo/A1301/A130102/13037180/
565,居酒屋,笑酒,"営業時間
17:00～24:00
日曜営業
定休日
月曜日",東京都千代田区神田猿楽町2-2-1 澤田ビル 1F,https://tabelog.com/tokyo/A1310/A131003/13154986/
566,居酒屋,魚○本店,"営業時間
［月～木・土・日］11:00～2４:00［金］11:00～翌4:00
日曜営業
定休日
無休",東京都千代田区有楽町1-2-4 一軒まるごと！日比谷産直飲食街 1F,https://tabelog.com/tokyo/A1301/A130102/13222617/
567,居酒屋,山城屋,"営業時間
[月～金] 17:00～23:00
定休日
土・日・祝",東京都千代田区神田平河町2,https://tabelog.com/tokyo/A1310/A131001/13075248/
568,居酒屋,八吉 秋葉原中央口店,"営業時間
月～木　     15:00～24:30金・祝前日　15:00～04:30土・日・祝　　15:00～23:30
日曜営業
定休日
無休　※年末年始(12/31～1/３)2023年～2024年",東京都千代田区神田佐久間町1-13 チョムチョム秋葉原　７Ｆ,https://tabelog.com/tokyo/A1310/A131001/13093336/
569,居酒屋,秋葉原 炉ばた 石くら,"営業時間
[月～金]11:00～16:0017:00～23:00[土]11:00～21:00[日・祝]11:00～20:00
日曜営業
定休日
無休",東京都千代田区外神田3-1-11,https://tabelog.com/tokyo/A1310/A131001/13056725/
570,居酒屋,立呑み晩杯屋 飯田橋東口店,"営業時間
［月～金］ 15:00～23:30［土・日・祝］13:00～23:30
日曜営業
定休日
無休",東京都千代田区飯田橋4-9-8 大和ビル 1F,https://tabelog.com/tokyo/A1309/A130905/13202295/
571,居酒屋,完全個室ダイニング サディの木 水道橋店,"営業時間
月～日・祝日・祝前日11:00～24:00（料理L.O.23:00 ドリンクL.O.23:30）
日曜営業
定休日
無休",東京都千代田区神田三崎町3-3-17 AB.Riverビル水道橋 2F,https://tabelog.com/tokyo/A1310/A131003/13171860/
572,居酒屋,飲み処喰べ処 旅,,東京都千代田区神田三崎町2-22-3,https://tabelog.com/tokyo/A1310/A131003/13045409/
573,居酒屋,蔵元居酒屋 清龍 神田店,"営業時間
15:00～23:00
日曜営業
定休日
年中無休(大晦日・元日はお休み)",東京都千代田区鍛冶町1-7-1,https://tabelog.com/tokyo/A1310/A131002/13093081/
574,居酒屋,大金星 飯田橋店,"営業時間
月　　　16:00～24:00火～金　16:00～27:00月～金　11:00～14:00土　　　13:00～24:00日・祝　13:00～23:30
日曜営業
定休日
無休",東京都千代田区飯田橋4-8-2,https://tabelog.com/tokyo/A1309/A130905/13221082/
575,居酒屋,居酒屋 殿（シンガリ）,"営業時間
17:00～
定休日
日曜日",東京都千代田区神田佐久間町2-22 秋葉原再開発ビル　１Ｆ,https://tabelog.com/tokyo/A1310/A131001/13104512/
576,居酒屋,風土木,,東京都千代田区九段北1-2-11 エイム東京九段ビル　1F,https://tabelog.com/tokyo/A1309/A130906/13175830/
577,居酒屋,にしき家,"営業時間
[月～金]11:30～13:1017:30～22:00
定休日
土曜・日曜・祝日",東京都千代田区神田錦町3-17,https://tabelog.com/tokyo/A1310/A131003/13079097/
578,居酒屋,イチガヤキッチン ワキータ,,東京都千代田区九段北4-2-7,https://tabelog.com/tokyo/A1309/A130904/13258122/
579,居酒屋,黒てつ家 本店,"営業時間
[月･火･水･木･金]11:30～14:00 17:00～23:00[土]17:00～23:00
定休日
日曜日・祝日",東京都千代田区神田美倉町9 神田美倉町ビル　１Ｆ,https://tabelog.com/tokyo/A1302/A130202/13098173/
580,居酒屋,鳥良商店 国際フォーラム横店,"営業時間
[月～金・祝前日]11:30～翌1：00（LO:24:00)[土・日・祝]12:00～23:00(LO:22:00)
日曜営業
定休日
無",東京都千代田区丸の内3-7-5,https://tabelog.com/tokyo/A1301/A130102/13206545/
581,居酒屋,吟くら,"営業時間
11:30～14:30(L.O.14:00)
定休日
土曜日、日曜日、祝日",東京都千代田区神田和泉町1-2-22,https://tabelog.com/tokyo/A1310/A131001/13039209/
582,居酒屋,地産十八番 大手町プレイス店,"営業時間
＜月～金＞ランチ：11:00～14:00（L.O.13:30）ディナー：17:00～21:00（L.O.20:30）
定休日
土曜日・日曜日・祝日",東京都千代田区大手町2-3-1 大手町プレイス イーストタワー 1F,https://tabelog.com/tokyo/A1302/A130201/13229870/
583,居酒屋,食彩でくの坊,,東京都千代田区内神田3-18-7,https://tabelog.com/tokyo/A1310/A131002/13106589/
584,居酒屋,かぶら屋 御茶ノ水店,"営業時間
平日１６：００〜２３：００土曜日１６：００〜２３：００祝１５：００〜２２：００
定休日
日曜日",東京都千代田区神田駿河台2-10-5,https://tabelog.com/tokyo/A1310/A131002/13124171/
585,居酒屋,きみ竹,"営業時間
１１時３０分～１４時　17時～終電
定休日
日曜日・祝日",東京都千代田区神田西福田町2 聖徳ビル　１F,https://tabelog.com/tokyo/A1310/A131002/13046648/
586,居酒屋,菊水,"営業時間
[月・火・水]11:10～14:00
定休日
木曜～日曜",東京都千代田区神田神保町1-38,https://tabelog.com/tokyo/A1310/A131003/13011588/
587,居酒屋,八四六,,東京都千代田区外神田5-2-10,https://tabelog.com/tokyo/A1311/A131101/13179087/
588,居酒屋,デイナイト 大手町店,"営業時間
【月～金】11：00～14：30（LO14：00）17：00～21：30（LO21：00）
定休日
土,日,祝",東京都千代田区大手町2-2-2 アーバンネット大手町ビル B1F,https://tabelog.com/tokyo/A1302/A130201/13004107/
589,居酒屋,鍛冶屋 文蔵 霞が関店,"営業時間
［平日］ランチ   11:30～14:30(L.O.14:00) ディナー 17:00～23:00(L.O.22:30) ※営業時間は予告なく変更になる場合がございます。  
定休日
土・日・祝",東京都千代田区霞が関3-2-5 霞が関ビルディング 1F,https://tabelog.com/tokyo/A1308/A130802/13112517/
590,居酒屋,沖縄宮古島酒場 ニーゴ,"営業時間
[ランチ]　11:30～15:00[ディナー]17:30～22:30
定休日
土曜日・日曜日・祝日",東京都千代田区大手町2-6-2 日本ビル B1F,https://tabelog.com/tokyo/A1302/A130201/13214478/
591,居酒屋,貝の真寿 有楽町産直横丁,"営業時間
24時間営業
定休日
無休",東京都千代田区有楽町2-1-1 有楽町産直横丁,https://tabelog.com/tokyo/A1301/A130102/13242500/
592,居酒屋,永田町オーシャン,"営業時間
平日11:30〜14:00（L.O13:30）17:30〜22:00
定休日
土曜日、日曜日、祝日　パーティー、宴会は承ります",東京都千代田区平河町2-6-4 海運ビル　B１,https://tabelog.com/tokyo/A1308/A130803/13211917/
593,居酒屋,串屋横丁 神田南口店,"営業時間
2020年12月1日から[月～金]12：00～23：30(お食事、お飲み物L.O23:00)[土、日、祝]15：00～23：30(お食事、お飲み物L.O23:00)年末年始の営業時間12/30 15:00~23:0012/31 休み1/1 休み1/2 休み1/3 15:00~22:001/4 通常営業
日曜営業
定休日
無し",東京都千代田区鍛冶町1-6-17 合同ビル 1F,https://tabelog.com/tokyo/A1310/A131002/13213500/
594,居酒屋,土鍋炊ごはん なかよし 有楽町店,"営業時間
11:00〜23:00フードLO.22:00 ドリンクLO.22:30金曜日フード、ドリンクLO.22:30【宴会ご予約承ります】ネットでのご予約はホームページにて受付しております♪
定休日
土日祝",東京都千代田区丸の内3-2-3 丸の内二重橋ビル B1F,https://tabelog.com/tokyo/A1301/A130102/13227946/
595,居酒屋,ロッキーカナイ 有楽町店,"営業時間
【月〜金】14:00～23:30【土・日・祝】12:00〜23:30(フードL.O 22:30、ドリンクL.O23:00)
日曜営業
定休日
年末年始",東京都千代田区有楽町1-7-1 有楽町電気ビルヂィング　Ｂ1Ｆ,https://tabelog.com/tokyo/A1301/A130102/13185137/
596,居酒屋,個室ダイニング 亘 秋葉原店,"営業時間
非常事態宣言に伴い　臨時休業しております。系列店　秋葉原　石ばし　にご来店下さい。
日曜営業
定休日
不定休",東京都千代田区外神田1-15-18 奥山ビル 5F,https://tabelog.com/tokyo/A1310/A131001/13219461/
597,居酒屋,夜景個室ダイニング Takumi 東京ドーム前店,"営業時間
[月～日]16:00～24:00
日曜営業
定休日
年中無休",東京都千代田区神田三崎町2-22-18 西山興業新水道橋ビル 5F,https://tabelog.com/tokyo/A1310/A131003/13206591/
598,居酒屋,鶏料理専門店 とりかく 丸の内国際ビル店,"営業時間
[月～金]11:30～14:00(L.O.13:30)17:00～23:00(L.O.22:00)
定休日
　2023年5月8日・9日/土曜・日曜・祝日、年末年始(12/31～1/4)",東京都千代田区丸の内3-1-1 国際ビル　Ｂ１Ｆ,https://tabelog.com/tokyo/A1301/A130102/13031401/
599,居酒屋,肉とワインダイニング　ミートハウス 水道橋店,"営業時間
月～日、祝日、祝前日: 11:00～翌0:00 （料理L.O. 23:00 ドリンクL.O. 23:30）
日曜営業
定休日
定休日無し◇お得なクーポンやコースなど多数ご用意",東京都千代田区神田三崎町2-19-9 MMビル 3F,https://tabelog.com/tokyo/A1310/A131003/13202415/
600,居酒屋,魚串さくらさく 神田西口店,"営業時間
[月~金]11:30〜14:00（LO13:30）17:00〜23:00（LO22:30）[土]11:30〜23:00（LO22:30）[日祝]11:30〜22:00（LO21:30）
日曜営業
定休日
1月1日",東京都千代田区内神田3-9-8 神栄ビル 1F,https://tabelog.com/tokyo/A1310/A131002/13233838/
601,居酒屋,活鮮市場 丸の内南口店,"定休日
土曜日・日曜日・祝日",東京都千代田区丸の内1-10-12及び13,https://tabelog.com/tokyo/A1302/A130201/13118565/
602,居酒屋,海王丸 神田店,"営業時間
ランチ11:30～13:30ディナー17:30～23:00（LO22:15/LO22:45）
定休日
土曜・日曜・祝日",東京都千代田区神田多町2-4 吉川ビル　１Ｆ,https://tabelog.com/tokyo/A1310/A131002/13028883/
603,居酒屋,霧笛屋 KITTEグランシェ店,"営業時間
ランチ　11:00～15:00ディナー　15:00～22:00（L.O.21:30）
日曜営業
定休日
1 月1 日及び法定点検日（※詳しくはお問合せください）",東京都千代田区丸の内2-7-2 JPタワーKITTE B1,https://tabelog.com/tokyo/A1302/A130201/13197867/
604,居酒屋,牛の最上 有楽町産直横丁,"営業時間
24時間営業（LO 03:30）
定休日
無休",東京都千代田区有楽町2-1-1 有楽町産直横丁,https://tabelog.com/tokyo/A1301/A130102/13242499/
605,居酒屋,鮪のシマハラ 水道橋店,"営業時間
【月～金】ディナー：17:00～23:00(L.O.22:00)【土・祝日】ディナー：17:00～23:00(L.O.22:00)
定休日
日曜日",東京都千代田区神田三崎町2-15-12 日幸ビル 1F,https://tabelog.com/tokyo/A1310/A131003/13255323/
606,居酒屋,俵や,"営業時間
11:30～12:45（月・金は休み）17:30～23:00
定休日
土曜・日曜・祝日",東京都千代田区神田和泉町1-7-4,https://tabelog.com/tokyo/A1310/A131001/13079503/
607,居酒屋,一軒め酒場 神田東口店,"営業時間
［月～土］11:00～22:00（L.O.21:30）［日・祝］16:00～22:00（L.O.21:30）
日曜営業
定休日
無し　※年末年始など店舗都合により臨時休業する場合があります。詳しくは直接店舗にお問合せください。",東京都千代田区鍛冶町2-12-1 ＪＲ高架下,https://tabelog.com/tokyo/A1310/A131002/13216970/
