,genre,store_name,business_hours,address,url
0,居酒屋,肉寿司 焼き鳥 食べ放題 個室居酒屋 ワイワイ東京 新宿店,"営業時間
日～木・祝日: 12:00～翌0:00（料理L.O. 23:00 ドリンクL.O. 23:30）金・土・祝前日: 12:00～翌5:00（料理L.O. 翌4:00 ドリンクL.O. 翌4:30）
日曜営業
定休日
不定休",東京都新宿区歌舞伎町1-12-6 歌舞伎町ビル B1F,https://tabelog.com/tokyo/A1304/A130401/13180506/
1,居酒屋,新宿 肉バル 牛鶏豚,"営業時間
12:00～24:00（L.O.23:15、ドリンクL.O.23:30）
日曜営業
定休日
無休",東京都新宿区歌舞伎町1-12-2 第58東京ビル 3F,https://tabelog.com/tokyo/A1304/A130401/13207182/
2,居酒屋,全席個室 京町しずく  新宿東口駅前店,"営業時間
17:00～23:30 ※営業時間前も宴会可能！(早割・遅割特典有)※公式ホームページにも、分かりやすくお得な情報が満載です!!以下の『お店のホームページ』からお越しください♪
日曜営業
定休日
無",東京都新宿区新宿3-36-10 ミラザ新宿　5F,https://tabelog.com/tokyo/A1304/A130401/13121889/
3,居酒屋,個室居酒屋 鳥元 新宿東口店,"営業時間
12:00～15:0017:00～24:00
日曜営業
定休日
なし",東京都新宿区歌舞伎町1-14-3 第103東京ビル 3F,https://tabelog.com/tokyo/A1304/A130401/13252965/
4,居酒屋,佐賀県三瀬村ふもと赤鶏 西新宿店,"営業時間
[月～金] 11:30～14:00(L.O.13:30) 17:00～23:00(L.O.22:30) [土] 17:00～23:00(L.O.22:30)
定休日
日曜日。祝日。",東京都新宿区西新宿1-14-6 新宿西勢ビル 4F,https://tabelog.com/tokyo/A1304/A130401/13200963/
5,居酒屋,酒場のんき,"営業時間
11:30 〜 23:00 (L.O 22:30)
日曜営業
定休日
不定休",東京都新宿区荒木町3-23 国都マンション四谷 1F,https://tabelog.com/tokyo/A1309/A130903/13214412/
6,居酒屋,完全個室 ミートガーデン 新宿店,"営業時間
12:00～24:00（L.O.23:15、ドリンクL.O.23:30）
日曜営業
定休日
年中無休",東京都新宿区歌舞伎町1-17-7 リカム3ビル 3F,https://tabelog.com/tokyo/A1304/A130401/13253719/
7,居酒屋,肉寿司 焼き鳥 食べ放題 個室居酒屋 絆 新宿店,"営業時間
ランチ12:00〜15:00ディナー17:00〜24:00
日曜営業
定休日
無休",東京都新宿区歌舞伎町1-23-12 第10NKビル 4F,https://tabelog.com/tokyo/A1304/A130401/13244631/
8,居酒屋,完全個室居酒屋 酒槽 新宿西口店,"営業時間
[日～木]16:00～24:00[金、土・祝前]15:00～24:00(L.O)
日曜営業
定休日
なし",東京都新宿区西新宿1-16-11 AIビル 3F,https://tabelog.com/tokyo/A1304/A130401/13264724/
9,居酒屋,肉と魚の伊勢屋,"営業時間
14:00～24:00
日曜営業
定休日
年中無休",東京都新宿区西新宿1-13-5 マレー西新宿ビル 4～6F,https://tabelog.com/tokyo/A1304/A130401/13275919/
10,居酒屋,備長炭 本格炭火串焼き ちから 新宿東口店,"営業時間
月～金・祝前日13:00～翌5:00土・日・祝日11:00～翌5:00日曜営業
日曜営業
定休日
無し",東京都新宿区歌舞伎町1-22-10 ハクタカ別館ビル,https://tabelog.com/tokyo/A1304/A130401/13263434/
11,居酒屋,産直鮮魚と47都道府県の日本酒の店 黒潮 新宿西口店,"営業時間
16:00~24:00
日曜営業
定休日
無",東京都新宿区西新宿1-19-13 青鈴ビル 4F,https://tabelog.com/tokyo/A1304/A130401/13289472/
12,居酒屋,九州うまいもんと焼酎 芋蔵 新宿西口店,"営業時間
[月～木・土・日]17:00~23:30(LO,FOOD22:30,DRINK23:00)[金]17:00~26:00(LO,FOOD25:00,DRINK25:30)
日曜営業
定休日
年末年始",東京都新宿区西新宿1-10-2 110ビル 7F,https://tabelog.com/tokyo/A1304/A130401/13156743/
13,居酒屋,鶏丸,"営業時間
11:30～15:00 16:00～24:00
日曜営業
定休日
無休",東京都新宿区新宿3-36-13 Mビル 2F,https://tabelog.com/tokyo/A1304/A130401/13206217/
14,居酒屋,鮮魚と地酒屋 漁介 高田馬場店,"営業時間
月～土・祝前日・祝日ディナー　16:00～23:00（L.O.23:00、ドリンクL.O.22:30）
定休日
日曜日",東京都新宿区高田馬場1-17-10 1F,https://tabelog.com/tokyo/A1305/A130503/13192820/
15,居酒屋,韓国酒場 ソウルミート,"営業時間
定休日なし
定休日
なし",東京都新宿区百人町1-18-9 大久保センタービル B102,https://tabelog.com/tokyo/A1304/A130404/13289501/
16,居酒屋,焼き鳥&和牛肉寿司食べ放題 個室居酒屋 酔月 新宿駅前店,"営業時間
月～木12:00～24:00金・祝前日12:00～翌3:00土12:00～翌3:00日・祝日12:00～24:00
日曜営業
定休日
不定休",東京都新宿区歌舞伎町1-17-5 第二安田ビル 4F,https://tabelog.com/tokyo/A1304/A130401/13207488/
17,居酒屋,輔星,"営業時間
月～金: 11:30～14:30 （料理L.O. 14:00）17:30～23:30 （料理L.O. 22:30 ドリンクL.O. 23:00）土: 17:30～23:30 （料理L.O. 22:30）
定休日
日、祝日",東京都新宿区西新宿7-5-5 プラザ西新宿 2F,https://tabelog.com/tokyo/A1304/A130401/13288200/
18,居酒屋,南国亭 新宿店,"営業時間
11:00〜15:0017:00〜23:00
定休日
12月31日 、元旦",東京都新宿区新宿5-18-20 ルックハイツ新宿1F,https://tabelog.com/tokyo/A1304/A130401/13097497/
19,居酒屋,九州 熱中屋 新宿ワシントンホテル LIVE,"営業時間
■ランチ月～金　11:30～13:30■ディナー月～金　17:00～23:00土日祝　16:00～23:00
日曜営業
定休日
なし",東京都新宿区西新宿3-2-9 新宿ワシントンホテル　B1F,https://tabelog.com/tokyo/A1304/A130401/13030021/
20,居酒屋,九重,"営業時間
通常営業時間16:00~24:00上記の営業時間の他に12：00～16：00等の時間外営業も承っております。お電話にてお問い合わせ下さい。
日曜営業
定休日
不定休　ビルの休館日に準じます",東京都新宿区西新宿1-4-5 明広ビル 3F-A,https://tabelog.com/tokyo/A1304/A130401/13179031/
21,居酒屋,新宿鶏料理専門店 鳥京,"営業時間
[平日]15:00～29:00(L.O 28:30)【土日祝日】12:00～29:00(L.O 28:30)
日曜営業
定休日
定休日無し",東京都新宿区歌舞伎町1-22-1 鳥京ビル 2～4F,https://tabelog.com/tokyo/A1304/A130401/13255241/
22,居酒屋,活豚料理 新宿 inton,"営業時間
【平日】11:30〜15:00（L.O.14:30）17:00〜23:30（L.O.23:00）【土曜日】16:00〜23:30（L.O.23:00）※日曜日：定休日【年末年始休業】12/31～1/3
定休日
日曜日",東京都新宿区西新宿1-13-12 西新宿昭和ビル B1F,https://tabelog.com/tokyo/A1304/A130401/13000781/
23,居酒屋,大海鮮居酒屋 あばれ魚 新宿三丁目,"営業時間
月～木、日: 17:00～23:30金、土：17：00～2:00
日曜営業
定休日
無",東京都新宿区新宿3-10-10 要会館 B1F,https://tabelog.com/tokyo/A1304/A130401/13269893/
24,居酒屋,炙り肉寿司&焼き鳥食べ放題 個室居酒屋 黒帯 新宿東口店,"営業時間
11:00～24:00ランチ～ディナーまで、終電を気にせずごゆっくりお過ごし頂けます。飲み会,女子会,結婚式二次会,同窓会など各種ご宴会に♪宴会貸切もご予約受付中！
日曜営業
定休日
なし",東京都新宿区歌舞伎町1-6-6 橋本ビル 3F,https://tabelog.com/tokyo/A1304/A130401/13229556/
25,居酒屋,肉料理専門店 肉祭 新宿東口店,"営業時間
月～日、祝日、祝前日　11：00～翌5：00　(料理L.O翌4：00　ドリンクL.O4：30)食べ放題＆飲み放題コース1000円台～日曜営業
日曜営業
定休日
なし",東京都新宿区歌舞伎町1-17-13 J1ビル 5F,https://tabelog.com/tokyo/A1304/A130401/13249916/
26,居酒屋,47都道府県名物 鍋っこ 新宿本店,"営業時間
終日11:00〜翌5:00
日曜営業
定休日
なし",東京都新宿区歌舞伎町1-15-8 丸雄ビル 4F,https://tabelog.com/tokyo/A1304/A130401/13290652/
27,居酒屋,大衆酒場 いける屋,"営業時間
月～日、祝日、祝前日: 17:00～翌0:00（料理L.O. 23:00 ドリンクL.O. 23:30）
日曜営業
定休日
不定休",東京都新宿区高田馬場1-33-6 宇都宮ビル 1F,https://tabelog.com/tokyo/A1305/A130503/13264082/
28,居酒屋,完全個室居酒屋 江戸小町 新宿西口店,"営業時間
月～日・祝前日・祝日　15:00～23:45（L.O.23:00、ドリンクL.O.23:00）※12時～15時までのご利用は前日までのご予約をお願いします。※当日のランチ予約は受付できかねますので、ご了承くださいませ。
日曜営業
定休日
無休",東京都新宿区西新宿1-2-1 思横ビル 4F,https://tabelog.com/tokyo/A1304/A130401/13203871/
29,居酒屋,日本晴ルTOKOTON,"営業時間
月曜日〜日曜日17:00〜23:30フードラスト22時30分ドリンクラスト11時年末年始は12月30日まで営業です！年始は5日か営業です
日曜営業
定休日
不定休です",東京都新宿区高田馬場2-16-3 柏ビル　Ｂ１Ｆ,https://tabelog.com/tokyo/A1305/A130503/13020466/
30,居酒屋,有薫バル,"営業時間
【Lunch 】11:30〜14:30（LO14:00）【Dinner 】17:30〜23:00（LO22:00）
日曜営業
定休日
月曜日",東京都新宿区西新宿8-19-2 西新宿TKビル B1F,https://tabelog.com/tokyo/A1304/A130401/13255348/
31,居酒屋,中落ち100円の居酒屋 まぐろんち 高田馬場駅前店,"営業時間
【営業時間】月～金ランチ11:30～14:00ディナー16:00～23:30土・日・祝14:00～23:30
日曜営業
定休日
不定休※7/31(月)はお休みとなります。",東京都新宿区高田馬場1-27-6 KIビル B1F,https://tabelog.com/tokyo/A1305/A130503/13182704/
32,居酒屋,酒陣 一鐡,"営業時間
月～日、祝日、祝前日: 12:00～翌5:00 （料理L.O. 28:00 ドリンクL.O. 28:30）
日曜営業
定休日
無休",東京都新宿区西新宿1-16-7,https://tabelog.com/tokyo/A1304/A130401/13264650/
33,居酒屋,味工房 一酔万笑,"営業時間
［月-土］17:00～23:00（フードL.O.22:00、ドリンクL.O22:30）
定休日
日・祝",東京都新宿区高田馬場3-4-4 Y’ｓプラザビル4F,https://tabelog.com/tokyo/A1305/A130503/13026123/
34,居酒屋,個室居酒屋 番屋 西新宿住友ビル店,"営業時間
月~土曜日 17:00～23：００（22：００LO）日、祝日　17:00~22:00(21:00LO)12月は24日以外の日曜日は営業致します
日曜営業
定休日
年末年始（12/30～1/4）・ビル休館日",東京都新宿区西新宿2-6-1 新宿住友ビル 49Ｆ,https://tabelog.com/tokyo/A1304/A130401/13148762/
35,居酒屋,個室居酒屋 鳥ちゃん,"営業時間
12:00～24:00(料理L.O.23:00 ドリンクL.O.23:30)
定休日
無休",東京都新宿区歌舞伎町1-16-10,https://tabelog.com/tokyo/A1304/A130401/13272740/
36,居酒屋,肉ダイニング 暴れ牛 新宿三丁目店,"営業時間
月～日・祝前日・祝日ランチ　12:00～16:30（L.O.16:00、ドリンクL.O.16:00）ランチタイム　L.O.16:00ディナー　18:00～23:30（L.O.23:00、ドリンクL.O.23:00）
日曜営業
定休日
無し　年末年始　12月31日～1月2日休業",東京都新宿区新宿3-8-2 クロスビル B1F,https://tabelog.com/tokyo/A1304/A130401/13266119/
37,居酒屋,個室居酒屋番屋 新宿南口店,"営業時間
［月～土］17：00～2３：00お料理ラストオーダー22：00飲み物ラストオーダー22:30
定休日
日曜日・祝日・年末年始(12月31日～1月4日)",東京都新宿区西新宿3-2-7 KDX新宿ビル B1F,https://tabelog.com/tokyo/A1304/A130401/13228620/
38,居酒屋,無制限飲み放題 個室居酒屋 酔ってき屋 新宿店,"営業時間
[月～木](ランチから営業中）ビュッフェ形式で850円11:00～15:00（ディナー営業）11:00～翌0:00(L.O23:00)[日・祝]12:00～0:00(L.O23:00)【金・祝前日】11:00～2:00(L.O1:30)【土】12:00～1:00(L.O0:30)！8月11日から16日はランチ営業はお休みさせて頂きます。
日曜営業
定休日
365日休まず営業中！",東京都新宿区新宿3-35-9 永和商事ビル 1F,https://tabelog.com/tokyo/A1304/A130401/13267643/
39,居酒屋,ごちそう個室居酒屋 海幸山幸たまて箱 新宿店,"営業時間
■通常営業時間16:00～24:00（料理LO 23:00、ドリンクLO 23:30）
日曜営業
定休日
無休◇お会計10％OFFクーポンなど各種特典ございます◎",東京都新宿区西新宿1-4-5 明広ビル 5F,https://tabelog.com/tokyo/A1304/A130401/13194078/
40,居酒屋,宮崎県日南市 塚田農場 新宿南口店,"営業時間
【月】17:00〜23:00（LO.22:30）【火】17:00〜23:00（LO.22:30）【水】17:00〜23:00（LO.22:30）【木】17:00〜23:00（LO.22:30）【金】17:00〜23:30（LO.23:00）【土】16:00〜23:00（LO.22:30）【日】16:00〜23:00（LO.22:30）
日曜営業
定休日
なし：諸般の事情により、予告なく休業させて頂くことがございます。予めご了承くださいませ。営業日については直接店舗へお問い合わせください。",東京都新宿区新宿4-1-13 新宿田園ビル 8F,https://tabelog.com/tokyo/A1304/A130401/13161509/
41,居酒屋,肉豆冨とレモンサワー 大衆食堂 安べゑ 市ヶ谷店,"営業時間
11:00～23:00
日曜営業
定休日
無休",東京都新宿区市谷八幡町1 新高ビル 1F,https://tabelog.com/tokyo/A1309/A130904/13252523/
42,居酒屋,御酒印船,"営業時間
月〜金11:30 - 15:00 / 17:00 - 23:00土11:30 - 23:00日11:30 - 22:00
日曜営業
定休日
無休（年末年始変更の可能性あり）",東京都新宿区新宿3-35-16 ＪＵＲＡＫＵ　ＴＷＩＮ　Ａビル　Ｂ１Ｆ,https://tabelog.com/tokyo/A1304/A130401/13028952/
43,居酒屋,博多もつ鍋・黒豚しゃぶしゃぶ ぐるなべ 新宿店,"営業時間
■通常営業時間16:00～24:00（料理LO 23:00、ドリンクLO 23:30）
日曜営業
定休日
無休（不定休日あり）",東京都新宿区西新宿1-4-5 明広ビル 5F,https://tabelog.com/tokyo/A1304/A130401/13194534/
44,居酒屋,小料理 誠,"営業時間
［月～土］  ディナーのみ　18:00～24:00（L.O. フード23:00、ドリンク23:30）
定休日
日曜日 祝日",東京都新宿区市谷田町1-2 マツシタビル B1F,https://tabelog.com/tokyo/A1309/A130904/13082321/
45,居酒屋,炉端とおでん 呼炉凪来,"営業時間
[土～木]16:00～25：00[金・祝前]16:00～29：00
日曜営業
定休日
無し 領収書にインボイス番号を印字しております。",東京都新宿区西新宿1-12-7 第二清新ビル 3F,https://tabelog.com/tokyo/A1304/A130401/13268548/
46,居酒屋,九州名物とめ手羽 新宿店,"営業時間
[月～土] 17：00 ～ 23：30 （L.O. 22：30）
定休日
日曜日　※日曜定休となりますが、月曜が祝日や振替休日の場合は営業（月曜店休）致します ※年末年始・お盆等変更あり",東京都新宿区新宿5-18-20 ルックハイツ新宿2Ｆ,https://tabelog.com/tokyo/A1304/A130401/13099197/
47,居酒屋,魚串さくらさく 新宿店,"営業時間
18:00〜23:30（フードL.O.22:30、ドリンクL.O.23:00）金曜日のみ17:00〜
日曜営業
定休日
1月1日",東京都新宿区歌舞伎町1-28-2 第二鈴鹿ビル 1F,https://tabelog.com/tokyo/A1304/A130401/13222887/
48,居酒屋,個室居酒屋串ばってん 新宿店,"営業時間
12:00〜24:00
日曜営業
定休日
なし",東京都新宿区新宿3-36-13 Mビル 6F,https://tabelog.com/tokyo/A1304/A130401/13279442/
49,居酒屋,ぜろいち,"営業時間
[月～金]11:30～14:30(L.O.14:00)17:30~23:00(L.O.22:30)[土]17:30～23:00(L.O.22:30)
定休日
日・祝",東京都新宿区西新宿7-15-8 日販ビル 1Ｆ,https://tabelog.com/tokyo/A1304/A130401/13259897/
50,居酒屋,九州 熱中屋 新宿西口駅前 LIVE,"営業時間
■ディナー月～木・土日　12:00～23:00金・祝前　      12:00～26:00皆様にお会いできることを楽しみにお待ちしております！店長
日曜営業
定休日
無休　※年末年始は休業となる場合がございます",東京都新宿区西新宿1-16-7 アイ・ディ・エスビル 1Ｆ・5Ｆ,https://tabelog.com/tokyo/A1304/A130401/13030279/
51,居酒屋,博多野菜巻きと焼き鳥&串揚げ たまらん屋 個室居酒屋 新宿店,"営業時間
■12 : 00 ～ 24 : 00(料理L.O. 23:00 ドリンクL.O. 23:30)　◆昼飲み・個室利用OK◆■無料WIFIもあり
日曜営業
定休日
年中無休",東京都新宿区歌舞伎町1‐12‐6 歌舞伎町ビル 3F,https://tabelog.com/tokyo/A1304/A130401/13243742/
52,居酒屋,千本桜 新宿南口店,"営業時間
【通常営業時間】15:00～24:00（L.O.23:00、ドリンクL.O.23:30）※昼宴会はご予約のみで８名様より承ります。
日曜営業
定休日
★当日予約OK★年中無休 当日のコース予約もOK！個室席のご希望もお気軽にお申し付け下さい。",東京都新宿区新宿4-1-13 田園新宿ビル 4Ｆ,https://tabelog.com/tokyo/A1304/A130401/13167274/
53,居酒屋,やきとり荒木山 四谷店,"営業時間
営業時間のお知らせ●ランチ【月～土曜日】11:30～14:00(L.O 13:30)●ディナー　【月～土】17:00～23:00(L.O 22:00）
定休日
日・祝日",東京都新宿区四谷1-6-1 コモレ四谷 1F 114区画,https://tabelog.com/tokyo/A1309/A130902/13248722/
54,居酒屋,鮮魚と和牛 個室居酒屋 トロ一,"営業時間
【月・火・水・木】15:00～翌0:00【金・祝前】15:00〜翌4:00【土】12:00～翌4:00【日・祝】12:00〜翌0:00
日曜営業
定休日
無休",東京都新宿区歌舞伎町1-18-5 白馬車ビル B1F,https://tabelog.com/tokyo/A1304/A130401/13270202/
55,居酒屋,牡蠣と炉端 かき燎,"営業時間
[月～金]16:00～24:00（L.O.23:30）[日・祝]14:00～23:00(L.O.22:00)
日曜営業
定休日
不定休",東京都新宿区新宿3-7-5 第一シグマビル 1F・2F,https://tabelog.com/tokyo/A1304/A130401/13288570/
56,居酒屋,博多おでんと自然薯 よかよか堂,"営業時間
平日11:30～14:30(L.O14:00)17:00～23:00(L.O22:00)土日祝11:30～23:00(L.O22:00)
日曜営業
定休日
無休　年末年始12/30～1/4",東京都新宿区新宿1-18-16 新宿サンパーク 花園 1F,https://tabelog.com/tokyo/A1304/A130402/13259034/
57,居酒屋,居酒屋しいちゃんの家,"営業時間
［月〜日］00:00〜23:59					
日曜営業
定休日
なし",東京都新宿区西新宿7-5-12 岡田ビル B1F,https://tabelog.com/tokyo/A1304/A130401/13285295/
58,居酒屋,和食個室居酒屋 一歩 新宿西口店,"営業時間
11:00～翌4:00
日曜営業
定休日
なし",東京都新宿区西新宿1-18-5 中沖ビル B1F,https://tabelog.com/tokyo/A1304/A130401/13269216/
59,居酒屋,かまくら個室ビストロ KAMAKURA 新宿店,"営業時間
【月〜金】16:00〜23:00【土・日・祝】16:00〜23:00※営業時間は変更となる場合がございます。23時以降にご来店の場合は、お手数ですが、事前にお問い合わせください。
日曜営業
定休日
12/31〜1/3は定休日となります。急なご予約もお気軽にご連絡下さい♪",東京都新宿区新宿4-1-13 田園新宿ビル 7F,https://tabelog.com/tokyo/A1304/A130401/13261756/
60,居酒屋,西口酒場ホームラン,"営業時間
月曜～日曜　１７時から2時頃L.O　1時３０頃17時〜19時までハッピーアワー月曜、火曜、水曜、木曜、日曜。ドリンク20％オフ(※祝前日をのぞく)条件「着席時に画面提示」近隣最安値！！！
日曜営業
定休日
無休",東京都新宿区西新宿7-9-14 江戸金ビル B1F,https://tabelog.com/tokyo/A1304/A130401/13282535/
61,居酒屋,馬場横丁,"営業時間
【月〜木】11:00〜24:00【金曜日】11:00〜29:00【土曜日】12:00〜29:00【日曜日】12:00〜24:00
日曜営業
定休日
なし",東京都新宿区高田馬場3-2-15,https://tabelog.com/tokyo/A1305/A130503/13290395/
62,居酒屋,とりしん,"営業時間
【ランチタイム】11：30～13：30【ディナータイム】[月～金]17:00～23:30(L.O.23:00)　［土、祝祭日］17:00～22:30(L.O.2１:00)
定休日
日祝",東京都新宿区揚場町2-27 MIT飯田橋ビル B1F,https://tabelog.com/tokyo/A1309/A130905/13058958/
63,居酒屋,串焼き・魚 新宿宮川 野村ビル店,"営業時間
11:30～15:00 17:00～23:00【金曜・祝前日】11：30～15:00　17：00～23：30※政府や自治体の方針に従い、営業時間が変更になる場合が御座います。
定休日
日曜定休  ⚫️当日宴会承ります！ 【単品飲み放題】1650円も御座います！ 人気の鯛しゃぶ鍋、串焼、産直鮮魚とご一緒にどうぞ！",東京都新宿区西新宿1-26-2 新宿野村ビル B2F,https://tabelog.com/tokyo/A1304/A130401/13022951/
64,居酒屋,旨唐揚げと居酒メシ ミライザカ 神楽坂店,"営業時間
16:00～翌日3:00　日曜は16:00～23:00　※祝休日・祝休日の前日は曜日に準じる。2023年11月～16:00～翌日03:00　※祝休日・祝休日の前日は曜日に準じる。
日曜営業
定休日
なし",東京都新宿区神楽坂2-10 神楽ヒルズ　２Ｆ,https://tabelog.com/tokyo/A1309/A130905/13052105/
65,居酒屋,あえん 伊勢丹会館店,"営業時間
月～土　　ランチ営業時間　　11:00-15:30（LO 15:00）ディナー営業時間　17:00-22:00（LO 21:00）日祝　　　ランチ営業時間　　11:00-15:30（LO 15:00）ディナー営業時間　17:00-21:00（LO 20:00）
日曜営業
定休日
不定休（伊勢丹会館に準ずる）　【GoToEat対象｜オンライン予約、プレミアムお食事券ともにご利用可能】「桜山豚」や「わっぱめし」も楽しめる2時間飲み放題付コースを4,400円（税込）からご用意しております。旬の野菜をたっぷり使用した和食料理をお楽しみ下さい。完全個室もご用意しております。",東京都新宿区新宿3-15-17 伊勢丹会館 4F,https://tabelog.com/tokyo/A1304/A130401/13006107/
66,居酒屋,仙台牛タンと焼き鳥 ゆうたん 新宿店,"営業時間
16:00～24:00（L.O.23:00、ドリンクL.O.23:30）
日曜営業
定休日
無し",東京都新宿区新宿3-25-9 新宿モアビル 5F,https://tabelog.com/tokyo/A1304/A130401/13281384/
67,居酒屋,越後酒房八海山 神楽坂店,"営業時間
[月〜土]16:00～24:00（L.O.23:00）[日曜・祝日]16:00～23:00（L.O.22:00）
日曜営業
定休日
日・祝不定休",東京都新宿区神楽坂1-10 アイダビル3F,https://tabelog.com/tokyo/A1309/A130905/13121912/
68,居酒屋,299円均一個室居酒屋 九十九 新宿本店,"営業時間
[全日]　１５：００〜２４：００時間外のご宴会もお気軽にご相談ください！
日曜営業
定休日
年中無休",東京都新宿区歌舞伎町1-18-8 第一モナミビル 7F,https://tabelog.com/tokyo/A1304/A130401/13200161/
69,居酒屋,産直海鮮と全国唯一揚げ立て栃尾揚げ あげ屋,"営業時間
月－土17〜23時日祝16〜22時半※詳しい営業状況はご来店前に店舗までご連絡頂くとスムーズです。
日曜営業
定休日
無し（※月1日程度メンテナンス定休あり）",東京都新宿区高田馬場2-16-3 柏ビル 2Ｆ,https://tabelog.com/tokyo/A1305/A130503/13156293/
70,居酒屋,旅籠,"営業時間
月～金 17:00～23:30（L.O.22:30)土・日・祝 17:00～23:00（LO22:00）
日曜営業
定休日
無休",東京都新宿区西新宿1-23-1 かどやホテル　Ｂ１Ｆ,https://tabelog.com/tokyo/A1304/A130401/13037680/
71,居酒屋,あそばれ 新宿東口店,"営業時間
16:00～23:30 (L.O 22:30)※営業時間は変更となる場合がございます。23時以降にご来店の場合は、お手数ですが、事前にお問い合わせください。
日曜営業
定休日
12月31日~1月3日は休業日となります。",東京都新宿区新宿3-35-10 ローヤルプリンスビル 5F,https://tabelog.com/tokyo/A1304/A130401/13176633/
72,居酒屋,新宿 思ひ出酒場 焼き鳥・おでん えんなすび,"営業時間
2021年11/1〜23時30まで営業致します。[月～日・祝]15:00～23:30※2021年4/1よりメニュー価格表記が税込価格表記となっております。
日曜営業
定休日
 年中無休",東京都新宿区西新宿1-2-1 ファイブケイビル 3F,https://tabelog.com/tokyo/A1304/A130401/13208905/
73,居酒屋,氣分上兆,"営業時間
月〜土17時〜23時
定休日
日曜日",東京都新宿区大久保2-6 アルプスマンション 1F,https://tabelog.com/tokyo/A1304/A130401/13286837/
74,居酒屋,元祖やきとり串八珍 四谷店,"営業時間
【ディナー】（平日）16:00～23:00（L.O. フード 22:15　ドリンク 22:30）（土）16:00～23:00（L.O. フード 22:15　ドリンク 22:30）
定休日
日曜日・祝日",東京都新宿区四谷1-20 秋庭ビル 1F,https://tabelog.com/tokyo/A1309/A130902/13160233/
75,居酒屋,扉付き個室居酒屋 鳥キング 新宿東口店,"営業時間
[日～木]11:00〜24:00[金・土・祝前日]11：00～29：00週末は朝まで営業中！
日曜営業
定休日
年中無休",東京都新宿区歌舞伎町1-22-6 2F,https://tabelog.com/tokyo/A1304/A130401/13289548/
76,居酒屋,鹿児島県霧島市 塚田農場 西新宿小滝橋店,"営業時間
【月】17:00〜23:30（LO22:30）【火】17:00〜23:30（LO22:30）【水】17:00〜23:30（LO22:30）【木】17:00〜23:30（LO22:30）【金】17:00〜26:00（LO25:00）【土】14:00〜23:30（LO22:30）【日】14:00〜23:30（LO22:30）
日曜営業
定休日
なし",東京都新宿区西新宿7-9-18 第3雨宮ビル 1F,https://tabelog.com/tokyo/A1304/A130401/13140578/
77,居酒屋,宗政,"営業時間
11：30〜23：00（LO 22:30）【月～土】17:30～23:00（LO 22:30）【火～水】11:30～14:30（LO 14:00）
定休日
日曜日・祝日",東京都新宿区舟町3-9 橋本ビル 1F,https://tabelog.com/tokyo/A1309/A130903/13247942/
78,居酒屋,2000円 食べ放題飲み放題 居酒屋 おすすめ屋 新宿歌舞伎町店,"営業時間
月～金 17:00～23:30（L.O.23:00）※最終来店時間22:30土、日、祝日   16:00～23:30（L.O.23:00） ※最終来店時間22:30
日曜営業
定休日
12/31～1/3",東京都新宿区歌舞伎町1-14-3 川新ビル 7F,https://tabelog.com/tokyo/A1304/A130401/13264611/
79,居酒屋,ひろ,"営業時間
17:00～翌2:00
日曜営業
定休日
なし（不定休）",東京都新宿区西新宿4-16-1,https://tabelog.com/tokyo/A1304/A130401/13115139/
80,居酒屋,てけてけ 新宿総本店,"営業時間
《ディナー》【平日】17:00～23:30（L.O 23:00）【土】16:00～23:30（L.O 23:00）【日・祝】16:00～23:00（L.O 22:30）
日曜営業
定休日
年末年始(詳細は店舗までお問合せください)",東京都新宿区西新宿7-10-5 イビス東京新宿 B1F,https://tabelog.com/tokyo/A1304/A130401/13135441/
81,居酒屋,鶏宴 新宿東口店,"営業時間
月～木、日、祝日16:00～翌0:00 （料理L.O. 23:00 ドリンクL.O. 23:30）金、土、祝前日16:00～翌2:00
日曜営業
定休日
年中無休",東京都新宿区歌舞伎町1-6-3 東海苑ビル　5F,https://tabelog.com/tokyo/A1304/A130401/13229636/
82,居酒屋,鳥九 四谷三丁目店,"営業時間
【月～金】17:00～27:00【土、祝】15:00～27:00【日】15:00〜24:00
日曜営業
定休日
1月１日のみ",東京都新宿区四谷3-11-4 池田第一ビル 1F,https://tabelog.com/tokyo/A1309/A130903/13224946/
83,居酒屋,新宿魚縁一丁目,"営業時間
月〜金ランチ11:30 - 15:00 (LO14:30)ディナー17:00 - 23:00 (LO21:30)日・土17:00 - 22:00 (LO21:30)
日曜営業
定休日
不定休",東京都新宿区新宿1-13-8 葵ビル　B1F,https://tabelog.com/tokyo/A1304/A130402/13132205/
84,居酒屋,博多串焼き 野菜巻き串 もつ鍋 てやんでい 新宿店,"営業時間
16:00～24:00（LO：23:30）※8名様以上でのご予約で、お昼の宴会も承ります。詳細はお電話にてお問合せ下さい。※女子会,合コンや歓迎会・送別会でのご利用お待ちしております！ご予算やお席のご要望ございましたらお電話にてお気軽にご相談下さい。
日曜営業
定休日
年中無休",東京都新宿区歌舞伎町1-16-12 蓬麻ビル 3F,https://tabelog.com/tokyo/A1304/A130401/13217168/
85,居酒屋,神楽坂 一〇五,"営業時間
17:00～翌05:00(L.O.4:30)
定休日
なし",東京都新宿区神楽坂5-1-2 神楽坂TNヒルズ B1F,https://tabelog.com/tokyo/A1309/A130905/13291921/
86,居酒屋,豚しゃぶ・やきとん 森の酒場 隠豚,"営業時間
【平日】11:30〜15:00（L.O.14:30）17:00〜23:00（L.O料理22:00、ドリンク22：30）【金、祝前日】11:30〜15:00（L.O.14:30）17:00〜23:20（L.O料理22:20、ドリンク22：50）【土曜日】16:00〜23:00（L.O料理22:00、ドリンク22：30）※日曜日：定休日【年末年始休業】12/31～1/3
定休日
日曜日",東京都新宿区西新宿1-24-1 エステック情報ビル B2F,https://tabelog.com/tokyo/A1304/A130401/13058970/
87,居酒屋,酒ト肴 オンザコーナー,"営業時間
平日　17:00～23:30（L.O.23:00）土日祝　14:00～23:30（L.O.23:00）
日曜営業
定休日
火曜日",東京都新宿区高田馬場2-8-5 中島ビル 2F,https://tabelog.com/tokyo/A1305/A130503/13270031/
88,居酒屋,個室居酒屋 博多串焼き＆肉寿司食べ放題 ふくとら 新宿東口店,"営業時間
【ディナー】全日：16:00～24:00 （料理L.O. 23:00 ドリンクL.O. 23:30）
日曜営業
定休日
無",東京都新宿区歌舞伎町1-14-3 第103東京ビル 4F,https://tabelog.com/tokyo/A1304/A130401/13179067/
89,居酒屋,遊食家 厨 高田馬場店,"営業時間
月曜日から金曜日まで13:00～翌朝8:00(L.O.7:30）土曜日、日曜日12：00〜翌朝8:00(L.O.7:30)
日曜営業
定休日
無　年末年始（2023年1月1日・2023年1月2日）",東京都新宿区高田馬場4-7-5 グランド東京ビル 3F,https://tabelog.com/tokyo/A1305/A130503/13078633/
90,居酒屋,玄菜 本店,"営業時間
[月～金]ランチ11:30～14:00 ディナー17:00～23:00[土]ランチ11:30～14:00 ディナー17:00～22:00
定休日
日曜・祝日",東京都新宿区西新宿7-10-11 第二伊藤ビル　１Ｆ,https://tabelog.com/tokyo/A1304/A130401/13032935/
91,居酒屋,47都道府県の日本酒勢揃い 富士喜商店 新宿総本店,"営業時間
［月〜金］16:00〜24:00［土日祝］14:00〜24:0011月20日(月)ビル工事のため22:45閉店となります下記はお休み頂きます。12/311/1
日曜営業
定休日
月〜金 16:00〜　土日祝14:00〜",東京都新宿区西新宿7-5-5 プラザ西新宿 B1F,https://tabelog.com/tokyo/A1304/A130401/13273192/
92,居酒屋,焼き鳥野郎 新宿西口店,"営業時間
11:30〜24:00
日曜営業
定休日
年中無休で営業しております。急なご予約お気軽にお問い合わせください。",東京都新宿区西新宿7-5-6 2F,https://tabelog.com/tokyo/A1304/A130401/13219634/
93,居酒屋,串焼き・魚 新宿宮川 昭和ビル店,"営業時間
16:00〜23:30（フード：L.O.22:30・ドリンク：L.O.23:00）※日曜日：定休日アルコール提供も再開致します。【年末年始休業】12月31日～1月3日
定休日
日曜定休　★当日宴会・ランチ宴会承ります！大人の空間で【接待】【飲み会】にも最適です！【個室】も御座います！◎姉妹店 野村ビル店も御座います。",東京都新宿区西新宿1-13-12 西新宿昭和ビル　Ｂ１Ｆ,https://tabelog.com/tokyo/A1304/A130401/13032855/
94,居酒屋,神楽坂 囲炉裏 肉よろず,"営業時間
17：00～23：00 (L.O  22：00)
日曜営業
定休日
無休",東京都新宿区津久戸町3-20 イサミビル 1F,https://tabelog.com/tokyo/A1309/A130905/13266867/
95,居酒屋,新宿おすすめ酒場,"営業時間
日〜木・祝12:00～24:00金・土12:00〜翌5:00個室 おでん 焼き鳥 しゃぶしゃぶ 食べ放題 喫煙可
日曜営業
定休日
無休",東京都新宿区歌舞伎町1-13-5 三経43 2F,https://tabelog.com/tokyo/A1304/A130401/13287306/
96,居酒屋,ふくよし 新宿本店,"営業時間
11:30～26:00(L.O 25:30)
日曜営業
定休日
なし",東京都新宿区西新宿1-4-5 西新宿オークビル 2F,https://tabelog.com/tokyo/A1304/A130401/13279200/
97,居酒屋,個室ダイニング ござる 新宿本店,"営業時間
13:30〜翌5:00
日曜営業
定休日
無休",東京都新宿区歌舞伎町1-22-9 Jゴールドビル 3F,https://tabelog.com/tokyo/A1304/A130401/13286664/
98,居酒屋,はなの舞 新宿西口パレット店,"営業時間
月～金　15:00～23:00（LO.22:30、ドリンクLO.22:30)土・日・祝　13:00～23:00 (LO.22:30、ドリンクLO.22:30)12/30～1/4は営業時間を変更する場合がございます。ご来店の際は店舗までお問い合わせください。
日曜営業
定休日
無休",東京都新宿区西新宿1-1-1 新宿西口会館 (新宿パレット) 5F-1,https://tabelog.com/tokyo/A1304/A130401/13044807/
99,居酒屋,とときち 新宿三丁目店,"営業時間
月～金1１:30～13:3017:30～22:30土.日.祝17:00～22:30ランチ営業無し
日曜営業
定休日
無休",東京都新宿区新宿3-6-13 石井ビル　１Ｆ,https://tabelog.com/tokyo/A1304/A130401/13023849/
100,居酒屋,食べ飲み放題全130種類 完全個室居酒屋 京園 新宿本店,"営業時間
月～木: 11:00～翌0:00 （料理L.O. 23:30 ドリンクL.O. 23:30）金、土、日、祝前日、祝日: 11:00～翌5:00 （料理L.O. 翌4:30 ドリンクL.O. 翌4:30）※状況に応じて系列店でのご案内になる場合がございます。
日曜営業
定休日
インボイス対応！",東京都新宿区歌舞伎町1-18-9 WaMall歌舞伎町 8F,https://tabelog.com/tokyo/A1304/A130401/13251894/
101,居酒屋,個室×地鶏×海鮮 居酒屋 とりせん 四ッ谷店,"営業時間
月～金、祝前日: 16:30～23:45 （料理L.O. 23:00 ドリンクL.O. 23:15）土: 16:30～23:45 （料理L.O. 23:00 ドリンクL.O. 23:15）日、祝日: 15:30～23:00 （料理L.O. 22:00 ドリンクL.O. 22:30）※営業時間外のご宴会も承りますのでお問い合わせ下さい。
日曜営業
定休日
年中無休",東京都新宿区四谷1-20 小泉ビル 2F,https://tabelog.com/tokyo/A1309/A130902/13263765/
102,居酒屋,寿司 牡蠣 新宿スシエビス 新宿西口小滝橋通り,"営業時間
[月～金]11:300～14:00 / 16:00～23:00(L.O22:00)　　[土・日・祝]16:00～23:00(L.O22:00)
日曜営業
定休日
元旦",東京都新宿区西新宿7-10-10 西村ビル 1F,https://tabelog.com/tokyo/A1304/A130401/13279098/
103,居酒屋,家庭料理 悠友,"営業時間
[火～土]19:00～翌2:00
定休日
日曜日・月曜日",東京都新宿区新宿5-18-11 谷川ビル 5F,https://tabelog.com/tokyo/A1304/A130401/13282798/
104,居酒屋,鶏のまるよし 新宿店,"営業時間
【月～金・祝前日】16：00～24：00　(F.L23：00 D.L23：30)【土・日・祝日】11：00～24：00　(F.L23：00 D.L23：30) 昼飲みも可能です！※11:00～16:00は、4名様以上のご予約であればご利用可能です。前日までにお電話でご予約くださいませ。
日曜営業
定休日
なし",東京都新宿区歌舞伎町1-22-9 Jゴールトビル 4F,https://tabelog.com/tokyo/A1304/A130401/13289005/
105,居酒屋,隠れ家ダイニング さーて,"営業時間
[月〜日]11:00〜23:30(L.O.23:00)※日曜日は前日までに予約がある場合のみ営業しますので、予めご連絡ください。
日曜営業
定休日
無休",東京都新宿区四谷1-7-15 山田ビル 2F,https://tabelog.com/tokyo/A1309/A130902/13219912/
106,居酒屋,昆ぶ家 新宿三丁目店,"営業時間
[月～金]11:30～15:0017:30～23:00[土]17:00～23:00[日·祝]定休日
定休日
日曜 祝日 年末年始",東京都新宿区新宿3-6-13 石井ビル　2F,https://tabelog.com/tokyo/A1304/A130401/13019815/
107,居酒屋,豚○商店 AISHI 新宿店,"営業時間
ランチタイム　11:30～15:00ディナー　16:00～23:30お昼や深夜帯など営業時間外のご宴会もお気軽にお申し付け下さい♪
日曜営業
定休日
臨時休業あり",東京都新宿区新宿3-11-9 花菱ビル B1F,https://tabelog.com/tokyo/A1304/A130401/13164694/
108,居酒屋,あぶり 清水 思い出横丁店,"営業時間
月〜土日祝日15:00〜23:00
日曜営業
定休日
不定休",東京都新宿区西新宿1-2-8 新宿思い出横丁,https://tabelog.com/tokyo/A1304/A130401/13227771/
109,居酒屋,はじめ屋,"営業時間
月～木曜日 17:00～23:30 ( LO 22:45)金、祝前日 17:00～ 翌5:00  (LO 翌４:00)土曜日　　 15:00～ 翌5:00  (LO 翌4:00)日、祝日　 15:00～ 23:30 (LO 22:45)
日曜営業
定休日
1月1日",東京都新宿区歌舞伎町1-26-7 エイトビル 1F,https://tabelog.com/tokyo/A1304/A130401/13031840/
110,居酒屋,KALIKA ASIAN DINING & BAR,"営業時間
11:00〜23:00 l.o22:30
日曜営業
定休日
不定休",東京都新宿区西早稲田1-8-19,https://tabelog.com/tokyo/A1305/A130504/13289748/
111,居酒屋,神鶏 市ヶ谷店,"営業時間
【月曜日〜金曜日】17：00〜25：00【土曜日】17：00〜23：00【日曜日】お休み※祝日営業
定休日
日曜日　※11月13日（月）～11月30日（木）は改装工事のため臨時休業とさせていただきます。",東京都新宿区市谷田町1-3-5,https://tabelog.com/tokyo/A1309/A130904/13209840/
112,居酒屋,炭火と酒と肴 七福八郎 四ツ谷,"営業時間
［月～金］17:00～23:00
定休日
日曜日",東京都新宿区荒木町7 三番館ビル 1F,https://tabelog.com/tokyo/A1309/A130903/13288484/
113,居酒屋,牛タンいろ葉 歌舞伎町レッドのれん街店,"営業時間
【月～日】16:00~28:00(L.O27:00)
日曜営業
定休日
不定休",東京都新宿区歌舞伎町1-3-7 第1金嶋ビル1Fろ区画,https://tabelog.com/tokyo/A1304/A130401/13224665/
114,居酒屋,月桜,"営業時間
年中無休18:00～翌4:00(L.O)
定休日
なし",東京都新宿区歌舞伎町2-22-1 アイトスビル 2F,https://tabelog.com/tokyo/A1304/A130401/13137781/
115,居酒屋,たまき,"営業時間
終日11:00〜翌5:00
日曜営業
定休日
年中無休",東京都新宿区歌舞伎町1-15-8 丸雄ビル 3F,https://tabelog.com/tokyo/A1304/A130401/13290650/
116,居酒屋,ひろさわ 新宿店,"営業時間
[月～土]11:00~15:00(L.O.14:30)17:00~翌0:00(L.O.23:30)
定休日
日曜日",東京都新宿区西新宿1-15-9,https://tabelog.com/tokyo/A1304/A130401/13282804/
117,居酒屋,信州炉端 串の蔵 新宿小滝橋通店,"営業時間
11:30~23:30(L.O22:30)
日曜営業
定休日
なし",東京都新宿区西新宿7-4-7 第一太田ビル B1F,https://tabelog.com/tokyo/A1304/A130401/13285044/
118,居酒屋,お肉の食べ放題専門店 個室 グリル＆バル 新宿本店,"営業時間
全日ランチ11:00～15:00  ディナー15:00～24:00
日曜営業
定休日
年中無休",東京都新宿区西新宿7-15-15 東宝観光ビル B1F,https://tabelog.com/tokyo/A1304/A130401/13273826/
119,居酒屋,天ぷら酒場 上ル商店 新宿三丁目店,"営業時間
【月～金・祝前】ランチ11:30～14:00 / ディナー16:00～23:00【土・日・祝日】 11:30～23:00（※11:30～14:00までは禁煙）【12月31日～1月3日の営業時間について】11:30～22:00(L.o21:00)となります。「当店は現在インボイス制度未登録の為、領収書などに登録番号等は記載されません。領収書が必要なお客様はご留意下さい。」
日曜営業
定休日
なし",東京都新宿区新宿3-9-4 明石ビル B1F、1F,https://tabelog.com/tokyo/A1304/A130401/13246394/
120,居酒屋,和食 個室居酒屋 美味か 新宿南口店,"営業時間
【通常営業時間】15:00～24:00（L.O.23:00、ドリンクL.O.23:30）※昼宴会はご予約のみで８名様より承ります。
日曜営業
定休日
年中無休で営業しております！急なご予約ご相談お気軽にお問い合わせください！",東京都新宿区新宿4-1-13 田園新宿ビル 4F,https://tabelog.com/tokyo/A1304/A130401/13166792/
121,居酒屋,あぶり清水 新宿西口ハルク店,"営業時間
[月～日.祝日]11:00~23:00(L.o22:00)
日曜営業
定休日
元日のみ、ビルの営業に準ずる",東京都新宿区西新宿1-5-1 小田急ハルク MB3F,https://tabelog.com/tokyo/A1304/A130401/13289431/
122,居酒屋,上州肉と海鮮和食 個室居酒屋 大吉 新宿西口店,"営業時間
11:00～0:00お食事　L.O 23:00お飲み物L.O 23:30
日曜営業
定休日
不定休",東京都新宿区西新宿1-18-5 甲新ビル 5F,https://tabelog.com/tokyo/A1304/A130401/13194009/
123,居酒屋,肉バル MEAT LAND 四ツ谷店,"営業時間
11:00~14:3017:00~23:00
日曜営業
定休日
無休※12/31～1/3は休みになります。",東京都新宿区四ツ谷1-23-14 3F,https://tabelog.com/tokyo/A1309/A130902/13240477/
124,居酒屋,個室居酒屋 プレミアム和牛肉鍋＆特選肉寿司 にく楽 新宿本店,"営業時間
14:00〜24:00
日曜営業
定休日
年中無休",東京都新宿区歌舞伎町1-15-8 丸雄ビル 2F・4F,https://tabelog.com/tokyo/A1304/A130401/13240638/
125,居酒屋,釜焼鳥本舗おやひなや 西新宿店,"営業時間
【月曜〜金曜(祝日除く)】ランチ：11:30〜15:00(LO14:30)ディナー：17:30〜23:30(LO23:00)【土曜・祝日】15:00〜23:30(LO23:00)【年末年始】12/28～30、1/4・5：15:00〜23:30(LO23:00)
定休日
12/31（日）～1/3（水）、日曜日　※月曜日が祝日の場合、日曜日は土曜と同じ営業し月曜日が休業となります。",東京都新宿区西新宿1-19-13 青鈴ビル5階,https://tabelog.com/tokyo/A1304/A130401/13048998/
126,居酒屋,和創作 空 西新宿,"営業時間
16：00～24：00　（L.O.23:30）祝祭日営業
日曜営業
定休日
なし",東京都新宿区西新宿7-9-13 石川ビルB1F,https://tabelog.com/tokyo/A1304/A130401/13095839/
127,居酒屋,博多野菜巻き串と和牛ステーキ 五臓六腑 新宿東口店,"営業時間
全日: 12:00～翌0:00 （料理L.O. 23:00 ドリンクL.O. 23:30）昼宴会や深夜のご予約も承っております！
日曜営業
定休日
年中無休",東京都新宿区歌舞伎町1-16-10 第27東京ビル B1F,https://tabelog.com/tokyo/A1304/A130401/13263612/
128,居酒屋,古民家風個室と肉寿司・地鶏 神兵衛 新宿店,"営業時間
月～金曜日・祝前日15:00～24:00(料理L.O.23:00、ドリンクL.O.23:30)土日曜日・祝日1２:00～24:00(料理L.O.23:00、ドリンクL.O.23:30)【12月の注意書き】お席のみ予約、コース予約共に12月中の金土祝前日、12/18～12/30は2時間制、年末料金として500円を頂いております。予めご了承くださいませ。
日曜営業
定休日
年中無休",東京都新宿区新宿3-31-5 新宿ペガサス館 5F,https://tabelog.com/tokyo/A1304/A130401/13198636/
129,居酒屋,炉端焼き鳥 鶏彩,"営業時間
月〜土　 17:00〜翌朝5時（深夜、臨時休業する可能性あり）(4時フードラストオーダー、4時30分ドリンクラストオーダー)日曜日　　17:00〜23時30分(22時30分フードラストオーダー、23時ドリンクラストオーダー)
日曜営業
定休日
店休日なし",東京都新宿区歌舞伎町1-19-3 歌舞伎町商店街振興組合ビル 3F,https://tabelog.com/tokyo/A1304/A130401/13259967/
130,居酒屋,個室 しゃぶしゃぶ専門店 にくまる 新宿東口店,"営業時間
月～日、祝日、祝前日: 12:00～翌1:00 （料理L.O. 翌0:00 ドリンクL.O. 翌0:30）
日曜営業
定休日
年中無休",東京都新宿区歌舞伎町1-15-12 2F,https://tabelog.com/tokyo/A1304/A130401/13252503/
131,居酒屋,もてなしや 新宿本店,"営業時間
[月～木]13:00～24:00[金・祝前日]13:00～翌1:00[土]12:00～翌1:00[日・祝]12:00～24:00
日曜営業
定休日
年中無休",東京都新宿区新宿3-27-5 ケースリービル 5F-A,https://tabelog.com/tokyo/A1304/A130401/13289526/
132,居酒屋,和食Bar 伊万里,"営業時間
19:00～翌5:00
日曜営業
定休日
不定休",東京都新宿区歌舞伎町2-34-8 第5 Sビル 3F B号,https://tabelog.com/tokyo/A1304/A130401/13217542/
133,居酒屋,魚がし どまん中 神楽坂店,"営業時間
月-金曜日　15時-23時    L.O22:00土曜日　　 14時-23時　 L.O22:00日曜日       14時-22時　 L.O21:30
日曜営業
定休日
日曜日も営業致します。",東京都新宿区神楽坂5-30 エムティティ神楽坂 B1F,https://tabelog.com/tokyo/A1309/A130905/13189564/
134,居酒屋,完全個室居酒屋なごみ 新宿西口店,"営業時間
ランチ営業　　[月～日]11:00～15:00ディナー16：00～24：00（LO23:30）
日曜営業
定休日
無休",東京都新宿区西新宿1-15-8 第三セイコービル 5F,https://tabelog.com/tokyo/A1304/A130401/13251183/
135,居酒屋,北海道海鮮・離れ情緒～ 西５東３～ 新宿東口店,"営業時間
●日～土 ・祝前 ・祝日　１５：３０～２３：３０ (Ｌ：Ｏ 22：45)●【昼の部】　　　　　  １１：３０～１５：３０ (Ｌ：Ｏ 14：00）※ 昼の部　に関しましては、【前日要予約・コース宴会】でのご案内となります。★ご予約受付時間 １０：３０～２４：００まで★０５０－５５９２－５７８６ 
日曜営業
定休日
年中無休 【◆全席 ・ 喫煙ＯＫ◆】 ＆ 毎日・２３：３０まで営業中。【新宿東口：徒歩３分　アルタ裏】",東京都新宿区歌舞伎町1-6-5 ゴールドビル 3F,https://tabelog.com/tokyo/A1304/A130401/13199294/
136,居酒屋,神楽坂窯焼きビストロflamme flamme,"営業時間
［月～土］17:00～23:00（L.O.22:15、ドリンクL.O.22:30）
定休日
日曜日",東京都新宿区神楽坂3-2-15 山之内ビル 2F,https://tabelog.com/tokyo/A1309/A130905/13289537/
137,居酒屋,とりせん 市ヶ谷店,"営業時間
月～金、祝前日: 16:30～23:45 （料理L.O. 23:00 ドリンクL.O. 23:15）土: 16:30～23:45 （料理L.O. 23:00 ドリンクL.O. 23:15）日、祝日: 15:30～23:00 （料理L.O. 22:00 ドリンクL.O. 22:30）※営業時間外のご宴会も承りますのでお問い合わせ下さい。
日曜営業
定休日
年中無休",東京都新宿区市谷八幡町1 新高ビル B1F,https://tabelog.com/tokyo/A1309/A130904/13289282/
138,居酒屋,隠れ房 新宿店,"営業時間
［全日］ランチ　11:30～14:30（L.O.14:00）［月～土］ディナー　17:00～23:00（L.O.22:00）［日］ディナー　17:00～22:00（L.O.21:00）
日曜営業
定休日
不定休",東京都新宿区新宿3-15-11 アドホック新宿ビル 7F,https://tabelog.com/tokyo/A1304/A130401/13017400/
139,居酒屋,九州酒場 博多流。 新宿歌舞伎町店,"営業時間
[月～金]17:00～23:30(ドリンクL.O 23：00)[土・日・祝]15:00～23:30(ドリンクL.O 23：00)
日曜営業
定休日
【1/1は店休日とさせていただきます】◆本場の博多料理が堪能できる九州居酒屋。送別会・歓迎会・二次会など各種ご宴会にご利用ください。",東京都新宿区歌舞伎町1-26-7 カワノビル B2F,https://tabelog.com/tokyo/A1304/A130401/13127595/
140,居酒屋,やきとり家 すみれ 新宿大ガード店,"営業時間
■営業時間［月～金曜日］　 17:00～23:30［土・日・祝日］ 16:00～23:30 ※12月27日～30日・1月3日は16:00～23:30 ※フードL.O. 22:45 ドリンクL.O. 23:00
日曜営業
定休日
【年末年始休業】12月31日～1月2日 ※12月27日～30日・1月3日は16時オープンします。",東京都新宿区西新宿1-3-1 サンフラワービル 5F,https://tabelog.com/tokyo/A1304/A130401/13233131/
141,居酒屋,北新地 鳥屋 市ケ谷店,"営業時間
【月～金】 16:00～23:00（Food L.O.22:00/Drink L.O.22:30）【  土  】　15:00～22:00（Food L.O.21:00/Drink L.O.21:30）
定休日
日曜日・祝日/年末年始（12/29-1/3）",東京都新宿区市谷田町1-2 マツシタビル 2F,https://tabelog.com/tokyo/A1309/A130904/13225884/
142,居酒屋,全席個室 炭焼 仙台牛たん酒場 たんや奥村 新宿店,"営業時間
月、火、日、祝日: 16:00～23:30 （料理L.O. 22:30 ドリンクL.O. 23:00）水～土、祝前日: 16:00～翌1:00 （料理L.O. 翌0:00 ドリンクL.O. 翌0:00）インボイス対応しております◎
日曜営業
定休日
年中無休",東京都新宿区西新宿1-15-2 第5オムニクスビル B1F,https://tabelog.com/tokyo/A1304/A130401/13245525/
143,居酒屋,日本酒原価酒蔵 新宿総本店,"営業時間
◯平日15:00～23:30◯土日祝12:00～23:30フードL.O    22:30ドリンクL.O 23:00
日曜営業
定休日
無休",東京都新宿区西新宿7-2-5 TH西新宿ビル B1F,https://tabelog.com/tokyo/A1304/A130401/13217476/
144,居酒屋,焼売のジョー 歌舞伎町店,"営業時間
OPEN17:00CLOSE28:00（L.Oフード27:00.ドリンク27:30）ＬＯ27：00）
日曜営業
定休日
なし 領収書にインボイス番号を印字しております。",東京都新宿区歌舞伎町1-6-3 東海苑ビル B1F,https://tabelog.com/tokyo/A1304/A130401/13265416/
145,居酒屋,釜焼鳥本舗おやひなや 新宿西口大ガード店,"営業時間
【月曜〜金曜(祝日除く)】11:30〜15:00/17:30〜23:30【土曜・日曜・祝日】15:00〜23:30
定休日
不定休",東京都新宿区西新宿7-10-19 B1F,https://tabelog.com/tokyo/A1304/A130401/13162874/
146,居酒屋,信州炉端 串の蔵 新宿都庁前店,"営業時間
[月〜金]ランチ　11：00〜15：00ディナー　17：00〜23：00（L.O22:30)[土・日・祝]昼飲み大歓迎　11：00〜23：00（L.O22:30)
日曜営業
定休日
年中無休",東京都新宿区西新宿1-22-1 スタンダードビル B1F,https://tabelog.com/tokyo/A1304/A130401/13270173/
147,居酒屋,四ツ谷 魚一商店,"営業時間
［月～金］11:00～23:00［土・日・祝日］11:00～22:00※毎月1日は15時開店となります。
日曜営業
定休日
年末年始",東京都新宿区四谷1-3 M&Mビル 1・2・3Ｆ,https://tabelog.com/tokyo/A1309/A130902/13153449/
148,居酒屋,創作和食個室居酒屋 もみじ灯 市ヶ谷本店,"営業時間
[月～木]16:30～23:00(L.O)[金・祝前]16:30～24:00(L.O)[土・祝]16:00～23:00(L.O)[日]16:00～22:00(L.O)
日曜営業
定休日
1月1日",東京都新宿区市谷田町1-2-1 戸塚ビル 2F,https://tabelog.com/tokyo/A1309/A130904/13228481/
149,居酒屋,個室居酒屋 安吉酒場 新宿東口ゴジラ横店,"営業時間
12:00~24:00
日曜営業
定休日
無",東京都新宿区歌舞伎町1-12-3 Monビル 3F,https://tabelog.com/tokyo/A1304/A130401/13268707/
150,居酒屋,呑み処 ちょっと酔ってけ,"営業時間
18:00〜28:00（Lo.27:00）
日曜営業
定休日
不定休",東京都新宿区歌舞伎町1-24-6 鶴切ビル B1F,https://tabelog.com/tokyo/A1304/A130401/13265422/
151,居酒屋,炭火焼き串工房 居酒屋 鳥兵衛 新宿東口店,"営業時間
【ディナー】全日：16:00～24:00（料理L.O. 23:00 ドリンクL.O. 23:30）
日曜営業
定休日
なし",東京都新宿区歌舞伎町1-14-3 第103東京ビル 5F,https://tabelog.com/tokyo/A1304/A130401/13265625/
152,居酒屋,わっしょい,"営業時間
「平日」16時～翌4時（料理L.O翌3時、ドリンクL.O翌3時30分）「土・日・祝」15時～翌4時（料理L.O翌3時、ドリンクL.O翌3時30分）
日曜営業
定休日
無",東京都新宿区高田馬場1-3-13 第２天台ビル　２Ｆ,https://tabelog.com/tokyo/A1305/A130503/13017222/
153,居酒屋,KJミートダイニング 新宿西口店,"営業時間
月～日・祝前日・祝日ランチ　11:00～15:00ディナー　15:00～24:00【土日祝時】
日曜営業
定休日
なし",東京都新宿区西新宿1-14-3 新宿ひかりビル 2F,https://tabelog.com/tokyo/A1304/A130401/13260630/
154,居酒屋,神楽坂 ほたる燈,"営業時間
【平日】　　17:00〜23:00【土曜】　15:00～23:00
定休日
日曜日・月曜日不定休",東京都新宿区神楽坂6-36-1 神楽坂ビル 2F,https://tabelog.com/tokyo/A1309/A130905/13273739/
155,居酒屋,赤ちょうちん酒場×ビストロ 喰家 神楽坂店,"営業時間
１７：００～23:30 （フードL.O.22:30、ドリンクL.O.23:00）土日祝日は15:00〜OPEN!!日曜日（フードL・０２２：００ドリンクL.O２２：３０）
日曜営業
定休日
店休なし",東京都新宿区神楽坂2-12,https://tabelog.com/tokyo/A1309/A130905/13208994/
156,居酒屋,いこい家 新宿東口店,"営業時間
12:00～翌0:00 （料理L.O. 23:00 ドリンクL.O. 23:30）
日曜営業
定休日
無休",東京都新宿区歌舞伎町1-17-7 リカム3ビル 5F,https://tabelog.com/tokyo/A1304/A130401/13182986/
157,居酒屋,和牛肉寿司&シュラスコ食べ放題 個室肉バル ウォルトンズ 新宿店,"営業時間
月〜木・日・祝12:00～24:00金・土12:00〜翌5:00※昼宴会や深夜のご予約も承っております。お気軽にお電話にてお問い合わせください。
日曜営業
定休日
年中無休（個室で肉寿司・ステーキ・チーズフォンデュ・シュラスコ3時間食べ放題&飲み放題♪）",東京都新宿区歌舞伎町1-17-6 アツミビル 2F,https://tabelog.com/tokyo/A1304/A130401/13207794/
158,居酒屋,昭和レトロ酒場 キューエモン 歌舞伎町横丁店,"営業時間
11:00～翌5:00
日曜営業
定休日
無し",東京都新宿区歌舞伎町1-27-2 k's8ビル 歌舞伎町横丁 1F,https://tabelog.com/tokyo/A1304/A130401/13275928/
159,居酒屋,からり,"営業時間
【月～日・祝日】17:00～23:30（L.O.22:30、ドリンクL.O.23:00）営業時間外のご宴会もお気軽にご相談下さい。
日曜営業
定休日
無・年末年始",東京都新宿区矢来町112-6 神楽坂RMビル1F,https://tabelog.com/tokyo/A1309/A130905/13188238/
160,居酒屋,かしわ,"営業時間
[月～木]11:30~14:00　17:00~24:00[金]11:30~14:00　17:00~27:00[土]14:00~27:00[日・祝]14:00~24:00
日曜営業
定休日
不定休",東京都新宿区西新宿1-18-5 中沖ビル 1F,https://tabelog.com/tokyo/A1304/A130401/13290053/
161,居酒屋,トロ政 新宿店,"営業時間
11:30〜5:00
日曜営業
定休日
なし",東京都新宿区西新宿1-15-4 第2セイコービル 1F,https://tabelog.com/tokyo/A1304/A130401/13263438/
162,居酒屋,御八 新宿中央口店,"営業時間
16:00～23:30(L.O.22:30)
日曜営業
定休日
年末年始 12/31・1/1",東京都新宿区新宿3-27-1 新宿第一ビル　Ｂ１Ｆ,https://tabelog.com/tokyo/A1304/A130401/13029293/
163,居酒屋,炭火と酒と肴 七福八郎 東新宿本店,"営業時間
[月〜日]17:00～24:00日によって閉店時間を変更させていただく可能性がございます。店舗までご連絡ください。ランチラストオーダー　閉店の30分前フードラストオーダー　閉店の60分前ドリンクラストオーダー閉店の30分前
日曜営業
定休日
不定休",東京都新宿区新宿7-26-57 新宿コーポ 1F,https://tabelog.com/tokyo/A1304/A130401/13270212/
164,居酒屋,完全個室完備 肉バルカラオケ居酒屋 Q・M・ON,"営業時間
 18:00～翌5:00 （料理L.O. 翌4:00 ドリンクL.O. 翌4:30）朝の5:00まで元気に営業中です！
日曜営業
定休日
無し",東京都新宿区歌舞伎町1-17-5 J3ビル 4F,https://tabelog.com/tokyo/A1304/A130401/13276922/
165,居酒屋,元祖やきとり串八珍 神楽坂店,"営業時間
月～土：16:00～23:00（L.O.フード22：15　ドリンク22：30）
定休日
日、祝日",東京都新宿区神楽坂3-2-39 神楽坂MKビル 1F,https://tabelog.com/tokyo/A1309/A130905/13232477/
166,居酒屋,クローバー  大久保店,"営業時間
月～金　17:00～1:00土曜日、日曜日　17:00～1:00
日曜営業
定休日
なし（年末年始以外）",東京都新宿区百人町1-24-6 百山荘B1,https://tabelog.com/tokyo/A1304/A130404/13191914/
167,居酒屋,地鶏と地酒 新宿とっとり,"営業時間
15:00〜24:00 ※店内の状況により変動します。
日曜営業
定休日
年中無休■地鶏宴会プランが3,000円～◎",東京都新宿区歌舞伎町1-6-3 東海苑ビル 7F,https://tabelog.com/tokyo/A1304/A130401/13213802/
168,居酒屋,茶茶 花,"営業時間
【ランチ】　12:00~14:30(土日のみ)【ディナー】17:00~23:00(月~土)17:00~22:30(日、祝)※営業中はお電話が大変繋がりづらくなっています。ご不便をおかけし大変申し訳ございません。21時以降が比較的繋がりやすくなっております。宜しくお願いいたします。状況により閉店時間を早めたり、臨時休業させていただく場合がございます。ご了承ください。
日曜営業
定休日
年末年始",東京都新宿区歌舞伎町1-1-1,https://tabelog.com/tokyo/A1304/A130401/13004164/
169,居酒屋,旨唐揚げと居酒メシ ミライザカ 高田馬場駅前店,"営業時間
17:00～翌日01:00　金曜は17:00～翌日03:00　土曜は14:00～翌日03:00　日曜・祝休日は14:00～翌日01:00　※祝休日の前日は曜日に準じる。
日曜営業
定休日
なし",東京都新宿区高田馬場2-16-6 宇多川ビル　１Ｆ・２Ｆ,https://tabelog.com/tokyo/A1305/A130503/13052109/
170,居酒屋,むく 四谷店,"営業時間
ランチ（平日のみ）：11:30～14:30（LO14:00）ディナー　平日：17:00～23:00（LO22:00）            　土祝：15:00～23:00（LO22:00 ）　
定休日
不定休",東京都新宿区四谷1-3 三陽ビル B1F,https://tabelog.com/tokyo/A1309/A130902/13252481/
171,居酒屋,新宿御苑 天ぷら串 山本家,"営業時間
平日11:30～14:30(L.O14:00)17:00～23:00(L.O22:00)土日祝11:30～23:00(L.O22:00)
日曜営業
定休日
無休　年末年始12/30～1/4",東京都新宿区新宿1-2-6 御苑花忠ビル 1F,https://tabelog.com/tokyo/A1304/A130402/13209422/
172,居酒屋,個室 まぐろの中落ち100円の居酒屋 まぐろんち 神楽坂店,"営業時間
月～金・祝前日　ディナー　16:00～23:15（L.O.22:45、ドリンクL.O.22:45）土・日・祝日　ディナー　15:00～23:15（L.O.22:45、ドリンクL.O.22:45）
日曜営業
定休日
不定休",東京都新宿区神楽坂2-11 第83東京ビル 5F,https://tabelog.com/tokyo/A1309/A130905/13235589/
173,居酒屋,旨唐揚げと居酒メシ ミライザカ 新宿東口店,"営業時間
17:00～翌日03:00　土曜・日曜・祝休日は15:00～翌日03:00※12/24(日)は15:00～翌日01:00の営業とさせて頂きます。
日曜営業
定休日
年中無休",東京都新宿区新宿3-20-5 ニューサンパークビル 2F,https://tabelog.com/tokyo/A1304/A130401/13051995/
174,居酒屋,鶴亀八番 東京本店,"営業時間
月～金ランチ　11:30～17:00（L.O.17:00）土日祝日ランチ14:30～17:00ディナー　17:00～23:30ランチ営業中も一部ディナーメニューの注文は可能です。15時半以降はディナーメニュー全てご注文いただけます。
日曜営業
定休日
不定休日あり",東京都新宿区高田馬場4-5-10,https://tabelog.com/tokyo/A1305/A130503/13248325/
175,居酒屋,牛時,"営業時間
【ランチ】火曜日〜日曜日11:30〜15:00（L.O 14:30）【ディナー】火曜〜日曜17:00〜24:00 (L.o23:00)【月曜日】18:00~24:00  おばんざいメニューでの営業となり通常営業とメニューが変わります。
日曜営業
定休日
なし",東京都新宿区新宿2-11-7 第33宮庭ビル B102,https://tabelog.com/tokyo/A1304/A130401/13272996/
176,居酒屋,個室居酒屋 和食郷土料理 いち凛 市ヶ谷本店,"営業時間
[月～木]16:30～23:00(L.O)[金・祝前]16:30～24:00(L.O)[土・祝]16:00～23:00(L.O)[日]16:00～22:00(L.O)
日曜営業
定休日
1月1日",東京都新宿区市谷田町1-2-1 戸塚ビル 3F,https://tabelog.com/tokyo/A1309/A130904/13228480/
177,居酒屋,完全個室居酒屋 仙台牛タンと土鍋御飯 うまか 新宿店,"営業時間
月～金曜日・祝前日15:00～24:00(料理L.O.23:00、ドリンクL.O.23:30)土日曜日・祝日1２:00～24:00(料理L.O.23:00、ドリンクL.O.23:30)【12月の注意書き】お席のみ予約、コース予約共に12月中の金土祝前日、12/18～12/30は2時間制、年末料金として500円を頂いております。予めご了承くださいませ。
日曜営業
定休日
年中無休",東京都新宿区新宿3-31-5 新宿ペガサス館 5F,https://tabelog.com/tokyo/A1304/A130401/13269668/
178,居酒屋,個室肉バル 肉寿司食べ放題 ミートキング 新宿東口店,"営業時間
【月～日】11:00～24:00
日曜営業
定休日
毎日営業中◎ 当日予約OK！",東京都新宿区歌舞伎町1-6-14 第2ショーリビル 4F,https://tabelog.com/tokyo/A1304/A130401/13182701/
179,居酒屋,美食 個室・炭火焼・ワイン 縁 新宿店,"営業時間
[月～金]17:00～23:00(L.O22:00)[土・祝]17:00～22:00(L.O21:00)
定休日
日曜日（連休の場合は最終日）年末年始 (12月31日・1月1日)",東京都新宿区新宿3-26-18 カワノビル 5F,https://tabelog.com/tokyo/A1304/A130401/13141175/
180,居酒屋,酒トキドキ鉄板つどい場46 高田馬場店,"営業時間
18:00〜27:00(L.O26:00)
日曜営業
定休日
不定休",東京都新宿区高田馬場1-3-13 第二天台ビル 102,https://tabelog.com/tokyo/A1305/A130504/13269907/
181,居酒屋,KOYOI　炭火焼と旬菜,"営業時間
月～土　17:00～23:30フード、ドリンクL.O　22:30※日曜定休日
定休日
日曜日（月曜祝日の場合、祝日月曜休み、前日日曜営業）",東京都新宿区西新宿7-5-6 新宿ダイカンプラザ756 2F,https://tabelog.com/tokyo/A1304/A130401/13185822/
182,居酒屋,和牛肉寿司としゃぶしゃぶ 個室居酒屋 遊山 新宿店,"営業時間
ランチ　11:00～16:00ランチタイムはの少人数での宴会等も承っております。［月～木、土・日・祝前・祝］ディナー　16:00～24:00（L.O.23:30） ［金］ディナー　16:00～5:00（翌朝）(L.O.4:30)
日曜営業
定休日
不定休日あり",東京都新宿区新宿3-34-11 新宿ピースビル 3F,https://tabelog.com/tokyo/A1304/A130401/13217244/
183,居酒屋,全席個室 鮮や一夜  新宿東口駅前店,"営業時間
17:00～23:30 ※営業時間前も宴会可能！(早割・遅割特典有)※公式ホームページにも、分かりやすくお得な情報が満載です!!以下の『お店のホームページ』からお越しください♪
日曜営業
定休日
無",東京都新宿区新宿3-36-10 ミラザ新宿　5F,https://tabelog.com/tokyo/A1304/A130401/13121888/
184,居酒屋,るるぶキッチン,"営業時間
【営業時間】16:30〜23:30 ラストオーダー/22:30 
日曜営業
定休日
年中無休（年に数回店休日あり）",東京都新宿区新宿 4-2-8 るるぶキッチンビルヂング2F/3F,https://tabelog.com/tokyo/A1304/A130401/13250700/
185,居酒屋,京町恋しぐれ 新宿 本館,"営業時間
[月～木]　17:00-23:00(L.O.22:00)[金]　17:00-26:00(L.O.25:00)[土]　13:00‐23:00(L.O.22:00)[日]　13:00-22:00(L.O.21:00)
日曜営業
定休日
不定休　※年末年始の営業時間については、店舗までお問い合わせください。",東京都新宿区新宿3-27-10 武蔵野会館 6F,https://tabelog.com/tokyo/A1304/A130401/13000842/
186,居酒屋,Nice to meet cheese 新宿店,"営業時間
12:00~24:00（料理L.O. 23:00 ドリンクL.O. 23:00）10名様以上でのご予約の場合、深夜営業の対応可能です。お気軽にご相談ください。
日曜営業
定休日
年中無休",東京都新宿区新宿3-9-4 増蔵ビル,https://tabelog.com/tokyo/A1304/A130401/13280256/
187,居酒屋,やきとり 虜 西新宿店,"営業時間
月曜〜木曜 10:00-24:00 金曜〜日曜、祝日、祝前日 10:00~翌朝5:00
日曜営業
定休日
年中無休",東京都新宿区西新宿1-13-5 マレー西新宿ビル B1～3F,https://tabelog.com/tokyo/A1304/A130401/13275917/
188,居酒屋,豪快や 新宿本店,"営業時間
月～日: 12:00～翌0:00 （料理L.O. 23:30 ドリンクL.O. 23:30）
日曜営業
定休日
なし",東京都新宿区歌舞伎町1-17-7 B1F,https://tabelog.com/tokyo/A1304/A130401/13278904/
189,居酒屋,魚や一丁 新宿三光町店,"営業時間
【月～金】ランチ11:30～14:00L.O.13:30【月～金】ディナー16:00～23:00L.O.22:30【土～日，祝】14:00～23:00L.O.22:30
日曜営業
定休日
不定休　／　ランチ営業中！一丁自慢の海鮮丼や鮮度抜群の刺身定食などバラエティに富んだランチメニューをご用意！",東京都新宿区新宿2-19-1 ビックス新宿ビル　Ｂ１Ｆ,https://tabelog.com/tokyo/A1304/A130401/13000198/
190,居酒屋,寿司海鮮個室居酒屋 井砂 新宿店,"営業時間
16:00～24:00上記の営業時間の他に12：00～16：0024：00～29：30等の時間外営業も承っております。お電話にてお問い合わせ下さい。当日のネット予約に関しては電話にて確認をお願いします。
日曜営業
定休日
年中無休（ビルの休館日に準じます）",東京都新宿区新宿3-20-5 6F C,https://tabelog.com/tokyo/A1304/A130401/13225369/
191,居酒屋,博多串焼・野菜巻き串 三五八 神楽坂店,"営業時間
[月～金] 16:00〜23:30（閉店）[土・祝] 15:00〜23:00（閉店）◆テイクアウト期間限定◆[月～金] 受付12:00〜受取開始受け取り16:00〜22:30[土] 12:00〜22:00
定休日
日曜日",東京都新宿区神楽坂3-6-29 MIビル 1F,https://tabelog.com/tokyo/A1309/A130905/13111734/
192,居酒屋,二代目 倉蔵商店,"営業時間
月曜日〜土曜日：17:00〜23:00( F.L22:00 D.L22:30)日曜日/祝日：16:00〜22:45( F.L22:00 D.L22:20)（注）12月30日は22時閉店
日曜営業
定休日
なし",東京都新宿区西新宿7-9-7 丸山ビル 1F,https://tabelog.com/tokyo/A1304/A130401/13169252/
193,居酒屋,いくら丼 旨い魚と肴 北の幸 釧路港 新宿店,"営業時間
平日　11時30分～23時30分（ラストオーダー22時30分、ドリンク23時00分）土曜　11時30分～23時00分（ラストオーダー22時00分、ドリンク22時30分）日曜・祝日　11時30分～22時00分（ラストオーダー21時30分）
日曜営業
定休日
年末年始 12月30日～1月3日　※12月29日は午後3時まで営業(L.O：午後2時半)",東京都新宿区新宿3-28-15 TRN新宿ビル B2F,https://tabelog.com/tokyo/A1304/A130401/13132709/
194,居酒屋,個室居酒屋 天の川 新宿西口店,"営業時間
《全日》ランチ11:30〜15:00、ディナー17:00〜24:00《定休日》日曜日　※月曜日が祝日の場合は日曜営業、月曜定休となります。(日曜日や営業時間外の団体様のご宴会も承ります。お気軽にお電話ください。)
定休日
日曜日 (日曜日や営業時間外の団体様のご宴会も承ります。お気軽にお電話ください。)",東京都新宿区西新宿7-14-14 ホテルマイステイズ 2F,https://tabelog.com/tokyo/A1304/A130401/13183747/
195,居酒屋,居酒屋 源太郎,"営業時間
(昼)11：00～14：00(夜)17：00～24：00時間外営業承ります！全席喫煙可能となります。新型コロナウイルス対策での営業となります。
定休日
飯田橋駅30秒　不定休　時間外営業承り中です♪　土日少人数貸切宴会大歓迎♪ ご宴会コース3000円からご案内しております♪",東京都新宿区揚場町1-13 ミヤコビルＢ１Ｆ,https://tabelog.com/tokyo/A1309/A130905/13111700/
196,居酒屋,肉プロジェクト 高田馬場本店,"営業時間
月～土、祝日、祝前日: 11:00～翌0:00 （料理L.O. 23:00 ドリンクL.O. 23:30）
定休日
日曜日",東京都新宿区高田馬場3-2-13 5F,https://tabelog.com/tokyo/A1305/A130503/13290484/
197,居酒屋,鳥道酒場 新宿2号店,"営業時間
24時間営業中！
日曜営業
定休日
無し",東京都新宿区歌舞伎町1-12-15 1F,https://tabelog.com/tokyo/A1304/A130401/13251441/
198,居酒屋,銀波 新宿東口店,"営業時間
月～金曜日 ディナー 17:00～23:00(L.O.22:00)  土曜日ランチ 　11:30～15:00(L.O.14:30) ディナー 17:00～23:00(L.O.22:00) 日曜日・祝日ランチ 　11:30～15:00(L.O.14:30) ディナー 17:00～22:00(L.O.21:00)＊（土鍋御飯のラストオーダーは上記時刻より早めのお時間となります）
日曜営業
定休日
年末年始 (12/31・1/1)  ビル休館日　夏・冬　年2回",東京都新宿区新宿3-37-12 新宿NOWAビル 4F,https://tabelog.com/tokyo/A1304/A130401/13147282/
199,居酒屋,せいろ蒸しと創作和牛 隠居亭 新宿西口本店,"営業時間
【月～木】16:00～23:30【金・祝前日】16:00～翌5:00【土・日・祝日】13:00～23:30インボイス対応しております◎
日曜営業
定休日
不定休",東京都新宿区西新宿1-15-2 第5オムニクスビル 1F,https://tabelog.com/tokyo/A1304/A130401/13270425/
200,居酒屋,個室居酒屋 九十九 新宿2号店,"営業時間
[月～木曜日]　１５：００〜２４：００[土・日・祝日]　１2：００〜２４：００[金・祝前日]１５：００〜翌５：００時間外のご宴会もお気軽にご相談ください！
日曜営業
定休日
なし",東京都新宿区歌舞伎町1-16-6 第6ポールスタービル 2F,https://tabelog.com/tokyo/A1304/A130401/13257299/
201,居酒屋,かいのみ,"営業時間
【月～土】17:00～23:30(フードL.O.22:30)(ドリンクL.O.23:00)日曜祝日定休
定休日
日曜/祝日",東京都新宿区四谷1-19-16 第一上野ビル 2F,https://tabelog.com/tokyo/A1309/A130902/13170186/
202,居酒屋,熱烈酒場 ドンちゃん,"営業時間
11:00〜5:00
日曜営業
定休日
不定休",東京都新宿区西新宿1-12-6 新宿月光荘ビル 1F,https://tabelog.com/tokyo/A1304/A130401/13253593/
203,居酒屋,鳥道酒場 新宿歌舞伎町店,"営業時間
月〜金 15:00から翌5:00まで営業中♪土日祝日 12:00から翌5:00まで営業中♪
日曜営業
定休日
年中無休",東京都新宿区歌舞伎町1-23-10 歌舞伎町Yビル1F・2F・3F,https://tabelog.com/tokyo/A1304/A130401/13233664/
204,居酒屋,馬鹿とけむり,"営業時間
【店休日】毎月曜※12月は月曜と24日（日）休業いたします。【営業時間】17:00～23:00終日（L.O. 22:30／Food  22:00）年内LAST営業は12/30、年始は1/5より営業いたします。
日曜営業
定休日
月曜日",東京都新宿区新宿3-31-3 全日第四プラザビル 5F,https://tabelog.com/tokyo/A1304/A130401/13030345/
205,居酒屋,焼き鳥食べ放題 個室居酒屋 一空 新宿東口店,"営業時間
ランチ12:00〜15:00ディナー16:00〜24:00
日曜営業
定休日
無休",東京都新宿区歌舞伎町1-15-8 3F,https://tabelog.com/tokyo/A1304/A130401/13235805/
206,居酒屋,テング酒場 新宿郵便局前店,"営業時間
月～金曜日11：30～23：00土曜日15：00～23：00日曜日・祝日15：00～22：00※年末年始、GW、お盆期間は営業日、営業時間が異なる場合がございます。詳しくはテンアライド㈱ホームページにてご確認ください。 
定休日
12月31日/１月１日",東京都新宿区西新宿1-13-1 今佐ビル 2F,https://tabelog.com/tokyo/A1304/A130401/13173223/
207,居酒屋,和びすとろ ぶり中野 西新宿店,"営業時間
月～土・祝前日17：00～23：00（フードL.o 22：00、ドリンクL.o 22：30）お盆、年末年始はお休みしますのでお電話にてご確認ください。
定休日
日曜日　2023年より3月〜10月の第2月曜日",東京都新宿区西新宿7-10-12 ダイハンビルデンス 5F,https://tabelog.com/tokyo/A1304/A130401/13262229/
208,居酒屋,みかわや,"営業時間
11:30～14:30(L.O.14:00)18:00～22:00(L.O.21:30)※土曜・祝祭日は12：00開店です
定休日
木曜日、日曜日",東京都新宿区下落合3-22-16,https://tabelog.com/tokyo/A1305/A130502/13211330/
209,居酒屋,米助 新宿総本店,"営業時間
月～日、祝日、祝前日: 11:00～LAST11:00～16:00、24:00～29:00は要予約
日曜営業
定休日
年中無休！",東京都新宿区新宿3-36-13 Mビル 7F,https://tabelog.com/tokyo/A1304/A130401/13210067/
210,居酒屋,食のHANAMICHI 内藤新宿,"営業時間
[月〜金]16:00〜23:00[土]11:30〜23:00[日・祝]11:30〜23:00
日曜営業
定休日
なし ※「ハナミチ東京　歌舞伎町」の営業状況に準じます。",東京都新宿区歌舞伎町1-6-12 ハナミチ東京 歌舞伎町 3F,https://tabelog.com/tokyo/A1304/A130401/13291229/
211,居酒屋,旬彩,"営業時間
「月～土]18:00～翌4:30 （L.O：料理3：30　ドリンク4:00）[日・祝]18:00～翌4:30（L.O：料理3：30　ドリンク4:00）
日曜営業
定休日
なし",東京都新宿区歌舞伎町1-9-8 アサヒビル１階,https://tabelog.com/tokyo/A1304/A130401/13094522/
212,居酒屋,七色てまりうた 新宿,"営業時間
[月～金]17:00-23:00[土]13:00-23:00[日・祝日]13:00-22:00〈年末年始営業時間〉2023-12-31　　　　　休業2024-01-01　　　　　休業2024-01-02　　　15:00～23：002024-01-03　　　15:00～23：002024-01-04　　　15:00～23：002024-01-05　　　15:00～23：00
日曜営業
定休日
不定休　※年末年始の営業時間については、店舗までお問い合わせください。年末年始（2023年12月31日、2024年1月1日）",東京都新宿区新宿3-28-10 ヒューマックスパビリオン新宿東口 5F,https://tabelog.com/tokyo/A1304/A130401/13022043/
213,居酒屋,北丸 新宿南口店,"営業時間
[月～金]15:00～24:00(L.O)[土・日・祝]12:00～24:00(L.O)■12時～16時のご来店は前日までのご予約となります。定休日：年中無
定休日
不定休",東京都新宿区新宿4-1-13 田園新宿ビル 10F,https://tabelog.com/tokyo/A1304/A130401/13252358/
214,居酒屋,大衆焼鳥酒場 彩どり,"営業時間
17:00～23:30(L.O.23:00)※不定期で営業時間が伸びている可能性がございますので、お気軽にお電話ください。
日曜営業
定休日
不定休",東京都新宿区高田馬場4-10-13,https://tabelog.com/tokyo/A1305/A130503/13274948/
215,居酒屋,九州料理専門店 もつ鍋＆馬刺し 3時間飲み放題 新宿檸檬 新宿店,"営業時間
月～日、祝日、祝前日: 11:00～翌0:00 （料理L.O. 23:30 ドリンクL.O. 23:30）完全個室のご予約は電話確認が必須となっております。ネットからご予約の方もご希望の際はお電話お願いします。
定休日
年中無休",東京都新宿区西新宿1-14-6 西勢ビル 3F,https://tabelog.com/tokyo/A1304/A130401/13253363/
216,居酒屋,創作居酒屋 はなみずき,"営業時間
18:00～翌4:00
定休日
日曜日",東京都新宿区歌舞伎町2-22-5 叙々苑新宿第2ビル 3F,https://tabelog.com/tokyo/A1304/A130401/13283993/
217,居酒屋,ヤサイ串巻ベジィタ,"営業時間
【月〜日】17:00〜23:30フードラスト22:15、ドリンクラスト23:00不定休でお店のお休みがあるので、電話で確認お願いします！
定休日
不定休なので電話できいてください！",東京都新宿区新宿1-30-12 ニューホワイトビル102,https://tabelog.com/tokyo/A1304/A130402/13215156/
218,居酒屋,北海道シントク町 塚田農場 新宿西口店,"営業時間
【月～木】17:00〜23:00（LO.22:00）【金】17:00〜23:30（LO.22:30）【土】16:00〜23:30（LO.22:30）【日祝】16:00〜23:00（LO.22:00）【祝前】17:00〜23:30（LO.22:30）※祝前が休日の場合16:00～23:30（LO.22:30）予告なく営業時間の短縮させて頂くことがございます。予めご了承くださいませ。
日曜営業
定休日
諸般の事情により、予告なく休業させて頂くことがございます。予めご了承くださいませ。営業日については直接店舗へお問い合わせください。",東京都新宿区西新宿1-15-2 第５オムニクスビル 3F,https://tabelog.com/tokyo/A1304/A130401/13167527/
219,居酒屋,わらやき屋 四万十川 新宿,"営業時間
【月～金】17:00-23:00【土】16:00-23:00【日・祝】16:00-22:008月6日(日)、13日(日)は臨時店休とさせて頂きます。〈年末年始営業時間〉2023-12-28　　　16:00-23:002023-12-29　　　16:00-23:002023-12-31　　　　　休業2024-01-01　　　　　休業2024-01-02　　　　　休業
日曜営業
定休日
無。年末年始（2023年12月31日～2024年1月2日）",東京都新宿区新宿3-18-4 セノビル 5F,https://tabelog.com/tokyo/A1304/A130401/13220571/
220,居酒屋,十七番地 高田馬場店,"営業時間
[日〜土]17:00～24:00(フードL.O23:00）ドリンク23時30分
日曜営業
定休日
年末年始",東京都新宿区高田馬場2-15-8,https://tabelog.com/tokyo/A1305/A130503/13182479/
221,居酒屋,炭旬 新宿西口野村ビル本店,"営業時間
＜毎日＞17:00～23:00※12/31(日)は休業とさせていただきます。
定休日
土・日・祝／四季折々の食材を使用した和食と厳選日本酒が楽しめる居酒屋。おすすめは炭火で香ばしく焼いたシマチョウ、旬の鮮魚が楽しめる刺身盛り合わせなど。",東京都新宿区西新宿1-26-2 新宿野村ビル B2F,https://tabelog.com/tokyo/A1304/A130401/13290388/
222,居酒屋,大ちゃん,"営業時間
ランチ　11：00～16:00ディナー　16：00～（L.O.2：30）
日曜営業
定休日
無休",東京都新宿区高田馬場3-1-3 東栄ビル B1F,https://tabelog.com/tokyo/A1305/A130503/13185860/
223,居酒屋,壽山 新宿店,"営業時間
16:00～24:00お電話にてお問い合わせ下さい。当日のネット予約に関しては電話にて確認をお願いします。
日曜営業
定休日
定休日無し（ビル休館日に準ずる）",東京都新宿区新宿3-20-5 ニューサンパークビル 6F,https://tabelog.com/tokyo/A1304/A130401/13225368/
224,居酒屋,もつ家 大西 四谷三丁目店,"営業時間
[月～金・祝前日]16:00〜23:00(L.O22:00)[土祝]15:00〜23:00(L.O22:00)[日・連休最終日]15:00〜22:00(L.O21:00)
日曜営業
定休日
不定休(毎月変わりますので店舗までご確認お願い致します。)",東京都新宿区四谷三栄町10-12 ボナフラワービル 1F,https://tabelog.com/tokyo/A1309/A130903/13165701/
225,居酒屋,ごだいご 新宿NSビル店,"営業時間
■ランチ月～金 11:30～14:30■ディナー月～金 17:00～23:30土       16:00～23:30日・祝 16:00～22:30
日曜営業
定休日
ビル休に準ずる",東京都新宿区西新宿2-4-1 新宿NSビル 29F,https://tabelog.com/tokyo/A1304/A130401/13009824/
226,居酒屋,肉好きの酒場 ます屋 新宿東口店,"営業時間
11:30～24:00
日曜営業
定休日
なし",東京都新宿区歌舞伎町1-6-3 東海苑 4F,https://tabelog.com/tokyo/A1304/A130401/13289510/
227,居酒屋,KICHIRI 新宿 WEST,"営業時間
17:00~23:00(LO 22:00）混雑状況によってお席のお時間を2時間とさせていただくことがあります。
日曜営業
定休日
定休日はございません。",東京都新宿区西新宿1-10-2 110ビル 8F,https://tabelog.com/tokyo/A1304/A130401/13156711/
228,居酒屋,板前バル LIVE FISH MARKET 新宿店,"営業時間
【月～木】11:00～15:00   17:00～23:00【金曜日】11:00～15:00　17:00～翌4:00【土日祝】15:00〜23:00
日曜営業
定休日
なし",東京都新宿区西新宿7-3-1 三光パークビル 1F,https://tabelog.com/tokyo/A1304/A130401/13260349/
229,居酒屋,肉寿司 焼き鳥 食べ放題専門 個室居酒屋 笑い蔵 新宿東口店,"営業時間
12:00～25:00（L.O.24:30）※25時以降ご利用希望の方は事前にご連絡をお願いいたします。
日曜営業
定休日
無休",東京都新宿区歌舞伎町1-15-12 大河原ビル 4F,https://tabelog.com/tokyo/A1304/A130401/13192764/
230,居酒屋,手づくり酒房 ほんのり,"営業時間
月～木　17：30～翌1：00（ディナータイム）金　、土曜日　　　17：30～翌２時（ディナータイム）日曜日休業ランチ月曜日～金曜日　　１２時から15時土曜、日曜、祝日定休日
定休日
日曜日定休日",東京都新宿区新宿3-34-15 ニュー新宿ビル B1F,https://tabelog.com/tokyo/A1304/A130401/13033773/
231,居酒屋,九州 熱中屋 新宿野村ビル LIVE,"営業時間
［月～金］11:30～13:30/17:00～23:00［土］16:00～23:00
定休日
日曜日",東京都新宿区西新宿1-26-2 新宿野村ビル B2F,https://tabelog.com/tokyo/A1304/A130401/13166984/
232,居酒屋,鮮菜美酒 新宿 ずらたん,"営業時間
[月～金]11:30～14:00(L.O)16:50～24:00（L.O 23:00）[土]16:50～24:00（L.O 23:00）[日・祝]お店に確認してください
定休日
日曜日・祝日（営業してる場合があるので、電話にて確認してください）",東京都新宿区西新宿7-22-31 柏木MURA M107,https://tabelog.com/tokyo/A1304/A130401/13285406/
233,居酒屋,九蔵,"営業時間
［月〜金］11:00〜24:00 (L.O23:30)【土・日・祝】11:00〜24:00 (L.O23:30)
日曜営業
定休日
なし",東京都新宿区西新宿1-16-12 第一清新ビル 4F,https://tabelog.com/tokyo/A1304/A130401/13282101/
234,居酒屋,九州料理 新宿商店 本店,"営業時間
【月曜〜金曜・祝前日】16:00～24:00【土日・祝日】15：00～24：00＜ラストオーダー＞F.L.23：00/D.L.23：30
日曜営業
定休日
無/インボイス番号を印字しております。",東京都新宿区西新宿1-18-13 近江ビル 4F,https://tabelog.com/tokyo/A1304/A130401/13282219/
235,居酒屋,土風炉 西新宿七丁目店,"営業時間
【営業時間のお知らせ！】■月～金11:30～14:3016:30～23:00■土・日・祝11:30～22:00
日曜営業
定休日
無休   年末年始の営業日については、直接店舗へお問合せください。",東京都新宿区西新宿7-20-3 ウエストゲート新宿ビル B1F,https://tabelog.com/tokyo/A1304/A130401/13009184/
236,居酒屋,卯水酉,"営業時間
【平日】17:00～23:00【土・日・祝】15:00～23:00
日曜営業
定休日
年末年始（12/30〜1/3）予定",東京都新宿区四谷3-11-17 第二光明堂 B1F,https://tabelog.com/tokyo/A1309/A130903/13194182/
237,居酒屋,石狩川,"営業時間
(月～土)17:00〜23:０0(日曜定休)ラストオーダー：フード22:０0・ドリンク2２:３0
定休日
日曜",東京都新宿区西新宿1-15-4 第２セイコービル　４Ｆ,https://tabelog.com/tokyo/A1304/A130401/13021270/
238,居酒屋,四ツ谷 バルカン,"営業時間
[月～金]16:00～24:00[土・日・祝]14:00～24:00
定休日
不定休",東京都新宿区四谷1-8 中川ビル 1F,https://tabelog.com/tokyo/A1309/A130902/13289054/
239,居酒屋,炉とマタギ 新宿店,"営業時間
月〜金：17:00〜23:00土日祝日：15:00〜23:00(L.O22:00)※お電話は13時～受付【12月31日～1月3日の営業時間について】15:00～22:00(L.o21:00)となります。「当店は現在インボイス制度未登録の為、領収書などに登録番号等は記載されません。領収書が必要なお客様はご留意下さい。」
日曜営業
定休日
元日は定休日となります。",東京都新宿区歌舞伎町1-6-3 石塚ビル 6F,https://tabelog.com/tokyo/A1304/A130401/13187244/
240,居酒屋,ご馳走や 叶え 神楽坂店,"営業時間
平日ランチタイム11:30～15:00(LO14:00)ディナータイム17:00～23:00(LO22:00)土日祝ランチタイム11:30～15:00(LO14:00)ディナータイム16:00～23:00(LO22:00)
日曜営業
定休日
年末年始",東京都新宿区神楽坂3-6-19 青柳LKビル B1Ｆ,https://tabelog.com/tokyo/A1309/A130905/13156992/
241,居酒屋,炭火焼き鳥と炙り肉寿司食べ放題 創作居酒屋 黒帯 高田馬場店,"営業時間
月～日、祝日、祝前日: 11:00～23:00 （料理L.O. 22:00 ドリンクL.O. 22:30）2～80名様までのご利用可能なお席アリ！最大3時間飲み放題付2480円～/当日予約OK/女子会・歓迎会・送別会に！
日曜営業
定休日
なし",東京都新宿区高田馬場1-26-5 FIビル B1F,https://tabelog.com/tokyo/A1305/A130503/13264536/
242,居酒屋,神楽酒 神楽坂店,"営業時間
18:00～翌3:00
日曜営業
定休日
不定休",東京都新宿区岩戸町16-2 メイジャー神楽坂 2F,https://tabelog.com/tokyo/A1309/A130905/13221114/
243,居酒屋,お野菜と日本酒 大地,"営業時間
[月～金]11:30～14:0017:00～23:00[土]17:00〜23:00
定休日
日曜日",東京都新宿区四谷3-11-1 アローズビル 2F,https://tabelog.com/tokyo/A1309/A130903/13246809/
244,居酒屋,大久保ビール館,"営業時間
16：00～25：00※時間外もご相談次第でご予約可能です。
定休日
無",東京都新宿区百人町1-19-14 TC第21ビル 4F,https://tabelog.com/tokyo/A1304/A130404/13291149/
245,居酒屋,北九州酒場,"営業時間
【月曜日～日曜日】ディナー16:00～24:00
日曜営業
定休日
不定休",東京都新宿区西新宿7-11-18 711ビルB1F,https://tabelog.com/tokyo/A1304/A130401/13225367/
246,居酒屋,近江屋 新宿西口店,"営業時間
通常営業時間16：00～24：00上記の営業時間の他に12：00～16：00等の時間外営業も承っております。お電話にてお問い合わせ下さい。
日曜営業
定休日
不定休",東京都新宿区西新宿1-4-5 明広ビル 3F,https://tabelog.com/tokyo/A1304/A130401/13186810/
247,居酒屋,炭焼き牛タン酒場　ウシカイ,"営業時間
[月～土曜日]17:00~23:00（フードL.O. 22:30,ドリンクL.O.22:30）
定休日
日曜日・祝日",東京都新宿区揚場町2-27 MIT飯田橋ビル3F,https://tabelog.com/tokyo/A1309/A130905/13226769/
248,居酒屋,WA-DINNER き,"営業時間
月～金　16:00～23:30土・祝　12:00～23:30※Free Wifi使えます。
定休日
日曜(12月は営業)、お盆、年末年始、メンテナンス休業あり",東京都新宿区西新宿7-9-17 第一伊藤ビル　Ｂ１Ｆ,https://tabelog.com/tokyo/A1304/A130401/13032487/
249,居酒屋,九州地鶏居酒屋 炭鳥 新宿東口店,"営業時間
ランチ11:00～17:00ディナー17:00～翌5:00
日曜営業
定休日
無",東京都新宿区歌舞伎町1-17-5 Jビル 3F,https://tabelog.com/tokyo/A1304/A130401/13238370/
250,居酒屋,極ッ,"営業時間
18:00~翌3:00ぐらいまでやれたらL.Oやれるだけの時間連絡ください
日曜営業
定休日
不定休につき連絡を！",東京都新宿区高田馬場2-19-7 タックイレブンビル 106,https://tabelog.com/tokyo/A1305/A130503/13157650/
251,居酒屋,炭火串焼 焼き鳥×野菜巻き串 もちの木 新宿本店,"営業時間
16:00～24:00（LO：23:30）※10名様以上でのご予約で、お昼の宴会も承ります。詳細はお電話にてお問合せ下さい。※女子会,合コンや歓迎会・送別会でのご利用お待ちしております！
日曜営業
定休日
なし",東京都新宿区歌舞伎町1-16-12 蓬麻ビル 3F,https://tabelog.com/tokyo/A1304/A130401/13211201/
252,居酒屋,CHILL kagurazaka,"営業時間
18時より都合により営業時間が変動する場合がございますのでご確認下さい。
日曜営業
定休日
不定休",東京都新宿区神楽坂4-4-3,https://tabelog.com/tokyo/A1309/A130905/13249983/
253,居酒屋,個室肉バル シュラスコ肉寿司 25品食べ放題 HUNGRY EYE 新宿東口店,"営業時間
12:00〜24:00
日曜営業
定休日
年中無休",東京都新宿区歌舞伎町1-15-8 丸雄ビル 2F,https://tabelog.com/tokyo/A1304/A130401/13225514/
254,居酒屋,ごまや 新宿三丁目,"営業時間
平日【月〜金】ランチ11:30〜15:00(LO14:30)ディナー17:30〜23:00(LO 22:00)【土日祝日】昼11:30〜15:30(LO14:30)夜17:30〜23:00(LO22:00)
日曜営業
定休日
12/31〜1/2まではお休みになります。",東京都新宿区新宿3-4-1 東新宿ビル 5F,https://tabelog.com/tokyo/A1304/A130401/13024639/
255,居酒屋,旨い魚とレモンサワー トロ匠 新宿三丁目店,"営業時間
16:00〜24:00
日曜営業
定休日
無し",東京都新宿区新宿3-7-5 新宿リカケイビル １F,https://tabelog.com/tokyo/A1304/A130401/13291612/
256,居酒屋,はなこま 新宿三丁目店,"営業時間
12:00~24:00
日曜営業
定休日
無",東京都新宿区新宿3-6-13 石井ビル 4F,https://tabelog.com/tokyo/A1304/A130401/13266359/
257,居酒屋,個室居酒屋 天空の雫 新宿東口店,"営業時間
月～木・日・祝日12:00～24:00金・土・祝前日12:00～翌5:00※閉店時間は状況により変更される場合がございます
日曜営業
定休日
無休",東京都新宿区歌舞伎町1-6-3 東海苑ビル 5F,https://tabelog.com/tokyo/A1304/A130401/13160283/
258,居酒屋,和食居酒屋 新宿屋,"営業時間
【月～日・祝日・祝前日】16:00～24:00 (料理L.O. 23:30 ドリンクL.O. 23:30)★昼宴会★　ランチタイム(11:00～16:00)のご宴会も大歓迎です!!人数・ご予算・貸切・延長営業などお気軽にご相談ください。※ランチタイムはご宴会のみ承ります※土日祝日は15時からの宴会も承ります！前日までにご予約ください！
日曜営業
定休日
なし",東京都新宿区西新宿1-17-1 宍戸ビル 4F,https://tabelog.com/tokyo/A1304/A130401/13259119/
259,居酒屋,醤,"営業時間
[日〜木・土・祝]17:00〜24:00(L.O 23:00)[金・祝前日]17:00～26:00(L.O 25:00)
日曜営業
定休日
年中無休",東京都新宿区神楽坂4-4 河庄ビル B1F,https://tabelog.com/tokyo/A1309/A130905/13256764/
260,居酒屋,博多串焼き・野菜巻きの店 九州よしき 新宿東口店,"営業時間
17:00～24:00（料理L.O. 23:00 ドリンクL.O. 23:30）
日曜営業
定休日
無休",東京都新宿区新宿3-31-5 ペガサス館 B1F,https://tabelog.com/tokyo/A1304/A130401/13205128/
261,居酒屋,とりや なんじゃこりゃ,"営業時間
[月～金]１１：３０～１４：３０（L.O.１４：００）１８：００～２３：１５（L.O.２２：１５）[土・日]１８：００～２３：１５（L.O.２２：１５）
日曜営業
定休日
無し",東京都新宿区新宿3-11-6 エクレ新宿ビル 203,https://tabelog.com/tokyo/A1304/A130401/13090747/
262,居酒屋,かいのみ 新宿三丁目店,"営業時間
【月曜日～土曜日】17時～23時半まで(L.O22時半)
定休日
毎週日曜、祝日",東京都新宿区新宿2-15-2 岩本和栽ビル 1F,https://tabelog.com/tokyo/A1304/A130401/13242136/
263,居酒屋,焼き鳥ギャング 新宿東口店,"営業時間
12:00〜23:45料理L.O. 23:00 ドリンクL.O. 23:3024時から宴会10名様～OK！お電話でお問い合わせください！
日曜営業
定休日
無休",東京都新宿区歌舞伎町1-23-13 下村ビル 5F,https://tabelog.com/tokyo/A1304/A130401/13263878/
264,居酒屋,肉寿司 新宿三丁目,"営業時間
【月〜金】Open 17:00〜00:00L.O Food23:00 Drink23:30【土日•祝】Open 15:00〜00:00L.O Food23:00 Drink23:30ハッピーアワー毎日19:00まで
日曜営業
定休日
不定休",東京都新宿区新宿3-10-2 B1F,https://tabelog.com/tokyo/A1304/A130401/13223328/
265,居酒屋,一日一膳,"営業時間
１９：００～５：００（LO４：３０）
日曜営業
定休日
無休",東京都新宿区歌舞伎町1-11-6 ロイヤル歌舞伎町第1 2F,https://tabelog.com/tokyo/A1304/A130401/13263164/
266,居酒屋,酒と魚 BASE,"営業時間
［月〜金］17:00〜23:00 ［土］14:00〜21:00［日］12:00～19:00 【12月のおやすみ】7日(木)、11日(月)、17日(日)、18日(月)、25日(月)、31日※10日(日)→12〜18営業※21日(木)、27日(水)→貸切※28日(木)→15〜23営業※29日(金)→14〜21営業※30日(土)→11:30〜16営業
日曜営業
定休日
不定休　  【12月のおやすみ】 7日(木)、11日(月)、17日(日)、18日(月)、25日(月)、31日(日) ※10日(日)→12〜18営業 ※21日(木)、27日(水)→貸切 ※28日(木)→15〜23営業 ※29日(金)→14〜21営業 ※30日(土)→11:30〜16営業",東京都新宿区西新宿7-5-5 プラザ西新宿 2F,https://tabelog.com/tokyo/A1304/A130401/13258394/
267,居酒屋,大山地鶏と上州牛 新鮮鮮魚まで個室で楽しめる 一兆 新宿西口店,"営業時間
[月-日]11:00-26:00(25:30 L.O.)
日曜営業
定休日
無休",東京都新宿区西新宿1-18-5 甲新ビル B1F,https://tabelog.com/tokyo/A1304/A130401/13218234/
268,居酒屋,焼き鳥専門店 鳥三平 新宿店,"営業時間
17:00～24:00（料理L.O. 23:00 ドリンクL.O. 23:30）
日曜営業
定休日
年中無休",東京都新宿区新宿3-31-5 ペガサス館 B1F,https://tabelog.com/tokyo/A1304/A130401/13214745/
269,居酒屋,東京ミート酒場 高田馬場店,"営業時間
【月曜～土曜】ディナー   17:00〜23:00(フードLO22:00 ドリンクLO22:30）【日曜・祝日】ディナー　17:00〜22:00(フード・ドリンクLO21:30）※ランチ営業は9月10日で終了しました。予めご了承ください。11月より日曜日を定休日とさせていただきます。月曜日が祝日の場合日曜日は通常営業、月曜日が定休日となります。
定休日
都合により11月から日曜日を定休日とさせていただきます。",東京都新宿区高田馬場1-5-17,https://tabelog.com/tokyo/A1305/A130503/13214225/
270,居酒屋,圭助 新宿三丁目,"営業時間
11:30～14:3017:00〜23:00
日曜営業
定休日
不定休",東京都新宿区新宿3-28-2 リキビルB1・1F,https://tabelog.com/tokyo/A1304/A130401/13132569/
271,居酒屋,和牛もつ鍋と炙り和牛寿司 個室居酒屋 麹丸屋 新宿本店,"営業時間
【月～日】11:00～24:00
日曜営業
定休日
無休",東京都新宿区新宿3-34-3 第31東京ビル B2F,https://tabelog.com/tokyo/A1304/A130401/13192684/
272,居酒屋,KIBORI Hokkaido Restaurant UMI,"営業時間
ランチ 　11:30～15:00（L.O.13:00) ※コースのみのご提供ディナー　17:00～23:00（L.O.22:00、ドリンクL.O.22:30）日曜営業
定休日
なし",東京都新宿区歌舞伎町1-16-3 セレサ陽栄新宿ビル 6F,https://tabelog.com/tokyo/A1304/A130401/13277639/
273,居酒屋,食堂 酒晴 新宿3丁目店,"営業時間
[月～土]LUNCH    11：30～17：00DINNER   17：00～23：00 (L.O22:30)
定休日
日曜日",東京都新宿区新宿5-15-2 池与ビル B1F,https://tabelog.com/tokyo/A1304/A130401/13233289/
274,居酒屋,よりみち 新宿店,"営業時間
11:00〜24:00(L.O.23:30)
日曜営業
定休日
なし",東京都新宿区西新宿1-12-6 3F,https://tabelog.com/tokyo/A1304/A130401/13286045/
275,居酒屋,九州屋,"営業時間
■月～金　17:00～23:00■土日祝　16:00～23:00
日曜営業
定休日
無休",東京都新宿区新宿3-6-11 第一玉屋ビル B1F,https://tabelog.com/tokyo/A1304/A130401/13100966/
276,居酒屋,大衆居酒屋 もんじゃ酒場 だしや 新宿歌舞伎町さくら通り店,"営業時間
[全日]15:00〜翌8:00（料理L.O.60分前、ドリンクL.O.30分前）※12月28日～1月3日：年末年始料金10％いただきます。
日曜営業
定休日
無休！　新宿に誕生した、種類豊富なもんじゃと今治焼鳥が自慢のもんじゃ焼き酒場。お酒との相性◎なおつまみも勢ぞろいしております！",東京都新宿区歌舞伎町1-11-14,https://tabelog.com/tokyo/A1304/A130401/13283371/
277,居酒屋,やきとん 大将 新宿東口店,"営業時間
13:00〜24:00
日曜営業
定休日
年中無休",東京都新宿区歌舞伎町1-17-7 1F,https://tabelog.com/tokyo/A1304/A130401/13277860/
278,居酒屋,鳥衛門,"営業時間
ランチ[月～土]11:30～15:00(L.O15:00)ディナー[月～土]16:30～23:00（L.O22：30)土曜日のみランチタイムからディナーメニュー、ドリンク提供。
定休日
日曜",東京都新宿区西新宿1-14-5 浅田ビル　１Ｆ,https://tabelog.com/tokyo/A1304/A130401/13033898/
279,居酒屋,本格博多野菜串専門店なると,"営業時間
[全日]11:00～翌5:00 （料理L.O. 翌4:30 ドリンクL.O. 翌4:30）
日曜営業
定休日
無",東京都新宿区歌舞伎町1-12-3 Monビル 4F-B,https://tabelog.com/tokyo/A1304/A130401/13290081/
280,居酒屋,大衆酒場 安田屋,"営業時間
24時間営業中
定休日
年中無休で営業中！",東京都新宿区歌舞伎町1-23-9 1F,https://tabelog.com/tokyo/A1304/A130401/13261723/
281,居酒屋,肉バル アモーレ 新宿店,"営業時間
月～日11:00～24:00
日曜営業
定休日
無休",東京都新宿区新宿3-34-3 B2F,https://tabelog.com/tokyo/A1304/A130401/13212034/
282,居酒屋,個室居酒屋 番屋 新宿東口店,"営業時間
営業時間：17:00～23:00（食事ラストオーダー22:00 ドリンクラストオーダー22:20）当面の間、12月のみ日曜営業（2023年は24、31日はお休み頂きます）
定休日
年末年始（31日～４日）　※12月以外は日曜祝日はお休み頂きます",東京都新宿区新宿3-17-1 いさみやビル　５Ｆ,https://tabelog.com/tokyo/A1304/A130401/13030041/
283,居酒屋,お茶づけバーZUZU 新宿店,"営業時間
[月～木]　  17:00～23:30  (L.O. 22:30)[金]　　     17:00～24:０0 (L.O. 23:00)[土]　　     12:00～24:０0 (L.O. 23:00)[日・祝]    12:00～23:30  (L.O. 22:30)★お電話ご予約受付時間：13:00~23:00まで★050-5869-7623
日曜営業
定休日
なし  12/31〜1/3休 ※1/4より通常営業",東京都新宿区歌舞伎町1-21-2 伊藤ビル 3F,https://tabelog.com/tokyo/A1304/A130401/13009138/
284,居酒屋,茶茶 白雨,"営業時間
17:00～23:00（22:00ラストオーダー）※状況により閉店時間を早めたり、臨時休業させていただく場合がございます
日曜営業
定休日
年末年始",東京都新宿区新宿3-26-18 カワノビル 6F,https://tabelog.com/tokyo/A1304/A130401/13021121/
285,居酒屋,完全個室居酒屋 燻製工房 新宿三丁目店,"営業時間
17:00～23:00（L.O.22:00、ドリンクL.O.22:30）◆夜景付き個室も2室あり！完全個室2名～18名までOK◆ワイン1杯500円！燻製チーズや旬魚、お肉料理が自慢♪全席喫煙可、紙巻きタバコもOK
日曜営業
定休日
不定休あり・年末年始",東京都新宿区新宿3-11-11 ダイアン新宿ビル 6F,https://tabelog.com/tokyo/A1304/A130401/13147551/
286,居酒屋,全席個室 楽蔵 新宿東口店,"営業時間
17:00～23:30 ※営業時間前も宴会可能！(早割・遅割特典有)※公式ホームページにも、分かりやすくお得な情報が満載です!!以下の『お店のホームページ』からお越しください♪
日曜営業
定休日
無",東京都新宿区新宿3-26-2 新宿第二ビル,https://tabelog.com/tokyo/A1304/A130401/13043063/
287,居酒屋,テング酒場 新宿南口店,"営業時間
月～土曜日16：00～23：00日曜日・祝日定休日※年末年始、GW、お盆期間は営業日、営業時間が異なる場合がございます。詳しくはテンアライド㈱ホームページにてご確認ください。 
定休日
12月31日～1月3日",東京都新宿区西新宿1-18-2 晴花ビル B2F,https://tabelog.com/tokyo/A1304/A130401/13265085/
288,居酒屋,舟町一期,"営業時間
17:00〜23:00(L.O 22:00)その日の営業状況、予約の状況により変更や早閉めすることがあり。
定休日
不定休(HPに記載)",東京都新宿区舟町5-25 TSIFUNAMACHI 3F,https://tabelog.com/tokyo/A1309/A130903/13151989/
289,居酒屋,漬け炉端・海鮮番屋×完全個室 漁場ウ合,"営業時間
●日～土 ・祝前 ・祝日　１４：３０～２３：３０ (Ｌ：Ｏ 22：30)●【昼の部】　　　　　  １１：３０～１４：３０ (Ｌ：Ｏ 14：00）※ 昼の部　に関しましては、【前日まで要予約・コース宴会】でのご案内となります。★ご予約受付時間 １０：３０～２４：００まで★０５０－５６００－５８９６ 
日曜営業
定休日
年中無休 【◆全席 ・ 喫煙ＯＫ◆】 ＆ 毎日・２３：３０まで営業中。【新宿東口：徒歩１分　アルタ裏】",東京都新宿区新宿3-21-4 第2サンパークビル 3F,https://tabelog.com/tokyo/A1304/A130401/13285786/
290,居酒屋,酒場フタマタ 新宿三丁目店,"営業時間
【月〜木】16:00～23:30【金】16:00～24:00【土日祝】14:00〜23:30
日曜営業
定休日
無休",東京都新宿区新宿3-7-4 一兆ビル B1F～B2F,https://tabelog.com/tokyo/A1304/A130401/13247718/
291,居酒屋,七福神 新宿西口店,"営業時間
11:00～23:00
定休日
なし",東京都新宿区西新宿1-18-14 NIKビル 1F,https://tabelog.com/tokyo/A1304/A130401/13287961/
292,居酒屋,新宿テラス 新宿東口駅前店,"営業時間
［全日］16:30～23:30(Food L.O.22:30/Drink L.O.23:00)※予告なく変更となる場合がございます。予めご了承ください。
日曜営業
定休日
無（※12/31～1/1を除く）",東京都新宿区新宿3-23-12 パンドラビル 5F,https://tabelog.com/tokyo/A1304/A130401/13187399/
293,居酒屋,魚三四味家 すみよし,"営業時間
[ランチ]11:30-14:00※ランチ営業開始予定確定後改めて告知致します。[ディナー]17:00-23:00（料理L.O.22:15　ドリンクL.O.22:15）
日曜営業
定休日
年中無休！",東京都新宿区西新宿7-8-3 新宿ミスズビル 1F,https://tabelog.com/tokyo/A1304/A130401/13274522/
294,居酒屋,旬彩 はなれ,"営業時間
はなれ　18:00～4:30(L.O.3:30/ドリンクL.O.4:00/)本店　　18:00～4:30(L.O.3:30/ドリンクL.O.4:00/)
日曜営業
定休日
なし",東京都新宿区歌舞伎町1-3-7 金嶋ビル,https://tabelog.com/tokyo/A1304/A130401/13187041/
295,居酒屋,日本酒原価酒蔵 新宿東口店,"営業時間
◯平日15:00～23:30◯土日祝12:00～23:30フードL.O    22:30ドリンクL.O 23:00
日曜営業
定休日
なし",東京都新宿区新宿3-5-3 高山ランド会館 B2F,https://tabelog.com/tokyo/A1304/A130401/13232433/
296,居酒屋,ユメノキュウサク 新宿本店,"営業時間
【火～日】17:00～23：30（フードL.O 22:30、ドリンクL.O 23:00）
日曜営業
定休日
月曜日",東京都新宿区新宿3-28-15 TRN新宿ビル 7F,https://tabelog.com/tokyo/A1304/A130401/13246927/
297,居酒屋,串焼き。ビストロガブリ  新宿野村ビル店,"営業時間
［月～木・土］ランチ11:30～14:30(L.O.14:00)ディナー17:00～22:30(L.O.22:00)[金]ランチ11:30〜14:30(L.O14:00)ディナー17:00〜23:00(L.O22:15)
定休日
日曜",東京都新宿区西新宿1-26-2 新宿野村ビル B2F,https://tabelog.com/tokyo/A1304/A130401/13244698/
298,居酒屋,銘柄焼き鳥ともつ鍋の居酒屋 鳥京 新宿総本店,"営業時間
[平日]15:00～29:00(L.O 28:30)【土日祝日】12:00～29:00(L.O 28:30)
日曜営業
定休日
定休日無し",東京都新宿区歌舞伎町1-22-1 鳥京ビル 1～5F,https://tabelog.com/tokyo/A1304/A130401/13218754/
299,居酒屋,花水木 新宿西口店,"営業時間
[月～金]16:00～24:00(L.O)[土・日・祝]16:00～24:00(L.O)
定休日
無休",東京都新宿区西新宿1-16-7 2F,https://tabelog.com/tokyo/A1304/A130401/13264381/
300,居酒屋,東京へぎそば 匠 四谷三丁目店,"営業時間
【月～金】 　　17:30～翌4:00（Lo：翌3:00）【土】　　17:30～23:00（Lo:22:00）2023年12月31日（日）のみ通常営業　　17:30～翌4:00（Lo:翌3:00）
定休日
日曜・祝日定休",東京都新宿区四谷3-13 水喜ビル　Ｂ１Ｆ,https://tabelog.com/tokyo/A1309/A130903/13006255/
301,居酒屋,47都道府県の日本酒勢揃い 夢酒 新宿本店,"営業時間
◆◆◆【営業時間】◆◆◆■月～金　16:00～■土・日・祝日15:00～（ラストオーダー）平日は23:30頃金・土・祝前は24:15〜24:30頃日・祝は23:30頃新宿駅東口徒歩５分/西武新宿駅徒歩１分/新大久保駅徒歩５分下記はお休み頂きます。12/31(土)1/1(日)
日曜営業
定休日
【営業時間】月～金16:00～、土日祝15:00～",東京都新宿区歌舞伎町2-39-5 エムティティ新宿 2F,https://tabelog.com/tokyo/A1304/A130401/13194396/
302,居酒屋,うな串 焼鳥 う福 新宿三丁目,"営業時間
13時～23時30分（フードL.O.22時30分）（ドリンクL.O.23時)2023/12/30～2024/1/3は休業日とさせていただきます。
日曜営業
定休日
無",東京都新宿区新宿3-9-8 第一伊藤ビル 1F,https://tabelog.com/tokyo/A1304/A130401/13241506/
303,居酒屋,山陰海鮮炉端かば 西新宿店,"営業時間
ランチ　11:30～14:30(ラストオーダー14:00)ディナー17:00～22:30(ラストオーダー22:00）※金曜日、祝前日はお席2時間制とさせていただく場合がございます。
定休日
日曜日",東京都新宿区西新宿8-14-18 若菜ビル,https://tabelog.com/tokyo/A1304/A130401/13217609/
304,居酒屋,四ツ谷しんみち通り よいよい,"営業時間
【月～金】ランチ　11:30～14:00(L.O 13:30)ディナー　17:00～23:00(L.O 22:30)【土】15:00～23:00(L.O 22:30)日曜・祝日は定休日とさせていただきます。☆6月19日よりランチ営業を再開いたしました！
定休日
営業状況により変更があります。",東京都新宿区四谷1-7-18 アクトワールドビル B1F,https://tabelog.com/tokyo/A1309/A130902/13100904/
305,居酒屋,完全個室居酒屋 ととりこ 新宿東口店,"営業時間
[月～日・祝前日・祝日]12:00～24:00（L.O.23:00、ドリンクL.O.23:30） ●昼宴会承ります●※17時迄のご来店は事前予約が必要となりますのでご了承下さい。
日曜営業
定休日
なし",東京都新宿区歌舞伎町1-14-4 川新ビル 8F,https://tabelog.com/tokyo/A1304/A130401/13200320/
306,居酒屋,神楽坂さかや,"営業時間
[月・祝] 18:00〜24:00  (L.O.)1：00クローズ[火〜土] 18:00〜26:00  (L.O.)3：00クローズ[日] 定休
定休日
日曜日",東京都新宿区神楽坂3-1 京花ビル 1F,https://tabelog.com/tokyo/A1309/A130905/13240248/
307,居酒屋,大衆居酒屋 もんじゃ酒場 だしや 西新宿一丁目店,"営業時間
[全日]12:00〜翌4:00（料理L.O.60分前、ドリンクL.O.30分前）※12月28日～1月3日：年末年始料金10％いただきます。
日曜営業
定休日
年始(1/1)、他無休！　新宿に誕生した、種類豊富なもんじゃと今治焼鳥が自慢のもんじゃ焼き酒場。お酒との相性◎なおつまみも勢ぞろいしております！",東京都新宿区西新宿1-15-4 第2セイコービル B1F,https://tabelog.com/tokyo/A1304/A130401/13280503/
308,居酒屋,ダイナミックキッチン＆バー 響  西新宿野村ビル店,"営業時間
月〜金11：30～14：30（LO14:00）17：00～23：00（LO22:00）土17：00～22：00（LO21:00）
定休日
日、祝、年末年始（12/31～1/3）、他ビル休館日",東京都新宿区西新宿1-26-2 新宿野村ビル 49F,https://tabelog.com/tokyo/A1304/A130401/13009823/
309,居酒屋,焼き鳥 海鮮居酒屋 浪花 新宿本店,"営業時間
平日 15:30～翌4:00土日祝 13:00～翌4:00
日曜営業
定休日
無休",東京都新宿区歌舞伎町1-23-12 第一桑原ビル 1F,https://tabelog.com/tokyo/A1304/A130401/13260240/
310,居酒屋,ウラニワ 高田馬場店,"営業時間
17:00〜23:00(L.O22:00)全席禁煙
日曜営業
定休日
大分の味を堪能できる3時間飲み放題付きコース4200円～。友人や仲間との気兼ねないひと時に",東京都新宿区高田馬場3-4-11,https://tabelog.com/tokyo/A1305/A130503/13186456/
311,居酒屋,博多 もつ鍋 灯り家,"営業時間
全日　14:00～24:00
日曜営業
定休日
なし［年始休業12/31~1/2］",東京都新宿区四谷3-2-2 TRビル B1F,https://tabelog.com/tokyo/A1309/A130903/13287736/
312,居酒屋,まるかみ水産 新宿店,"営業時間
【月〜金】11:30～14:30／17:00～23:00※年末年始･お盆期間は営業時間が異なる場合がございます｡
定休日
土、日、祝日",東京都新宿区西新宿2-3-1 新宿モノリス B1F,https://tabelog.com/tokyo/A1304/A130401/13103529/
313,居酒屋,楽楽酒場 新宿店,"営業時間
[火～金]16:00～23:30(L.O)[土・日・祝]15:00～23:30(L.O)
日曜営業
定休日
月",東京都新宿区西新宿7-12-3 小島ビル 1F,https://tabelog.com/tokyo/A1304/A130401/13287151/
314,居酒屋,正々堂々,"営業時間
日〜月　17:00〜23：00金・土・祝前　17:00〜23：00※ネット予約が満席の場合でも、電話にて予約受け付けております。気軽にお電話ください。金・土・祝前日は、混み合った際お時間制を頂く場合が御座います。ご理解ご協力の程宜しくお願い致します。
日曜営業
定休日
月曜日",東京都新宿区新宿3-9-7 T＆T2ビル1　２F,https://tabelog.com/tokyo/A1304/A130401/13125421/
315,居酒屋,おでんと魚菜 丸信,"営業時間
【月～金】 16:00～23:00(フードL.O.22:30 ドリンクL.O.22:30)【土日祝】12:00～23:00(フードL.O.22:30 ドリンクL.O.22:30)※土日祝12時~16時のご予約をご希望の方は、店舗まで直接お電話にてお問い合わせください。■年末年始12/25〜30 12時～23時12/31〜1/3 休業1/4,5 12時〜23時30分
日曜営業
定休日
無休（12/31〜1/3のみ休業）",東京都新宿区四谷3-3-3 ストリーム四谷 １Ｆ,https://tabelog.com/tokyo/A1309/A130903/13127497/
316,居酒屋,新宿思い出横丁 牛タンいろ葉,"営業時間
月〜土　12:00〜23:30日祝　12:00～23:00※情勢により予告なく営業時間が変更となる可能性もございます。ご了承下さい。
日曜営業
定休日
不定休",東京都新宿区西新宿1-2-3 ハウスポート思い出横丁ビル,https://tabelog.com/tokyo/A1304/A130401/13228233/
317,居酒屋,関西酒場らくだば,"営業時間
【月～土】18:00～翌1:00（L.O.翌0:30）【日・祝】18:00～24:00（L.O.23:30） 
日曜営業
定休日
不定休",東京都新宿区新宿1-23-16 第2得丸ビル1Ｆ,https://tabelog.com/tokyo/A1304/A130402/13076551/
318,居酒屋,仙台牛タンと博多野菜巻き串の店 大舌賛 新宿本店,"営業時間
[月～金]15:00～24:00[土・日・祝]12:00～24:00
日曜営業
定休日
無休",東京都新宿区新宿3-36-13 Mビル 5F,https://tabelog.com/tokyo/A1304/A130401/13275728/
319,居酒屋,完全個室 肉寿司 彩・八馬  新宿店,"営業時間
【通常営業再開！】月～日・祝前日・祝日11:30～翌4:00※ランチ要予約(コースの受付のみ)
日曜営業
定休日
なし",東京都新宿区歌舞伎町1-15-8 ウイングスビル 5F,https://tabelog.com/tokyo/A1304/A130401/13202571/
320,居酒屋,和牛と旬野菜 おすすめ家 新宿東口店,"営業時間
【月~金】15:00~24:00【土・日・祝日】12:00~24:00
日曜営業
定休日
定休日無し",東京都新宿区新宿3-36-13 Ｍビル 4F,https://tabelog.com/tokyo/A1304/A130401/13256913/
321,居酒屋,KICHIRI MOLLIS 新宿通り,"営業時間
ランチ　　11:00~16:00ディナー　17:00~23:00
日曜営業
定休日
無（元旦は休業致します）",東京都新宿区新宿3-26-13 新宿中村屋ビル　6F,https://tabelog.com/tokyo/A1304/A130401/13174169/
322,居酒屋,原始時代 新宿東口店,"営業時間
【月～日】16:00～24:00
日曜営業
定休日
無休",東京都新宿区歌舞伎町1-18-9 ワモール歌舞伎町 11F,https://tabelog.com/tokyo/A1304/A130401/13287313/
323,居酒屋,炭焼 やきとん酒場 TONTON 新宿店,"営業時間
24時間営業
定休日
なし",東京都新宿区歌舞伎町1-18-3 B1F～2F,https://tabelog.com/tokyo/A1304/A130401/13278152/
324,居酒屋,食べ放題 個室 ハワイアン肉バル KAUAI 高田馬場店,"営業時間
月～日・祝前日・祝日　ディナー　15:00～23:30（L.O.22:30、ドリンクL.O.23:00）別途席料金200円頂戴しておりますランチ　11:00～13:00（L.O.13:00、ドリンクL.O.13:00）◆ランチ営業始めました！！
日曜営業
定休日
年中無休",東京都新宿区高田馬場3-2-13 4F,https://tabelog.com/tokyo/A1305/A130503/13249990/
325,居酒屋,素麺屋 糸 歌舞伎町本店,"営業時間
17時～翌7時(L.O翌6時)
日曜営業
定休日
不定休",東京都新宿区歌舞伎町2-26-10 2F,https://tabelog.com/tokyo/A1304/A130401/13240328/
326,居酒屋,KICHIRI 新宿店,"営業時間
[日～木]17:00～23:00(L.O22:00)[金・土]17:00～翌02:00(L.O1:00)
日曜営業
定休日
無休",東京都新宿区新宿3-36-10 ミラザ新宿 4F,https://tabelog.com/tokyo/A1304/A130401/13121919/
327,居酒屋,香港居酒屋 華翠苑,"営業時間
11:30～15:00（L.O14：30）17:00～23:00（L.O.22:50)
日曜営業
定休日
無休",東京都新宿区西早稲田2-18-26 東龍ビル,https://tabelog.com/tokyo/A1305/A130504/13043784/
328,居酒屋,スミビトケムリ 新宿店,"営業時間
月～木・日・祝日ディナー　16:00～翌1:00（L.O.24:00、ドリンクL.O.24:30）金・土・祝前日ディナー　16:00～翌5:00（L.O.4:00、ドリンクL.O.4:30）【年末の注意事項】※12月4日より全日2時間制となります。予めご了承くださいませ。領収書にインボイス番号を印字しております。
日曜営業
定休日
【年末年始の営業について】12/31(日)〜1/2(火)まで休業、1/3(水)〜通常営業となります！※不定休",東京都新宿区西新宿1-19-13 青鈴ビル B1F,https://tabelog.com/tokyo/A1304/A130401/13263332/
329,居酒屋,肉バル サルーテ,"営業時間
8:00～11:00モーニング営業してます☆11:00～24:00（23:30L.O）
日曜営業
定休日
無休",東京都新宿区高田馬場2-14-2 B1F,https://tabelog.com/tokyo/A1305/A130503/13250452/
330,居酒屋,魚雅  四ツ谷店,"営業時間
[月～金] 11:30～14:0017:00～23:30※営業時間が変更になる場合がございます。詳しくはお問い合わせ下さい。
定休日
土・日・祝日",東京都新宿区三栄町6 第一原嶋ビル 1F,https://tabelog.com/tokyo/A1309/A130902/13216307/
331,居酒屋,居酒屋 海の家,"営業時間
16:00～翌5:00昼宴会(１２時～)も受付けております！
日曜営業
定休日
年中無休",東京都新宿区歌舞伎町1-17-12 第一浅川ビル 7Ｆ,https://tabelog.com/tokyo/A1304/A130401/13037113/
332,居酒屋,するり,"営業時間
[月～日]12時00分～14時30分（L.O14時）18時00分～22時30分（L.O22時）時間短縮営業の為、変更になる場合があります
日曜営業
定休日
年中無休",東京都新宿区歌舞伎町1-2-9 シタディーンセントラル新宿東京　2F,https://tabelog.com/tokyo/A1304/A130401/13145843/
333,居酒屋,肉と酒 虎辰 新宿御苑店,"営業時間
【休み】ディナー：12月30日〜1月8日ランチ：12月29日～1月８日誠に勝手ながら上記期間は店休とさせていただきます。[月・火・水・木・金]ディナー17:00〜23:00（LO22:30）[月・火・水・木・金]ランチ11:30〜15:00（LO14:30）
定休日
ディナー・ランチ［土・日・祝］",東京都新宿区新宿1-12-3 ガーデンビル　B1F,https://tabelog.com/tokyo/A1304/A130402/13252470/
334,居酒屋,めっけもん,"営業時間
[月～日]　17:30～24:00（L.O.23:00）※年中無休
日曜営業
定休日
なし（年末年始はお休みを頂戴いたします）",東京都新宿区高田馬場2-11-9-1F,https://tabelog.com/tokyo/A1305/A130503/13190475/
335,居酒屋,炭火焼鳥＆海鮮 居酒屋 味斗 新宿東口本店,"営業時間
月～土: 12:00～翌5:00 （料理L.O. 翌4:30 ドリンクL.O. 翌4:30）日: 12:00～23:30 （料理L.O. 23:00 ドリンクL.O. 23:30）祝日、祝前日: 17:00～翌5:00 （料理L.O. 翌4:30 ドリンクL.O. 翌4:30）
定休日
毎日営業",東京都新宿区歌舞伎町1-23-12 第10NKビル 2F,https://tabelog.com/tokyo/A1304/A130401/13275119/
336,居酒屋,龍馬 はなの舞 西新宿店,"営業時間
【営業時間】【月～木】16:00～23:30【金・祝前日】 16:00～翌4:00【土曜】15:00～翌4:00 【日・祝日】15:00～23:3012/30～1/4は営業時間を変更する場合がございます。ご来店の際は店舗までお問い合わせください。
日曜営業
定休日
なし",東京都新宿区西新宿1-14-2 西湖ビル,https://tabelog.com/tokyo/A1304/A130401/13147912/
337,居酒屋,くいもの屋 わん 新宿東口店,"営業時間
17:00～翌1:00
日曜営業
定休日
なし",東京都新宿区新宿3-26-2 三平中央口ビル　Ｂ１Ｆ・Ｂ２Ｆ,https://tabelog.com/tokyo/A1304/A130401/13051219/
338,居酒屋,完全個室ダイニング　The Cave 新宿東口店,"営業時間
11:00～翌5:00当日予約OK！営業時間外のご予約もご相談ください。夜10時以降入店可、日曜営業
日曜営業
定休日
年中無休",東京都新宿区歌舞伎町1-14-7 林ビル 4F,https://tabelog.com/tokyo/A1304/A130401/13192219/
339,居酒屋,釧路 新宿東口店,"営業時間
月～日、祝日、祝前日: 17:00～翌00:00 （料理L.O. 23:00 ドリンクL.O. 23:30）
定休日
年中無休",東京都新宿区歌舞伎町1-12-15 4F,https://tabelog.com/tokyo/A1304/A130401/13252479/
340,居酒屋,きまぐれ小鉢料理 ZERO Kitchen,"営業時間
ランチ　 11:30～15:00(L.O14:30)ディナー 17:00〜23:00(LO 22:00)※ランチは木曜、金曜、土曜日のみの営業となります。※夜の貸切のご予約がある場合、仕込み集中のためランチはお休みとさせていただきます。
定休日
火曜日、日曜日、祝日",東京都新宿区新宿3-31-5 新宿ペガサス館 4F,https://tabelog.com/tokyo/A1304/A130401/13264728/
341,居酒屋,海鮮と日本酒 政良,"営業時間
[月～木]15:00～24:00[金]15:00～翌01:00[土]12:00～翌01:00[日、祝日]12:00〜24:00
定休日
ありません",東京都新宿区新宿4-1-13 田園新宿ビル B1F,https://tabelog.com/tokyo/A1304/A130401/13268207/
342,居酒屋,九州名物とめ手羽 飯田橋店,"営業時間
[月～金] 17：00 ～ 23：30 （L.O. 22：30）[土] 　　17：00 ～ 23：00 （L.O. 22：00）
定休日
日曜日　※日曜定休となりますが、月曜が祝日や振替休日の場合は営業（月曜店休）致します ※年末年始・お盆等変更あり",東京都新宿区揚場町2-27 MIT飯田橋ビル 2F,https://tabelog.com/tokyo/A1309/A130905/13110893/
343,居酒屋,炭火七輪・焼き鳥・鮮魚 居酒屋 すみ家 新宿店,"営業時間
13:00～翌5:00
日曜営業
定休日
なし",東京都新宿区歌舞伎町1-17-6 第3NKビル 1F,https://tabelog.com/tokyo/A1304/A130401/13252947/
344,居酒屋,大地の恵み北海道 新宿東宝ビル店,"営業時間
12：00～23：00(L.O 22:15)
日曜営業
定休日
なし",東京都新宿区歌舞伎町1-19-1 新宿東宝ビル 1F,https://tabelog.com/tokyo/A1304/A130401/13179471/
345,居酒屋,音音 新宿センタービル店,"営業時間
営業時間	ランチ　11:30～15:00（L.O.14:00）土・日・祝日ディナー　17:00～22:00（L.O.21:00、ドリンクL.O.21:30）月～金ディナー　17:00～22:30（L.O.21:30、ドリンクL.O22:00）
日曜営業
定休日
年末年始12月31日〜1月3日まで休業。1月4日からオープンしております。／ビル休館日（2月第一日曜日、8月第一日曜日）は休業。",東京都新宿区西新宿1-25-1 新宿センタービル 別館 1F・2F,https://tabelog.com/tokyo/A1304/A130401/13005563/
346,居酒屋,海のちから,"営業時間
24時間営業
日曜営業
定休日
なし",東京都新宿区歌舞伎町1-18-7 新宿第一ビル,https://tabelog.com/tokyo/A1304/A130401/13282786/
347,居酒屋,もつきむ 新宿南口,"営業時間
【月曜日〜金曜日】14:00～23:30【土日祝】12：00〜23：30
日曜営業
定休日
なし",東京都新宿区新宿3-35-12 新東ビル 1F,https://tabelog.com/tokyo/A1304/A130401/13200501/
348,居酒屋,水炊き・焼鳥 とりいちず酒場 歌舞伎町・西武新宿駅前店,"営業時間
※以下の時間帯で営業致します※【全日】12:00～23:30(L.O.23:00)※12月28日～1月3日：年末年始料金10％いただきます。
日曜営業
定休日
年始(1/1)、他無休！　◆絶品水炊きとデカ旨焼鳥がおすすめのコスパ最強居酒屋♪プレモル中ジョッキが税込219円とコスパも最強！◆大人数宴会可能！…会社宴会・打ち上げ・飲み会等の各種宴会に是非ご利用ください！",東京都新宿区歌舞伎町1-26-6 灯ビル 4F,https://tabelog.com/tokyo/A1304/A130401/13193079/
349,居酒屋,全席個室居酒屋 肉寿司食べ放題 肉ヤロー 新宿本店,"営業時間
【土～日】ランチ　：11:00～16:00ディナー：16:00～24:00※ランチタイムはご予約頂いたお客様のみのご対応となっております。事前にご予約下さい。
日曜営業
定休日
無休（当日予約OK）",東京都新宿区歌舞伎町1-15-8 ウィングスビル 2F,https://tabelog.com/tokyo/A1304/A130401/13253066/
350,居酒屋,旬鮮酒場 天狗 新宿西口パレットビル店,"営業時間
※ビル定期休館により8/21、22は営業を休業と致します。月～土曜日11：30～23：00日曜日・祝日11：30～22：00※年末年始、GW、お盆期間は営業日、営業時間が異なる場合がございます。詳しくはテンアライド㈱ホームページにてご確認ください。 
日曜営業
定休日
12月31日/１月１日",東京都新宿区西新宿1-1-1 新宿パレットビル ７F,https://tabelog.com/tokyo/A1304/A130401/13038113/
351,居酒屋,本格韓国居酒屋クルバム,"営業時間
[全日]11:00～翌5:00 （料理L.O. 翌4:30 ドリンクL.O. 翌4:30）
日曜営業
定休日
無休",東京都新宿区歌舞伎町1-12-3 Monビル 4F-A,https://tabelog.com/tokyo/A1304/A130401/13290080/
352,居酒屋,博多小皿鉄板 べっぴんしゃん,"営業時間
【水～金、祝前日】17:00～23:00 （料理L.O. 22:00 ドリンクL.O. 22:30）【土、日、祝日】15:00～23:00 （料理L.O. 22:00 ドリンクL.O. 22:30）
日曜営業
定休日
月、火 （月曜日が祝日の場合は営業）年末年始12/30～1/4",東京都新宿区新宿1-31-16 ヤノビル 1F,https://tabelog.com/tokyo/A1304/A130402/13281835/
353,居酒屋,完全個室 和食処 福家 新宿南口店,"営業時間
11:00～24：00
日曜営業
定休日
無休",東京都新宿区西新宿1-18-5 中沖ビル 5F,https://tabelog.com/tokyo/A1304/A130401/13192872/
354,居酒屋,舌鼓 新宿店,"営業時間
［月火水木土］17：00～24:00(LO23:30)［金]17:00〜25:00(LO24:00)
定休日
日曜日",東京都新宿区大久保1-1-2 泰正ビルＢ１Ｆ,https://tabelog.com/tokyo/A1304/A130401/13063913/
355,居酒屋,一億円で居酒屋建ててみた。億万鳥者 新宿本殿,"営業時間
16:00~23:00
日曜営業
定休日
無し",東京都新宿区新宿3-36-12 杉忠ビル 4F,https://tabelog.com/tokyo/A1304/A130401/13270920/
356,居酒屋,馬場の美和食 さしうま,"営業時間
【月～木】16:00～24:00【金、祝前日】16:00～26:00【土】13:00～26:00【日、祝日】13:00～24:00営業時間が変更する可能性あるのでお問い合わせください昼宴会をご要望の方はお電話でお気軽にお問い合わせ下さい♪
日曜営業
定休日
定休日無し【年末年始除く】　　領収書にインボイス番号を印字しております。",東京都新宿区高田馬場2-14-8 NTビル B1F,https://tabelog.com/tokyo/A1305/A130503/13234825/
357,居酒屋,地鶏専門バル MORI屋 新宿店,"営業時間
[月〜土] 18:00〜3:00（L.O.2:00）[日] 18:00〜23:30 （L.O.22:30）
日曜営業
定休日
祝日",東京都新宿区歌舞伎町2-9-18 ライオンズプラザ新宿 2F,https://tabelog.com/tokyo/A1304/A130401/13192203/
358,居酒屋,完全個室居酒屋 福吉 新宿西口店,"営業時間
11:30～26:00(L.O 25:30)
日曜営業
定休日
なし",東京都新宿区西新宿1-4-5 西新宿オークビル 1F,https://tabelog.com/tokyo/A1304/A130401/13276528/
359,居酒屋,個室ダイニング ウメ子の家 新宿東口店,"営業時間
17:00～23:30 ※営業時間前も宴会可能！(早割・遅割特典有)※公式ホームページにも、分かりやすくお得な情報が満載です!!以下の『お店のホームページ』からお越しください♪
日曜営業
定休日
無",東京都新宿区新宿3-17-5 新宿ニュー富士ビル　８Ｆ・９Ｆ,https://tabelog.com/tokyo/A1304/A130401/13055542/
360,居酒屋,くいもの屋 わん BIG BOX 高田馬場店,"営業時間
■ランチ営業【全日】11:00～14:00□ディナー営業【月~土・祝前日】16:00～25:00（LO=24:30）【日】16:00～24:00（LO=23:30）※詳細につきましては店舗までお問い合わせ下さい。
日曜営業
定休日
年中無休。※ビルの休館日に準ずる。",東京都新宿区高田馬場1-35-3 BIG BOX 高田馬場 9Ｆ,https://tabelog.com/tokyo/A1305/A130503/13051315/
361,居酒屋,北の味紀行と地酒 北海道 新宿西口店,"営業時間
＜営業時間＞【月～金】11:00～14:30（LO14:00）16:00～23:00(フードLO22:30/ドリンクLO22:45)【土日祝】11:00～23:00(フードLO22:30/ドリンクLO22:45)【年末年始の営業時間】1月1日～3日　11:00～21:00
日曜営業
定休日
ビルに準ずる",東京都新宿区西新宿1-10-2 110ビル 9F,https://tabelog.com/tokyo/A1304/A130401/13156023/
362,居酒屋,四谷三丁目碧,"営業時間
[月～金]11:30～25:00(L.O24:00)[土]17:00〜24:00(L.O23:00)
定休日
日曜日　※コース予約のみ承ります。",東京都新宿区左門町1-13 第一凡ビル 1F,https://tabelog.com/tokyo/A1309/A130903/13291231/
363,居酒屋,鼎,"営業時間
月曜日から土曜日 16:00～23:45(お食事ラストオーダー22:45,お飲み物ラストオーダー23:15)祝日　16:00～23:00(お食事ラストオーダー21:45,お飲み物ラストオーダー22:30)
定休日
日曜日(月曜日が祝日の場合は月曜日)　12月31日から1月5日まで",東京都新宿区新宿3-12-12 Ｂ１Ｆ,https://tabelog.com/tokyo/A1304/A130401/13000879/
364,居酒屋,串カツ・タコ焼キ イチオシ,"営業時間
[月〜土]17:00～23:45(L.O 23:00)蔓延防止等重点措置の適用により、東京都からの時短要請の為、1月21日〜2月13日の間営業時間短縮を行います。期間中　17時〜21時 酒類提供20時迄
定休日
日曜日",東京都新宿区新宿3-10-1 吉岡ビル 3F,https://tabelog.com/tokyo/A1304/A130401/13258531/
365,居酒屋,串焼き。ビストロガブリ 新宿西口ハルク店,"営業時間
11：00～23：00（L.O. 22:00) 
定休日
1月１日",東京都新宿区西新宿1-5-1 小田急ハルクMB3階,https://tabelog.com/tokyo/A1304/A130401/13226191/
366,居酒屋,悠然,"営業時間
（月～土）17:30～22:00（L.O.21:30）（日・祝）12:00～21:00（コースご予約のみ）
定休日
日曜・祝日（10名様以上コースご予約のみ貸切で営業致します）",東京都新宿区荒木町16 ベルウッドビル1Ｆ,https://tabelog.com/tokyo/A1309/A130903/13135181/
367,居酒屋,つきよい,"営業時間
15:00～23:00（L.O 22:00）
定休日
日曜日（ただし、翌月曜日が祝日の場合は月曜日が休業日）",東京都新宿区新宿3-8-2 クロスビル 1F,https://tabelog.com/tokyo/A1304/A130401/13288983/
368,居酒屋,食酒 惣,"営業時間
17:00～23:00（フードL.O 22:00／ドリンクL.O 22:30）
定休日
日曜日",東京都新宿区歌舞伎町1-1-5 パレスビル 2F,https://tabelog.com/tokyo/A1304/A130401/13164630/
369,居酒屋,北の味紀行と地酒 北海道 東京オペラシティ店,"営業時間
2023年12月31日-2024年1月2日は、ビル休館日の為休業とさせていただきます。【月～金曜日】ランチ　　11:00～14:00(LO13:30)ディナー　17:00～23:00(フードLO22:30/ドリンクLO22:45)【土・日・祝日】17:00～22:00(フードLO21:30/ドリンクLO21:45
定休日
不定休あり",東京都新宿区西新宿3-20-2 東京オペラシティ 53Ｆ,https://tabelog.com/tokyo/A1318/A131807/13108592/
370,居酒屋,から味処 粧,"営業時間
[水木金]12:00～14:00※売り切れ次第終了19:00～22:30 （料理L.O. 21:00）[月　土]※ディナーのみ営業19:00～22:30 （料理L.O. 21:00）※場合によってはラストオーダーが早まることがあります。※詳しくは店舗までお問い合わせください。
定休日
火・日・祝日定休",東京都新宿区新宿2丁目10-5 第六天香ビル　１Ｆ,https://tabelog.com/tokyo/A1304/A130402/13060913/
371,居酒屋,かくれ家,"営業時間
18時～4時フードラストオーダー3時ドリンクラストオーダー3時半
日曜営業
定休日
なし。12月31日～1月4日までお休みです。",東京都新宿区西新宿4-12-13 グランドステータス古谷 1F,https://tabelog.com/tokyo/A1304/A130401/13194609/
372,居酒屋,鍛冶屋 文蔵 東京オペラシティ店,"営業時間
[月～金]ランチ　　11:30～14:30（L.O.14:00）ディナー　17:00～23:00（L.O.22:30）[土・日・祝]ディナー　16:00～22:30（L.O.22:00） ※営業時間は予告なく変更になる場合がございます。 
日曜営業
定休日
不定休日あり(東京オペラシティ休館日に準ずる)",東京都新宿区西新宿3-20-2 東京オペラシティ 2F,https://tabelog.com/tokyo/A1318/A131807/13127343/
373,居酒屋,とりほまれ,"営業時間
[月～金]11:00～(L.O.21:30)22:00閉店[土日・祝]11:00〜(L.O.20:30)21:00閉店
日曜営業
定休日
年末年始　ビル自体の店休日あり",東京都新宿区西新宿2-6-1 新宿住友ビル B1F,https://tabelog.com/tokyo/A1304/A130401/13268573/
374,居酒屋,鍛冶屋 文蔵 高田馬場店,"営業時間
[月～金]11：30～14：30（L.O.14：00）　17：00～23：00（L.O.22：30）[土］　16：00～23：00（L.O.22：30）[日・祝］　16：00～22：00（L.O.21：30）※営業時間は予告なく変更になる場合がございます。 
定休日
年末年始",東京都新宿区大久保3-8-4 新宿ガーデンタワーアネックス 1F,https://tabelog.com/tokyo/A1305/A130503/13195526/
375,居酒屋,庖,"営業時間
17:00～23:00金・土は25:00まで営業しています！
定休日
日曜日",東京都新宿区歌舞伎町1-15-8 丸雄ビル　Ｂ１Ｆ,https://tabelog.com/tokyo/A1304/A130401/13023106/
376,居酒屋,鍛冶屋 文蔵 新宿センタービル店,"営業時間
［平日］　ランチ　  11:30～14:30ディナー　17:00～23:00(L.O.22:15)※営業時間は予告なく変更になる場合がございます。 
定休日
土・日・祝",東京都新宿区西新宿1-25-1 新宿センタービル B1F,https://tabelog.com/tokyo/A1304/A130401/13141724/
377,居酒屋,大衆酒場 鳥町,"営業時間
[月〜木]16:00〜23:30 (L.O 23:00)[金]16:00〜26:00(L.O 25:30)[土]12:00〜26:00(L.O 25:30)[日]12:00〜23:30 (L.O 23:00)
日曜営業
定休日
年中無休",東京都新宿区歌舞伎町1-22-3,https://tabelog.com/tokyo/A1304/A130401/13290679/
378,居酒屋,居酒屋うまいもん 本店,"営業時間
【月～土】18:00～翌4:30L.O.  フード 翌3:30        ドリンク 翌4:00※8月14～16日はお休みを頂きます。
定休日
日曜日",東京都新宿区歌舞伎町1-12-6 歌舞伎町ビル 1F,https://tabelog.com/tokyo/A1304/A130401/13141689/
379,居酒屋,酒場845,"営業時間
●月〜金曜日　　　16:00〜27:00●土・日・祝前日　12:00〜27:00
日曜営業
定休日
年中無休",東京都新宿区新宿3-10-5,https://tabelog.com/tokyo/A1304/A130401/13273510/
380,居酒屋,和風居酒屋 々々,"営業時間
[月～日]17:00〜27:00 Loフード26:00 Loドリンク26：30出前・デリバリー始めました！専用電話番号：070-9208-9903歌舞伎町外はUbereatsをお使いください。
日曜営業
定休日
不定休　※12月6日お休み",東京都新宿区歌舞伎町1-13-10 第15金嶋ビル 2F,https://tabelog.com/tokyo/A1304/A130401/13280336/
381,居酒屋,有頂天,"営業時間
17：00〜翌朝5：00
日曜営業
定休日
なし",東京都新宿区百人町1-13-18 1F,https://tabelog.com/tokyo/A1304/A130404/13197232/
382,居酒屋,海鮮居酒屋かぶき丸,"営業時間
19時から5時
定休日
日曜日",東京都新宿区歌舞伎町2-10-7 ダイヤモンドビル 5F,https://tabelog.com/tokyo/A1304/A130401/13286357/
383,居酒屋,格安ビールと鉄鍋餃子 3・6・5酒場 新宿三丁目店,"営業時間
日～土、祝前日、祝日15:00～23:00(L.O料理22：30、22:45)
日曜営業
定休日
ビル休館日あり",東京都新宿区新宿3-4-8 京王フレンテ新宿3丁目 5F,https://tabelog.com/tokyo/A1304/A130401/13281469/
384,居酒屋,うま久 新宿御苑店,"営業時間
17:00～23:00（L.O.22:30)
定休日
年末年始・日曜・祝日",東京都新宿区新宿1-16-16 カテリーナ １Ｆ,https://tabelog.com/tokyo/A1304/A130402/13095399/
385,居酒屋,れんや 四ツ谷店,"営業時間
16:00～24:00(L.O.23:00)
日曜営業
定休日
不定休（年末年始)",東京都新宿区四谷1-7-15 山田ビル B1F,https://tabelog.com/tokyo/A1309/A130902/13155266/
386,居酒屋,神楽坂 横内,"営業時間
【平日　月火木金】11:30〜14:00(L.O.13:30)【平日　月〜金】17:00〜23:00(食事L.O.22:00/ドリンクL.O.22:30)【土・祝】16:00〜22:00(食事/ドリンクL.O.21:30)連休中は営業時間が変更になる場合がございます。ご了承下さい。
定休日
日曜日",東京都新宿区神楽坂4-8 AGEビル 2F,https://tabelog.com/tokyo/A1309/A130905/13219790/
387,居酒屋,めしや ヒロキ倶楽部 新宿,"営業時間
【月～金・祝前日】17:00～23:00【土・日・祝日】16:00〜23:00（LO：フード22:00・ドリンク22:30）■貸し切り予約承ってます。ご予算やご要望などお気軽にお申し付けください。
日曜営業
定休日
無/領収書にインボイス番号を印字しております。",東京都新宿区西新宿7-12-24 第二小島ビル 1F,https://tabelog.com/tokyo/A1304/A130401/13282540/
388,居酒屋,魚真 新宿店,"営業時間
月〜土17:00〜23:00日・祝16:00〜23:00
日曜営業
定休日
年末年始、お盆",東京都新宿区新宿3-35-5 2F,https://tabelog.com/tokyo/A1304/A130401/13115198/
389,居酒屋,ばんしゃく家,"営業時間
[月～金]15:00～23:00 (L.O.22:30)[土・日・祝]12:00～23:00 (L.O.22:30)◆18:30以降のご予約希望は、お手数ですがお電話にてご相談ください。
日曜営業
定休日
年末年始（詳細はGoogleをご確認ください）",東京都新宿区西新宿1-2-2 思い出横丁,https://tabelog.com/tokyo/A1304/A130401/13075631/
390,居酒屋,呑者家 末広通り店,"営業時間
17:00～06:00(L.O.05:00)
定休日
12月31日〜1月4日",東京都新宿区新宿3-6-12 藤堂ビル 2F,https://tabelog.com/tokyo/A1304/A130401/13029933/
391,居酒屋,炭火焼き鳥 串かど 新宿本店,"営業時間
朝まで営業しております♪17:00～翌5:00
日曜営業
定休日
なし",東京都新宿区歌舞伎町1-17-7 JAビル 1F,https://tabelog.com/tokyo/A1304/A130401/13253522/
392,居酒屋,慶太郎餃子酒場 高田馬場店,"営業時間
 11:30～翌25:00 （L.O:24:30）
日曜営業
定休日
年中無休",東京都新宿区高田馬場3-1-2,https://tabelog.com/tokyo/A1305/A130503/13182675/
393,居酒屋,四谷 もつ焼のんき,"営業時間
【平日】			14:00~24:00 (L.O. 23:00）	【土日・祝日】12:00~24:00 (L.O. 23:00)		
日曜営業
定休日
不定休",東京都新宿区舟町11 小川ビル1F,https://tabelog.com/tokyo/A1309/A130903/13046363/
394,居酒屋,全席完全個室居酒屋　高田馬場邸　さかえ通り店,"営業時間
月～日・祝前日・祝日14:00～24:00(L.O.23:00、ドリンクL.O.23:30)
日曜営業
定休日
不定休日あり",東京都新宿区高田馬場3-5-3 第90東京ビル3階,https://tabelog.com/tokyo/A1305/A130503/13288410/
395,居酒屋,日本栄光酒場ロッキーカナイ 西新宿,"営業時間
※2023年11月・12月中の営業※　月~金　15時～翌時　土曜　　13時～翌4時　日・祝　13時～23時30分【月～金】11:00-14:30　（※2024年1月頃を予定 ）【月～金】15:00~翌4:00【土】　　13:00-翌4:00　【日】　　13:00-23:30
日曜営業
定休日
不定休（ほぼ無休）",東京都新宿区⻄新宿1-14-5 新宿サンパーク西口 2F,https://tabelog.com/tokyo/A1304/A130402/13290259/
396,居酒屋,三代目 鳥メロ 新宿歌舞伎町店,"営業時間
16:00～翌日04:00　水曜・木曜は16:00～23:30　土曜・日曜は15:00～翌日04:00　祝休日は15:00～23:30
日曜営業
定休日
無休",東京都新宿区歌舞伎町1-16-6 第6ポールスタービル 6F,https://tabelog.com/tokyo/A1304/A130401/13217166/
397,居酒屋,直心,"営業時間
(月～木)15.30～23.30(金）15.30～24.00(土、日)17.00～22.00
日曜営業
定休日
不定休",東京都新宿区四谷1-7 第二鹿倉ビル　B1Ｆ,https://tabelog.com/tokyo/A1309/A130902/13103937/
398,居酒屋,九州珠,"営業時間
[月〜木・土日祝]17:00〜23:00（LO.22:00)[金] 17:00〜24:00（LO.23:00）営業時間については変更になる場合があります。お客様にはご不便をおかけいたしますが、何卒ご理解の程よろしくお願い申しあげます。
定休日
無",東京都新宿区高田馬場1-27-2 イチカワビル2F,https://tabelog.com/tokyo/A1305/A130503/13139094/
399,居酒屋,番番 新宿本店,"営業時間
(月〜金)11：30～14:3017：00～23:00・17:00〜19:00が穴場です。(土)11:30〜14:3017:00〜23:00(日・祝)11:30〜14:3017:00〜22:00
日曜営業
定休日
無休",東京都新宿区西新宿1-16-5 菊水ビルB1,https://tabelog.com/tokyo/A1304/A130401/13027315/
400,居酒屋,四ツ谷 ふく鶴,"営業時間
〔月～土〕11：30～14：00（ごはんがなくなり次第終了）17：00～23：00（最終入店21:30、22：00ラストオーダー）
定休日
日祝",東京都新宿区四ツ谷1-3-14 ムラサキビル2階,https://tabelog.com/tokyo/A1309/A130902/13190894/
401,居酒屋,串の蔵 新宿東口店,"営業時間
11：30～23：30※宴会のご予約も、お昼から随時受け付けております。　お気軽にお問い合わせ下さいませ。
日曜営業
定休日
無休　※年末年始（12/31～1/2）はお休みとなります。",東京都新宿区新宿3-34-16 池田プラザビル B1F,https://tabelog.com/tokyo/A1304/A130401/13141960/
402,居酒屋,丸鶏 るいすけ,"営業時間
◆月～日ディナー　17:00～23:30(L.O22:30)毎日元気に営業しております。
日曜営業
定休日
年末年始12/31～1/4 ▼web上満席でもお電話にてお問い合わせください。お席がご用意できる場合がございます。",東京都新宿区西新宿7-14-6 第2高橋ビル1F,https://tabelog.com/tokyo/A1304/A130401/13117734/
403,居酒屋,ビール100円『たんと③』 新宿歌舞伎町店,"営業時間
【金～土　祝日前日】16：00-翌5：00（フードLO4：00）（ドリンクLO4：00）日～木16:00～23:30
日曜営業
定休日
なし",東京都新宿区歌舞伎町2-45-13 フソウビル,https://tabelog.com/tokyo/A1304/A130401/13168876/
404,居酒屋,魚串さくらさく 神楽坂店,"営業時間
[月～金]16:00〜23:30（フードLO22:30ドリンクLO23:00）[土日祝]11:30〜23:00（フードLO22:00ドリンクLO22:30）
日曜営業
定休日
1月1日",東京都新宿区神楽坂6-8 アプロードビル　１Ｆ,https://tabelog.com/tokyo/A1309/A130905/13091928/
405,居酒屋,米とサーカス 高田馬場店,"営業時間
月～金：16:00～23:00土日祝：12:00～23:00（フード・ドリンク22:00L.O.）※火曜は17:00〜テイクアウト：～22:00まで・・・・・・・・・・・・〈年末年始営業〉12月30日…通常営業12月31日〜1月3日…休み1月4日より通常営業いたします・・・・・・・・・・・・
日曜営業
定休日
無休",東京都新宿区高田馬場2-19-8,https://tabelog.com/tokyo/A1305/A130503/13124219/
406,居酒屋,食彩一番 神楽坂,"営業時間
ランチタイム平日：11：30～14：00　L.o 13:30土祝：11:30～14：30　L.o 13:30ディナータイム：17：00～23：00お料理L.o. 21：30　　ドリンクL.o. 22：30※他、詳細に関しましては直接店舗へお問い合わせください。
定休日
日曜日",東京都新宿区神楽坂3-6-3 ヒルトップビル 2F,https://tabelog.com/tokyo/A1309/A130905/13175766/
407,居酒屋,北海道酒場 ザンギ,"営業時間
【営業時間 変更のお知らせ】＜月、火、水、木、金、土、日>16:30〜23:30 Lo23:00
日曜営業
定休日
不定休",東京都新宿区高田馬場4-28-20 cocospace 1F,https://tabelog.com/tokyo/A1305/A130503/13229195/
408,居酒屋,個室居酒屋 花ぜん 新宿本店,"営業時間
[火～金]17:00～23:30[土・祝]16:00～23:30
定休日
日曜日/月曜日",東京都新宿区西新宿7-10-20 B1F,https://tabelog.com/tokyo/A1304/A130401/13031250/
409,居酒屋,にんじんや 高田馬場店,"営業時間
ランチ 月～金 11:30～14:00ランチはクレジットカードでのお支払はできません。現金会計のみとなりますので予めご了承ください。ディナー月～土 17:30～23:00(Lo.22:00)祝日 17:30～23:00(Lo.22:00)金曜祝前日17:30~25:00
定休日
日曜日",東京都新宿区高田馬場1-27-6 ＫＩビル　３Ｆ,https://tabelog.com/tokyo/A1305/A130503/13010953/
410,居酒屋,軍鶏一 四ツ谷店,"営業時間
【月水木】ランチ　11:00～15:00【火金】ランチ　11:00～14:30ディナー17:00～23:00(フードL.O.22:00、ドリンクL.O.22:15）　【土・日・祝】　　ディナー17:00～23:00（フードL.O.22:00、ドリンクL.O.22:15）　
日曜営業
定休日
年中無休（１月は１、２、３日休業）",東京都新宿区四ッ谷1-7-15 山田ビル 1F,https://tabelog.com/tokyo/A1309/A130902/13098214/
411,居酒屋,酒場つむぎ堂 新宿店,"営業時間
【月～金・祝前日】17:00～23:00【土・日・祝日】16:00〜23:00（LO：フード22:00・ドリンク22:30）■貸し切り予約・大人数宴会・その他要望などもご相談ください！
日曜営業
定休日
無/領収書にインボイス番号を印字しております。",東京都新宿区西新宿7-18-18 新宿税理士ビル 別館 1F,https://tabelog.com/tokyo/A1304/A130401/13268476/
412,居酒屋,だいこんや 神楽坂,"営業時間
月～土 11:00～14:30(L.O.14:00)ランチはクレジットカードでのお支払はできません。現金会計のみとなりますので予めご了承ください。月～金17時開店２2時閉店ラストオーダー21時土・祝 17時開店２2時開店ラストオーダー21時
定休日
日曜日　祝祭日は不定休　お店までお問い合わせください。又、年末年始も不定休となりますので、お店までお問い合わせお願いいたします。",東京都新宿区神楽坂4-3-15 煉瓦塔ビル　２Ｆ,https://tabelog.com/tokyo/A1309/A130905/13000262/
413,居酒屋,格安ビールと鉄鍋餃子 3・6・5酒場 新宿歌舞伎町店,"営業時間
月～木15:00～23:00(L.O.料理　22:30、L.O.ドリンク　22:45)金・土・日・祝前日・祝日15:00～29:00(L.O.料理　28:00、L.O.ドリンク　28:30)
日曜営業
定休日
無休(ビル休に準ずる)",東京都新宿区歌舞伎町1-17-2 小松ビル 2F,https://tabelog.com/tokyo/A1304/A130401/13283603/
414,居酒屋,道産子 新宿西口店,"営業時間
平日 16:00～24:00(ラストオーダー 23:30)土曜 16:00～24:00(ラストオーダー 23:30) 
定休日
日曜",東京都新宿区西新宿1-2-7 小杉ビル　B1F,https://tabelog.com/tokyo/A1304/A130401/13051074/
415,居酒屋,スンアーニャンチャオジャオニウロウ,,東京都新宿区高田馬場3-12-11 1F,https://tabelog.com/tokyo/A1305/A130503/13275665/
416,居酒屋,信濃町 牡蠣BASARA,"営業時間
[月～金]17:00～22:00 [土・日・祝]16:00～22:00
日曜営業
定休日
なし",東京都新宿区信濃町34-10 トーシン信濃町駅前ビル B1F,https://tabelog.com/tokyo/A1309/A130901/13284213/
417,居酒屋,海鮮バル　けい,"営業時間
[月～土]15:00～24:00（23:30 L.O）
定休日
日曜",東京都新宿区百人町1-20-16,https://tabelog.com/tokyo/A1304/A130404/13207009/
418,居酒屋,小皿のまぐろとさば。 西新宿,"営業時間
17:00~23:00(L.O22:30)
定休日
不定休",東京都新宿区西新宿7-19-22 ダイカンプラザシティⅠ,https://tabelog.com/tokyo/A1304/A130401/13290459/
419,居酒屋,二軒目BAR,"営業時間
18:00～翌4:00（L.O.翌3:00）2023年12/31(日)から2024年1/8(月)までお休みになります。
定休日
日曜日",東京都新宿区歌舞伎町1-2-17 第二桑原ビル 2F,https://tabelog.com/tokyo/A1304/A130401/13030330/
420,居酒屋,北の味紀行と地酒 北海道 飯田橋駅前店,"営業時間
＜営業時間＞ランチ　　11:30～14:00(LO13:30)ディナー　16:00～23:00(フードLO22:30/ドリンクLO22:45)12/30～2024/1/2　15：00～22：001/3　11：30～22：00
日曜営業
定休日
ビルに準ずる",東京都新宿区神楽河岸1-1 セントラルプラザラムラ　２０Ｆ,https://tabelog.com/tokyo/A1309/A130905/13017151/
421,居酒屋,歌舞伎食堂 OBANZAI,"営業時間
火曜日～日曜日※3種のコース提供17:00～24:00※おつまみのコースのみ0:00～5:00
日曜営業
定休日
月曜日",東京都新宿区歌舞伎町2-11-7 1F,https://tabelog.com/tokyo/A1304/A130401/13291400/
422,居酒屋,和乃匠 やまもと,"営業時間
ディナー 17:00～23:00 (L.O.22:30)
定休日
日・祝日",東京都新宿区四谷3-9 四谷シンコービル B1F,https://tabelog.com/tokyo/A1309/A130903/13155265/
423,居酒屋,海森 2号店,"営業時間
2号店18:00～24:00となりの1号店〔月～土〕18：00～24：00〔日・祝〕休み
日曜営業
定休日
無休",東京都新宿区新宿3-8-7 吉川ビル　２Ｆ,https://tabelog.com/tokyo/A1304/A130401/13000940/
424,居酒屋,つみき,"営業時間
ディナー [月～金] 17:00～23:30(L.O.22:30)  [土、日、祝日]17:00～23:00(L.O.22:00） 
日曜営業
定休日
年末年始・夏季休み有",東京都新宿区神楽坂4-3 楽山ビル　３Ｆ,https://tabelog.com/tokyo/A1309/A130905/13020186/
425,居酒屋,神楽坂 睦,"営業時間
18:00〜翌03:00(L.O 2:00)
定休日
日曜日、　祝日は不定休お問い合わせ下さい。",東京都新宿区袋町17,https://tabelog.com/tokyo/A1309/A130905/13171780/
426,居酒屋,郷土料理くらわんか,"営業時間
[月～金]11:30～14:30(L.O 13:50)17:00～22:30(L.O 21:30)[土・祝]15:00～22:30(L.O 21:30)
定休日
日曜",東京都新宿区新宿3-36-6 大安ビル B1F,https://tabelog.com/tokyo/A1304/A130401/13010577/
427,居酒屋,もつ焼き・もつ鍋 　どんでん,"営業時間
年中無休17:00～24:00
日曜営業
定休日
日曜・祝日は店舗メンテナンスやスタッフミーティングなどにより、お休みをいただく場合がございます。お問合わせください）",東京都新宿区新宿2-7-9 比嘉ビル1F,https://tabelog.com/tokyo/A1304/A130401/13054465/
428,居酒屋,新橋魚金 高田馬場店,"営業時間
平日　ランチ　11:30〜15:00（LO14:30）     　 ディナー17:00〜23:00（LO22:00）土日祝　15:00〜23:00（LO22:00）　　　　政府・自治体の要請により営業時間を変更することがございます。その際はホームページにて随時お知らせいたします。
日曜営業
定休日
年末年始",東京都新宿区高田馬場3-2-14 丸曽ビル1F・2F,https://tabelog.com/tokyo/A1305/A130503/13212135/
429,居酒屋,唐揚酒場ボンズ,"営業時間
［月火木金土日］12:00〜23:00 (LO.フード21:30 LOドリンク22:00)
日曜営業
定休日
定休日 : 水曜日",東京都新宿区新宿5-3-15 B1F,https://tabelog.com/tokyo/A1304/A130401/13284813/
430,居酒屋,目利きの銀次 飯田橋駅前店,"営業時間
月-木 11:00-0:00金・土・祝前日 11:00-0:00日・祝日 11:00-0:00※ラストオーダーは料理、ドリンク閉店30分前【2023/8/11～16休業】
日曜営業
定休日
年中無休",東京都新宿区揚場町1-11 飯田橋中央ビル 4F,https://tabelog.com/tokyo/A1309/A130905/13210571/
431,居酒屋,焼鳥居酒屋 鶏闘士 新館,"営業時間
全日12:00~5:00
日曜営業
定休日
定休日はございません。",東京都新宿区歌舞伎町1-21-3,https://tabelog.com/tokyo/A1304/A130401/13283244/
432,居酒屋,ふくの鳥 市ヶ谷外堀通り店,"営業時間
[月～金]11:30～14:15(L.O.13:45)17:00～23:00(L.O.22:30)
定休日
土曜日・日曜日・祝日",東京都新宿区市谷田町1-1 染谷ビル B1F,https://tabelog.com/tokyo/A1309/A130904/13248005/
433,居酒屋,千年の宴 歌舞伎町輝ビル店,"営業時間
月曜-木曜：18:00~05:00金曜：18:00~05:00土曜：18:00~05:00日祝：18:00~05:00※ラストオーダーは料理、ドリンク閉店30分前
日曜営業
定休日
無休",東京都新宿区歌舞伎町1-15-3 輝ビル B1F,https://tabelog.com/tokyo/A1304/A130401/13193825/
434,居酒屋,新橋魚金 歌舞伎町店,"営業時間
【火～金】16:00～23:00（L.O.22:00）【土日祝】15:00～23:00（L.O.22:00）■9/18(月祝)は営業いたします！　9/19(火)に定休日を振り替えさせていただきます。
日曜営業
定休日
月",東京都新宿区歌舞伎町1-23-15 SUZUYAビルディング 7F,https://tabelog.com/tokyo/A1304/A130401/13192939/
435,居酒屋,先斗町 新宿本店,"営業時間
月曜日　定休日とさせていただきます。火～土曜日　18時～翌3時日曜日　18時～24時ラストオーダーはお食事が、閉店時間の一時間前、お飲み物が三十分前とさせていただきます。
日曜営業
定休日
しばらくの期間、月曜日を休業日とさせていただきます。",東京都新宿区歌舞伎町2-9-18 ライオンズプラザ新宿1F,https://tabelog.com/tokyo/A1304/A130401/13037880/
436,居酒屋,目利きの銀次 大久保北口駅前店,"営業時間
月曜-木曜：11:30~23:30金曜：11:30~23:30土曜：11:30~23:30日祝：11:30~23:30※ラストオーダーは料理、ドリンク閉店30分前
日曜営業
定休日
無休",東京都新宿区百人町2-23-1 TSTビル 2F,https://tabelog.com/tokyo/A1304/A130404/13180562/
437,居酒屋,24時間 餃子酒場 高田馬場店,"営業時間
24時間営業Pay Pay,LINE pay も利用可能。
日曜営業
定休日
年中無休",東京都新宿区高田馬場3-2-13 ドムスサニヤナガワビル B1F,https://tabelog.com/tokyo/A1305/A130503/13248903/
438,居酒屋,日がさ雨がさ,"営業時間
(月)～(土)17～23時(料理L.O.22時)※11/20(月)ﾘﾌﾚｯｼｭ休業※11/23(木祝)営業※12/4(月)ﾘﾌﾚｯｼｭ休業※12/18(月)ﾘﾌﾚｯｼｭ休業※12/30(土)連休前恒例「日本酒吞み尽くし祭」(要予約)　18-22時¥6500※12/31(日)～1/4(木)年末年始休業※1/8(月祝)休業※1/13(土)酒蔵研修のため休業
定休日
日曜･年末年始等",東京都新宿区四谷3-9-11 四谷シンコービル　７Ｆ,https://tabelog.com/tokyo/A1309/A130903/13060121/
439,居酒屋,寿司と居酒屋魚民 新宿西口総本店,"営業時間
11:30～00:00※ラストオーダー 23:30（最終入店 23:00）【2023/8/21・22休業】
日曜営業
定休日
年中無休",東京都新宿区西新宿1-1-1 新宿西口会館（新宿パレットビル）　９Ｆ,https://tabelog.com/tokyo/A1304/A130401/13040936/
440,居酒屋,目利きの銀次 信濃町駅前店,"営業時間
全日　11:00～23:30営業時間に関しまして緊急事態宣言等の影響により予告なく変更させて頂く場合がございます。予めご了承頂けますようお願いいたします。
日曜営業
定休日
年中無休",東京都新宿区信濃町34 トーシン信濃町駅前ビル 2F,https://tabelog.com/tokyo/A1309/A130901/13255947/
441,居酒屋,白木屋 歌舞伎町輝ビル店,"営業時間
平日 17:00-3:00金 17:00-5:00土 17:00-5:00日 17:00-3:00祝日 17:00-3:00※ラストオーダーは料理、ドリンク閉店30分前
日曜営業
定休日
年中無休",東京都新宿区歌舞伎町1-15-3 輝ビル 5F,https://tabelog.com/tokyo/A1304/A130401/13193813/
442,居酒屋,日本酒とお刺身 秋丸,"営業時間
[月～土]16:00〜23:00(L.O22:00)
定休日
日曜　祝日",東京都新宿区筑土八幡町1-2-101 1F,https://tabelog.com/tokyo/A1309/A130905/13038392/
443,居酒屋,エビスコ酒場,"営業時間
［月～土］17:00～25:00(L.O.24:00)　［日・祝］16:00～24:00(L.O.23:00)　
日曜営業
定休日
年中無休(年末年始等、仕入れの都合によりお休みをいただくことがございます)",東京都新宿区歌舞伎町1-14-6 第21東京ビルB1,https://tabelog.com/tokyo/A1304/A130401/13102128/
444,居酒屋,旬彩酒庵 おねぎや 新宿店,"営業時間
[月〜木]◇16:00-23:30 (LO.22:50)[金]◇15:00〜23:30(LO:22:50)[土]◇11:30-23:30 (LO.22:50)[日祝]◇11:30-23:00 (LO.22:20)※年末年始の特別営業時間※12月31日（日）14:00〜23:001月1日（月）14:00〜23:00
日曜営業
定休日
定休日なし。",東京都新宿区新宿3-10-5,https://tabelog.com/tokyo/A1304/A130401/13033203/
445,居酒屋,かば屋 歌舞伎町輝ビル店,"営業時間
16:00～23:30※ラストオーダーは料理、ドリンク閉店30分前【2022/12/31・2023/1/1休業】
日曜営業
定休日
年中無休",東京都新宿区歌舞伎町1-15-3 輝ビル 7F,https://tabelog.com/tokyo/A1304/A130401/13193817/
446,居酒屋,鰻酒場 スミカ,"営業時間
ランチ火〜日、祝日、祝前日　11:30～14:30(L.O 14:00)ディナー【火〜日】17:00～23:00（料理L.O. 22:00 ドリンクL.O. 22:30）
日曜営業
定休日
月曜日、基本第三日曜日",東京都新宿区高田馬場3-12-27,https://tabelog.com/tokyo/A1305/A130503/13028559/
447,居酒屋,すしざむらい 歌舞伎町輝ビル総本店,"営業時間
16:00～翌07:00
日曜営業
定休日
無休",東京都新宿区歌舞伎町1-15-3 輝ビル 1F,https://tabelog.com/tokyo/A1304/A130401/13193815/
448,居酒屋,肉酒場 とろっと 西新宿店,"営業時間
【月～金】17:00〜23:00（L.O 22:30) 【土・日・祝】14:30〜23:00(L.O 22:30)
日曜営業
定休日
元旦",東京都新宿区西新宿7-16-1 コンシェルジュ石原101,https://tabelog.com/tokyo/A1304/A130401/13181984/
449,居酒屋,焼鳥居酒屋 鶏闘士 新宿歌舞伎町 別館,"営業時間
月～金　　17:00～翌朝6:00土日祝　　15:00～翌朝6:00
日曜営業
定休日
年中無休",東京都新宿区歌舞伎町1-18-5 白馬車ビル 2F,https://tabelog.com/tokyo/A1304/A130401/13273194/
450,居酒屋,目利きの銀次 飯田橋五差路交差点前店,"営業時間
月曜-木曜：11:30~03:00金曜：11:30~03:00土曜：11:30~03:00日祝：11:30~03:00※ラストオーダーは料理、ドリンク閉店30分前
日曜営業
定休日
年中無休",東京都新宿区下宮比町2-1 第一勧銀稲垣ビル 1F,https://tabelog.com/tokyo/A1309/A130905/13260468/
451,居酒屋,神楽坂 おいしんぼ 本店,"営業時間
通常営業時間昼/11:30～15:00(L.O.14:00)夜/17:00～22:30(L.O.22:00)
日曜営業
定休日
■土日祝・年末年始三箇日も営業！※１月４日(木)５日(金)は休業いたします。",東京都新宿区神楽坂4-8,https://tabelog.com/tokyo/A1309/A130905/13000474/
452,居酒屋,炭火焼食堂 こがね屋,"営業時間
月～木【昼】11:30-15:00【夜】17:30-22:30金・祝前日【昼】11:30~15:00【夜】17:30~23:00土【昼】11:30-15:00【夜】17:00-22:00
定休日
日・祝",東京都新宿区西新宿7-8-11 大黒ビル　１Ｆ,https://tabelog.com/tokyo/A1304/A130401/13078681/
453,居酒屋,焼き鳥と馬刺し 紅はち 高田馬場店,"営業時間
【月～木】16:00～24:00【金、祝前日】16:00～26:00【土】13:00～26:00【日、祝日】13:00～24:00営業時間が変更する可能性あるのでお問い合わせください昼宴会をご要望の方はお電話でお気軽にお問い合わせ下さい♪
日曜営業
定休日
定休日無し【年末年始除く】　　領収書にインボイス番号を印字しております。",東京都新宿区高田馬場2-14-8 NTビル B1F,https://tabelog.com/tokyo/A1305/A130503/13238460/
454,居酒屋,麺匠居酒屋 白兵衛,"営業時間
18:00～翌5:00
日曜営業
定休日
火曜日",東京都新宿区歌舞伎町1-28-3 TOMOビル 2F,https://tabelog.com/tokyo/A1304/A130401/13262652/
455,居酒屋,トーキョーサワースタンド,"営業時間
【土～日，祝】14:00～23:00L.O.22:00ドリンクL.O.22:30【火～金】17:00～23:00L.O.22:00ドリンクL.O.22:30
日曜営業
定休日
月曜日",東京都新宿区神楽坂3-1-26 MSビルⅱ1F,https://tabelog.com/tokyo/A1309/A130905/13231350/
456,居酒屋,魚民 新宿東口駅前店,"営業時間
月曜-木曜：17:00～03:00金曜：17:00～05:00土曜：17:00～05:00日祝：17:00～03:00
日曜営業
定休日
年中無休",東京都新宿区新宿3-27-10 武蔵野ビル　Ｂ２Ｆ,https://tabelog.com/tokyo/A1304/A130401/13051848/
457,居酒屋,大衆酒場みらい 新宿西口店,"営業時間
15:00〜翌05:00
日曜営業
定休日
年中無休",東京都新宿区西新宿7-10-20 ワセダSTビル 2F,https://tabelog.com/tokyo/A1304/A130401/13266118/
458,居酒屋,笑笑 歌舞伎町輝ビル店,"営業時間
月～木 17:00～23:30金・土 17:00～03:00日・祝日 17:00～23:30※ラストオーダーは料理、ドリンク閉店30分前12/24　0時閉店
日曜営業
定休日
年中無休",東京都新宿区歌舞伎町1-15-3 輝ビル 4F,https://tabelog.com/tokyo/A1304/A130401/13193811/
459,居酒屋,炉端肴町五合,"営業時間
[火～金] 16:00〜23:30（閉店）[土・日祝] 15:00〜23:00（閉店）◆テイクアウト期間限定◆[火～金] 受付12:00〜受取開始受け取り12:30〜14:00 / 16:00〜22:30[土・日祝] 12:00〜22:00
日曜営業
定休日
月曜日",東京都新宿区神楽坂4-4 1F,https://tabelog.com/tokyo/A1309/A130905/13009097/
460,居酒屋,美食処 和彩美,"営業時間
18:00〜翌4:00迄(お食事LO3:00)
定休日
日曜◎領収証にインボイス登録番号を記載しております◎",東京都新宿区歌舞伎町1-2-13 新光ビル B1F,https://tabelog.com/tokyo/A1304/A130401/13201755/
461,居酒屋,男前料理と五島列島直送の魚　神楽坂はずれ　無花果,"営業時間
【月〜金】17:00～23:00(お料理LO＝22：00、お飲み物LO＝22：30)
定休日
土曜・日曜・祝日 　※2023.12.30〜2024.1.8お休みさせて頂きます。",東京都新宿区揚場町2-24 小川ビル2Ｆ,https://tabelog.com/tokyo/A1309/A130905/13041913/
462,居酒屋,ちょい干してっ平,"営業時間
11月4日よりリニューアルオープンいたしました。このご機会に忘年会などお問合せくださいませ。営業時間12:00〜15:00 （カウンター席コースのみ）18:00〜23:00（Lo10:00）一階　カウンター7席　二階　テーブル10席（最大12名）よろしくお願い申し上げます。
日曜営業
定休日
日曜不定休",東京都新宿区神楽坂4-2-30,https://tabelog.com/tokyo/A1309/A130905/13033286/
463,居酒屋,魚民 飯田橋駅前店,"営業時間
月曜-土曜：17:00～01:00日祝：17:00～23:30
日曜営業
定休日
年中無休",東京都新宿区揚場町1-11 飯田橋中央ビル 5F,https://tabelog.com/tokyo/A1309/A130905/13210572/
464,居酒屋,俺の串かつ黒田×炭火焼鳥めでた家 歌舞伎町輝ビル店,"営業時間
平日 17:00-23:30金 17:00-23:30土 17:00-23:30日 17:00-23:30祝日 17:00-23:30※ラストオーダーは料理、ドリンク閉店30分前【2022/12/31・2023/1/1休業】［12/5(火)・12(火) 休業］
日曜営業
定休日
年中無休",東京都新宿区歌舞伎町1-15-3 輝ビル 3F,https://tabelog.com/tokyo/A1304/A130401/13193819/
465,居酒屋,人間レストラン NNGN,"営業時間
[火～日]14:30-23:00
日曜営業
定休日
月曜日",東京都新宿区歌舞伎町1-13-11 甲斐ビル 4F,https://tabelog.com/tokyo/A1304/A130401/13227912/
466,居酒屋,旨唐揚げと居酒メシ ミライザカ JR新大久保駅前店,"営業時間
16:00～翌日02:00　金曜は16:00～翌日03:00　土曜は12:00～翌日03:00　日曜・祝休日は12:00～翌日02:00
日曜営業
定休日
なし",東京都新宿区百人町2-4-2 やまきビル 2F,https://tabelog.com/tokyo/A1304/A130404/13203532/
467,居酒屋,塊肉居酒屋 肉べぇ 新宿御苑店,"営業時間
［月〜金］11:30〜14:0017:00〜23:30土、日、祝［17:00〜23:30］
定休日
不定休",東京都新宿区新宿1-16-10 カテリーナネオハイツ 1F,https://tabelog.com/tokyo/A1304/A130402/13218404/
468,居酒屋,白木屋 歌舞伎町総本店,"営業時間
15:00-05:00
日曜営業
定休日
無休",東京都新宿区歌舞伎町1-21-1 第二東亜会館　５Ｆ,https://tabelog.com/tokyo/A1304/A130401/13021276/
469,居酒屋,居酒屋 うまいもん 一番街,"営業時間
月水日曜日18:00～23:00 (L.O.フード22:00/ドリンク22:30)火木金土曜日18:00~05:00（L.O.フード04:00/ドリンク04:30）
日曜営業
定休日
定休日無し",東京都新宿区歌舞伎町1-17-5 第二安田ビル　B1F,https://tabelog.com/tokyo/A1304/A130401/13172953/
470,居酒屋,新宿 六,"営業時間
＜月‐金＞　　　　　　　　　　　　　　Lunch　11:30～15:00(L.O14:30)　　Dinner 17:00～23:00(L.O22:00)　＜土曜・日曜・祝前日〉 17:00～23:00(L.O22:00)
日曜営業
定休日
年末年始",東京都新宿区新宿6-4-2 コスモス新宿18 M1F,https://tabelog.com/tokyo/A1304/A130401/13241839/
471,居酒屋,静岡酒場ガッツ,"営業時間
【月～木】17:00～23:00【金・祝前日】17:00～24:00【土】16:00～24:00【日・祝日】16:00～22:00★閉店1時間前にフードのラストオーダー/30分前にドリンクのラストオーダー★清水エスパルスの試合がある時はキックオフにあわせて開店します
日曜営業
定休日
無し",東京都新宿区高田馬場2-19-8 阿部ビル 1F,https://tabelog.com/tokyo/A1305/A130503/13151226/
472,居酒屋,魚民 市ヶ谷駅前店,"営業時間
月曜-木曜：17:00~01:00金曜：17:00~03:00土曜：17:00~03:00日祝：17:00~23:30※ラストオーダーは料理、ドリンク閉店30分前8/11～16　23時閉店
日曜営業
定休日
無休",東京都新宿区市谷八幡町2-1 DS市ヶ谷ビル 8F,https://tabelog.com/tokyo/A1309/A130904/13183627/
473,居酒屋,PARTY SPACE ACE,"営業時間
 00:00～翌0:00※24時間営業※
日曜営業
定休日
無休",東京都新宿区歌舞伎町2-45-4 GEST30 3F,https://tabelog.com/tokyo/A1304/A130401/13133021/
474,居酒屋,山内農場 歌舞伎町セントラルロード店,"営業時間
月-木 17:00-02:00金 17:00-03:00土 17:00-03:00日 17:00-02:00祝前日 17:00-03:00祝日 17:00-02:00※ラストオーダーは料理、ドリンク閉店30分前
日曜営業
定休日
年中無休",東京都新宿区歌舞伎町1-17-12 第1浅川ビル 5F,https://tabelog.com/tokyo/A1304/A130401/13158849/
475,居酒屋,わらやき屋 新宿,"営業時間
月～金17:00～23:00（L.O.22:00）土・日・祝日15:00～23:00（L.O.22:00）【年末年始】2023-12-29　15:00～23:002023-12-28　15:00～23:002023-12-30　15:00～23:002024-01-02　15:00～23:002024-01-03　15:00～23:00
日曜営業
定休日
無　【年末年始】2023.12.31/2024.01.01 休業",東京都新宿区新宿3-15-11 アドホック新宿ビル 8F,https://tabelog.com/tokyo/A1304/A130401/13178186/
476,居酒屋,魚民 歌舞伎町輝ビル店,"営業時間
月-木 17:00-23:30金・土 17:00-3:00日・祝日 17:00-23:30※ラストオーダーは料理、ドリンク閉店30分前
日曜営業
定休日
無休",東京都新宿区歌舞伎町1-15-3 輝ビル 6F,https://tabelog.com/tokyo/A1304/A130401/13193821/
477,居酒屋,豊後高田どり酒場 高田馬場駅前店,"営業時間
月曜-木曜：17:00～01:00金曜：17:00～03:00土曜：17:00～03:00日祝：17:00～01:00
日曜営業
定休日
無",東京都新宿区高田馬場4-8-7 花川ビル 2F,https://tabelog.com/tokyo/A1305/A130503/13213729/
478,居酒屋,酒庵 きん助,"営業時間
　（ディナー）17:00〜23:00 (L.O 22:00 )【月～土】
定休日
日曜日・祝日",東京都新宿区津久戸町3-20 イサミビル 2F,https://tabelog.com/tokyo/A1309/A130905/13063842/
479,居酒屋,屋台屋 博多劇場 西新宿店,"営業時間
月～金16:00～24:00土・日・祝日16:00～24:00
日曜営業
定休日
不定休",東京都新宿区西新宿7-10-10 山崎西新宿ビル 1F,https://tabelog.com/tokyo/A1304/A130401/13182179/
480,居酒屋,古民家居酒屋 おいどん 西新宿店,"営業時間
17:00～翌4:00（L.O.翌3:00）【年末年始】12/31も17:00～翌4:00営業！☆年越しできます☆※元日は店休日とさせていただき、1/2より通常営業いたします。※大人数団体のご予約はお電話にて承ります
定休日
年中無休",東京都新宿区西新宿5-10-13 1F～3F,https://tabelog.com/tokyo/A1304/A130401/13011763/
481,居酒屋,魚民 信濃町駅前店,"営業時間
17:00-00:00※ランチタイムメニュー　　月-金(祝除く) 11:00-15:00　　※4/1-6/30 全日17時開店（ランチ営業休止）
日曜営業
定休日
年中無休",東京都新宿区信濃町34 トーシン信濃町ビル 2F,https://tabelog.com/tokyo/A1309/A130901/13147598/
482,居酒屋,水炊き 季節料理 新宿なごみ,"営業時間
17:00～24:00(LO23:00)※新型コロナウィルス感染拡大防止に伴う東京都の要請により、営業時間を変更させて頂く場合がございます。※食材がなくなり次第終了とさせていただく場合がございます。
定休日
日曜日・祝日定休・12/30～1/3 　※祝日や大型連休の場合に関しましてはお電話にてご確認くださいませ。",東京都新宿区歌舞伎町2-38-4 古屋ビルB1F,https://tabelog.com/tokyo/A1304/A130401/13123318/
483,居酒屋,歌舞伎市場,"営業時間
[月～土] 18:00～24:00[日・祝] 18:00～24:00
日曜営業
定休日
無休",東京都新宿区歌舞伎町1-13-10 フジビル　２Ｆ,https://tabelog.com/tokyo/A1304/A130401/13093419/
484,居酒屋,山内農場 新宿西口駅前店,"営業時間
11:30-23:30※ランチタイムメニュー 11:30-15:00※ラストオーダーは料理、ドリンク閉店30分前4/29・30　12時、5/1・2　11時半、5/3～5　12時開店
日曜営業
定休日
無休",東京都新宿区西新宿1-15-2 第5オムニクスビル　4Ｆ,https://tabelog.com/tokyo/A1304/A130401/13085608/
485,居酒屋,俺の魚を食ってみろ!!  西新宿店,"営業時間
平日　11:30〜13:30　16:00～23:00土日祝日　16:00~23:00ーーーーーーーーーーーーーーー究極の海鮮丼の提供※ランチのみ現金会計をお願いしております。平日ランチ限定（11:30〜14:00）都の要請内容により営業時間を変更する可能性がございます。ご協力をお願いいたします。ご質問等、お気軽にお問い合わせください！
日曜営業
定休日
なし（仕入れ状況で予告なく変更の可能性有り。）",東京都新宿区西新宿7-10-14 富士山ビル　1F,https://tabelog.com/tokyo/A1304/A130401/13171093/
486,居酒屋,鉄板IZAKAYA JYUJYU,"営業時間
PM17:00～翌朝11:00(日曜は朝5:00迄)
日曜営業
定休日
無◎領収証にインボイス登録番号を記載しております◎",東京都新宿区歌舞伎町1-11-12 M1ビル 1F,https://tabelog.com/tokyo/A1304/A130401/13125253/
487,居酒屋,肉酒場 ガブガブ,"営業時間
1１:00～23:00(L.O.22：00)
日曜営業
定休日
なし",東京都新宿区歌舞伎町1-29-1 東急歌舞伎町タワー 1F,https://tabelog.com/tokyo/A1304/A130401/13279683/
488,居酒屋,千年の宴 新宿東口駅前店,"営業時間
月曜-木曜：17:00～01:00金曜：17:00～03:00土曜：17:00～03:00日祝：17:00～00:00
日曜営業
定休日
年中無休",東京都新宿区新宿3-27-10 武蔵野ビル Ｂ２Ｆ,https://tabelog.com/tokyo/A1304/A130401/13050643/
489,居酒屋,酒場 シャルク,"営業時間
［月〜土］12:00～15:00（LO14:30)18:00～23:45 (フードLO22:00)（ドリンクLO23:15)
定休日
日曜日、祝日、臨時休業あり",東京都新宿区四谷3-1-11 福島ビル 2F-B,https://tabelog.com/tokyo/A1309/A130903/13210735/
490,居酒屋,和風ライオン 安具楽 新宿店,"営業時間
月～金ランチ　11:30～15:00(L.O.14:30）月～木ディナー　17:00～22:00(L.O.21:30）土ランチ・ディナー　11:30~22:30(L.O.22:00)日・祝日ランチ・ディナー　11:30～22:00(L.O.21:30）金・祝前日ディナー　17:00～22:30(L.O.22:00)
日曜営業
定休日
年1回（1月）2024年　1月15日(月)は店休日となります。 ※営業時間変更のご連絡　　　　　　　　　　　　　　　　　　　　　　　　　　　12/29.30日　11:30～22:00 (L.O21:30) 通し営業 　12/31.1/1 　11:00～21:",東京都新宿区新宿3-28-9 新宿ライオン会館 5F,https://tabelog.com/tokyo/A1304/A130401/13034115/
491,居酒屋,ふくの鳥 飯田橋店,"営業時間
ランチ　　月～金　　　11:30～14:30(L.O.14:00)　ディナー　月～金　17:00～23:30(L.O.23:00)　　　　　　　土　　17:00～22:30(L.O.22:00)　
定休日
日曜日は定休日とさせて頂きます。定休日でもご予約承りますのでお気軽にご連絡下さい。",東京都新宿区揚場町1-13 ミヤコビル2F,https://tabelog.com/tokyo/A1309/A130905/13045701/
492,居酒屋,新宿っ子居酒屋 とととりとん はなれ,"営業時間
平日11:30〜15:30、17:00〜24:00土曜16:00〜24:00
定休日
日曜、祝日",東京都新宿区西新宿7-21-1 新宿ロイヤルビル B1F,https://tabelog.com/tokyo/A1304/A130401/13252816/
493,居酒屋,のいえ,"営業時間
（月曜日〜日曜日）11:30〜14:00（L.O.13:30）/18:00〜22:30（L.O.22:00）
日曜営業
定休日
不定休",東京都新宿区神楽坂6-23 2F,https://tabelog.com/tokyo/A1309/A130905/13273260/
494,居酒屋,大衆酒場 鳥の素揚げ ほしの 本店,"営業時間
17:00～23:30（L.O.23:00）
定休日
日曜日(月曜日が祝日の際は日曜営業、翌月曜日休み)",東京都新宿区新宿1-14-5 新宿KMビル102号,https://tabelog.com/tokyo/A1304/A130402/13224304/
495,居酒屋,赤から 新宿西口店,"営業時間
【全日】16:00～23:30(L.O.22:45)
日曜営業
定休日
年中無休※12月31日(日)と1月1日(祝)は休業致します。",東京都新宿区西新宿1-3-1 新宿サンフラワービル　4F,https://tabelog.com/tokyo/A1304/A130401/13126724/
496,居酒屋,神楽坂うお輝,"営業時間
[月〜日・祝日]17:30〜23:30※お食事はLO22:00、ドリンクLOは22:30とさせていただきます。8月から日曜日も営業いたします。
日曜営業
定休日
不定休",東京都新宿区岩戸町19-16,https://tabelog.com/tokyo/A1309/A130905/13242210/
497,居酒屋,炭火焼専門食処 白銀屋,"営業時間
月〜金【昼】11:15-(LO14:30)【夜】17:00-(LO21:45)土、祝日【昼】11:30-(LO14:30)【夜】17:00-(LO21:45)
定休日
日曜",東京都新宿区西新宿7-19-7 サンローゼ新宿　１Ｆ,https://tabelog.com/tokyo/A1304/A130401/13047017/
498,居酒屋,鍛冶屋 文蔵 新宿西口店,"営業時間
[月～土]16：00～23：00（LO22：30）[日・祝]16：00～22：30（LO22：00）※営業時間は予告なく変更になる場合がございます。 ※3月より、「日・祝」の営業を再開いたします。
日曜営業
定休日
無",東京都新宿区西新宿1-14-17,https://tabelog.com/tokyo/A1304/A130401/13028280/
499,居酒屋,和モダン個室居酒屋 はながこい 新宿御苑前,"営業時間
【ランチタイム】■月～金11:30～14:30（L.O. 14:00）【ディナータイム】■月〜土17:00～24:00 （料理L.O. 23:00 ドリンクL.O. 23:30）■日・祝17:00～23:00 （料理L.O. 22:00 ドリンクL.O. 22:30）
日曜営業
定休日
不定休",東京都新宿区新宿1-34-13 ⾙塚ビル 1F,https://tabelog.com/tokyo/A1304/A130402/13274155/
500,居酒屋,炭火焼専門食処 白銀屋 西八の分店,"営業時間
月〜金【昼】11:15-15:00(LO14:30)【夜】17:30-22:30(LO22:00)土【昼】11:15-15:00(LO14:30)【夜】17:00-22:00(LOフード21:00/LOドリンク22:00)
定休日
日・祝日",東京都新宿区西新宿8-5-17,https://tabelog.com/tokyo/A1304/A130401/13178810/
501,居酒屋,和風居酒屋 虎や 新宿東口店,"営業時間
[月～木・日]17:00～翌0:00[金]17:00～翌5:00[土・祝]16:00～翌5:00
日曜営業
定休日
年中無休",東京都新宿区歌舞伎町1-6-3 東海苑ビル 2F,https://tabelog.com/tokyo/A1304/A130401/13222197/
502,居酒屋,まうまう四ツ谷 長崎歳時記,"営業時間
[月～金]11:30～23:00(L.O22:00)
定休日
土日祝 ※団体様(10名様以上)予約のみ受付可能",東京都新宿区四谷1-10-2 長崎県東京産業支援センター 1F,https://tabelog.com/tokyo/A1309/A130902/13283704/
503,居酒屋,地鶏居酒屋 鳥農場 新宿店,"営業時間
通常営業時間16:00~24:00
日曜営業
定休日
無休　新宿店はビルの定休日に準ずる",東京都新宿区新宿3-21-7 東新ビル B1F,https://tabelog.com/tokyo/A1304/A130401/13208693/
504,居酒屋,一軒め酒場 高田馬場店,"営業時間
詳細は、オフィシャルHPをご覧ください。
定休日
詳細は、オフィシャルHPをご覧ください。",東京都新宿区高田馬場2-19-8,https://tabelog.com/tokyo/A1305/A130503/13105011/
505,居酒屋,焼鳥一休 新宿歌舞伎町店,"営業時間
11:30～23:00（L.O 22:30）※水曜日16:00～23:00
日曜営業
定休日
12/31.1/1.1/2.1/3",東京都新宿区歌舞伎町1-18-8 第一モナミビル 3F,https://tabelog.com/tokyo/A1304/A130401/13152113/
506,居酒屋,赤◯,,東京都新宿区新宿6-28-8 ラ・ベルティ新宿 1F,https://tabelog.com/tokyo/A1304/A130401/13193655/
507,居酒屋,京田,,東京都新宿区四谷4-32-1,https://tabelog.com/tokyo/A1304/A130402/13083538/
508,居酒屋,三日月,"営業時間
17：00～23：00
定休日
日曜日、祝日",東京都新宿区歌舞伎町1-3-10,https://tabelog.com/tokyo/A1304/A130401/13118854/
509,居酒屋,旨味中房こじゃれ,"営業時間
[月～金]11:30〜13:30(L.O)18:00～21:30(L.O)※最終入店21:00[土]17:00～21:30(L.O)※最終入店21:00※ラストオーダー後、30分程で閉店となります。※当面の間、最終入店を21時に変更いたします。また、当日の状況により、早じまいさせて頂く場合があります。※祝日も同じ営業時間です。
定休日
日曜日他　※12月の定休日は日曜日・12/4(月)・12/25(月)です。※12/29～1/4まで、おせち仕込み・お渡し・お正月休みの為、店内飲食はお休みです。※年始は1/5(金)～通常営業いたします。",東京都新宿区上落合3-13-3,https://tabelog.com/tokyo/A1319/A131901/13215029/
510,居酒屋,肉寿司&ステーキ食べ放題 肉ギャング 新宿東口店,"営業時間
12:00～24:0024時から宴会10名様～OK！お電話でお問い合わせください！
日曜営業
定休日
なし（12月31日,1月1日,2日はお休みいたします。）",東京都新宿区歌舞伎町1-23-13 下村ビル 2F,https://tabelog.com/tokyo/A1304/A130401/13239063/
511,居酒屋,居酒屋 薩摩の里,"営業時間
17:00～23:30
定休日
日曜日",東京都新宿区高田馬場4-18-10 ２Ｆ,https://tabelog.com/tokyo/A1305/A130503/13029301/
512,居酒屋,三平酒寮 別館,"営業時間
11:30～23:00(L.O.22:30)ランチは11:30～15:00 
定休日
無休",東京都新宿区新宿3-22-12 3階・4階,https://tabelog.com/tokyo/A1304/A130401/13042116/
513,居酒屋,博多ぶあいそ別邸 新宿パークタワー店,"営業時間
【ランチ】月～金：11:30～15:30（L.O.15:00）【ディナー】月〜金曜：17:00～23：00（L.O.22:00）※ 営業時間外のご予約も承ります。お気軽にお問い合わせくださいませ。
定休日
土曜・日曜定休。その他はビルに準ずる",東京都新宿区西新宿3-7-1 新宿パークタワー B1F,https://tabelog.com/tokyo/A1304/A130401/13178925/
514,居酒屋,6年4組 新宿東口駅前分校,"営業時間
毎日17:00～23:00(LO23:00/23:30閉店)14：00～予約お電話受付中♪※コロナの状況で営業時間が変わる場合がございますので電話で確認をお願い致します。
日曜営業
定休日
不定休",東京都新宿区歌舞伎町1-16-3 新宿スクエアビル 9F,https://tabelog.com/tokyo/A1304/A130401/13174250/
515,居酒屋,もつ煮込み専門店 沼田,"営業時間
まん延防止等重点措置解除により、通常通り、営業いたします。[月～金]17:00～23:00(L.O 22:00)[土・日・祝]16:00～23:00(L.O 22:00)
日曜営業
定休日
年末年始（12/31、1/1、1/2)　社内研修(年1回)",東京都新宿区新宿3-6-3 2F,https://tabelog.com/tokyo/A1304/A130401/13022997/
516,居酒屋,たこりん,"営業時間
18:00～翌7:00
日曜営業
定休日
無休",東京都新宿区新宿2-12-15 Ｍ＆Ｔビル　１Ｆ,https://tabelog.com/tokyo/A1304/A130401/13041920/
517,居酒屋,とも,"営業時間
[月～土] 居酒屋タイム:18:00～翌03:00
定休日
日曜祝日",東京都新宿区百人町1-13-18 司マンション1F,https://tabelog.com/tokyo/A1304/A130404/13213468/
518,居酒屋,新宿のまっちゃん,"営業時間
[月～日]17:00～翌５:00来月9月から営業時間変更致します。17:00~翌4:00
日曜営業
定休日
定休日なし(夏季・年末休暇あり)",東京都新宿区歌舞伎町1-17-6,https://tabelog.com/tokyo/A1304/A130401/13101746/
519,居酒屋,えちご 神楽坂店,"営業時間
■営業時間の変動も考えられますので、お店に電話で確認していただけますようお願い致します。17:00-2:00（L.O.1:30）
定休日
日曜日",東京都新宿区神楽坂3-6-19 青柳LKビル2F,https://tabelog.com/tokyo/A1309/A130905/13089854/
520,居酒屋,樽一 新宿本店,"営業時間
［月～土］17:00～22:00(L.O21:00)
定休日
日祝　12月30日～1月4日 　8月11日～15日",東京都新宿区歌舞伎町1-2-9 シタディーンセントラル新宿東京 B1F,https://tabelog.com/tokyo/A1304/A130401/13000109/
521,居酒屋,ニユートーキヨー 庄屋 新宿ＩＤＳビル店,"営業時間
ランチ 11:30～14:30  16:30～23:00(L.O.22:15)  金 16:30～23:30(L.O.22:40)
定休日
日曜・祝日",東京都新宿区西新宿1-16-7 ＩＤＳビル　Ｂ１Ｆ,https://tabelog.com/tokyo/A1304/A130401/13027128/
522,居酒屋,福よし,"営業時間
17:00～21:00
日曜営業
定休日
月曜日",東京都新宿区舟町12,https://tabelog.com/tokyo/A1309/A130903/13064853/
523,居酒屋,まつ,"定休日
第2土曜日、日曜日、祝日",東京都新宿区新宿3-10-7,https://tabelog.com/tokyo/A1304/A130401/13083553/
524,居酒屋,鶏料理専門店 とりかく 新宿野村ビル店,"営業時間
【月～金】・ランチ　11:30～14:00（L.O.13:30）・ディナー17:00～23:00（L.O.22:00、ドリンクL.O.22:30）土曜、日曜日など、営業時間外の宴会ご希望のお客様がいらっしゃいましたら当店スタッフまで気軽にお問い合わせ下さい。ご予算・お料理の内容など出来る限り、お客様のご要望にお応え致します。
定休日
土曜・日曜・祝日、年末年始(12/31～1/4)",東京都新宿区西新宿1-26-2 新宿野村ビル B2F,https://tabelog.com/tokyo/A1304/A130401/13147393/
525,居酒屋,一軒め酒場 西武新宿駅前店,"営業時間
詳細は、オフィシャルHPをご覧ください。
定休日
詳細は、オフィシャルHPをご覧ください。","東京都新宿区歌舞伎町1-24-3 浜野産業ビル 1F,2F",https://tabelog.com/tokyo/A1304/A130401/13159176/
526,居酒屋,完全個室ダイニング 田村屋,"営業時間
【ディナー】16:00～24:00◆予約電話は24時間つながります！◆ご予約によりお昼の宴会も受付けております！◆クーポンで、なんとお料理全品半額！
日曜営業
定休日
無休",東京都新宿区西新宿7-10-20 第一日新ビル 3F,https://tabelog.com/tokyo/A1304/A130401/13053493/
527,居酒屋,加賀屋 早稲田店,,東京都新宿区馬場下町7-4 林ビル 1F,https://tabelog.com/tokyo/A1305/A130504/13130931/
528,居酒屋,もて茄子や 新宿御苑前,"営業時間
ランチ　11：30～14：30（L.O.14:30）ディナー　17：00～24：00（L.O.23:00）
定休日
日曜日",東京都新宿区新宿1-12-10,https://tabelog.com/tokyo/A1304/A130402/13034609/
529,居酒屋,三平 中央線酒場,"営業時間
15:00～24:00(料理L.O.23:15 ドリンクL.O.23:30)",東京都新宿区新宿3-22-1,https://tabelog.com/tokyo/A1304/A130401/13204938/
530,居酒屋,地酒喝采 かも蔵,"営業時間
[月〜金]17:00〜23:00(L.O 22:00)[土]16:00〜23:00(L.O 22:00)
定休日
日曜日",東京都新宿区岩戸町1 M's神楽坂 2F,https://tabelog.com/tokyo/A1309/A130905/13113239/
531,居酒屋,居酒屋 家屋,"営業時間
【月～金】 16：00～翌1：00【土】16：00～23：00
定休日
日曜・祭日",東京都新宿区新宿1-12-3 ガーデンビル1F,https://tabelog.com/tokyo/A1304/A130402/13098545/
532,居酒屋,九州の地鶏と地酒 奄美大島 新宿店,"営業時間
日～木・祝　16:00～24:00( L.O.23:30)金土・祝前　16:00～01:00( L.O.24:30)ご予約状況により営業時間が異なる場合がございます。昼宴会・時間外営業も承っております。ご予算・お時間などお気軽にお問い合わせ下さい！夜景席のご予約はお早めに！
日曜営業
定休日
不定休　詳細はお問い合わせ下さい",東京都新宿区新宿3-20-5 ニューサンパークビル 7F,https://tabelog.com/tokyo/A1304/A130401/13184775/
533,居酒屋,炉端焼　魚然 新宿店,"営業時間
ランチ 11:30～14:00  17:00～23:00(L.O.22:15)
定休日
日曜・祝日",東京都新宿区新宿1-14-9 山田ビル　１Ｆ,https://tabelog.com/tokyo/A1304/A130402/13030161/
534,居酒屋,健心流,"営業時間
毎日昼11時30分～朝7時迄365日営業
日曜営業
定休日
無休",東京都新宿区歌舞伎町2-11-4 Ｌｅｅ３ビル　２Ｆ,https://tabelog.com/tokyo/A1304/A130401/13000071/
535,居酒屋,味処 河村,"営業時間
11:00～14:30(L.O.14:00)17:00～21:00(L.O.20:00)
定休日
日曜日、祝日",東京都新宿区市谷薬王寺町58 市谷春日マンション  1Ｆ,https://tabelog.com/tokyo/A1305/A130504/13102662/
536,居酒屋,うまいものや つだがわ,"営業時間
[月～金]11:30～14:30(L.O.14:00)16:15～23:00(L.O.22:00、ドリンクL.O.22:30)[土]11:30～22:30(L.O.22:00)
定休日
日曜・祝日",東京都新宿区市谷本村町4-1 ホテルグランドヒル市ヶ谷西館 B1Ｆ,https://tabelog.com/tokyo/A1309/A130904/13031331/
537,居酒屋,ビーフキッチンスタンド アパホテル歌舞伎町店,"営業時間
[月～日]12:00～24:00
日曜営業
定休日
なし",東京都新宿区歌舞伎町1-20-2 アパホテル新宿歌舞伎町タワー 1F,https://tabelog.com/tokyo/A1304/A130401/13249371/
538,居酒屋,日本栄光酒場 ロッキーカナイ 神楽坂,"営業時間
月曜〜金曜　16:00〜翌4:00土曜　　　　14:00〜翌4:00日曜・祝日　14:00〜23:00
日曜営業
定休日
無休",東京都新宿区神楽坂3-2,https://tabelog.com/tokyo/A1309/A130905/13245130/
539,居酒屋,おく谷,"営業時間
18:00～22:00(L.O)
定休日
日曜・祝日、土曜不定休",東京都新宿区荒木町8,https://tabelog.com/tokyo/A1309/A130903/13074539/
540,居酒屋,小島,,東京都新宿区上落合2-20-2,https://tabelog.com/tokyo/A1321/A132104/13137759/
541,居酒屋,みよし,,東京都新宿区新宿2-16-2 佐竹ビル 1F,https://tabelog.com/tokyo/A1304/A130401/13172660/
542,居酒屋,横浜中華食祭,"営業時間
6:00～翌5:00",東京都新宿区歌舞伎町1-29-1 東急歌舞伎町タワー 2F 新宿カブキhall 歌舞伎町横丁,https://tabelog.com/tokyo/A1304/A130401/13284077/
543,居酒屋,土間土間 新宿東口店,"営業時間
[全日]17:00～23:30(L.O23:00) 
日曜営業
定休日
12/31～1/3　※2022/8/9～2022/8/12の期間は臨時休業とさせていただきます。",東京都新宿区新宿3-20-5 新宿ニューサンパーク 5F,https://tabelog.com/tokyo/A1304/A130401/13051891/
544,居酒屋,屋台屋 博多劇場 歌舞伎町店,"営業時間
平日・日曜・祝日　18:00～24:00金・土・祝前日　18:00～翌5:00
日曜営業
定休日
年末年始のみ休業",東京都新宿区歌舞伎町1-12-6 歌舞伎町ビル 1F,https://tabelog.com/tokyo/A1304/A130401/13249083/
545,居酒屋,磯丸水産 西新宿1丁目3号店,"営業時間
11時～翌朝5時
日曜営業
定休日
無休",東京都新宿区西新宿1-18-15 岡本ビル 1F・2F,https://tabelog.com/tokyo/A1304/A130401/13164327/
