genre,store_name,business_hours,address,url,Cleaned_Address,Longitude,Latitude,Monday,Tuesday,Wednesday,Thursday,Friday,Saturday,Sunday
ガソリンスタンド,セルフ＆カーケアステーション芝浦 / コスモ石油販売(株),['0:00~23:59'],東京都港区芝浦3-17-12,N/A,東京都港区芝浦3-17-12,139.750366,35.642429,['0:00~23:59'],['0:00~23:59'],['0:00~23:59'],['0:00~23:59'],['0:00~23:59'],['0:00~23:59'],['0:00~23:59']
ガソリンスタンド,カーウォッシュ亀有SS / (株)ENEOSウイング,['07:00~21:00'],東京都足立区東和5-8-8,N/A,東京都足立区東和5-8-8,139.83934,35.776653,['07:00~21:00'],['07:00~21:00'],['07:00~21:00'],['07:00~21:00'],['07:00~21:00'],['07:00~21:00'],['07:00~21:00']
ガソリンスタンド,セルフ＆カーケアステーション千歳船橋 / コスモ石油販売(株),['0:00~23:59'],東京都世田谷区船橋6-3-4,N/A,東京都世田谷区船橋6-3-4,139.623398,35.657085,['0:00~23:59'],['0:00~23:59'],['0:00~23:59'],['0:00~23:59'],['0:00~23:59'],['0:00~23:59'],['0:00~23:59']
ガソリンスタンド,セルフ＆カーケアステーション光が丘 / コスモ石油販売(株),['0:00~23:59'],東京都練馬区田柄5-9-1,N/A,東京都練馬区田柄5-9-1,139.636703,35.756355,['0:00~23:59'],['0:00~23:59'],['0:00~23:59'],['0:00~23:59'],['0:00~23:59'],['0:00~23:59'],['0:00~23:59']
ガソリンスタンド,セルフ＆カーケアステーション弁天通り / コスモ石油販売(株),['0:00~23:59'],東京都国分寺市西町5-23-2,N/A,東京都国分寺市西町5-23-2,139.43129,35.714432,['0:00~23:59'],['0:00~23:59'],['0:00~23:59'],['0:00~23:59'],['0:00~23:59'],['0:00~23:59'],['0:00~23:59']
ガソリンスタンド,セルフ＆カーケアステーション東大和仲原 / コスモ石油販売(株),['0:00~23:59'],東京都東大和市仲原3-19-1,N/A,東京都東大和市仲原3-19-1,139.439011,35.742825,['0:00~23:59'],['0:00~23:59'],['0:00~23:59'],['0:00~23:59'],['0:00~23:59'],['0:00~23:59'],['0:00~23:59']
ガソリンスタンド,セルフ＆カーケアステーション瑞穂 / コスモ石油販売(株),['0:00~23:59'],東京都西多摩郡瑞穂町大字二本木445-1,N/A,東京都西多摩郡瑞穂町大字二本木445-1,139.345474,35.793808,['0:00~23:59'],['0:00~23:59'],['0:00~23:59'],['0:00~23:59'],['0:00~23:59'],['0:00~23:59'],['0:00~23:59']
ガソリンスタンド,セルフ＆カーケアステーション八王子堀之内 / コスモ石油販売(株),['0:00~23:59'],東京都八王子市堀之内880-2,N/A,東京都八王子市堀之内880-2,139.394028,35.632492,['0:00~23:59'],['0:00~23:59'],['0:00~23:59'],['0:00~23:59'],['0:00~23:59'],['0:00~23:59'],['0:00~23:59']
ガソリンスタンド,昭島中央 / コスモ石油販売(株),['08:00~19:00'],東京都昭島市昭和町1-7-6,N/A,東京都昭島市昭和町1-7-6,139.364349,35.711197,['08:00~19:00'],['08:00~19:00'],['08:00~19:00'],['08:00~19:00'],['08:00~19:00'],['08:00~19:00'],['08:00~19:00']
ガソリンスタンド,東京平和島TS / (株)ENEOSウイング,['0:00~23:59'],東京都大田区平和島3-1-25,N/A,東京都大田区平和島3-1-25,139.744522,35.583443,['0:00~23:59'],['0:00~23:59'],['0:00~23:59'],['0:00~23:59'],['0:00~23:59'],['0:00~23:59'],['0:00~23:59']
ガソリンスタンド,セルフ＆カーケアステーション日野多摩平 / コスモ石油販売(株),['0:00~23:59'],東京都日野市多摩平6-8-8,N/A,東京都日野市多摩平6-8-8,139.379745,35.671726,['0:00~23:59'],['0:00~23:59'],['0:00~23:59'],['0:00~23:59'],['0:00~23:59'],['0:00~23:59'],['0:00~23:59']
ガソリンスタンド,洗足池SS / 中央石油(株),['08:00~22:00'],東京都大田区南千束1-12-1,N/A,東京都大田区南千束1-12-1,139.695572,35.602631,['08:00~22:00'],['08:00~22:00'],['08:00~22:00'],['08:00~22:00'],['08:00~22:00'],['08:00~22:00'],['08:00~22:00']
ガソリンスタンド,駒込富士前SS / コスモ石油販売(株),['08:00~19:00'],東京都文京区本駒込3-30-2,N/A,東京都文京区本駒込3-30-2,139.751587,35.729733,['08:00~19:00'],['08:00~19:00'],['08:00~19:00'],['08:00~19:00'],['08:00~19:00'],['08:00~19:00'],['08:00~19:00']
ガソリンスタンド,セルフ＆カーケアステーション中野哲学堂 / コスモ石油販売(株),['0:00~23:59'],東京都中野区江古田1-7-3,N/A,東京都中野区江古田1-7-3,139.672333,35.723793,['0:00~23:59'],['0:00~23:59'],['0:00~23:59'],['0:00~23:59'],['0:00~23:59'],['0:00~23:59'],['0:00~23:59']
ガソリンスタンド, セルフ＆カーケアステーション東大和 / コスモ石油販売(株),['08:00~19:00'],東京都東大和市立野3-1195-1,N/A,東京都東大和市立野3-1195-1,139.423492,35.741932,['08:00~19:00'],['08:00~19:00'],['08:00~19:00'],['08:00~19:00'],['08:00~19:00'],['08:00~19:00'],['08:00~19:00']
ガソリンスタンド,セルフ＆カーケアステーション小金井 / コスモ石油販売(株),['0:00~23:59'],東京都小金井市中町2-11-5,N/A,東京都小金井市中町2-11-5,139.515503,35.69529,['0:00~23:59'],['0:00~23:59'],['0:00~23:59'],['0:00~23:59'],['0:00~23:59'],['0:00~23:59'],['0:00~23:59']
ガソリンスタンド,ルート16箱根ケ崎 / コスモ石油販売(株),['08:00~19:00'],東京都西多摩郡瑞穂町箱根ケ崎東松原6-14,N/A,東京都西多摩郡瑞穂町箱根ケ崎東松原6-14,139.338196,35.771004,['08:00~19:00'],['08:00~19:00'],['08:00~19:00'],['08:00~19:00'],['08:00~19:00'],['08:00~19:00'],['08:00~19:00']
ガソリンスタンド,セルフ＆カーケアステーション滝山 / コスモ石油販売(株),['0:00~23:59'],東京都東久留米市滝山1-1-21,N/A,東京都東久留米市滝山1-1-21,139.512131,35.747898,['0:00~23:59'],['0:00~23:59'],['0:00~23:59'],['0:00~23:59'],['0:00~23:59'],['0:00~23:59'],['0:00~23:59']
ガソリンスタンド,セルフ＆カーケアステーション羽村 / コスモ石油販売(株),['0:00~23:59'],東京都羽村市羽西1-12-1,N/A,東京都羽村市羽西1-12-1,139.298019,35.77235,['0:00~23:59'],['0:00~23:59'],['0:00~23:59'],['0:00~23:59'],['0:00~23:59'],['0:00~23:59'],['0:00~23:59']
ガソリンスタンド,菊川SS / (株)ENEOSウイング,['08:00~19:00'],東京都墨田区菊川3-22-8,N/A,東京都墨田区菊川3-22-8,139.806915,35.690083,['08:00~19:00'],['08:00~19:00'],['08:00~19:00'],['08:00~19:00'],['08:00~19:00'],['08:00~19:00'],['08:00~19:00']
ガソリンスタンド,八王子ニュータウンSS / ネクサスエナジー(株),['06:00~22:00'],東京都八王子市小比企町1137-1,N/A,東京都八王子市小比企町1137-1,139.331314,35.643661,['06:00~22:00'],['06:00~22:00'],['06:00~22:00'],['06:00~22:00'],['06:00~22:00'],['06:00~22:00'],['06:00~22:00']
ガソリンスタンド,セルフ＆カーケアステーション伊奈平 / コスモ石油販売(株),['0:00~23:59'],東京都武蔵村山市伊奈平5-61-1,N/A,東京都武蔵村山市伊奈平5-61-1,139.376465,35.738316,['0:00~23:59'],['0:00~23:59'],['0:00~23:59'],['0:00~23:59'],['0:00~23:59'],['0:00~23:59'],['0:00~23:59']
ガソリンスタンド,板橋TS / (株)ENEOSウイング,['0:00~23:59'],東京都板橋区高島平6-1-1,N/A,東京都板橋区高島平6-1-1,139.649078,35.793266,['0:00~23:59'],['0:00~23:59'],['0:00~23:59'],['0:00~23:59'],['0:00~23:59'],['0:00~23:59'],['0:00~23:59']
ガソリンスタンド,セルフ堀之内 / 中央石油(株),"[['0:00~2:00','4:00~23:59']",東京都八王子市堀之内2-1-4,N/A,東京都八王子市堀之内2-1-4,139.396637,35.627522,[['0:00~2:00','4:00~23:59'],[['0:00~2:00','4:00~23:59'],[['0:00~2:00','4:00~23:59'],[['0:00~2:00','4:00~23:59'],[['0:00~2:00','4:00~23:59'],[['0:00~2:00','4:00~23:59'],[['0:00~2:00','4:00~23:59']
ガソリンスタンド,山崎団地SS / ネクサスエナジー(株),['0:00~23:59'],東京都町田市本町田3160,N/A,東京都町田市本町田3160,139.443161,35.565708,['0:00~23:59'],['0:00~23:59'],['0:00~23:59'],['0:00~23:59'],['0:00~23:59'],['0:00~23:59'],['0:00~23:59']
ガソリンスタンド,立川南SS / ネクサスエナジー(株),['0:00~23:59'],東京都立川市柴崎町6-17-11,N/A,東京都立川市柴崎町6-17-11,139.408844,35.687473,['0:00~23:59'],['0:00~23:59'],['0:00~23:59'],['0:00~23:59'],['0:00~23:59'],['0:00~23:59'],['0:00~23:59']
ガソリンスタンド,新木場TS / (株)ENEOSウイング,['08:00~20:00'],東京都江東区新砂1-13-18,N/A,東京都江東区新砂1-13-18,139.823914,35.657345,['08:00~20:00'],['08:00~20:00'],['08:00~20:00'],['08:00~20:00'],['08:00~20:00'],['08:00~20:00'],['08:00~20:00']
ガソリンスタンド,セルフ用賀 / 中央石油(株),"[['0:00~2:00','4:00~23:59']",東京都世田谷区上用賀6-26-11,N/A,東京都世田谷区上用賀6-26-11,139.624893,35.63818,[['0:00~2:00','4:00~23:59'],[['0:00~2:00','4:00~23:59'],[['0:00~2:00','4:00~23:59'],[['0:00~2:00','4:00~23:59'],[['0:00~2:00','4:00~23:59'],[['0:00~2:00','4:00~23:59'],[['0:00~2:00','4:00~23:59']
ガソリンスタンド,セルフ金井 / 中央石油(株),"[['0:00~2:00','4:00~23:59']",東京都町田市金井ヶ丘2-23-13,N/A,東京都町田市金井ヶ丘2-23-13,139.463898,35.573551,[['0:00~2:00','4:00~23:59'],[['0:00~2:00','4:00~23:59'],[['0:00~2:00','4:00~23:59'],[['0:00~2:00','4:00~23:59'],[['0:00~2:00','4:00~23:59'],[['0:00~2:00','4:00~23:59'],[['0:00~2:00','4:00~23:59']
ガソリンスタンド,セルフ＆カーケアステーションすずかけ通り / コスモ石油販売(株),['0:00~23:59'],東京都立川市柏町1-28-3,N/A,東京都立川市柏町1-28-3,139.411438,35.720268,['0:00~23:59'],['0:00~23:59'],['0:00~23:59'],['0:00~23:59'],['0:00~23:59'],['0:00~23:59'],['0:00~23:59']
ガソリンスタンド,八王子日吉町 / コスモ石油販売(株),['08:00~19:00'],東京都八王子市日吉町17-7,N/A,東京都八王子市日吉町17-7,139.312927,35.661831,['08:00~19:00'],['08:00~19:00'],['08:00~19:00'],['08:00~19:00'],['08:00~19:00'],['08:00~19:00'],['08:00~19:00']
ガソリンスタンド,神代SS / ネクサスエナジー(株),['08:00~20:00'],東京都調布市菊野台3-9-7,N/A,東京都調布市菊野台3-9-7,139.569595,35.6539,['08:00~20:00'],['08:00~20:00'],['08:00~20:00'],['08:00~20:00'],['08:00~20:00'],['08:00~20:00'],['08:00~20:00']
ガソリンスタンド,厩橋SS / (株)ENEOSウイング,['08:00~20:00'],東京都墨田区本所1-24-10,N/A,東京都墨田区本所1-24-10,139.798721,35.703781,['08:00~20:00'],['08:00~20:00'],['08:00~20:00'],['08:00~20:00'],['08:00~20:00'],['08:00~20:00'],['08:00~20:00']
ガソリンスタンド,日野万願寺SS / ネクサスエナジー(株),['0:00~23:59'],東京都日野市石田2-2-5,N/A,東京都日野市石田2-2-5,139.420364,35.669083,['0:00~23:59'],['0:00~23:59'],['0:00~23:59'],['0:00~23:59'],['0:00~23:59'],['0:00~23:59'],['0:00~23:59']
ガソリンスタンド,多摩公園SS / ネクサスエナジー(株),['08:00~21:00'],東京都多摩市落合2-1-1,N/A,東京都多摩市落合2-1-1,139.429001,35.621796,['08:00~21:00'],['08:00~21:00'],['08:00~21:00'],['08:00~21:00'],['08:00~21:00'],['08:00~21:00'],['08:00~21:00']
ガソリンスタンド,早稲田SS / ネクサスエナジー(株),['08:00~19:00'],東京都新宿区西早稲田2-2-2,N/A,東京都新宿区西早稲田2-2-2,139.716339,35.706806,['08:00~19:00'],['08:00~19:00'],['08:00~19:00'],['08:00~19:00'],['08:00~19:00'],['08:00~19:00'],['08:00~19:00']
ガソリンスタンド,西立川SS / ネクサスエナジー(株),['07:00~22:00'],東京都昭島市東町3-5-17,N/A,東京都昭島市東町3-5-17,139.391861,35.70084,['07:00~22:00'],['07:00~22:00'],['07:00~22:00'],['07:00~22:00'],['07:00~22:00'],['07:00~22:00'],['07:00~22:00']
ガソリンスタンド,オブリステーション大泉 / 三愛リテールサービス(株),['0:00~23:59'],東京都練馬区大泉学園町4-20-16,N/A,東京都練馬区大泉学園町4-20-16,139.587921,35.764324,['0:00~23:59'],['0:00~23:59'],['0:00~23:59'],['0:00~23:59'],['0:00~23:59'],['0:00~23:59'],['0:00~23:59']
ガソリンスタンド,小菅SS / 日東鉱油(有),['07:00~20:30'],東京都葛飾区小菅3-11-12,N/A,東京都葛飾区小菅3-11-12,139.826767,35.756332,['07:00~20:30'],['07:00~20:30'],['07:00~20:30'],['07:00~20:30'],['07:00~20:30'],['07:00~20:30'],['07:00~20:30']
ガソリンスタンド,セルフ八広 / SKM(株),['07:00~21:00'],東京都墨田区八広4-29-8,N/A,東京都墨田区八広4-29-8,139.830124,35.72406,['07:00~21:00'],['07:00~21:00'],['07:00~21:00'],['07:00~21:00'],['07:00~21:00'],['07:00~21:00'],['07:00~21:00']
ガソリンスタンド,セルフ竹ノ塚 / (株)三京石油販売,['0:00~23:59'],東京都足立区東伊興1-3-8,N/A,東京都足立区東伊興1-3-8,139.783493,35.801743,['0:00~23:59'],['0:00~23:59'],['0:00~23:59'],['0:00~23:59'],['0:00~23:59'],['0:00~23:59'],['0:00~23:59']
ガソリンスタンド,ニコニコステーション堀之内 / (株)MIC,['07:00~21:00'],東京都八王子市堀之内2-12-3,N/A,東京都八王子市堀之内2-12-3,139.401688,35.629181,['07:00~21:00'],['07:00~21:00'],['07:00~21:00'],['07:00~21:00'],['07:00~21:00'],['07:00~21:00'],['07:00~21:00']
ガソリンスタンド,秋留台SS / (有)杉田燃料店,['07:00~21:00'],東京都あきる野市二宮669-5,N/A,東京都あきる野市二宮669-5,139.302917,35.729221,['07:00~21:00'],['07:00~21:00'],['07:00~21:00'],['07:00~21:00'],['07:00~21:00'],['07:00~21:00'],['07:00~21:00']
ガソリンスタンド,環七本一色SS / 太陽鉱油(株),['0:00~23:59'],東京都江戸川区本一色3-42,N/A,東京都江戸川区本一色3-42,139.874237,35.722469,['0:00~23:59'],['0:00~23:59'],['0:00~23:59'],['0:00~23:59'],['0:00~23:59'],['0:00~23:59'],['0:00~23:59']
ガソリンスタンド,東京ゲートブリッジSS / 太陽鉱油(株),['0:00~23:59'],東京都江東区新木場1-10-15,N/A,東京都江東区新木場1-10-15,139.836929,35.644024,['0:00~23:59'],['0:00~23:59'],['0:00~23:59'],['0:00~23:59'],['0:00~23:59'],['0:00~23:59'],['0:00~23:59']
ガソリンスタンド,城南島SS / 太陽鉱油(株),['0:00~23:59'],東京都大田区城南島7-1-5,N/A,東京都大田区城南島7-1-5,139.769394,35.581272,['0:00~23:59'],['0:00~23:59'],['0:00~23:59'],['0:00~23:59'],['0:00~23:59'],['0:00~23:59'],['0:00~23:59']
ガソリンスタンド,セルフ篠崎 / (株)三京石油販売,['0:00~23:59'],東京都江戸川区篠崎町3-23-8,N/A,東京都江戸川区篠崎町3-23-8,139.913605,35.705002,['0:00~23:59'],['0:00~23:59'],['0:00~23:59'],['0:00~23:59'],['0:00~23:59'],['0:00~23:59'],['0:00~23:59']
ガソリンスタンド,本田SS / 大成砿油(株),['08:00~20:00'],東京都葛飾区四つ木4-30-22,N/A,東京都葛飾区四つ木4-30-22,139.834427,35.741489,['08:00~20:00'],['08:00~20:00'],['08:00~20:00'],['08:00~20:00'],['08:00~20:00'],['08:00~20:00'],['08:00~20:00']
ガソリンスタンド,北斎通りSS / 大成砿油(株),['08:00~19:00'],東京都墨田区亀沢3-10-6,N/A,東京都墨田区亀沢3-10-6,139.803574,35.69717,['08:00~19:00'],['08:00~19:00'],['08:00~19:00'],['08:00~19:00'],['08:00~19:00'],['08:00~19:00'],['08:00~19:00']
ガソリンスタンド,玉川SS / 大同興業(株),['6:00~20:30'],東京都世田谷区野毛3-21-11,N/A,東京都世田谷区野毛3-21-11,139.635483,35.605251,['6:00~20:30'],['6:00~20:30'],['6:00~20:30'],['6:00~20:30'],['6:00~20:30'],['6:00~20:30'],['6:00~20:30']
ガソリンスタンド,オートジョイセルフ河辺SS / 垣見油化(株),['08:00~20:00'],東京都青梅市河辺町10-5-10,N/A,東京都青梅市河辺町10-5-10,139.287659,35.785046,['08:00~20:00'],['08:00~20:00'],['08:00~20:00'],['08:00~20:00'],['08:00~20:00'],['08:00~20:00'],['08:00~20:00']
ガソリンスタンド,Dr.Drive セルフ仙川SS / 二引(株),['0:00~23:59'],東京都調布市仙川町2-19-5,N/A,東京都調布市仙川町2-19-5,139.582962,35.6632,['0:00~23:59'],['0:00~23:59'],['0:00~23:59'],['0:00~23:59'],['0:00~23:59'],['0:00~23:59'],['0:00~23:59']
ガソリンスタンド,Dr.Drive 赤堤SS / 日新商事(株),['08:00~20:00'],東京都世田谷区赤堤3-24-21,N/A,東京都世田谷区赤堤3-24-21,139.637863,35.657249,['08:00~20:00'],['08:00~20:00'],['08:00~20:00'],['08:00~20:00'],['08:00~20:00'],['08:00~20:00'],['08:00~20:00']
ガソリンスタンド,Dr.Drive 飛鳥山SS / 日新商事(株),['08:00~20:00'],東京都北区滝野川3-55-12,N/A,東京都北区滝野川3-55-12,139.730957,35.748577,['08:00~20:00'],['08:00~20:00'],['08:00~20:00'],['08:00~20:00'],['08:00~20:00'],['08:00~20:00'],['08:00~20:00']
ガソリンスタンド,Dr.Drive セルフ昭島SS / 日新商事(株),['0:00~23:59'],東京都昭島市昭和町1-3-13,N/A,東京都昭島市昭和町1-3-13,139.367386,35.710262,['0:00~23:59'],['0:00~23:59'],['0:00~23:59'],['0:00~23:59'],['0:00~23:59'],['0:00~23:59'],['0:00~23:59']
ガソリンスタンド,Dr.Drive 高樹町SS / 山文商事(株),['0:00~23:59'],東京都港区南青山7-2-3,N/A,東京都港区南青山7-2-3,139.715042,35.658661,['0:00~23:59'],['0:00~23:59'],['0:00~23:59'],['0:00~23:59'],['0:00~23:59'],['0:00~23:59'],['0:00~23:59']
ガソリンスタンド,Dr.Drive 中野通りSS / 日新商事(株),['08:00~21:00'],東京都中野区弥生町4-26-6,N/A,東京都中野区弥生町4-26-6,139.668991,35.687782,['08:00~21:00'],['08:00~21:00'],['08:00~21:00'],['08:00~21:00'],['08:00~21:00'],['08:00~21:00'],['08:00~21:00']
ガソリンスタンド,Dr.Drive セルフ赤羽SS / 日新商事(株),['0:00~23:59'],東京都北区志茂5-5-2,N/A,東京都北区志茂5-5-2,139.727341,35.782463,['0:00~23:59'],['0:00~23:59'],['0:00~23:59'],['0:00~23:59'],['0:00~23:59'],['0:00~23:59'],['0:00~23:59']
ガソリンスタンド,Dr.Drive 駒沢通り八雲SS / 日新商事(株),['08:00~20:00'],東京都目黒区八雲4-11-17,N/A,東京都目黒区八雲4-11-17,139.6698,35.625706,['08:00~20:00'],['08:00~20:00'],['08:00~20:00'],['08:00~20:00'],['08:00~20:00'],['08:00~20:00'],['08:00~20:00']
ガソリンスタンド,セルフ八王子高倉SS / 日新商事(株),['0:00~23:59'],東京都八王子市高倉町51-9,N/A,東京都八王子市高倉町51-9,139.368118,35.664768,['0:00~23:59'],['0:00~23:59'],['0:00~23:59'],['0:00~23:59'],['0:00~23:59'],['0:00~23:59'],['0:00~23:59']
ガソリンスタンド,羽村ニュータウンSS / (株)NSコーポレーション,['08:00~20:00'],東京都羽村市栄町2-9-23,N/A,東京都羽村市栄町2-9-23,139.309036,35.771614,['08:00~20:00'],['08:00~20:00'],['08:00~20:00'],['08:00~20:00'],['08:00~20:00'],['08:00~20:00'],['08:00~20:00']
ガソリンスタンド,オートジョイ八王子SS / 垣見油化(株),['08:00~20:00'],東京都八王子市楢原町436-3,N/A,東京都八王子市楢原町436-3,139.306595,35.680489,['08:00~20:00'],['08:00~20:00'],['08:00~20:00'],['08:00~20:00'],['08:00~20:00'],['08:00~20:00'],['08:00~20:00']
ガソリンスタンド,Dr.Drive セルフ田園調布南SS / 日新商事(株),['0:00~23:59'],東京都大田区東嶺町41-17,N/A,東京都大田区東嶺町41-17,139.682159,35.582043,['0:00~23:59'],['0:00~23:59'],['0:00~23:59'],['0:00~23:59'],['0:00~23:59'],['0:00~23:59'],['0:00~23:59']
ガソリンスタンド,Dr.Drive オートジョイ環七馬込SS / 垣見油化(株),['08:00~20:00'],東京都大田区東馬込2-19-7,N/A,東京都大田区東馬込2-19-7,139.715378,35.593658,['08:00~20:00'],['08:00~20:00'],['08:00~20:00'],['08:00~20:00'],['08:00~20:00'],['08:00~20:00'],['08:00~20:00']
ガソリンスタンド,Dr.Drive 中目黒SS / 二引(株),['07:30~20:00'],東京都目黒区中目黒3-1-1,N/A,東京都目黒区中目黒3-1-1,139.700851,35.642292,['07:30~20:00'],['07:30~20:00'],['07:30~20:00'],['07:30~20:00'],['07:30~20:00'],['07:30~20:00'],['07:30~20:00']
ガソリンスタンド,青梅SS  / (株)NSコーポレーション,['08:30~19:30'],東京都青梅市河辺町6-30-9,N/A,東京都青梅市河辺町6-30-9,139.293396,35.77739,['08:30~19:30'],['08:30~19:30'],['08:30~19:30'],['08:30~19:30'],['08:30~19:30'],['08:30~19:30'],['08:30~19:30']
ガソリンスタンド,中野SS / 渋谷石油(株),['07:00~22:00'],東京都中野区上高田2-1-7,N/A,東京都中野区上高田2-1-7,139.671906,35.709427,['07:00~22:00'],['07:00~22:00'],['07:00~22:00'],['07:00~22:00'],['07:00~22:00'],['07:00~22:00'],['07:00~22:00']
ガソリンスタンド,羽村SS  / (株)NSコーポレーション,['08:00~20:00'],東京都羽村市神明台2-2-9,N/A,東京都羽村市神明台2-2-9,139.32251,35.760029,['08:00~20:00'],['08:00~20:00'],['08:00~20:00'],['08:00~20:00'],['08:00~20:00'],['08:00~20:00'],['08:00~20:00']
ガソリンスタンド,砂川SS / (株)NSコーポレーション,['0:00~23:59'],東京都立川市砂川町4-18-1,N/A,東京都立川市砂川町4-18-1,139.399719,35.725006,['0:00~23:59'],['0:00~23:59'],['0:00~23:59'],['0:00~23:59'],['0:00~23:59'],['0:00~23:59'],['0:00~23:59']
ガソリンスタンド,Dr.Drive 蓮沼SS / 二引(株),['08:00~19:00'],東京都大田区西蒲田7-16-3,N/A,東京都大田区西蒲田7-16-3,139.709152,35.564487,['08:00~19:00'],['08:00~19:00'],['08:00~19:00'],['08:00~19:00'],['08:00~19:00'],['08:00~19:00'],['08:00~19:00']
ガソリンスタンド,Dr.Drive 北馬込SS / 日新商事(株),['08:00~20:00'],東京都大田区北馬込1-33-5,N/A,東京都大田区北馬込1-33-5,139.707626,35.601089,['08:00~20:00'],['08:00~20:00'],['08:00~20:00'],['08:00~20:00'],['08:00~20:00'],['08:00~20:00'],['08:00~20:00']
ガソリンスタンド,Dr.Drive 新田端SS / 日新商事(株),['08:00~21:00'],東京都北区田端新町3-13-9,N/A,東京都北区田端新町3-13-9,139.762726,35.742592,['08:00~21:00'],['08:00~21:00'],['08:00~21:00'],['08:00~21:00'],['08:00~21:00'],['08:00~21:00'],['08:00~21:00']
ガソリンスタンド,Dr.Drive 王子SS / 日新商事(株),['08:00~20:00'],東京都北区王子1-27-12,N/A,東京都北区王子1-27-12,139.740753,35.755432,['08:00~20:00'],['08:00~20:00'],['08:00~20:00'],['08:00~20:00'],['08:00~20:00'],['08:00~20:00'],['08:00~20:00']
ガソリンスタンド,Dr.Drive 高円寺SS / 日新商事(株),['07:00~21:00'],東京都杉並区高円寺南4-13-1,N/A,東京都杉並区高円寺南4-13-1,139.65448,35.702477,['07:00~21:00'],['07:00~21:00'],['07:00~21:00'],['07:00~21:00'],['07:00~21:00'],['07:00~21:00'],['07:00~21:00']
ガソリンスタンド,プレミアムラウンジ戸越SS / 旭商事(株),['07:00~20:00'],東京都品川区平塚1-21-10,N/A,東京都品川区平塚1-21-10,139.715256,35.611855,['07:00~20:00'],['07:00~20:00'],['07:00~20:00'],['07:00~20:00'],['07:00~20:00'],['07:00~20:00'],['07:00~20:00']
ガソリンスタンド,Dr.Drive オートジョイ吉祥寺SS / 垣見油化(株),['08:00~21:00'],東京都武蔵野市吉祥寺南町3-5-3,N/A,東京都武蔵野市吉祥寺南町3-5-3,139.585632,35.699898,['08:00~21:00'],['08:00~21:00'],['08:00~21:00'],['08:00~21:00'],['08:00~21:00'],['08:00~21:00'],['08:00~21:00']
ガソリンスタンド,淡路町SS / 二引(株),['07:30~19:30'],東京都千代田区神田淡路町1-5,N/A,東京都千代田区神田淡路町1-5,139.76712,35.69595,['07:30~19:30'],['07:30~19:30'],['07:30~19:30'],['07:30~19:30'],['07:30~19:30'],['07:30~19:30'],['07:30~19:30']
ガソリンスタンド,湯島SS / (株)CAPITA,['08:00~20:00'],東京都文京区湯島3-14-10,N/A,東京都文京区湯島3-14-10,139.769714,35.704853,['08:00~20:00'],['08:00~20:00'],['08:00~20:00'],['08:00~20:00'],['08:00~20:00'],['08:00~20:00'],['08:00~20:00']
ガソリンスタンド,佃大橋SS / (株)CAPITA,['09:00~20:00'],東京都中央区月島1-3-9,N/A,東京都中央区月島1-3-9,139.784409,35.664318,['09:00~20:00'],['09:00~20:00'],['09:00~20:00'],['09:00~20:00'],['09:00~20:00'],['09:00~20:00'],['09:00~20:00']
ガソリンスタンド,巣鴨SS / (株)CAPITA,['08:00~20:00'],東京都豊島区巣鴨1-11-1,N/A,東京都豊島区巣鴨1-11-1,139.740677,35.732006,['08:00~20:00'],['08:00~20:00'],['08:00~20:00'],['08:00~20:00'],['08:00~20:00'],['08:00~20:00'],['08:00~20:00']
ガソリンスタンド,宮前SS / 日新商事(株),['08:00~20:00'],東京都杉並区宮前1-17-29,N/A,東京都杉並区宮前1-17-29,139.612946,35.6903,['08:00~20:00'],['08:00~20:00'],['08:00~20:00'],['08:00~20:00'],['08:00~20:00'],['08:00~20:00'],['08:00~20:00']
ガソリンスタンド,Dr.Drive 入船桜川SS / 日新商事(株),['08:00~19:00'],東京都中央区入船1-3-8,N/A,東京都中央区入船1-3-8,139.776505,35.672562,['08:00~19:00'],['08:00~19:00'],['08:00~19:00'],['08:00~19:00'],['08:00~19:00'],['08:00~19:00'],['08:00~19:00']
ガソリンスタンド,Dr.Drive 余丁SS / 日新商事(株),['07:30~20:00'],東京都新宿区余丁町8-14,N/A,東京都新宿区余丁町8-14,139.714767,35.697773,['07:30~20:00'],['07:30~20:00'],['07:30~20:00'],['07:30~20:00'],['07:30~20:00'],['07:30~20:00'],['07:30~20:00']
ガソリンスタンド,Dr.Drive オートジョイ駒込SS / 垣見油化(株),['08:30~19:30'],東京都文京区本駒込5-38-7,N/A,東京都文京区本駒込5-38-7,139.752991,35.733318,['08:30~19:30'],['08:30~19:30'],['08:30~19:30'],['08:30~19:30'],['08:30~19:30'],['08:30~19:30'],['08:30~19:30']
ガソリンスタンド,飯田橋SS / 二引(株),['07:30~20:00'],東京都文京区後楽1-9-7,N/A,東京都文京区後楽1-9-7,139.746262,35.703377,['07:30~20:00'],['07:30~20:00'],['07:30~20:00'],['07:30~20:00'],['07:30~20:00'],['07:30~20:00'],['07:30~20:00']
ガソリンスタンド,上野山伏町SS / 山田石油(株),['08:00~20:00'],東京都台東区北上野2-12-10,N/A,東京都台東区北上野2-12-10,139.785355,35.716827,['08:00~20:00'],['08:00~20:00'],['08:00~20:00'],['08:00~20:00'],['08:00~20:00'],['08:00~20:00'],['08:00~20:00']
ガソリンスタンド,Dr.Drive 井草店 / (株)井口鉱油,['0:00~23:59'],東京都杉並区井草4-17-7,N/A,東京都杉並区井草4-17-7,139.609177,35.728134,['0:00~23:59'],['0:00~23:59'],['0:00~23:59'],['0:00~23:59'],['0:00~23:59'],['0:00~23:59'],['0:00~23:59']
ガソリンスタンド,新池上SS / モービルオート(株),['07:30~21:00'],東京都大田区池上3-21-17,N/A,東京都大田区池上3-21-17,139.698181,35.573879,['07:30~21:00'],['07:30~21:00'],['07:30~21:00'],['07:30~21:00'],['07:30~21:00'],['07:30~21:00'],['07:30~21:00']
ガソリンスタンド,Dr.Drive セルフ調布店 / (株)ENEOSフロンティア,['0:00~23:59'],東京都調布市上石原1-45-2,N/A,東京都調布市上石原1-45-2,139.532867,35.657509,['0:00~23:59'],['0:00~23:59'],['0:00~23:59'],['0:00~23:59'],['0:00~23:59'],['0:00~23:59'],['0:00~23:59']
ガソリンスタンド,Dr.Drive セルフ環七江北店 / (株)ENEOSフロンティア,['0:00~23:59'],東京都足立区江北6-4-10,N/A,東京都足立区江北6-4-10,139.766464,35.778717,['0:00~23:59'],['0:00~23:59'],['0:00~23:59'],['0:00~23:59'],['0:00~23:59'],['0:00~23:59'],['0:00~23:59']
ガソリンスタンド,Dr.Drive 白金店 / (株)ENEOSフロンティア,['08:00~20:00'],東京都港区白金台5-16-1,N/A,東京都港区白金台5-16-1,139.72319,35.637814,['08:00~20:00'],['08:00~20:00'],['08:00~20:00'],['08:00~20:00'],['08:00~20:00'],['08:00~20:00'],['08:00~20:00']
ガソリンスタンド,西新宿SS / 関東石油(株),['0:00~23:59'],東京都新宿区西新宿4-39-33,N/A,東京都新宿区西新宿4-39-33,139.685165,35.686382,['0:00~23:59'],['0:00~23:59'],['0:00~23:59'],['0:00~23:59'],['0:00~23:59'],['0:00~23:59'],['0:00~23:59']
ガソリンスタンド,Dr.Drive セルフ滝野川SS / (株)荒木,['0:00~23:59'],東京都北区滝野川7-50-10,N/A,東京都北区滝野川7-50-10,139.723999,35.739979,['0:00~23:59'],['0:00~23:59'],['0:00~23:59'],['0:00~23:59'],['0:00~23:59'],['0:00~23:59'],['0:00~23:59']
ガソリンスタンド,電化通りSS / (株)小高商事,['07:00~20:00'],東京都荒川区町屋4-36-8,N/A,東京都荒川区町屋4-36-8,139.776535,35.749294,['07:00~20:00'],['07:00~20:00'],['07:00~20:00'],['07:00~20:00'],['07:00~20:00'],['07:00~20:00'],['07:00~20:00']
ガソリンスタンド,Dr.Drive セルフ忠生店 / (株)ENEOSフロンティア,['0:00~23:59'],東京都町田市忠生1-21-5,N/A,東京都町田市忠生1-21-5,139.421295,35.577118,['0:00~23:59'],['0:00~23:59'],['0:00~23:59'],['0:00~23:59'],['0:00~23:59'],['0:00~23:59'],['0:00~23:59']
ガソリンスタンド,Dr.Drive セルフカートピア青梅インターSS / (株)泰正社,['0:00~23:59'],東京都青梅市今井3-1-5,N/A,東京都青梅市今井3-1-5,139.309189,35.794823,['0:00~23:59'],['0:00~23:59'],['0:00~23:59'],['0:00~23:59'],['0:00~23:59'],['0:00~23:59'],['0:00~23:59']
ガソリンスタンド,Dr.Drive セルフ八王子堀之内店 / (株)ENEOSフロンティア,['0:00~23:59'],東京都八王子市堀之内3-31-1,N/A,東京都八王子市堀之内3-31-1,139.402664,35.627193,['0:00~23:59'],['0:00~23:59'],['0:00~23:59'],['0:00~23:59'],['0:00~23:59'],['0:00~23:59'],['0:00~23:59']
ガソリンスタンド,初台SS / ヤジマ石油(株),['07:00~21:00'],東京都渋谷区代々木4-58-6,N/A,東京都渋谷区代々木4-58-6,139.688812,35.678875,['07:00~21:00'],['07:00~21:00'],['07:00~21:00'],['07:00~21:00'],['07:00~21:00'],['07:00~21:00'],['07:00~21:00']
ガソリンスタンド,セルフ春江町SS / (株)ナガイ,['0:00~23:59'],東京都江戸川区春江町4-16-4,N/A,東京都江戸川区春江町4-16-4,139.87854,35.682194,['0:00~23:59'],['0:00~23:59'],['0:00~23:59'],['0:00~23:59'],['0:00~23:59'],['0:00~23:59'],['0:00~23:59']
ガソリンスタンド,セルフ雪が谷SS / 関東礦油(株),['0:00~23:59'],東京都大田区南雪谷2-1-8,N/A,東京都大田区南雪谷2-1-8,139.681015,35.592537,['0:00~23:59'],['0:00~23:59'],['0:00~23:59'],['0:00~23:59'],['0:00~23:59'],['0:00~23:59'],['0:00~23:59']
ガソリンスタンド,セルフ田園調布SS / 昭和礦油(株),['0:00~23:59'],東京都世田谷区尾山台3-3-3,N/A,東京都世田谷区尾山台3-3-3,139.655838,35.602642,['0:00~23:59'],['0:00~23:59'],['0:00~23:59'],['0:00~23:59'],['0:00~23:59'],['0:00~23:59'],['0:00~23:59']
ガソリンスタンド,本天沼SS / 出光リテール販売(株),"['0:00~1:00','2:00~23:59']",東京都杉並区本天沼2-47-12,N/A,東京都杉並区本天沼2-47-12,139.624802,35.71722,"['0:00~1:00','2:00~23:59']","['0:00~1:00','2:00~23:59']","['0:00~1:00','2:00~23:59']","['0:00~1:00','2:00~23:59']","['0:00~1:00','2:00~23:59']","['0:00~1:00','2:00~23:59']","['0:00~1:00','2:00~23:59']"
ガソリンスタンド,セルフ石神井台SS / (株)吉田商店,['06:00~22:00'],東京都練馬区石神井台3-33-2,N/A,東京都練馬区石神井台3-33-2,139.588531,35.739265,['06:00~22:00'],['06:00~22:00'],['06:00~22:00'],['06:00~22:00'],['06:00~22:00'],['06:00~22:00'],['06:00~22:00']
ガソリンスタンド,亀戸SS / 共栄石油(株),['07:00~21:00'],東京都江東区亀戸6-9-1,N/A,東京都江東区亀戸6-9-1,139.827621,35.694672,['07:00~21:00'],['07:00~21:00'],['07:00~21:00'],['07:00~21:00'],['07:00~21:00'],['07:00~21:00'],['07:00~21:00']
ガソリンスタンド,宇喜田第二SS / 共栄石油(株),['07:00~23:00'],東京都江戸川区西葛西4-2-1,N/A,東京都江戸川区西葛西4-2-1,139.864563,35.665611,['07:00~23:00'],['07:00~23:00'],['07:00~23:00'],['07:00~23:00'],['07:00~23:00'],['07:00~23:00'],['07:00~23:00']
ガソリンスタンド,西葛西SS / 共栄石油(株),['0:00~23:59'],東京都江戸川区西葛西3-7-29,N/A,東京都江戸川区西葛西3-7-29,139.855179,35.666828,['0:00~23:59'],['0:00~23:59'],['0:00~23:59'],['0:00~23:59'],['0:00~23:59'],['0:00~23:59'],['0:00~23:59']
ガソリンスタンド,ニュー和泉町SS / 安藤石油(株),['08:00~21:00'],東京都杉並区和泉3-58-21,N/A,東京都杉並区和泉3-58-21,139.644882,35.682121,['08:00~21:00'],['08:00~21:00'],['08:00~21:00'],['08:00~21:00'],['08:00~21:00'],['08:00~21:00'],['08:00~21:00']
ガソリンスタンド,亀戸SS / (株)長谷川,['07:00~22:00'],東京都江東区亀戸4-19-11,N/A,東京都江東区亀戸4-19-11,139.826233,35.701885,['07:00~22:00'],['07:00~22:00'],['07:00~22:00'],['07:00~22:00'],['07:00~22:00'],['07:00~22:00'],['07:00~22:00']
ガソリンスタンド,常盤台SS / ババウチ石油(株),['0:00~23:59'],東京都板橋区常盤台1-54,N/A,東京都板橋区常盤台1-54,139.693344,35.75835,['0:00~23:59'],['0:00~23:59'],['0:00~23:59'],['0:00~23:59'],['0:00~23:59'],['0:00~23:59'],['0:00~23:59']
ガソリンスタンド,大塚SS / 山文商事(株),['08:00~21:00'],東京都文京区大塚3-28-6,N/A,東京都文京区大塚3-28-6,139.736221,35.722553,['08:00~21:00'],['08:00~21:00'],['08:00~21:00'],['08:00~21:00'],['08:00~21:00'],['08:00~21:00'],['08:00~21:00']
ガソリンスタンド,Dr.Drive セルフカートピア青梅SS / (株)泰正社,['07:00~22:00'],東京都青梅市藤橋3-1-1,N/A,東京都青梅市藤橋3-1-1,139.306793,35.794254,['07:00~22:00'],['07:00~22:00'],['07:00~22:00'],['07:00~22:00'],['07:00~22:00'],['07:00~22:00'],['07:00~22:00']
ガソリンスタンド,Dr.Drive セルフ羽店 / (株)ENEOSフロンティア,['0:00~23:59'],東京都羽村市羽加美1-29-9,N/A,東京都羽村市羽加美1-29-9,139.307465,35.768253,['0:00~23:59'],['0:00~23:59'],['0:00~23:59'],['0:00~23:59'],['0:00~23:59'],['0:00~23:59'],['0:00~23:59']
ガソリンスタンド,Dr.Drive セルフ東神田SS / 隅田商事(株),['0:00~23:59'],東京都千代田区東神田1-16-9,N/A,東京都千代田区東神田1-16-9,139.782516,35.695015,['0:00~23:59'],['0:00~23:59'],['0:00~23:59'],['0:00~23:59'],['0:00~23:59'],['0:00~23:59'],['0:00~23:59']
ガソリンスタンド,Dr.Drive セルフ秋川店 / (株)ENEOSフロンティア,['0:00~23:59'],東京都あきる野市秋川6-16-3,N/A,東京都あきる野市秋川6-16-3,139.29007,35.73103,['0:00~23:59'],['0:00~23:59'],['0:00~23:59'],['0:00~23:59'],['0:00~23:59'],['0:00~23:59'],['0:00~23:59']
ガソリンスタンド,Dr.Drive セルフ環八砧SS / 日新商事(株),['0:00~23:59'],東京都世田谷区砧2-1-2,N/A,東京都世田谷区砧2-1-2,139.618973,35.640739,['0:00~23:59'],['0:00~23:59'],['0:00~23:59'],['0:00~23:59'],['0:00~23:59'],['0:00~23:59'],['0:00~23:59']
ガソリンスタンド,Dr.Drive セルフ潮見公園店 / (株)ENEOSフロンティア,['0:00~23:59'],東京都江東区潮見1-3-2,N/A,東京都江東区潮見1-3-2,139.81102,35.656231,['0:00~23:59'],['0:00~23:59'],['0:00~23:59'],['0:00~23:59'],['0:00~23:59'],['0:00~23:59'],['0:00~23:59']
ガソリンスタンド,Dr.Drive セルフ上井草店 / (株)ENEOSフロンティア,['0:00~23:59'],東京都杉並区上井草2-6-1,N/A,東京都杉並区上井草2-6-1,139.607956,35.719368,['0:00~23:59'],['0:00~23:59'],['0:00~23:59'],['0:00~23:59'],['0:00~23:59'],['0:00~23:59'],['0:00~23:59']
ガソリンスタンド,セルフNEW江東SS / (株)新出光,['0:00~23:59'],東京都江東区南砂2-31-13,N/A,東京都江東区南砂2-31-13,139.822922,35.675674,['0:00~23:59'],['0:00~23:59'],['0:00~23:59'],['0:00~23:59'],['0:00~23:59'],['0:00~23:59'],['0:00~23:59']
ガソリンスタンド,セルフ池上SS / 昭和礦油(株),['0:00~23:59'],東京都大田区仲池上2-7-6,N/A,東京都大田区仲池上2-7-6,139.702774,35.582939,['0:00~23:59'],['0:00~23:59'],['0:00~23:59'],['0:00~23:59'],['0:00~23:59'],['0:00~23:59'],['0:00~23:59']
ガソリンスタンド,環七豊玉陸橋SS / (株)東日本宇佐美,['0:00~23:59'],東京都練馬区豊玉北3-15-1,N/A,東京都練馬区豊玉北3-15-1,139.660614,35.73254,['0:00~23:59'],['0:00~23:59'],['0:00~23:59'],['0:00~23:59'],['0:00~23:59'],['0:00~23:59'],['0:00~23:59']
ガソリンスタンド,明治通り新木場SS / (株)東日本宇佐美,['0:00~23:59'],東京都江東区新砂1-10-25,N/A,東京都江東区新砂1-10-25,139.823639,35.664055,['0:00~23:59'],['0:00~23:59'],['0:00~23:59'],['0:00~23:59'],['0:00~23:59'],['0:00~23:59'],['0:00~23:59']
ガソリンスタンド,セルフ清水橋SS / (株)共栄オーメック,['0:00~23:59'],東京都渋谷区本町3-35-18,N/A,東京都渋谷区本町3-35-18,139.681641,35.689747,['0:00~23:59'],['0:00~23:59'],['0:00~23:59'],['0:00~23:59'],['0:00~23:59'],['0:00~23:59'],['0:00~23:59']
ガソリンスタンド,セルフR254中板橋SS / (株)共栄オーメック,['07:00~23:00'],東京都板橋区弥生町82-4,N/A,東京都板橋区弥生町82-4,139.690491,35.753647,['07:00~23:00'],['07:00~23:00'],['07:00~23:00'],['07:00~23:00'],['07:00~23:00'],['07:00~23:00'],['07:00~23:00']
ガソリンスタンド,セルフ東砂SS / 山村産業(株),['06:00~22:00'],東京都江東区東砂2-16-4,N/A,東京都江東区東砂2-16-4,139.844742,35.682495,['06:00~22:00'],['06:00~22:00'],['06:00~22:00'],['06:00~22:00'],['06:00~22:00'],['06:00~22:00'],['06:00~22:00']
ガソリンスタンド,中丸SS / (有)ペトロベスト,['07:00~21:00'],東京都板橋区中丸町43-1,N/A,東京都板橋区中丸町43-1,139.702591,35.743225,['07:00~21:00'],['07:00~21:00'],['07:00~21:00'],['07:00~21:00'],['07:00~21:00'],['07:00~21:00'],['07:00~21:00']
ガソリンスタンド,新板橋SS / (有)ペトロベスト,['07:00~20:00'],東京都板橋区板橋2-41-7,N/A,東京都板橋区板橋2-41-7,139.714371,35.749237,['07:00~20:00'],['07:00~20:00'],['07:00~20:00'],['07:00~20:00'],['07:00~20:00'],['07:00~20:00'],['07:00~20:00']
ガソリンスタンド,天現寺SS / (株)千代田エネルギー,['08:00~20:00'],東京都港区南麻布4-13-4,N/A,東京都港区南麻布4-13-4,139.723694,35.646992,['08:00~20:00'],['08:00~20:00'],['08:00~20:00'],['08:00~20:00'],['08:00~20:00'],['08:00~20:00'],['08:00~20:00']
ガソリンスタンド,Dr.Drive 松月院通り店 / 川端石油(株),['08:00~20:00'],東京都板橋区赤塚5-2-6,N/A,東京都板橋区赤塚5-2-6,139.645523,35.779461,['08:00~20:00'],['08:00~20:00'],['08:00~20:00'],['08:00~20:00'],['08:00~20:00'],['08:00~20:00'],['08:00~20:00']
ガソリンスタンド,環七一之江SS / 共栄石油(株),['0:00~23:59'],東京都江戸川区一之江1-3-7,N/A,東京都江戸川区一之江1-3-7,139.88208,35.699039,['0:00~23:59'],['0:00~23:59'],['0:00~23:59'],['0:00~23:59'],['0:00~23:59'],['0:00~23:59'],['0:00~23:59']
ガソリンスタンド,環七瑞江SS / 共栄石油(株),['0:00~23:59'],東京都江戸川区西瑞江5-1-1,N/A,東京都江戸川区西瑞江5-1-1,139.881485,35.682102,['0:00~23:59'],['0:00~23:59'],['0:00~23:59'],['0:00~23:59'],['0:00~23:59'],['0:00~23:59'],['0:00~23:59']
ガソリンスタンド,Dr.Drive WE'LLヌクイSS / (株)松勇,['07:00~21:00'],東京都練馬区貫井4-16-4,N/A,東京都練馬区貫井4-16-4,139.631897,35.742748,['07:00~21:00'],['07:00~21:00'],['07:00~21:00'],['07:00~21:00'],['07:00~21:00'],['07:00~21:00'],['07:00~21:00']
ガソリンスタンド,南田中SS / (株)井口鉱油,['0:00~23:59'],東京都練馬区南田中4-13-26,N/A,東京都練馬区南田中4-13-26,139.614532,35.7351,['0:00~23:59'],['0:00~23:59'],['0:00~23:59'],['0:00~23:59'],['0:00~23:59'],['0:00~23:59'],['0:00~23:59']
ガソリンスタンド,EneJet真中SS / 関東燃料(株),['0:00~23:59'],東京都世田谷区駒沢1-13-14,N/A,東京都世田谷区駒沢1-13-14,139.659576,35.632111,['0:00~23:59'],['0:00~23:59'],['0:00~23:59'],['0:00~23:59'],['0:00~23:59'],['0:00~23:59'],['0:00~23:59']
ガソリンスタンド,大井町SS / (株)リブエナジーシステムズ,['0:00~23:59'],東京都品川区東大井2-1-10,N/A,東京都品川区東大井2-1-10,139.740646,35.603279,['0:00~23:59'],['0:00~23:59'],['0:00~23:59'],['0:00~23:59'],['0:00~23:59'],['0:00~23:59'],['0:00~23:59']
ガソリンスタンド,城北SS / 城北石油(株),['07:00~20:00'],東京都北区神谷3-29-20,N/A,東京都北区神谷3-29-20,139.733063,35.772076,['07:00~20:00'],['07:00~20:00'],['07:00~20:00'],['07:00~20:00'],['07:00~20:00'],['07:00~20:00'],['07:00~20:00']
ガソリンスタンド,Dr.Drive セルフ西大島SS / (株)ソニックス,['0:00~23:59'],東京都江東区大島2-20-18,N/A,東京都江東区大島2-20-18,139.8246,35.689434,['0:00~23:59'],['0:00~23:59'],['0:00~23:59'],['0:00~23:59'],['0:00~23:59'],['0:00~23:59'],['0:00~23:59']
ガソリンスタンド,ソニックス Dr.Drive 東大島SS / (株)ソニックス,['07:00~20:00'],東京都江東区大島5-37-10,N/A,東京都江東区大島5-37-10,139.836136,35.688164,['07:00~20:00'],['07:00~20:00'],['07:00~20:00'],['07:00~20:00'],['07:00~20:00'],['07:00~20:00'],['07:00~20:00']
ガソリンスタンド,オートイン福生店 / 金桝石油(株),['07:00~20:00'],東京都福生市志茂16,N/A,東京都福生市志茂16,139.328674,35.735367,['07:00~20:00'],['07:00~20:00'],['07:00~20:00'],['07:00~20:00'],['07:00~20:00'],['07:00~20:00'],['07:00~20:00']
ガソリンスタンド,Dr.Drive 江戸店 / 日新石油(株),['07:30~20:00'],東京都江戸川区南小岩3-24-16,N/A,東京都江戸川区南小岩3-24-16,139.889236,35.723995,['07:30~20:00'],['07:30~20:00'],['07:30~20:00'],['07:30~20:00'],['07:30~20:00'],['07:30~20:00'],['07:30~20:00']
ガソリンスタンド,セルフ足立六月SS / 清和石油販売(株),['07:00~21:00'],東京都足立区六月3-2-1,N/A,東京都足立区六月3-2-1,139.791641,35.785625,['07:00~21:00'],['07:00~21:00'],['07:00~21:00'],['07:00~21:00'],['07:00~21:00'],['07:00~21:00'],['07:00~21:00']
ガソリンスタンド,セルフ水元公園SS / ヤマヒロ(株),['0:00~23:59'],東京都葛飾区南水元4-8-9,N/A,東京都葛飾区南水元4-8-9,139.858978,35.780064,['0:00~23:59'],['0:00~23:59'],['0:00~23:59'],['0:00~23:59'],['0:00~23:59'],['0:00~23:59'],['0:00~23:59']
ガソリンスタンド,環7亀有SS / 出光リテール販売(株),['0:00~23:59'],東京都足立区中川4-30-11,N/A,東京都足立区中川4-30-11,139.847031,35.771736,['0:00~23:59'],['0:00~23:59'],['0:00~23:59'],['0:00~23:59'],['0:00~23:59'],['0:00~23:59'],['0:00~23:59']
ガソリンスタンド,セルフ京葉口SS / 出光リテール販売(株),"['0:00~2:00','3:00~23:59']",東京都江戸川区松江1-10-10,N/A,東京都江戸川区松江1-10-10,139.870117,35.703098,"['0:00~2:00','3:00~23:59']","['0:00~2:00','3:00~23:59']","['0:00~2:00','3:00~23:59']","['0:00~2:00','3:00~23:59']","['0:00~2:00','3:00~23:59']","['0:00~2:00','3:00~23:59']","['0:00~2:00','3:00~23:59']"
ガソリンスタンド,16号八王子インターSS / (株)東日本宇佐美,['0:00~23:59'],東京都八王子市宇津木町761-1,N/A,東京都八王子市宇津木町761-1,139.352615,35.681721,['0:00~23:59'],['0:00~23:59'],['0:00~23:59'],['0:00~23:59'],['0:00~23:59'],['0:00~23:59'],['0:00~23:59']
ガソリンスタンド,セルフ新宿目白SS / (株)東日本宇佐美,['08:00~22:30'],東京都新宿区下落合4-27-2,N/A,東京都新宿区下落合4-27-2,139.698456,35.722122,['08:00~22:30'],['08:00~22:30'],['08:00~22:30'],['08:00~22:30'],['08:00~22:30'],['08:00~22:30'],['08:00~22:30']
ガソリンスタンド,環七江戸川SS / (株)東日本宇佐美,['0:00~23:59'],東京都江戸川区大杉4-3-2,N/A,東京都江戸川区大杉4-3-2,139.880096,35.708969,['0:00~23:59'],['0:00~23:59'],['0:00~23:59'],['0:00~23:59'],['0:00~23:59'],['0:00~23:59'],['0:00~23:59']
ガソリンスタンド,西新井大師前SS / (株)ENEOSジェネレーションズ,['0:00~23:59'],東京都足立区西新井7-1-1,N/A,東京都足立区西新井7-1-1,139.773849,35.778286,['0:00~23:59'],['0:00~23:59'],['0:00~23:59'],['0:00~23:59'],['0:00~23:59'],['0:00~23:59'],['0:00~23:59']
ガソリンスタンド,EneJet金町SS / 中外石油(株),['0:00~23:59'],東京都葛飾区金町4-1-1,N/A,東京都葛飾区金町4-1-1,139.863739,35.762951,['0:00~23:59'],['0:00~23:59'],['0:00~23:59'],['0:00~23:59'],['0:00~23:59'],['0:00~23:59'],['0:00~23:59']
ガソリンスタンド,【navi】板橋SS / ナヴィ(株),['07:00~22:00'],東京都板橋区坂下3-4-2,N/A,東京都板橋区坂下3-4-2,139.685181,35.786846,['07:00~22:00'],['07:00~22:00'],['07:00~22:00'],['07:00~22:00'],['07:00~22:00'],['07:00~22:00'],['07:00~22:00']
ガソリンスタンド,246号つくし野横浜インターSS / (株)東日本宇佐美,['0:00~23:59'],東京都町田市つくし野4-36-1,N/A,東京都町田市つくし野4-36-1,139.485916,35.525047,['0:00~23:59'],['0:00~23:59'],['0:00~23:59'],['0:00~23:59'],['0:00~23:59'],['0:00~23:59'],['0:00~23:59']
ガソリンスタンド,Dr.Drive セルフ東久留米店 / (株)ENEOSフロンティア,['0:00~23:59'],東京都東久留米市八幡町1-1-63,N/A,東京都東久留米市八幡町1-1-63,139.515366,35.757866,['0:00~23:59'],['0:00~23:59'],['0:00~23:59'],['0:00~23:59'],['0:00~23:59'],['0:00~23:59'],['0:00~23:59']
ガソリンスタンド,尾山台SS / サンユエネルギー(株),['07:00~21:00'],東京都世田谷区尾山台3-6-3,N/A,東京都世田谷区尾山台3-6-3,139.654358,35.603199,['07:00~21:00'],['07:00~21:00'],['07:00~21:00'],['07:00~21:00'],['07:00~21:00'],['07:00~21:00'],['07:00~21:00']
ガソリンスタンド,Dr.Drive セルフ花小金井店 / (株)ENEOSフロンティア,['0:00~23:59'],東京都小平市花小金井3-21-10,N/A,東京都小平市花小金井3-21-10,139.513382,35.738075,['0:00~23:59'],['0:00~23:59'],['0:00~23:59'],['0:00~23:59'],['0:00~23:59'],['0:00~23:59'],['0:00~23:59']
ガソリンスタンド,ソニックス Dr.Drive 江東住吉SS / (株)ソニックス,['07:00~20:00'],東京都江東区住吉1-3-7,N/A,東京都江東区住吉1-3-7,139.810501,35.688534,['07:00~20:00'],['07:00~20:00'],['07:00~20:00'],['07:00~20:00'],['07:00~20:00'],['07:00~20:00'],['07:00~20:00']
ガソリンスタンド,東調布SS / 高砂興産(株),['08:00~19:00'],東京都大田区鵜の木3-5-1,N/A,東京都大田区鵜の木3-5-1,139.677704,35.578995,['08:00~19:00'],['08:00~19:00'],['08:00~19:00'],['08:00~19:00'],['08:00~19:00'],['08:00~19:00'],['08:00~19:00']
ガソリンスタンド,わくわくステーション立石SS / 坂上石油(株),['07:00~19:00'],東京都葛飾区立石8-18-17,N/A,東京都葛飾区立石8-18-17,139.85379,35.741386,['07:00~19:00'],['07:00~19:00'],['07:00~19:00'],['07:00~19:00'],['07:00~19:00'],['07:00~19:00'],['07:00~19:00']
ガソリンスタンド,Dr.Drive R6葛飾青戸SS / 共栄石油(株),['0:00~23:59'],東京都葛飾区青戸4-14-10,N/A,東京都葛飾区青戸4-14-10,139.849808,35.751858,['0:00~23:59'],['0:00~23:59'],['0:00~23:59'],['0:00~23:59'],['0:00~23:59'],['0:00~23:59'],['0:00~23:59']
ガソリンスタンド,セルフ羽根木SS / 出光リテール販売(株),['0:00~23:59'],東京都世田谷区羽根木1-5-16,N/A,東京都世田谷区羽根木1-5-16,139.660416,35.664021,['0:00~23:59'],['0:00~23:59'],['0:00~23:59'],['0:00~23:59'],['0:00~23:59'],['0:00~23:59'],['0:00~23:59']
ガソリンスタンド,セルフ徳丸SS / イタバシ(株),['0:00~23:59'],東京都板橋区徳丸6-48-9,N/A,東京都板橋区徳丸6-48-9,139.663239,35.780327,['0:00~23:59'],['0:00~23:59'],['0:00~23:59'],['0:00~23:59'],['0:00~23:59'],['0:00~23:59'],['0:00~23:59']
ガソリンスタンド,セルフ平和島口SS / 昭和礦油(株),['0:00~23:59'],東京都大田区大森本町1-9-11,N/A,東京都大田区大森本町1-9-11,139.736832,35.582249,['0:00~23:59'],['0:00~23:59'],['0:00~23:59'],['0:00~23:59'],['0:00~23:59'],['0:00~23:59'],['0:00~23:59']
ガソリンスタンド,セルフ日の出インターSS / ヤマヒロ(株),['0:00~23:59'],東京都西多摩郡日の出町平井18,N/A,東京都西多摩郡日の出町平井18,139.279236,35.739864,['0:00~23:59'],['0:00~23:59'],['0:00~23:59'],['0:00~23:59'],['0:00~23:59'],['0:00~23:59'],['0:00~23:59']
ガソリンスタンド,セルフ調布南SS / 出光リテール販売(株),['06:30~22:00'],東京都調布市多摩川1-51-1,N/A,東京都調布市多摩川1-51-1,139.532318,35.648731,['06:30~22:00'],['06:30~22:00'],['06:30~22:00'],['06:30~22:00'],['06:30~22:00'],['06:30~22:00'],['06:30~22:00']
ガソリンスタンド,調布警察署前SS / ユニオン石油(株),['0:00~23:59'],東京都調布市国領町2-23-1,N/A,東京都調布市国領町2-23-1,139.561478,35.652748,['0:00~23:59'],['0:00~23:59'],['0:00~23:59'],['0:00~23:59'],['0:00~23:59'],['0:00~23:59'],['0:00~23:59']
ガソリンスタンド,梅郷SS / (有)ホンダ,['06:15~19:30'],東京都青梅市梅郷6-1336,N/A,東京都青梅市梅郷6-1336,139.219879,35.791683,['06:15~19:30'],['06:15~19:30'],['06:15~19:30'],['06:15~19:30'],['06:15~19:30'],['06:15~19:30'],['06:15~19:30']
ガソリンスタンド,R6墨田向島SS / 共栄石油(株),['0:00~23:59'],東京都墨田区東向島6-1-4,N/A,東京都墨田区東向島6-1-4,139.818604,35.722534,['0:00~23:59'],['0:00~23:59'],['0:00~23:59'],['0:00~23:59'],['0:00~23:59'],['0:00~23:59'],['0:00~23:59']
ガソリンスタンド,北小岩SS / 井原商事(有),['0:00~23:59'],東京都江戸川区北小岩2-32-3,N/A,東京都江戸川区北小岩2-32-3,139.886612,35.737171,['0:00~23:59'],['0:00~23:59'],['0:00~23:59'],['0:00~23:59'],['0:00~23:59'],['0:00~23:59'],['0:00~23:59']
ガソリンスタンド,白鬚橋SS / 中外石油(株),['0:00~23:59'],東京都荒川区南千住3-12-9,N/A,東京都荒川区南千住3-12-9,139.802689,35.729126,['0:00~23:59'],['0:00~23:59'],['0:00~23:59'],['0:00~23:59'],['0:00~23:59'],['0:00~23:59'],['0:00~23:59']
ガソリンスタンド,六番町SS / 中外石油(株),['07:30~20:00'],東京都千代田区六番町2-2,N/A,東京都千代田区六番町2-2,139.734894,35.688583,['07:30~20:00'],['07:30~20:00'],['07:30~20:00'],['07:30~20:00'],['07:30~20:00'],['07:30~20:00'],['07:30~20:00']
ガソリンスタンド,船堀松江SS / 共栄石油(株),['0:00~23:59'],東京都江戸川区松江6-1-21,N/A,東京都江戸川区松江6-1-21,139.870804,35.684563,['0:00~23:59'],['0:00~23:59'],['0:00~23:59'],['0:00~23:59'],['0:00~23:59'],['0:00~23:59'],['0:00~23:59']
ガソリンスタンド,北千住SS / (株)井口油店,['07:30~22:00'],東京都足立区千住宮元町2-6,N/A,東京都足立区千住宮元町2-6,139.797668,35.745296,['07:30~22:00'],['07:30~22:00'],['07:30~22:00'],['07:30~22:00'],['07:30~22:00'],['07:30~22:00'],['07:30~22:00']
ガソリンスタンド,ふるーる拝島SS / (株)京南,['06:00~23:00'],東京都昭島市拝島町3-15-11,N/A,東京都昭島市拝島町3-15-11,139.336807,35.713005,['06:00~23:00'],['06:00~23:00'],['06:00~23:00'],['06:00~23:00'],['06:00~23:00'],['06:00~23:00'],['06:00~23:00']
ガソリンスタンド,村山団地SS / (株)ENEOSジェネレーションズ,"[['0:00~3:00','4:00~23:59']",東京都東大和市芋窪6-1010,N/A,東京都東大和市芋窪6-1010,139.409424,35.748802,[['0:00~3:00','4:00~23:59'],[['0:00~3:00','4:00~23:59'],[['0:00~3:00','4:00~23:59'],[['0:00~3:00','4:00~23:59'],[['0:00~3:00','4:00~23:59'],[['0:00~3:00','4:00~23:59'],[['0:00~3:00','4:00~23:59']
ガソリンスタンド,町田金森SS / 鶴見石油(株),['0:00~23:59'],東京都町田市金森3-21-15,N/A,東京都町田市金森3-21-15,139.462952,35.528423,['0:00~23:59'],['0:00~23:59'],['0:00~23:59'],['0:00~23:59'],['0:00~23:59'],['0:00~23:59'],['0:00~23:59']
ガソリンスタンド,オブリステーション青梅インター / 三愛リテールサービス(株),"[['0:00~3:00','4:00~23:59']",東京都青梅市新町6-19-1,N/A,東京都青梅市新町6-19-1,139.3237,35.790577,[['0:00~3:00','4:00~23:59'],[['0:00~3:00','4:00~23:59'],[['0:00~3:00','4:00~23:59'],[['0:00~3:00','4:00~23:59'],[['0:00~3:00','4:00~23:59'],[['0:00~3:00','4:00~23:59'],[['0:00~3:00','4:00~23:59']
ガソリンスタンド,Dr.Drive セルフ氷川下店 / (株)ENEOSフロンティア,['0:00~23:59'],東京都文京区大塚4-4-2,N/A,東京都文京区大塚4-4-2,139.735855,35.724838,['0:00~23:59'],['0:00~23:59'],['0:00~23:59'],['0:00~23:59'],['0:00~23:59'],['0:00~23:59'],['0:00~23:59']
ガソリンスタンド,Dr.Drive 前野町店 / 川端石油(株),['07:30~19:30'],東京都板橋区前野町2-26-1,N/A,東京都板橋区前野町2-26-1,139.687027,35.766468,['07:30~19:30'],['07:30~19:30'],['07:30~19:30'],['07:30~19:30'],['07:30~19:30'],['07:30~19:30'],['07:30~19:30']
ガソリンスタンド,セルフ池袋SS / 幸伸興業(株),['07:00~21:00'],東京都豊島区池袋1-16-28,N/A,東京都豊島区池袋1-16-28,139.711945,35.73801,['07:00~21:00'],['07:00~21:00'],['07:00~21:00'],['07:00~21:00'],['07:00~21:00'],['07:00~21:00'],['07:00~21:00']
ガソリンスタンド,Dr.Drive セルフ駒沢店 / (株)ENEOSフロンティア,['0:00~23:59'],東京都世田谷区新町2-1-2,N/A,東京都世田谷区新町2-1-2,139.652924,35.630257,['0:00~23:59'],['0:00~23:59'],['0:00~23:59'],['0:00~23:59'],['0:00~23:59'],['0:00~23:59'],['0:00~23:59']
ガソリンスタンド,Dr.Drive セルフ環七堀ノ内店 / (株)ENEOSフロンティア,['0:00~23:59'],東京都杉並区和田2-39-3,N/A,東京都杉並区和田2-39-3,139.654877,35.691071,['0:00~23:59'],['0:00~23:59'],['0:00~23:59'],['0:00~23:59'],['0:00~23:59'],['0:00~23:59'],['0:00~23:59']
ガソリンスタンド,三軒茶屋SS / 山文商事(株),['08:00~21:00'],東京都世田谷区三軒茶屋2-20-14,N/A,東京都世田谷区三軒茶屋2-20-14,139.663895,35.643215,['08:00~21:00'],['08:00~21:00'],['08:00~21:00'],['08:00~21:00'],['08:00~21:00'],['08:00~21:00'],['08:00~21:00']
ガソリンスタンド,環七大原TS / (株)東日本宇佐美,['0:00~23:59'],東京都世田谷区大原2-11-10,N/A,東京都世田谷区大原2-11-10,139.661453,35.670147,['0:00~23:59'],['0:00~23:59'],['0:00~23:59'],['0:00~23:59'],['0:00~23:59'],['0:00~23:59'],['0:00~23:59']
ガソリンスタンド,セルフ大杉SS / 日之出石油販売(株),['0:00~23:59'],東京都江戸川区大杉1-10-16,N/A,東京都江戸川区大杉1-10-16,139.876633,35.702995,['0:00~23:59'],['0:00~23:59'],['0:00~23:59'],['0:00~23:59'],['0:00~23:59'],['0:00~23:59'],['0:00~23:59']
ガソリンスタンド,上沼田SS / ヤジマ石油(株),['07:00~20:00'],東京都足立区鹿浜7-12-7,N/A,東京都足立区鹿浜7-12-7,139.763794,35.783268,['07:00~20:00'],['07:00~20:00'],['07:00~20:00'],['07:00~20:00'],['07:00~20:00'],['07:00~20:00'],['07:00~20:00']
ガソリンスタンド,セルフ錦糸町SS / ヤマヒロ(株),['0:00~23:59'],東京都墨田区江東橋4-10-1,N/A,東京都墨田区江東橋4-10-1,139.815384,35.693981,['0:00~23:59'],['0:00~23:59'],['0:00~23:59'],['0:00~23:59'],['0:00~23:59'],['0:00~23:59'],['0:00~23:59']
ガソリンスタンド,セルフ旗の台SS / 昭和礦油(株),['0:00~23:59'],東京都品川区旗の台1-3-21,N/A,東京都品川区旗の台1-3-21,139.704391,35.608044,['0:00~23:59'],['0:00~23:59'],['0:00~23:59'],['0:00~23:59'],['0:00~23:59'],['0:00~23:59'],['0:00~23:59']
ガソリンスタンド,セルフ十条台SS / (株)共栄オーメック,['07:00~22:00'],東京都北区上十条1-1-9,N/A,東京都北区上十条1-1-9,139.726364,35.758274,['07:00~22:00'],['07:00~22:00'],['07:00~22:00'],['07:00~22:00'],['07:00~22:00'],['07:00~22:00'],['07:00~22:00']
ガソリンスタンド,セルフ愛宕SS / 出光リテール販売(株),"['0:00~2:00','3:00~23:59']",東京都多摩市愛宕4-9-15,N/A,東京都多摩市愛宕4-9-15,139.429367,35.628967,"['0:00~2:00','3:00~23:59']","['0:00~2:00','3:00~23:59']","['0:00~2:00','3:00~23:59']","['0:00~2:00','3:00~23:59']","['0:00~2:00','3:00~23:59']","['0:00~2:00','3:00~23:59']","['0:00~2:00','3:00~23:59']"
ガソリンスタンド,亀有SS / 共栄石油(株),['0:00~23:59'],東京都葛飾区西亀有1-31-13,N/A,東京都葛飾区西亀有1-31-13,139.843781,35.757942,['0:00~23:59'],['0:00~23:59'],['0:00~23:59'],['0:00~23:59'],['0:00~23:59'],['0:00~23:59'],['0:00~23:59']
ガソリンスタンド,練馬北町SS / 中村石油(株),['08:00~21:00'],東京都練馬区錦2-17-8,N/A,東京都練馬区錦2-17-8,139.665604,35.763561,['08:00~21:00'],['08:00~21:00'],['08:00~21:00'],['08:00~21:00'],['08:00~21:00'],['08:00~21:00'],['08:00~21:00']
ガソリンスタンド,宇喜田SS / 江戸川石油(株),['06:00~21:00'],東京都江戸川区西葛西4-6-16,N/A,東京都江戸川区西葛西4-6-16,139.864578,35.668941,['06:00~21:00'],['06:00~21:00'],['06:00~21:00'],['06:00~21:00'],['06:00~21:00'],['06:00~21:00'],['06:00~21:00']
ガソリンスタンド,京浜トラックターミナル平和島SS / (株)キタセキ,['0:00~23:59'],東京都大田区平和島2-1-1,N/A,東京都大田区平和島2-1-1,139.743271,35.585175,['0:00~23:59'],['0:00~23:59'],['0:00~23:59'],['0:00~23:59'],['0:00~23:59'],['0:00~23:59'],['0:00~23:59']
ガソリンスタンド,セルフピュア大森 / コスモ石油販売(株),['0:00~23:59'],東京都大田区大森東1-1-21,N/A,東京都大田区大森東1-1-21,139.735275,35.577297,['0:00~23:59'],['0:00~23:59'],['0:00~23:59'],['0:00~23:59'],['0:00~23:59'],['0:00~23:59'],['0:00~23:59']
ガソリンスタンド,セルフ大田SS / (株)新出光,['0:00~23:59'],東京都大田区南馬込3-13-13,N/A,東京都大田区南馬込3-13-13,139.719604,35.586166,['0:00~23:59'],['0:00~23:59'],['0:00~23:59'],['0:00~23:59'],['0:00~23:59'],['0:00~23:59'],['0:00~23:59']
ガソリンスタンド,こぶしSS / 出光リテール販売(株),"['0:00~2:00','3:00~23:59']",東京都武蔵村山市三ツ藤3-7-3,N/A,東京都武蔵村山市三ツ藤3-7-3,139.371658,35.756237,"['0:00~2:00','3:00~23:59']","['0:00~2:00','3:00~23:59']","['0:00~2:00','3:00~23:59']","['0:00~2:00','3:00~23:59']","['0:00~2:00','3:00~23:59']","['0:00~2:00','3:00~23:59']","['0:00~2:00','3:00~23:59']"
ガソリンスタンド,セルフ上野毛SS / 明光石油(株),['0:00~23:59'],東京都世田谷区上野毛1-7-9,N/A,東京都世田谷区上野毛1-7-9,139.639694,35.609138,['0:00~23:59'],['0:00~23:59'],['0:00~23:59'],['0:00~23:59'],['0:00~23:59'],['0:00~23:59'],['0:00~23:59']
ガソリンスタンド,セルフ立川通りSS / ヤマヒロ(株),['0:00~23:59'],東京都国分寺市西町5-11-5,N/A,東京都国分寺市西町5-11-5,139.431259,35.718819,['0:00~23:59'],['0:00~23:59'],['0:00~23:59'],['0:00~23:59'],['0:00~23:59'],['0:00~23:59'],['0:00~23:59']
ガソリンスタンド,日の出SS / JAあきがわエネルギー(株),['07:30~19:30'],東京都西多摩郡日の出町平井2500-1,N/A,東京都西多摩郡日の出町平井2500-1,139.267105,35.745712,['07:30~19:30'],['07:30~19:30'],['07:30~19:30'],['07:30~19:30'],['07:30~19:30'],['07:30~19:30'],['07:30~19:30']
ガソリンスタンド,梅島SS / 東京日石(株),['09:00~20:00'],東京都足立区梅島1-26-20,N/A,東京都足立区梅島1-26-20,139.803146,35.774452,['09:00~20:00'],['09:00~20:00'],['09:00~20:00'],['09:00~20:00'],['09:00~20:00'],['09:00~20:00'],['09:00~20:00']
ガソリンスタンド,セルフピュア多摩ニュータウン / コスモ石油販売(株),['0:00~23:59'],東京都八王子市堀之内3-21-18,N/A,東京都八王子市堀之内3-21-18,139.405029,35.627441,['0:00~23:59'],['0:00~23:59'],['0:00~23:59'],['0:00~23:59'],['0:00~23:59'],['0:00~23:59'],['0:00~23:59']
ガソリンスタンド,セルフ小金井橋SS / ヤマヒロ(株),['0:00~23:59'],東京都小平市御幸町354,N/A,東京都小平市御幸町354,139.507217,35.713547,['0:00~23:59'],['0:00~23:59'],['0:00~23:59'],['0:00~23:59'],['0:00~23:59'],['0:00~23:59'],['0:00~23:59']
ガソリンスタンド,セルフ千歳台SS / 昭和礦油(株),['0:00~23:59'],東京都世田谷区千歳台3-1-8,N/A,東京都世田谷区千歳台3-1-8,139.616776,35.649632,['0:00~23:59'],['0:00~23:59'],['0:00~23:59'],['0:00~23:59'],['0:00~23:59'],['0:00~23:59'],['0:00~23:59']
ガソリンスタンド,東京東部運輸事業協同組合,['06:30~19:00'],東京都江戸川区西一之江2-21-15,N/A,東京都江戸川区西一之江2-21-15,139.879807,35.698502,['06:30~19:00'],['06:30~19:00'],['06:30~19:00'],['06:30~19:00'],['06:30~19:00'],['06:30~19:00'],['06:30~19:00']
ガソリンスタンド,Dr.Drive ニュー浜松町店 / (株)ENEOSフロンティア,['08:00~19:00'],東京都港区浜松町1-18-16,N/A,東京都港区浜松町1-18-16,139.755219,35.658279,['08:00~19:00'],['08:00~19:00'],['08:00~19:00'],['08:00~19:00'],['08:00~19:00'],['08:00~19:00'],['08:00~19:00']
ガソリンスタンド,Dr.Drive 杉並方南通り店 / (株)ENEOSフロンティア,['08:00~20:00'],東京都杉並区大宮2-6-6,N/A,東京都杉並区大宮2-6-6,139.639603,35.681049,['08:00~20:00'],['08:00~20:00'],['08:00~20:00'],['08:00~20:00'],['08:00~20:00'],['08:00~20:00'],['08:00~20:00']
ガソリンスタンド,Dr.Drive 環七大原店 / (株)ENEOSフロンティア,['07:00~22:00'],東京都杉並区和泉1-21-10,N/A,東京都杉並区和泉1-21-10,139.659546,35.674339,['07:00~22:00'],['07:00~22:00'],['07:00~22:00'],['07:00~22:00'],['07:00~22:00'],['07:00~22:00'],['07:00~22:00']
ガソリンスタンド,Dr.Drive セルフ大谷田店 / (株)ENEOSフロンティア,['0:00~23:59'],東京都足立区大谷田4-1-29,N/A,東京都足立区大谷田4-1-29,139.836578,35.777168,['0:00~23:59'],['0:00~23:59'],['0:00~23:59'],['0:00~23:59'],['0:00~23:59'],['0:00~23:59'],['0:00~23:59']
ガソリンスタンド,Dr.Drive セルフ荻窪店 / (株)ENEOSフロンティア,['0:00~23:59'],東京都杉並区南荻窪1-6-19,N/A,東京都杉並区南荻窪1-6-19,139.617477,35.695225,['0:00~23:59'],['0:00~23:59'],['0:00~23:59'],['0:00~23:59'],['0:00~23:59'],['0:00~23:59'],['0:00~23:59']
ガソリンスタンド,Dr.Drive セルフ日野店 / (株)ENEOSフロンティア,['0:00~23:59'],東京都日野市上田114-1,N/A,東京都日野市上田114-1,139.402954,35.669495,['0:00~23:59'],['0:00~23:59'],['0:00~23:59'],['0:00~23:59'],['0:00~23:59'],['0:00~23:59'],['0:00~23:59']
ガソリンスタンド,Dr.Drive 戸越店 / (株)ENEOSフロンティア,['07:00~22:00'],東京都品川区平塚1-2-4,N/A,東京都品川区平塚1-2-4,139.71727,35.616901,['07:00~22:00'],['07:00~22:00'],['07:00~22:00'],['07:00~22:00'],['07:00~22:00'],['07:00~22:00'],['07:00~22:00']
ガソリンスタンド,Dr.Drive 赤塚公園店 / 川端石油(株),['07:30~21:00'],東京都板橋区高島平3-2-2,N/A,東京都板橋区高島平3-2-2,139.653946,35.784378,['07:30~21:00'],['07:30~21:00'],['07:30~21:00'],['07:30~21:00'],['07:30~21:00'],['07:30~21:00'],['07:30~21:00']
ガソリンスタンド,Dr.Drive セルフあきる野店 / (株)ENEOSフロンティア,['0:00~23:59'],東京都あきる野市秋川4-5-5,N/A,東京都あきる野市秋川4-5-5,139.289413,35.732155,['0:00~23:59'],['0:00~23:59'],['0:00~23:59'],['0:00~23:59'],['0:00~23:59'],['0:00~23:59'],['0:00~23:59']
ガソリンスタンド,Dr.Drive 洗足池店 / (株)ENEOSフロンティア,['07:00~21:00'],東京都大田区上池台2-1-2,N/A,東京都大田区上池台2-1-2,139.693939,35.601196,['07:00~21:00'],['07:00~21:00'],['07:00~21:00'],['07:00~21:00'],['07:00~21:00'],['07:00~21:00'],['07:00~21:00']
ガソリンスタンド,357号湾岸有明SS / (株)東日本宇佐美,['0:00~23:59'],東京都江東区東雲2-12-11,N/A,東京都江東区東雲2-12-11,139.802429,35.639912,['0:00~23:59'],['0:00~23:59'],['0:00~23:59'],['0:00~23:59'],['0:00~23:59'],['0:00~23:59'],['0:00~23:59']
ガソリンスタンド,一之江ニューセブンSS / 共栄石油(株),['0:00~23:59'],東京都江戸川区一之江5-21-15,N/A,東京都江戸川区一之江5-21-15,139.882278,35.694618,['0:00~23:59'],['0:00~23:59'],['0:00~23:59'],['0:00~23:59'],['0:00~23:59'],['0:00~23:59'],['0:00~23:59']
ガソリンスタンド,Dr.Drive セルフ松木店 / (株)ENEOSフロンティア,['0:00~23:59'],東京都八王子市松木29-2,N/A,東京都八王子市松木29-2,139.389511,35.620213,['0:00~23:59'],['0:00~23:59'],['0:00~23:59'],['0:00~23:59'],['0:00~23:59'],['0:00~23:59'],['0:00~23:59']
ガソリンスタンド,Dr.Drive セルフ稲城市役所前店 / (株)ENEOSフロンティア,['0:00~23:59'],東京都稲城市東長沼2107-1,N/A,東京都稲城市東長沼2107-1,139.50499,35.638512,['0:00~23:59'],['0:00~23:59'],['0:00~23:59'],['0:00~23:59'],['0:00~23:59'],['0:00~23:59'],['0:00~23:59']
ガソリンスタンド,Dr.Drive セルフ稲城店 / (株)ENEOSフロンティア,['0:00~23:59'],東京都稲城市東長沼1215,N/A,東京都稲城市東長沼1215,139.50502,35.642189,['0:00~23:59'],['0:00~23:59'],['0:00~23:59'],['0:00~23:59'],['0:00~23:59'],['0:00~23:59'],['0:00~23:59']
ガソリンスタンド,Dr.Drive 芦花公園店 / (株)ENEOSフロンティア,['07:00~21:00'],東京都世田谷区八幡山2-25-7,N/A,東京都世田谷区八幡山2-25-7,139.614517,35.661591,['07:00~21:00'],['07:00~21:00'],['07:00~21:00'],['07:00~21:00'],['07:00~21:00'],['07:00~21:00'],['07:00~21:00']
ガソリンスタンド,Dr.Drive セルフ練馬インター店 / (株)ENEOSフロンティア,['0:00~23:59'],東京都練馬区谷原5-30-7,N/A,東京都練馬区谷原5-30-7,139.608749,35.754162,['0:00~23:59'],['0:00~23:59'],['0:00~23:59'],['0:00~23:59'],['0:00~23:59'],['0:00~23:59'],['0:00~23:59']
ガソリンスタンド,R14京葉篠崎インターSS / 共栄石油(株),['0:00~23:59'],東京都江戸川区篠崎町8-10-19,N/A,東京都江戸川区篠崎町8-10-19,139.900101,35.702461,['0:00~23:59'],['0:00~23:59'],['0:00~23:59'],['0:00~23:59'],['0:00~23:59'],['0:00~23:59'],['0:00~23:59']
ガソリンスタンド,Dr.Drive セルフ第一京浜蒲田店 / (株)ENEOSフロンティア,['0:00~23:59'],東京都大田区仲六郷1-51,N/A,東京都大田区仲六郷1-51,139.717896,35.552986,['0:00~23:59'],['0:00~23:59'],['0:00~23:59'],['0:00~23:59'],['0:00~23:59'],['0:00~23:59'],['0:00~23:59']
ガソリンスタンド,読売ランド通りSS / コトブキ商事(株),['06:00~23:59'],東京都稲城市矢野口2264,N/A,東京都稲城市矢野口2264,139.516464,35.63422,['06:00~23:59'],['06:00~23:59'],['06:00~23:59'],['06:00~23:59'],['06:00~23:59'],['06:00~23:59'],['06:00~23:59']
ガソリンスタンド,Dr.Drive セルフ枝川店 / (株)ENEOSフロンティア,['0:00~23:59'],東京都江東区枝川1-4-1,N/A,東京都江東区枝川1-4-1,139.802872,35.658566,['0:00~23:59'],['0:00~23:59'],['0:00~23:59'],['0:00~23:59'],['0:00~23:59'],['0:00~23:59'],['0:00~23:59']
ガソリンスタンド,Dr.Drive 浜田山SS / (株)亀岡商会,['08:00~21:00'],東京都杉並区浜田山3-36-2,N/A,東京都杉並区浜田山3-36-2,139.626968,35.684608,['08:00~21:00'],['08:00~21:00'],['08:00~21:00'],['08:00~21:00'],['08:00~21:00'],['08:00~21:00'],['08:00~21:00']
ガソリンスタンド,EneJet大泉学園店 / ババウチ石油(株),['0:00~23:59'],東京都練馬区大泉学園町7-7-18,N/A,東京都練馬区大泉学園町7-7-18,139.586792,35.770699,['0:00~23:59'],['0:00~23:59'],['0:00~23:59'],['0:00~23:59'],['0:00~23:59'],['0:00~23:59'],['0:00~23:59']
ガソリンスタンド,Dr.Drive セルフ八王子SS / (株)荒木,['0:00~23:59'],東京都八王子市元横山町1-15,N/A,東京都八王子市元横山町1-15,139.34021,35.663517,['0:00~23:59'],['0:00~23:59'],['0:00~23:59'],['0:00~23:59'],['0:00~23:59'],['0:00~23:59'],['0:00~23:59']
ガソリンスタンド,Dr.Drive 渋谷店 / (株)ENEOSフロンティア,['08:00~21:00'],東京都渋谷区渋谷2-16-1,N/A,東京都渋谷区渋谷2-16-1,139.70546,35.659946,['08:00~21:00'],['08:00~21:00'],['08:00~21:00'],['08:00~21:00'],['08:00~21:00'],['08:00~21:00'],['08:00~21:00']
ガソリンスタンド,Dr.Drive セルフ石神井SS / (株)荒木,['07:00~22:00'],東京都練馬区下石神井5-17-7,N/A,東京都練馬区下石神井5-17-7,139.599594,35.730457,['07:00~22:00'],['07:00~22:00'],['07:00~22:00'],['07:00~22:00'],['07:00~22:00'],['07:00~22:00'],['07:00~22:00']
ガソリンスタンド,深大寺SS / 青木石油商事(株),['07:00~20:00'],東京都調布市深大寺東町8-15-7,N/A,東京都調布市深大寺東町8-15-7,139.554901,35.681019,['07:00~20:00'],['07:00~20:00'],['07:00~20:00'],['07:00~20:00'],['07:00~20:00'],['07:00~20:00'],['07:00~20:00']
ガソリンスタンド,Dr.Drive セルフ環七豊玉店 / (株)ENEOSフロンティア,['0:00~23:59'],東京都練馬区豊玉中2-13-11,N/A,東京都練馬区豊玉中2-13-11,139.659241,35.731747,['0:00~23:59'],['0:00~23:59'],['0:00~23:59'],['0:00~23:59'],['0:00~23:59'],['0:00~23:59'],['0:00~23:59']
ガソリンスタンド,Dr.Drive セルフ烏山店 / (株)ENEOSフロンティア,['0:00~23:59'],東京都世田谷区北烏山6-1-1,N/A,東京都世田谷区北烏山6-1-1,139.599976,35.672356,['0:00~23:59'],['0:00~23:59'],['0:00~23:59'],['0:00~23:59'],['0:00~23:59'],['0:00~23:59'],['0:00~23:59']
ガソリンスタンド,Dr.Drive セルフ深川店 / (株)ENEOSフロンティア,['0:00~23:59'],東京都江東区木場2-1-5,N/A,東京都江東区木場2-1-5,139.80246,35.669395,['0:00~23:59'],['0:00~23:59'],['0:00~23:59'],['0:00~23:59'],['0:00~23:59'],['0:00~23:59'],['0:00~23:59']
ガソリンスタンド,Dr.Drive セルフ環七目黒南店 / (株)ENEOSフロンティア,['0:00~23:59'],東京都目黒区南1-16-5,N/A,東京都目黒区南1-16-5,139.689072,35.61198,['0:00~23:59'],['0:00~23:59'],['0:00~23:59'],['0:00~23:59'],['0:00~23:59'],['0:00~23:59'],['0:00~23:59']
ガソリンスタンド,Dr.Drive 目黒SS / 青木石油商事(株),['08:00~20:00'],東京都目黒区碑文谷2-10-24,N/A,東京都目黒区碑文谷2-10-24,139.687698,35.62458,['08:00~20:00'],['08:00~20:00'],['08:00~20:00'],['08:00~20:00'],['08:00~20:00'],['08:00~20:00'],['08:00~20:00']
ガソリンスタンド,Dr.Drive セルフ小平店 / (株)ENEOSフロンティア,['0:00~23:59'],東京都小平市大沼町4-51-24,N/A,東京都小平市大沼町4-51-24,139.503693,35.740871,['0:00~23:59'],['0:00~23:59'],['0:00~23:59'],['0:00~23:59'],['0:00~23:59'],['0:00~23:59'],['0:00~23:59']
ガソリンスタンド,Dr.Drive セルフ保木間店 / (株)ENEOSフロンティア,['0:00~23:59'],東京都足立区保木間4-1-3,N/A,東京都足立区保木間4-1-3,139.802246,35.797066,['0:00~23:59'],['0:00~23:59'],['0:00~23:59'],['0:00~23:59'],['0:00~23:59'],['0:00~23:59'],['0:00~23:59']
ガソリンスタンド,Dr.Drive セルフ八王子みなみ野店 / (株)ENEOSフロンティア,['0:00~23:59'],東京都八王子市小比企町3500-2,N/A,東京都八王子市小比企町3500-2,139.323425,35.639656,['0:00~23:59'],['0:00~23:59'],['0:00~23:59'],['0:00~23:59'],['0:00~23:59'],['0:00~23:59'],['0:00~23:59']
ガソリンスタンド,セルフ大森アベニューSS / ヤマヒロ(株),['0:00~23:59'],東京都大田区池上8-24-3,N/A,東京都大田区池上8-24-3,139.696457,35.567238,['0:00~23:59'],['0:00~23:59'],['0:00~23:59'],['0:00~23:59'],['0:00~23:59'],['0:00~23:59'],['0:00~23:59']
ガソリンスタンド,セルフ尾久SS / 昭和礦油(株),['0:00~23:59'],東京都北区昭和町2-4-15,N/A,東京都北区昭和町2-4-15,139.752609,35.74818,['0:00~23:59'],['0:00~23:59'],['0:00~23:59'],['0:00~23:59'],['0:00~23:59'],['0:00~23:59'],['0:00~23:59']
ガソリンスタンド,セルフ喜多見SS / 出光リテール販売(株),['0:00~23:59'],東京都世田谷区喜多見5-10-10,N/A,東京都世田谷区喜多見5-10-10,139.600983,35.629803,['0:00~23:59'],['0:00~23:59'],['0:00~23:59'],['0:00~23:59'],['0:00~23:59'],['0:00~23:59'],['0:00~23:59']
ガソリンスタンド,セルフ善福寺SS / (株)上井草,['0:00~23:59'],東京都杉並区善福寺1-34-30,N/A,東京都杉並区善福寺1-34-30,139.597672,35.715584,['0:00~23:59'],['0:00~23:59'],['0:00~23:59'],['0:00~23:59'],['0:00~23:59'],['0:00~23:59'],['0:00~23:59']
ガソリンスタンド,ルート6青戸SS / (株)湯浅,['0:00~23:59'],東京都葛飾区立石5-26-7,N/A,東京都葛飾区立石5-26-7,139.845291,35.745926,['0:00~23:59'],['0:00~23:59'],['0:00~23:59'],['0:00~23:59'],['0:00~23:59'],['0:00~23:59'],['0:00~23:59']
ガソリンスタンド,セルフ志村SS / 出光リテール販売(株),['0:00~23:59'],東京都板橋区志村1-12-24,N/A,東京都板橋区志村1-12-24,139.696686,35.77454,['0:00~23:59'],['0:00~23:59'],['0:00~23:59'],['0:00~23:59'],['0:00~23:59'],['0:00~23:59'],['0:00~23:59']
ガソリンスタンド,セルフ品川SS / 出光リテール販売(株),['0:00~23:59'],東京都品川区北品川3-1-3,N/A,東京都品川区北品川3-1-3,139.738693,35.622093,['0:00~23:59'],['0:00~23:59'],['0:00~23:59'],['0:00~23:59'],['0:00~23:59'],['0:00~23:59'],['0:00~23:59']
ガソリンスタンド,セルフ赤羽西SS / 平岩石油販売(株),['07:00~21:00'],東京都北区赤羽西6-10-19,N/A,東京都北区赤羽西6-10-19,139.708038,35.774227,['07:00~21:00'],['07:00~21:00'],['07:00~21:00'],['07:00~21:00'],['07:00~21:00'],['07:00~21:00'],['07:00~21:00']
ガソリンスタンド,環八谷原SS / (株)東日本宇佐美,['0:00~23:59'],東京都練馬区高野台4-14-17,N/A,東京都練馬区高野台4-14-17,139.617874,35.748135,['0:00~23:59'],['0:00~23:59'],['0:00~23:59'],['0:00~23:59'],['0:00~23:59'],['0:00~23:59'],['0:00~23:59']
ガソリンスタンド,柿の木坂SS / 忍田商事(株),['08:00~20:00'],東京都世田谷区野沢3-1-3,N/A,東京都世田谷区野沢3-1-3,139.677155,35.627743,['08:00~20:00'],['08:00~20:00'],['08:00~20:00'],['08:00~20:00'],['08:00~20:00'],['08:00~20:00'],['08:00~20:00']
ガソリンスタンド,Dr.Drive 日本橋店 / (株)ENEOSフロンティア,['08:00~19:00'],東京都中央区日本橋小舟町2-5,N/A,東京都中央区日本橋小舟町2-5,139.777695,35.686451,['08:00~19:00'],['08:00~19:00'],['08:00~19:00'],['08:00~19:00'],['08:00~19:00'],['08:00~19:00'],['08:00~19:00']
ガソリンスタンド,Dr.Drive 清洲橋店 / (株)ENEOSフロンティア,['08:00~20:00'],東京都江東区清澄1-4-1,N/A,東京都江東区清澄1-4-1,139.793518,35.681641,['08:00~20:00'],['08:00~20:00'],['08:00~20:00'],['08:00~20:00'],['08:00~20:00'],['08:00~20:00'],['08:00~20:00']
ガソリンスタンド,中河原SS / (有)ケイ・コーポレーション,['08:00~19:00'],東京都府中市住吉町4-11,N/A,東京都府中市住吉町4-11,139.456635,35.659908,['08:00~19:00'],['08:00~19:00'],['08:00~19:00'],['08:00~19:00'],['08:00~19:00'],['08:00~19:00'],['08:00~19:00']
ガソリンスタンド,Dr.Drive セルフ国立府中インター店 / (株)エノモト,['0:00~23:59'],東京都国立市谷保6-1-1,N/A,東京都国立市谷保6-1-1,139.446976,35.675205,['0:00~23:59'],['0:00~23:59'],['0:00~23:59'],['0:00~23:59'],['0:00~23:59'],['0:00~23:59'],['0:00~23:59']
ガソリンスタンド,EOS回田SS / (株)エノモト,['0:00~23:59'],東京都小平市回田町282-2,N/A,東京都小平市回田町282-2,139.496353,35.714813,['0:00~23:59'],['0:00~23:59'],['0:00~23:59'],['0:00~23:59'],['0:00~23:59'],['0:00~23:59'],['0:00~23:59']
ガソリンスタンド,Dr.Drive セルフ高幡不動SS / (株)荒木,['0:00~23:59'],東京都日野市三沢1-34-7,N/A,東京都日野市三沢1-34-7,139.416519,35.659405,['0:00~23:59'],['0:00~23:59'],['0:00~23:59'],['0:00~23:59'],['0:00~23:59'],['0:00~23:59'],['0:00~23:59']
ガソリンスタンド,EneJet Dr.Drive 東大和SS / 東京オート(株),['0:00~23:59'],東京都東大和市立野1-998-1,N/A,東京都東大和市立野1-998-1,139.422363,35.746124,['0:00~23:59'],['0:00~23:59'],['0:00~23:59'],['0:00~23:59'],['0:00~23:59'],['0:00~23:59'],['0:00~23:59']
ガソリンスタンド,Dr.Drive 聖ヶ丘店 / (株)ENEOSフロンティア,['07:00~22:00'],東京都多摩市聖ケ丘5-1418-7,N/A,東京都多摩市聖ケ丘5-1418-7,139.464035,35.627258,['07:00~22:00'],['07:00~22:00'],['07:00~22:00'],['07:00~22:00'],['07:00~22:00'],['07:00~22:00'],['07:00~22:00']
ガソリンスタンド,Dr.Drive 東京インター店 / (株)ENEOSフロンティア,['0:00~23:59'],東京都世田谷区瀬田5-39-25,N/A,東京都世田谷区瀬田5-39-25,139.626663,35.626026,['0:00~23:59'],['0:00~23:59'],['0:00~23:59'],['0:00~23:59'],['0:00~23:59'],['0:00~23:59'],['0:00~23:59']
ガソリンスタンド,Dr.Drive 大泉西店 / (株)ENEOSフロンティア,['07:00~21:00'],東京都練馬区大泉学園町3-21-8,N/A,東京都練馬区大泉学園町3-21-8,139.580368,35.762802,['07:00~21:00'],['07:00~21:00'],['07:00~21:00'],['07:00~21:00'],['07:00~21:00'],['07:00~21:00'],['07:00~21:00']
ガソリンスタンド,Dr.Drive セルフ八王子中野店 / (株)ENEOSフロンティア,['0:00~23:59'],東京都八王子市中野上町2-1-1,N/A,東京都八王子市中野上町2-1-1,139.330627,35.668369,['0:00~23:59'],['0:00~23:59'],['0:00~23:59'],['0:00~23:59'],['0:00~23:59'],['0:00~23:59'],['0:00~23:59']
ガソリンスタンド,三鷹中央SS / (株)エノモト,['07:00~22:00'],東京都三鷹市井口3-6-16,N/A,東京都三鷹市井口3-6-16,139.545822,35.690571,['07:00~22:00'],['07:00~22:00'],['07:00~22:00'],['07:00~22:00'],['07:00~22:00'],['07:00~22:00'],['07:00~22:00']
ガソリンスタンド,EOS西三鷹SS / (株)エノモト,['0:00~23:59'],東京都三鷹市大沢3-4-11,N/A,東京都三鷹市大沢3-4-11,139.534393,35.68158,['0:00~23:59'],['0:00~23:59'],['0:00~23:59'],['0:00~23:59'],['0:00~23:59'],['0:00~23:59'],['0:00~23:59']
ガソリンスタンド,EneJet Dr.Drive 高松SS / (株)松勇,['0:00~23:59'],東京都練馬区高松3-3-5,N/A,東京都練馬区高松3-3-5,139.626923,35.745888,['0:00~23:59'],['0:00~23:59'],['0:00~23:59'],['0:00~23:59'],['0:00~23:59'],['0:00~23:59'],['0:00~23:59']
ガソリンスタンド,Dr.Drive 阿佐ヶ谷SS / サンユエネルギー(株),['07:00~21:00'],東京都杉並区阿佐谷北4-27-3,N/A,東京都杉並区阿佐谷北4-27-3,139.636475,35.713089,['07:00~21:00'],['07:00~21:00'],['07:00~21:00'],['07:00~21:00'],['07:00~21:00'],['07:00~21:00'],['07:00~21:00']
ガソリンスタンド,白金SS / 渋谷石油(株),['0:00~23:59'],東京都港区白金2-3-7,N/A,東京都港区白金2-3-7,139.733398,35.642651,['0:00~23:59'],['0:00~23:59'],['0:00~23:59'],['0:00~23:59'],['0:00~23:59'],['0:00~23:59'],['0:00~23:59']
ガソリンスタンド,高円寺南SS / 渋谷石油(株),['07:00~22:00'],東京都杉並区高円寺南2-1-1,N/A,東京都杉並区高円寺南2-1-1,139.654251,35.698105,['07:00~22:00'],['07:00~22:00'],['07:00~22:00'],['07:00~22:00'],['07:00~22:00'],['07:00~22:00'],['07:00~22:00']
ガソリンスタンド,EneJet桜台SS / (有)ペトロベスト,['07:00~23:00'],東京都練馬区豊玉上2-5-6,N/A,東京都練馬区豊玉上2-5-6,139.665573,35.738426,['07:00~23:00'],['07:00~23:00'],['07:00~23:00'],['07:00~23:00'],['07:00~23:00'],['07:00~23:00'],['07:00~23:00']
ガソリンスタンド,大森SS / 渋谷石油(株),['0:00~23:59'],東京都大田区中央2-10-5,N/A,東京都大田区中央2-10-5,139.72049,35.57975,['0:00~23:59'],['0:00~23:59'],['0:00~23:59'],['0:00~23:59'],['0:00~23:59'],['0:00~23:59'],['0:00~23:59']
ガソリンスタンド,深沢SS / 関東燃料(株),['07:00~23:00'],東京都世田谷区駒沢5-14-9,N/A,東京都世田谷区駒沢5-14-9,139.655807,35.622253,['07:00~23:00'],['07:00~23:00'],['07:00~23:00'],['07:00~23:00'],['07:00~23:00'],['07:00~23:00'],['07:00~23:00']
ガソリンスタンド,椎名町SS / ババウチ石油(株),['0:00~23:59'],東京都豊島区南長崎5-4-3,N/A,東京都豊島区南長崎5-4-3,139.681534,35.727272,['0:00~23:59'],['0:00~23:59'],['0:00~23:59'],['0:00~23:59'],['0:00~23:59'],['0:00~23:59'],['0:00~23:59']
ガソリンスタンド,高島平SS / (株)長谷川,['07:00~21:30'],東京都板橋区相生町21-21,N/A,東京都板橋区相生町21-21,139.676376,35.777546,['07:00~21:30'],['07:00~21:30'],['07:00~21:30'],['07:00~21:30'],['07:00~21:30'],['07:00~21:30'],['07:00~21:30']
ガソリンスタンド,尾山台SS / 関東燃料(株),['08:00~21:00'],東京都世田谷区等々力2-3-5,N/A,東京都世田谷区等々力2-3-5,139.650467,35.604374,['08:00~21:00'],['08:00~21:00'],['08:00~21:00'],['08:00~21:00'],['08:00~21:00'],['08:00~21:00'],['08:00~21:00']
ガソリンスタンド,Dr.Drive セルフ永代橋エコSS / 隅田商事(株),['0:00~23:59'],東京都中央区新川1-29-14,N/A,東京都中央区新川1-29-14,139.78508,35.676121,['0:00~23:59'],['0:00~23:59'],['0:00~23:59'],['0:00~23:59'],['0:00~23:59'],['0:00~23:59'],['0:00~23:59']
ガソリンスタンド,Dr.Drive セルフ下落合駅前SS / 東新エナジー(株),['0:00~23:59'],東京都新宿区中落合2-8-15,N/A,東京都新宿区中落合2-8-15,139.69429,35.716976,['0:00~23:59'],['0:00~23:59'],['0:00~23:59'],['0:00~23:59'],['0:00~23:59'],['0:00~23:59'],['0:00~23:59']
ガソリンスタンド,世田谷SS / MAXエネルギー(株),['08:00~20:00'],東京都世田谷区桜新町2-30-10,N/A,東京都世田谷区桜新町2-30-10,139.63855,35.63316,['08:00~20:00'],['08:00~20:00'],['08:00~20:00'],['08:00~20:00'],['08:00~20:00'],['08:00~20:00'],['08:00~20:00']
ガソリンスタンド,Dr.Drive 東中野SS / (株)中野屋,['07:30~19:00'],東京都中野区東中野1-11-14,N/A,東京都中野区東中野1-11-14,139.682526,35.703114,['07:30~19:00'],['07:30~19:00'],['07:30~19:00'],['07:30~19:00'],['07:30~19:00'],['07:30~19:00'],['07:30~19:00']
ガソリンスタンド,Dr.Drive 高島平店 / 川端石油(株),['08:00~20:00'],東京都板橋区高島平1-77-15,N/A,東京都板橋区高島平1-77-15,139.672379,35.785954,['08:00~20:00'],['08:00~20:00'],['08:00~20:00'],['08:00~20:00'],['08:00~20:00'],['08:00~20:00'],['08:00~20:00']
ガソリンスタンド,Dr.Drive 見次公園店 / 川端石油(株),['07:30~20:00'],東京都板橋区前野町3-21-6,N/A,東京都板橋区前野町3-21-6,139.690643,35.769619,['07:30~20:00'],['07:30~20:00'],['07:30~20:00'],['07:30~20:00'],['07:30~20:00'],['07:30~20:00'],['07:30~20:00']
ガソリンスタンド,府中SS / MAXエネルギー(株),['07:00~20:00'],東京都府中市天神町4-32-1,N/A,東京都府中市天神町4-32-1,139.494843,35.683784,['07:00~20:00'],['07:00~20:00'],['07:00~20:00'],['07:00~20:00'],['07:00~20:00'],['07:00~20:00'],['07:00~20:00']
ガソリンスタンド,Dr.Drive セルフ目黒店 / (株)ENEOSフロンティア,['0:00~23:59'],東京都目黒区中町1-7-8,N/A,東京都目黒区中町1-7-8,139.700027,35.630173,['0:00~23:59'],['0:00~23:59'],['0:00~23:59'],['0:00~23:59'],['0:00~23:59'],['0:00~23:59'],['0:00~23:59']
ガソリンスタンド,Dr.Drive 新町SS / 関東燃料(株),['07:00~21:00'],東京都世田谷区新町1-22-10,N/A,東京都世田谷区新町1-22-10,139.649124,35.628674,['07:00~21:00'],['07:00~21:00'],['07:00~21:00'],['07:00~21:00'],['07:00~21:00'],['07:00~21:00'],['07:00~21:00']
ガソリンスタンド,Dr.Drive 志村橋店 / 川端石油(株),['07:30~20:00'],東京都板橋区東坂下2-3-8,N/A,東京都板橋区東坂下2-3-8,139.688629,35.782639,['07:30~20:00'],['07:30~20:00'],['07:30~20:00'],['07:30~20:00'],['07:30~20:00'],['07:30~20:00'],['07:30~20:00']
ガソリンスタンド,Dr.Drive セルフ清瀬店 / (株)ENEOSフロンティア,['0:00~23:59'],東京都清瀬市梅園2-8-16,N/A,東京都清瀬市梅園2-8-16,139.504837,35.774132,['0:00~23:59'],['0:00~23:59'],['0:00~23:59'],['0:00~23:59'],['0:00~23:59'],['0:00~23:59'],['0:00~23:59']
ガソリンスタンド,Dr.Drive セルフ西東京店 / (株)ENEOSフロンティア,['0:00~23:59'],東京都西東京市中町1-3-6,N/A,東京都西東京市中町1-3-6,139.55661,35.740467,['0:00~23:59'],['0:00~23:59'],['0:00~23:59'],['0:00~23:59'],['0:00~23:59'],['0:00~23:59'],['0:00~23:59']
ガソリンスタンド,Dr.Drive オブリステーション調布 / 三愛リテールサービス(株),"[['0:00~2:00','4:00~23:59']",東京都調布市飛田給2-33-6,N/A,東京都調布市飛田給2-33-6,139.524658,35.657867,[['0:00~2:00','4:00~23:59'],[['0:00~2:00','4:00~23:59'],[['0:00~2:00','4:00~23:59'],[['0:00~2:00','4:00~23:59'],[['0:00~2:00','4:00~23:59'],[['0:00~2:00','4:00~23:59'],[['0:00~2:00','4:00~23:59']
ガソリンスタンド,Dr.Drive セルフ多摩南店 / (株)ENEOSフロンティア,['0:00~23:59'],東京都多摩市永山6-22-1,N/A,東京都多摩市永山6-22-1,139.443329,35.612713,['0:00~23:59'],['0:00~23:59'],['0:00~23:59'],['0:00~23:59'],['0:00~23:59'],['0:00~23:59'],['0:00~23:59']
ガソリンスタンド,Dr.Drive セルフ都立大前店 / (株)ENEOSフロンティア,['0:00~23:59'],東京都八王子市上柚木2-8-7,N/A,東京都八王子市上柚木2-8-7,139.376007,35.622639,['0:00~23:59'],['0:00~23:59'],['0:00~23:59'],['0:00~23:59'],['0:00~23:59'],['0:00~23:59'],['0:00~23:59']
ガソリンスタンド,Dr.Drive セルフ青梅店 / (株)ENEOSフロンティア,['0:00~23:59'],東京都青梅市新町1-18-11,N/A,東京都青梅市新町1-18-11,139.294815,35.787766,['0:00~23:59'],['0:00~23:59'],['0:00~23:59'],['0:00~23:59'],['0:00~23:59'],['0:00~23:59'],['0:00~23:59']
ガソリンスタンド,Dr.Drive セルフ府中栄町店 / (株)ENEOSフロンティア,['0:00~23:59'],東京都府中市栄町2-20-5,N/A,東京都府中市栄町2-20-5,139.478363,35.688892,['0:00~23:59'],['0:00~23:59'],['0:00~23:59'],['0:00~23:59'],['0:00~23:59'],['0:00~23:59'],['0:00~23:59']
ガソリンスタンド,Dr.Drive セルフ国立店 / (株)ENEOSフロンティア,['0:00~23:59'],東京都国立市青柳2-14-39,N/A,東京都国立市青柳2-14-39,139.423477,35.682072,['0:00~23:59'],['0:00~23:59'],['0:00~23:59'],['0:00~23:59'],['0:00~23:59'],['0:00~23:59'],['0:00~23:59']
ガソリンスタンド,Dr.Drive セルフ三鷹店 / (株)ENEOSフロンティア,['0:00~23:59'],東京都三鷹市上連雀8-4-5,N/A,東京都三鷹市上連雀8-4-5,139.558304,35.683949,['0:00~23:59'],['0:00~23:59'],['0:00~23:59'],['0:00~23:59'],['0:00~23:59'],['0:00~23:59'],['0:00~23:59']
ガソリンスタンド,Dr.Drive 東村山店 / 日米ユナイテッド(株),['08:00~20:00'],東京都東村山市栄町3-5-24,N/A,東京都東村山市栄町3-5-24,139.467194,35.749409,['08:00~20:00'],['08:00~20:00'],['08:00~20:00'],['08:00~20:00'],['08:00~20:00'],['08:00~20:00'],['08:00~20:00']
ガソリンスタンド,サンライズ等々力SS / 山文商事(株),['07:30~21:00'],東京都世田谷区等々力4-24-14,N/A,東京都世田谷区等々力4-24-14,139.653229,35.611507,['07:30~21:00'],['07:30~21:00'],['07:30~21:00'],['07:30~21:00'],['07:30~21:00'],['07:30~21:00'],['07:30~21:00']
ガソリンスタンド,Dr.Drive セルフ環七碑文谷店 / (株)ENEOSフロンティア,['0:00~23:59'],東京都目黒区南2-12-17,N/A,東京都目黒区南2-12-17,139.683685,35.615746,['0:00~23:59'],['0:00~23:59'],['0:00~23:59'],['0:00~23:59'],['0:00~23:59'],['0:00~23:59'],['0:00~23:59']
ガソリンスタンド,Dr.Drive セルフ環七板橋店 / (株)ENEOSフロンティア,['0:00~23:59'],東京都板橋区富士見町1-5,N/A,東京都板橋区富士見町1-5,139.702438,35.760906,['0:00~23:59'],['0:00~23:59'],['0:00~23:59'],['0:00~23:59'],['0:00~23:59'],['0:00~23:59'],['0:00~23:59']
ガソリンスタンド,Dr.Drive セルフ府中SS / (株)荒木,['0:00~23:59'],東京都府中市是政2-2-43,N/A,東京都府中市是政2-2-43,139.490524,35.659073,['0:00~23:59'],['0:00~23:59'],['0:00~23:59'],['0:00~23:59'],['0:00~23:59'],['0:00~23:59'],['0:00~23:59']
ガソリンスタンド,Dr.Drive 新小岩SS / (株)ソニックス,['07:00~20:00'],東京都葛飾区奥戸4-19-20,N/A,東京都葛飾区奥戸4-19-20,139.867859,35.727009,['07:00~20:00'],['07:00~20:00'],['07:00~20:00'],['07:00~20:00'],['07:00~20:00'],['07:00~20:00'],['07:00~20:00']
ガソリンスタンド,セルフ綾瀬SS / (株)湯浅,['07:00~22:00'],東京都足立区東綾瀬1-25-2,N/A,東京都足立区東綾瀬1-25-2,139.829361,35.765919,['07:00~22:00'],['07:00~22:00'],['07:00~22:00'],['07:00~22:00'],['07:00~22:00'],['07:00~22:00'],['07:00~22:00']
ガソリンスタンド,亀戸SS / 出光リテール販売(株),['0:00~23:59'],東京都江東区亀戸9-24-19,N/A,東京都江東区亀戸9-24-19,139.840866,35.69751,['0:00~23:59'],['0:00~23:59'],['0:00~23:59'],['0:00~23:59'],['0:00~23:59'],['0:00~23:59'],['0:00~23:59']
ガソリンスタンド,セルフ関戸橋クルー19SS / 三信石油(株),['0:00~23:59'],東京都多摩市関戸3-1-7,N/A,東京都多摩市関戸3-1-7,139.454865,35.651299,['0:00~23:59'],['0:00~23:59'],['0:00~23:59'],['0:00~23:59'],['0:00~23:59'],['0:00~23:59'],['0:00~23:59']
ガソリンスタンド,哲学堂SS / 出光リテール販売(株),['0:00~23:59'],東京都中野区松が丘2-25-12,N/A,東京都中野区松が丘2-25-12,139.672165,35.721996,['0:00~23:59'],['0:00~23:59'],['0:00~23:59'],['0:00~23:59'],['0:00~23:59'],['0:00~23:59'],['0:00~23:59']
ガソリンスタンド,セルフ東四ツ木SS / イタバシ(株),['0:00~23:59'],東京都葛飾区東四つ木4-50-9,N/A,東京都葛飾区東四つ木4-50-9,139.843231,35.73349,['0:00~23:59'],['0:00~23:59'],['0:00~23:59'],['0:00~23:59'],['0:00~23:59'],['0:00~23:59'],['0:00~23:59']
ガソリンスタンド,プラザ雪ケ谷SS / 富国石油販売(株),['07:30~20:30'],東京都大田区石川町2-7-4,N/A,東京都大田区石川町2-7-4,139.683563,35.597752,['07:30~20:30'],['07:30~20:30'],['07:30~20:30'],['07:30~20:30'],['07:30~20:30'],['07:30~20:30'],['07:30~20:30']
ガソリンスタンド,セルフ玉堤クルー19SS / 三信石油(株),['07:00~22:00'],東京都世田谷区玉堤1-6-2,N/A,東京都世田谷区玉堤1-6-2,139.654572,35.593521,['07:00~22:00'],['07:00~22:00'],['07:00~22:00'],['07:00~22:00'],['07:00~22:00'],['07:00~22:00'],['07:00~22:00']
ガソリンスタンド,セルフ東金町SS / (株)湯浅,['0:00~23:59'],東京都葛飾区東金町4-28-15,N/A,東京都葛飾区東金町4-28-15,139.87851,35.776123,['0:00~23:59'],['0:00~23:59'],['0:00~23:59'],['0:00~23:59'],['0:00~23:59'],['0:00~23:59'],['0:00~23:59']
ガソリンスタンド,稲城向陽台SS / 関東礦油(株),['0:00~23:59'],東京都稲城市百村2115-1,N/A,東京都稲城市百村2115-1,139.488525,35.635571,['0:00~23:59'],['0:00~23:59'],['0:00~23:59'],['0:00~23:59'],['0:00~23:59'],['0:00~23:59'],['0:00~23:59']
ガソリンスタンド,八雲SS / 出光リテール販売(株),['08:00~20:00'],東京都目黒区八雲5-13-19,N/A,東京都目黒区八雲5-13-19,139.666779,35.622066,['08:00~20:00'],['08:00~20:00'],['08:00~20:00'],['08:00~20:00'],['08:00~20:00'],['08:00~20:00'],['08:00~20:00']
ガソリンスタンド,セルフ高島平SS / 平岩石油販売(株),['06:00~21:00'],東京都板橋区高島平2-4-4,N/A,東京都板橋区高島平2-4-4,139.662247,35.782383,['06:00~21:00'],['06:00~21:00'],['06:00~21:00'],['06:00~21:00'],['06:00~21:00'],['06:00~21:00'],['06:00~21:00']
ガソリンスタンド,セルフ志村SS / 平岩石油販売(株),['0:00~23:59'],東京都板橋区坂下3-3-6,N/A,東京都板橋区坂下3-3-6,139.68512,35.785984,['0:00~23:59'],['0:00~23:59'],['0:00~23:59'],['0:00~23:59'],['0:00~23:59'],['0:00~23:59'],['0:00~23:59']
ガソリンスタンド,セルフ南蒲田SS / (株)鈴美商事,['0:00~23:59'],東京都大田区南蒲田3-1-2,N/A,東京都大田区南蒲田3-1-2,139.726501,35.555855,['0:00~23:59'],['0:00~23:59'],['0:00~23:59'],['0:00~23:59'],['0:00~23:59'],['0:00~23:59'],['0:00~23:59']
ガソリンスタンド,練馬中央SS / (株)吉田商店,['07:30~19:30'],東京都練馬区北町7-8-1,N/A,東京都練馬区北町7-8-1,139.651154,35.759563,['07:30~19:30'],['07:30~19:30'],['07:30~19:30'],['07:30~19:30'],['07:30~19:30'],['07:30~19:30'],['07:30~19:30']
ガソリンスタンド,いちごはうすSS / (株)カワサキ,['07:00~21:00'],東京都江戸川区鹿骨3-4-14,N/A,東京都江戸川区鹿骨3-4-14,139.894058,35.711533,['07:00~21:00'],['07:00~21:00'],['07:00~21:00'],['07:00~21:00'],['07:00~21:00'],['07:00~21:00'],['07:00~21:00']
ガソリンスタンド,オブリステーション桜美林学園前 / 三愛リテールサービス(株),['0:00~23:59'],東京都町田市根岸町140-1,N/A,東京都町田市根岸町140-1,139.407883,35.57748,['0:00~23:59'],['0:00~23:59'],['0:00~23:59'],['0:00~23:59'],['0:00~23:59'],['0:00~23:59'],['0:00~23:59']
ガソリンスタンド,Dr.Drive セルフ環七山王店 / 日新石油(株),['0:00~23:59'],東京都大田区山王4-18-1,N/A,東京都大田区山王4-18-1,139.720032,35.585323,['0:00~23:59'],['0:00~23:59'],['0:00~23:59'],['0:00~23:59'],['0:00~23:59'],['0:00~23:59'],['0:00~23:59']
ガソリンスタンド,馬事公苑SS / (株)ENEOSジェネレーションズ,['07:00~22:00'],東京都世田谷区上用賀2-4-18,N/A,東京都世田谷区上用賀2-4-18,139.631409,35.639751,['07:00~22:00'],['07:00~22:00'],['07:00~22:00'],['07:00~22:00'],['07:00~22:00'],['07:00~22:00'],['07:00~22:00']
ガソリンスタンド,早稲田鶴巻SS / ババウチ石油(株),['08:00~21:00'],東京都文京区関口1-41-4,N/A,東京都文京区関口1-41-4,139.72403,35.710262,['08:00~21:00'],['08:00~21:00'],['08:00~21:00'],['08:00~21:00'],['08:00~21:00'],['08:00~21:00'],['08:00~21:00']
ガソリンスタンド,塩浜SS / 日産興業(株),['07:30~18:30'],東京都江東区塩浜2-1-3,N/A,東京都江東区塩浜2-1-3,139.803482,35.661572,['07:30~18:30'],['07:30~18:30'],['07:30~18:30'],['07:30~18:30'],['07:30~18:30'],['07:30~18:30'],['07:30~18:30']
ガソリンスタンド,代沢SS / 富士鉱油(株),['07:00~21:00'],東京都世田谷区代沢4-27-15,N/A,東京都世田谷区代沢4-27-15,139.667145,35.653553,['07:00~21:00'],['07:00~21:00'],['07:00~21:00'],['07:00~21:00'],['07:00~21:00'],['07:00~21:00'],['07:00~21:00']
ガソリンスタンド,足立入谷インター・ターミナルSS / (株)東日本宇佐美,['0:00~23:59'],東京都足立区入谷6-1-1,N/A,東京都足立区入谷6-1-1,139.765869,35.798267,['0:00~23:59'],['0:00~23:59'],['0:00~23:59'],['0:00~23:59'],['0:00~23:59'],['0:00~23:59'],['0:00~23:59']
ガソリンスタンド,Dr.Drive 村山第二SS / (株)指田商事,['06:00~22:00'],東京都武蔵村山市岸1-15-8,N/A,東京都武蔵村山市岸1-15-8,139.366959,35.759338,['06:00~22:00'],['06:00~22:00'],['06:00~22:00'],['06:00~22:00'],['06:00~22:00'],['06:00~22:00'],['06:00~22:00']
ガソリンスタンド,祐天寺SS / (株)佐藤商会,['08:00~19:00'],東京都目黒区上目黒5-30-1,N/A,東京都目黒区上目黒5-30-1,139.686356,35.641212,['08:00~19:00'],['08:00~19:00'],['08:00~19:00'],['08:00~19:00'],['08:00~19:00'],['08:00~19:00'],['08:00~19:00']
ガソリンスタンド,セルフ南野SS / (株)ENEOSフロンティア,['0:00~23:59'],東京都多摩市南野3-12-1,N/A,東京都多摩市南野3-12-1,139.42038,35.610222,['0:00~23:59'],['0:00~23:59'],['0:00~23:59'],['0:00~23:59'],['0:00~23:59'],['0:00~23:59'],['0:00~23:59']
ガソリンスタンド,16号瑞穂SS / (株)東日本宇佐美,['0:00~23:59'],東京都西多摩郡瑞穂町駒形富士山120-1,N/A,東京都西多摩郡瑞穂町駒形富士山120-1,139.362061,35.79031,['0:00~23:59'],['0:00~23:59'],['0:00~23:59'],['0:00~23:59'],['0:00~23:59'],['0:00~23:59'],['0:00~23:59']
ガソリンスタンド,EOS恋ヶ窪SS / (株)エノモト,['0:00~23:59'],東京都国分寺市東恋ケ窪5-13-11,N/A,東京都国分寺市東恋ケ窪5-13-11,139.46788,35.71006,['0:00~23:59'],['0:00~23:59'],['0:00~23:59'],['0:00~23:59'],['0:00~23:59'],['0:00~23:59'],['0:00~23:59']
ガソリンスタンド,深大寺SS / 関東燃料(株),['0:00~23:59'],東京都調布市深大寺東町6-37-8,N/A,東京都調布市深大寺東町6-37-8,139.555389,35.677441,['0:00~23:59'],['0:00~23:59'],['0:00~23:59'],['0:00~23:59'],['0:00~23:59'],['0:00~23:59'],['0:00~23:59']
ガソリンスタンド,ニュー小宮SS / (株)ENEOSジェネレーションズ,['0:00~23:59'],東京都八王子市小宮町853-1,N/A,東京都八王子市小宮町853-1,139.371048,35.688343,['0:00~23:59'],['0:00~23:59'],['0:00~23:59'],['0:00~23:59'],['0:00~23:59'],['0:00~23:59'],['0:00~23:59']
ガソリンスタンド,東久留米SS / 武蔵石油(株),['0:00~23:59'],東京都東久留米市柳窪3-1-16,N/A,東京都東久留米市柳窪3-1-16,139.492569,35.744114,['0:00~23:59'],['0:00~23:59'],['0:00~23:59'],['0:00~23:59'],['0:00~23:59'],['0:00~23:59'],['0:00~23:59']
ガソリンスタンド,上北沢SS / 関東燃料(株),['0:00~23:59'],東京都世田谷区上北沢4-17-15,N/A,東京都世田谷区上北沢4-17-15,139.624054,35.670403,['0:00~23:59'],['0:00~23:59'],['0:00~23:59'],['0:00~23:59'],['0:00~23:59'],['0:00~23:59'],['0:00~23:59']
ガソリンスタンド,関町SS / (株)ENEOSジェネレーションズ,['06:00~23:00'],東京都練馬区関町北2-3-6,N/A,東京都練馬区関町北2-3-6,139.574432,35.72311,['06:00~23:00'],['06:00~23:00'],['06:00~23:00'],['06:00~23:00'],['06:00~23:00'],['06:00~23:00'],['06:00~23:00']
ガソリンスタンド,池袋SS / 中央石油(株),['08:00~20:00'],東京都豊島区東池袋4-41-18,N/A,東京都豊島区東池袋4-41-18,139.72258,35.730053,['08:00~20:00'],['08:00~20:00'],['08:00~20:00'],['08:00~20:00'],['08:00~20:00'],['08:00~20:00'],['08:00~20:00']
ガソリンスタンド,八王子バイパスSS / (株)ENEOSジェネレーションズ,['0:00~23:59'],東京都八王子市北野町566-13,N/A,東京都八王子市北野町566-13,139.352982,35.648186,['0:00~23:59'],['0:00~23:59'],['0:00~23:59'],['0:00~23:59'],['0:00~23:59'],['0:00~23:59'],['0:00~23:59']
ガソリンスタンド,春日町SS / 中央石油(株),['06:00~23:59'],東京都練馬区春日町2-5-19,N/A,東京都練馬区春日町2-5-19,139.64711,35.75491,['06:00~23:59'],['06:00~23:59'],['06:00~23:59'],['06:00~23:59'],['06:00~23:59'],['06:00~23:59'],['06:00~23:59']
ガソリンスタンド,セルフ西池袋SS / 三栄石油(株),['0:00~23:59'],東京都豊島区要町2-17-1,N/A,東京都豊島区要町2-17-1,139.694061,35.734966,['0:00~23:59'],['0:00~23:59'],['0:00~23:59'],['0:00~23:59'],['0:00~23:59'],['0:00~23:59'],['0:00~23:59']
ガソリンスタンド,府中SS / 関東燃料(株),['07:00~23:00'],東京都府中市若松町2-1722,N/A,東京都府中市若松町2-1722,139.500015,35.67173,['07:00~23:00'],['07:00~23:00'],['07:00~23:00'],['07:00~23:00'],['07:00~23:00'],['07:00~23:00'],['07:00~23:00']
ガソリンスタンド,Dr.Drive 品川店 / (株)ENEOSフロンティア,['07:30~20:00'],東京都品川区東品川3-1-12,N/A,東京都品川区東品川3-1-12,139.746292,35.616695,['07:30~20:00'],['07:30~20:00'],['07:30~20:00'],['07:30~20:00'],['07:30~20:00'],['07:30~20:00'],['07:30~20:00']
ガソリンスタンド,Dr.Drive 東久が原店 / (株)ENEOSフロンティア,['08:00~20:00'],東京都大田区久が原2-20-11,N/A,東京都大田区久が原2-20-11,139.697464,35.581047,['08:00~20:00'],['08:00~20:00'],['08:00~20:00'],['08:00~20:00'],['08:00~20:00'],['08:00~20:00'],['08:00~20:00']
ガソリンスタンド,大森北SS / 山文商事(株),['07:30~21:00'],東京都大田区大森北4-15-12,N/A,東京都大田区大森北4-15-12,139.729462,35.582558,['07:30~21:00'],['07:30~21:00'],['07:30~21:00'],['07:30~21:00'],['07:30~21:00'],['07:30~21:00'],['07:30~21:00']
ガソリンスタンド,Dr.Drive 中野哲学堂SS / サンユエネルギー(株),['07:00~20:00'],東京都中野区江古田1-38-19,N/A,東京都中野区江古田1-38-19,139.671204,35.724041,['07:00~20:00'],['07:00~20:00'],['07:00~20:00'],['07:00~20:00'],['07:00~20:00'],['07:00~20:00'],['07:00~20:00']
ガソリンスタンド,アロピット綾瀬SS / 協和興業(株),['07:00~20:30'],東京都足立区綾瀬2-2-8,N/A,東京都足立区綾瀬2-2-8,139.828369,35.757843,['07:00~20:30'],['07:00~20:30'],['07:00~20:30'],['07:00~20:30'],['07:00~20:30'],['07:00~20:30'],['07:00~20:30']
ガソリンスタンド,南篠崎SS / (有)矢島油店,['07:00~20:00'],東京都江戸川区南篠崎町1-19-8,N/A,東京都江戸川区南篠崎町1-19-8,139.904022,35.696064,['07:00~20:00'],['07:00~20:00'],['07:00~20:00'],['07:00~20:00'],['07:00~20:00'],['07:00~20:00'],['07:00~20:00']
ガソリンスタンド,Dr.Drive セルフ昭島北SS / 橋本産業(株),['07:00~22:00'],東京都昭島市武蔵野2-11-23,N/A,東京都昭島市武蔵野2-11-23,139.373383,35.72295,['07:00~22:00'],['07:00~22:00'],['07:00~22:00'],['07:00~22:00'],['07:00~22:00'],['07:00~22:00'],['07:00~22:00']
ガソリンスタンド,Dr.Drive カートピア田無SS / (株)泰正社,['07:00~21:00'],東京都西東京市北原町2-8-7,N/A,東京都西東京市北原町2-8-7,139.543549,35.738552,['07:00~21:00'],['07:00~21:00'],['07:00~21:00'],['07:00~21:00'],['07:00~21:00'],['07:00~21:00'],['07:00~21:00']
ガソリンスタンド,Dr.Drive 亀有駅前SS / 共栄石油(株),['06:00~22:00'],東京都葛飾区亀有5-45-6,N/A,東京都葛飾区亀有5-45-6,139.849411,35.767632,['06:00~22:00'],['06:00~22:00'],['06:00~22:00'],['06:00~22:00'],['06:00~22:00'],['06:00~22:00'],['06:00~22:00']
ガソリンスタンド,Dr.Drive 西麻布SS / 青木石油商事(株),"[['0:00~3:00','4:00~23:59']",東京都港区西麻布3-24-15,N/A,東京都港区西麻布3-24-15,139.723953,35.659302,[['0:00~3:00','4:00~23:59'],[['0:00~3:00','4:00~23:59'],[['0:00~3:00','4:00~23:59'],[['0:00~3:00','4:00~23:59'],[['0:00~3:00','4:00~23:59'],[['0:00~3:00','4:00~23:59'],[['0:00~3:00','4:00~23:59']
ガソリンスタンド,Dr.Drive 池袋SS / (株)サントーコー,['07:30~21:00'],東京都豊島区南池袋2-49-7,N/A,東京都豊島区南池袋2-49-7,139.716858,35.727161,['07:30~21:00'],['07:30~21:00'],['07:30~21:00'],['07:30~21:00'],['07:30~21:00'],['07:30~21:00'],['07:30~21:00']
ガソリンスタンド,Dr.Drive 本所SS / 青木石油商事(株),['0:00~23:59'],東京都墨田区太平1-18-22,N/A,東京都墨田区太平1-18-22,139.809097,35.700996,['0:00~23:59'],['0:00~23:59'],['0:00~23:59'],['0:00~23:59'],['0:00~23:59'],['0:00~23:59'],['0:00~23:59']
ガソリンスタンド,薬師店 / 日新石油(株),['07:30~20:00'],東京都町田市野津田町2469,N/A,東京都町田市野津田町2469,139.448334,35.58374,['07:30~20:00'],['07:30~20:00'],['07:30~20:00'],['07:30~20:00'],['07:30~20:00'],['07:30~20:00'],['07:30~20:00']
ガソリンスタンド,Dr.Drive セルフ町田木曽店 / (株)ENEOSフロンティア,['0:00~23:59'],東京都町田市木曽西3-6-8,N/A,東京都町田市木曽西3-6-8,139.415237,35.571823,['0:00~23:59'],['0:00~23:59'],['0:00~23:59'],['0:00~23:59'],['0:00~23:59'],['0:00~23:59'],['0:00~23:59']
ガソリンスタンド,Dr.Drive セルフ多摩境店 / (株)ENEOSフロンティア,['0:00~23:59'],東京都町田市小山ケ丘3-2-18,N/A,東京都町田市小山ケ丘3-2-18,139.380005,35.59972,['0:00~23:59'],['0:00~23:59'],['0:00~23:59'],['0:00~23:59'],['0:00~23:59'],['0:00~23:59'],['0:00~23:59']
ガソリンスタンド,Dr.Drive セルフ環七足立店 / (株)ENEOSフロンティア,['0:00~23:59'],東京都足立区大谷田3-1-16,N/A,東京都足立区大谷田3-1-16,139.84021,35.776802,['0:00~23:59'],['0:00~23:59'],['0:00~23:59'],['0:00~23:59'],['0:00~23:59'],['0:00~23:59'],['0:00~23:59']
ガソリンスタンド,東京ゲートブリッジ若洲SS / (株)東日本宇佐美,['0:00~23:59'],東京都江東区新木場1-11-11,N/A,東京都江東区新木場1-11-11,139.83667,35.643528,['0:00~23:59'],['0:00~23:59'],['0:00~23:59'],['0:00~23:59'],['0:00~23:59'],['0:00~23:59'],['0:00~23:59']
ガソリンスタンド,豊洲市場SS / (株)東日本宇佐美,['0:00~23:59'],東京都江東区豊洲6-3-6,N/A,東京都江東区豊洲6-3-6,139.785583,35.644444,['0:00~23:59'],['0:00~23:59'],['0:00~23:59'],['0:00~23:59'],['0:00~23:59'],['0:00~23:59'],['0:00~23:59']
ガソリンスタンド,EneJetニュー練馬SS / (有)ペトロベスト,['07:00~22:00'],東京都練馬区北町3-14-4,N/A,東京都練馬区北町3-14-4,139.651596,35.767582,['07:00~22:00'],['07:00~22:00'],['07:00~22:00'],['07:00~22:00'],['07:00~22:00'],['07:00~22:00'],['07:00~22:00']
ガソリンスタンド,国分寺南SS / 渋谷石油(株),['07:00~22:00'],東京都国分寺市西元町2-7,N/A,東京都国分寺市西元町2-7,139.469116,35.692528,['07:00~22:00'],['07:00~22:00'],['07:00~22:00'],['07:00~22:00'],['07:00~22:00'],['07:00~22:00'],['07:00~22:00']
ガソリンスタンド,蓮根町SS / (有)小川燃料,['07:00~20:00'],東京都板橋区蓮根2-1-11,N/A,東京都板橋区蓮根2-1-11,139.679321,35.781246,['07:00~20:00'],['07:00~20:00'],['07:00~20:00'],['07:00~20:00'],['07:00~20:00'],['07:00~20:00'],['07:00~20:00']
ガソリンスタンド,セルフ鹿浜SS / 出光リテール販売(株),['0:00~23:59'],東京都足立区鹿浜3-23-9,N/A,東京都足立区鹿浜3-23-9,139.751419,35.783257,['0:00~23:59'],['0:00~23:59'],['0:00~23:59'],['0:00~23:59'],['0:00~23:59'],['0:00~23:59'],['0:00~23:59']
ガソリンスタンド,日野SS / (株)馬場商会,['08:00~20:00'],東京都日野市日野本町4-3-8,N/A,東京都日野市日野本町4-3-8,139.397034,35.679485,['08:00~20:00'],['08:00~20:00'],['08:00~20:00'],['08:00~20:00'],['08:00~20:00'],['08:00~20:00'],['08:00~20:00']
ガソリンスタンド,セルフ本郷SS / 出光リテール販売(株),['0:00~23:59'],東京都文京区本郷3-2-10,N/A,東京都文京区本郷3-2-10,139.76207,35.703857,['0:00~23:59'],['0:00~23:59'],['0:00~23:59'],['0:00~23:59'],['0:00~23:59'],['0:00~23:59'],['0:00~23:59']
ガソリンスタンド,セルフ相原SS / ヤマヒロ(株),['0:00~23:59'],東京都町田市相原町3351,N/A,東京都町田市相原町3351,139.30072,35.61293,['0:00~23:59'],['0:00~23:59'],['0:00~23:59'],['0:00~23:59'],['0:00~23:59'],['0:00~23:59'],['0:00~23:59']
ガソリンスタンド,日野南平SS / ヤマヒロ(株),['0:00~23:59'],東京都日野市南平4-19-1,N/A,東京都日野市南平4-19-1,139.399063,35.659245,['0:00~23:59'],['0:00~23:59'],['0:00~23:59'],['0:00~23:59'],['0:00~23:59'],['0:00~23:59'],['0:00~23:59']
ガソリンスタンド,セルフ大泉学園SS / イタバシ(株),['0:00~23:59'],東京都練馬区大泉学園町6-30-29,N/A,東京都練馬区大泉学園町6-30-29,139.585983,35.77454,['0:00~23:59'],['0:00~23:59'],['0:00~23:59'],['0:00~23:59'],['0:00~23:59'],['0:00~23:59'],['0:00~23:59']
ガソリンスタンド,セルフ大久保SS / ヤマヒロ(株),['06:00~22:00'],東京都新宿区北新宿4-1-1,N/A,東京都新宿区北新宿4-1-1,139.694641,35.704018,['06:00~22:00'],['06:00~22:00'],['06:00~22:00'],['06:00~22:00'],['06:00~22:00'],['06:00~22:00'],['06:00~22:00']
ガソリンスタンド,足立R4SS / 出光リテール販売(株),['0:00~23:59'],東京都足立区平野2-9-5,N/A,東京都足立区平野2-9-5,139.803101,35.784473,['0:00~23:59'],['0:00~23:59'],['0:00~23:59'],['0:00~23:59'],['0:00~23:59'],['0:00~23:59'],['0:00~23:59']
ガソリンスタンド,セルフ西台SS / イタバシ(株),['0:00~23:59'],東京都板橋区高島平1-28-13,N/A,東京都板橋区高島平1-28-13,139.673615,35.783333,['0:00~23:59'],['0:00~23:59'],['0:00~23:59'],['0:00~23:59'],['0:00~23:59'],['0:00~23:59'],['0:00~23:59']
ガソリンスタンド,セルフ西巣鴨SS / 出光リテール販売(株),['0:00~23:59'],東京都豊島区西巣鴨4-14-1,N/A,東京都豊島区西巣鴨4-14-1,139.727951,35.744503,['0:00~23:59'],['0:00~23:59'],['0:00~23:59'],['0:00~23:59'],['0:00~23:59'],['0:00~23:59'],['0:00~23:59']
ガソリンスタンド,セルフ用賀中町SS / 昭和礦油(株),['07:00~22:00'],東京都世田谷区中町5-29-9,N/A,東京都世田谷区中町5-29-9,139.6409,35.620605,['07:00~22:00'],['07:00~22:00'],['07:00~22:00'],['07:00~22:00'],['07:00~22:00'],['07:00~22:00'],['07:00~22:00']
ガソリンスタンド,千歳町SS / (株)共栄オーメック,['07:00~19:00'],東京都墨田区千歳3-8-10,N/A,東京都墨田区千歳3-8-10,139.797134,35.690102,['07:00~19:00'],['07:00~19:00'],['07:00~19:00'],['07:00~19:00'],['07:00~19:00'],['07:00~19:00'],['07:00~19:00']
ガソリンスタンド,セルフ大田中央SS / (株)鈴美商事,['0:00~23:59'],東京都大田区中央3-3-1,N/A,東京都大田区中央3-3-1,139.717636,35.57827,['0:00~23:59'],['0:00~23:59'],['0:00~23:59'],['0:00~23:59'],['0:00~23:59'],['0:00~23:59'],['0:00~23:59']
ガソリンスタンド,平和島SS / (株)東日本宇佐美,['0:00~23:59'],東京都大田区平和島5-9-2,N/A,東京都大田区平和島5-9-2,139.745712,35.575985,['0:00~23:59'],['0:00~23:59'],['0:00~23:59'],['0:00~23:59'],['0:00~23:59'],['0:00~23:59'],['0:00~23:59']
ガソリンスタンド,板橋SS / 平岩石油販売(株),['07:00~21:00'],東京都板橋区氷川町7-6,N/A,東京都板橋区氷川町7-6,139.708344,35.753094,['07:00~21:00'],['07:00~21:00'],['07:00~21:00'],['07:00~21:00'],['07:00~21:00'],['07:00~21:00'],['07:00~21:00']
ガソリンスタンド,セルフ雨間SS / 出光リテール販売(株),['07:00~23:00'],東京都あきる野市雨間667,N/A,東京都あきる野市雨間667,139.29689,35.722416,['07:00~23:00'],['07:00~23:00'],['07:00~23:00'],['07:00~23:00'],['07:00~23:00'],['07:00~23:00'],['07:00~23:00']
ガソリンスタンド,セルフ小平SS / (有)吉田商事,['0:00~23:59'],東京都小平市仲町200,N/A,東京都小平市仲町200,139.487045,35.731697,['0:00~23:59'],['0:00~23:59'],['0:00~23:59'],['0:00~23:59'],['0:00~23:59'],['0:00~23:59'],['0:00~23:59']
ガソリンスタンド,セルフ福生SS / 出光リテール販売(株),"[['0:00~3:00','4:00~23:59']",東京都福生市熊川350,N/A,東京都福生市熊川350,139.335724,35.720444,[['0:00~3:00','4:00~23:59'],[['0:00~3:00','4:00~23:59'],[['0:00~3:00','4:00~23:59'],[['0:00~3:00','4:00~23:59'],[['0:00~3:00','4:00~23:59'],[['0:00~3:00','4:00~23:59'],[['0:00~3:00','4:00~23:59']
ガソリンスタンド,環七十条SS / (株)東日本宇佐美,['0:00~23:59'],東京都北区上十条5-5-1,N/A,東京都北区上十条5-5-1,139.717117,35.764595,['0:00~23:59'],['0:00~23:59'],['0:00~23:59'],['0:00~23:59'],['0:00~23:59'],['0:00~23:59'],['0:00~23:59']
ガソリンスタンド,セルフ目白通りSS / 出光リテール販売(株),['0:00~23:59'],東京都豊島区南長崎6-4-1,N/A,東京都豊島区南長崎6-4-1,139.678497,35.729156,['0:00~23:59'],['0:00~23:59'],['0:00~23:59'],['0:00~23:59'],['0:00~23:59'],['0:00~23:59'],['0:00~23:59']
ガソリンスタンド,新青梅たなしSS / (株)東日本宇佐美,['0:00~23:59'],東京都西東京市芝久保町5-5-41,N/A,東京都西東京市芝久保町5-5-41,139.528473,35.734367,['0:00~23:59'],['0:00~23:59'],['0:00~23:59'],['0:00~23:59'],['0:00~23:59'],['0:00~23:59'],['0:00~23:59']
ガソリンスタンド,セルフ永代通り木場SS / (株)東日本宇佐美,['06:00~21:00'],東京都江東区木場2-7-1,N/A,東京都江東区木場2-7-1,139.802979,35.669765,['06:00~21:00'],['06:00~21:00'],['06:00~21:00'],['06:00~21:00'],['06:00~21:00'],['06:00~21:00'],['06:00~21:00']
ガソリンスタンド,ステージ21国分寺SS / 武蔵石油(株),['0:00~23:59'],東京都国分寺市南町1-14-12,N/A,東京都国分寺市南町1-14-12,139.484711,35.699749,['0:00~23:59'],['0:00~23:59'],['0:00~23:59'],['0:00~23:59'],['0:00~23:59'],['0:00~23:59'],['0:00~23:59']
ガソリンスタンド,オブリステーション東青梅 / 三愛リテールサービス(株),['0:00~23:59'],東京都青梅市師岡町4-13-3,N/A,東京都青梅市師岡町4-13-3,139.286133,35.788277,['0:00~23:59'],['0:00~23:59'],['0:00~23:59'],['0:00~23:59'],['0:00~23:59'],['0:00~23:59'],['0:00~23:59']
ガソリンスタンド,オブリプラーザ下馬 / 三愛リテールサービス(株),['08:00~20:00'],東京都世田谷区下馬1-20-9,N/A,東京都世田谷区下馬1-20-9,139.681885,35.639706,['08:00~20:00'],['08:00~20:00'],['08:00~20:00'],['08:00~20:00'],['08:00~20:00'],['08:00~20:00'],['08:00~20:00']
ガソリンスタンド,久留米SS / (有)貫井商事,['06:00~23:59'],東京都東久留米市大門町1-1-22,N/A,東京都東久留米市大門町1-1-22,139.537369,35.762859,['06:00~23:59'],['06:00~23:59'],['06:00~23:59'],['06:00~23:59'],['06:00~23:59'],['06:00~23:59'],['06:00~23:59']
ガソリンスタンド,大蔵SS / (株)ENEOSジェネレーションズ,['0:00~23:59'],東京都世田谷区砧3-1-1,N/A,東京都世田谷区砧3-1-1,139.615005,35.635151,['0:00~23:59'],['0:00~23:59'],['0:00~23:59'],['0:00~23:59'],['0:00~23:59'],['0:00~23:59'],['0:00~23:59']
ガソリンスタンド,西伊興SS / (有)セイウン,['08:00~19:30'],東京都足立区西伊興2-1-20,N/A,東京都足立区西伊興2-1-20,139.779251,35.794243,['08:00~19:30'],['08:00~19:30'],['08:00~19:30'],['08:00~19:30'],['08:00~19:30'],['08:00~19:30'],['08:00~19:30']
ガソリンスタンド,オートイン大門店 / 金桝石油(株),['07:00~23:00'],東京都青梅市大門2-183-11,N/A,東京都青梅市大門2-183-11,139.292404,35.794983,['07:00~23:00'],['07:00~23:00'],['07:00~23:00'],['07:00~23:00'],['07:00~23:00'],['07:00~23:00'],['07:00~23:00']
ガソリンスタンド,レインボーブリッジ芝浦SS / (株)東日本宇佐美,['07:00~19:00'],東京都港区海岸3-7-13,N/A,東京都港区海岸3-7-13,139.752258,35.636414,['07:00~19:00'],['07:00~19:00'],['07:00~19:00'],['07:00~19:00'],['07:00~19:00'],['07:00~19:00'],['07:00~19:00']
ガソリンスタンド,柴又SS / (有)関森,['06:30~20:30'],東京都葛飾区柴又4-36-18,N/A,東京都葛飾区柴又4-36-18,139.87912,35.75013,['06:30~20:30'],['06:30~20:30'],['06:30~20:30'],['06:30~20:30'],['06:30~20:30'],['06:30~20:30'],['06:30~20:30']
ガソリンスタンド,村山SS / (株)指田商事,['06:00~21:00'],東京都武蔵村山市学園5-32-3,N/A,東京都武蔵村山市学園5-32-3,139.396957,35.742802,['06:00~21:00'],['06:00~21:00'],['06:00~21:00'],['06:00~21:00'],['06:00~21:00'],['06:00~21:00'],['06:00~21:00']
ガソリンスタンド,葛西中央通りSS / 共栄石油(株),['07:00~23:00'],東京都江戸川区中葛西6-1-4,N/A,東京都江戸川区中葛西6-1-4,139.864151,35.65926,['07:00~23:00'],['07:00~23:00'],['07:00~23:00'],['07:00~23:00'],['07:00~23:00'],['07:00~23:00'],['07:00~23:00']
ガソリンスタンド,聖蹟桜ヶ丘SS / (同)タモツエナジー,['0:00~23:59'],東京都日野市百草290-1,N/A,東京都日野市百草290-1,139.425232,35.650002,['0:00~23:59'],['0:00~23:59'],['0:00~23:59'],['0:00~23:59'],['0:00~23:59'],['0:00~23:59'],['0:00~23:59']
ガソリンスタンド,多摩ニュータウンSS / (株)山藤石油店,"[['0:00~3:00','4:00~23:59']",東京都八王子市松木33-14,N/A,東京都八王子市松木33-14,139.394135,35.624878,[['0:00~3:00','4:00~23:59'],[['0:00~3:00','4:00~23:59'],[['0:00~3:00','4:00~23:59'],[['0:00~3:00','4:00~23:59'],[['0:00~3:00','4:00~23:59'],[['0:00~3:00','4:00~23:59'],[['0:00~3:00','4:00~23:59']
ガソリンスタンド,国立SS / (株)田辺石油商会,['07:00~21:00'],東京都国立市富士見台2-44-4,N/A,東京都国立市富士見台2-44-4,139.441284,35.686836,['07:00~21:00'],['07:00~21:00'],['07:00~21:00'],['07:00~21:00'],['07:00~21:00'],['07:00~21:00'],['07:00~21:00']
ガソリンスタンド,グリーンプラザ久留米SS / 武蔵石油(株),['0:00~23:59'],東京都東久留米市前沢4-5-3,N/A,東京都東久留米市前沢4-5-3,139.513199,35.743649,['0:00~23:59'],['0:00~23:59'],['0:00~23:59'],['0:00~23:59'],['0:00~23:59'],['0:00~23:59'],['0:00~23:59']
ガソリンスタンド,上野毛SS / 日米石油(株),['0:00~23:59'],東京都世田谷区上野毛2-6-20,N/A,東京都世田谷区上野毛2-6-20,139.638962,35.610073,['0:00~23:59'],['0:00~23:59'],['0:00~23:59'],['0:00~23:59'],['0:00~23:59'],['0:00~23:59'],['0:00~23:59']
ガソリンスタンド,広尾SS / 日新石油(株),['07:30~20:00'],東京都渋谷区広尾5-1-34,N/A,東京都渋谷区広尾5-1-34,139.71875,35.649071,['07:30~20:00'],['07:30~20:00'],['07:30~20:00'],['07:30~20:00'],['07:30~20:00'],['07:30~20:00'],['07:30~20:00']
ガソリンスタンド,赤羽環八SS / (株)三田商店,['08:00~20:00'],東京都北区赤羽北1-25-6,N/A,東京都北区赤羽北1-25-6,139.715561,35.786633,['08:00~20:00'],['08:00~20:00'],['08:00~20:00'],['08:00~20:00'],['08:00~20:00'],['08:00~20:00'],['08:00~20:00']
ガソリンスタンド,武蔵村山市役所前SS / (株)波多野石油,['06:30~20:00'],東京都武蔵村山市中央3-2-2,N/A,東京都武蔵村山市中央3-2-2,139.388489,35.755177,['06:30~20:00'],['06:30~20:00'],['06:30~20:00'],['06:30~20:00'],['06:30~20:00'],['06:30~20:00'],['06:30~20:00']
ガソリンスタンド,府中SS / (株)荒木,['07:30~20:00'],東京都府中市緑町3-7-1,N/A,東京都府中市緑町3-7-1,139.493347,35.670277,['07:30~20:00'],['07:30~20:00'],['07:30~20:00'],['07:30~20:00'],['07:30~20:00'],['07:30~20:00'],['07:30~20:00']
ガソリンスタンド,Dr.Drive 高輪店 / (株)ENEOSフロンティア,['08:00~20:00'],東京都港区高輪2-18-10,N/A,東京都港区高輪2-18-10,139.74028,35.640011,['08:00~20:00'],['08:00~20:00'],['08:00~20:00'],['08:00~20:00'],['08:00~20:00'],['08:00~20:00'],['08:00~20:00']
ガソリンスタンド,八王子美山SS / 菱美産業(株),['07:00~20:30'],東京都八王子市美山町1855,N/A,東京都八王子市美山町1855,139.250122,35.689602,['07:00~20:30'],['07:00~20:30'],['07:00~20:30'],['07:00~20:30'],['07:00~20:30'],['07:00~20:30'],['07:00~20:30']
ガソリンスタンド,コミュニティーストア行船SS / 行船石油(株),['0:00~23:59'],東京都江戸川区北葛西2-10-25,N/A,東京都江戸川区北葛西2-10-25,139.856949,35.671406,['0:00~23:59'],['0:00~23:59'],['0:00~23:59'],['0:00~23:59'],['0:00~23:59'],['0:00~23:59'],['0:00~23:59']
ガソリンスタンド,セルフ17号板橋本町SS / (株)東日本宇佐美,['0:00~23:59'],東京都板橋区本町40-6,N/A,東京都板橋区本町40-6,139.70697,35.758312,['0:00~23:59'],['0:00~23:59'],['0:00~23:59'],['0:00~23:59'],['0:00~23:59'],['0:00~23:59'],['0:00~23:59']
ガソリンスタンド,江古田SS / 渋谷石油(株),['07:00~22:00'],東京都中野区野方4-41-22,N/A,東京都中野区野方4-41-22,139.655945,35.722691,['07:00~22:00'],['07:00~22:00'],['07:00~22:00'],['07:00~22:00'],['07:00~22:00'],['07:00~22:00'],['07:00~22:00']
ガソリンスタンド,パークタウン光が丘SS / 間嶋運送(有),['06:30~20:00'],東京都練馬区高松5-10-3,N/A,東京都練馬区高松5-10-3,139.621658,35.756554,['06:30~20:00'],['06:30~20:00'],['06:30~20:00'],['06:30~20:00'],['06:30~20:00'],['06:30~20:00'],['06:30~20:00']
ガソリンスタンド,駒沢SS / 東洋油脂(株),['08:00~20:00'],東京都世田谷区深沢6-3-1,N/A,東京都世田谷区深沢6-3-1,139.654678,35.623165,['08:00~20:00'],['08:00~20:00'],['08:00~20:00'],['08:00~20:00'],['08:00~20:00'],['08:00~20:00'],['08:00~20:00']
ガソリンスタンド,シンエネ昭島SS / シンエネ商事(株),['06:00~23:59'],東京都昭島市拝島町1-17-26,N/A,東京都昭島市拝島町1-17-26,139.345657,35.707794,['06:00~23:59'],['06:00~23:59'],['06:00~23:59'],['06:00~23:59'],['06:00~23:59'],['06:00~23:59'],['06:00~23:59']
ガソリンスタンド,セルフ碑文谷SS / 昭和礦油(株),['07:00~22:00'],東京都目黒区碑文谷5-14-18,N/A,東京都目黒区碑文谷5-14-18,139.682327,35.621845,['07:00~22:00'],['07:00~22:00'],['07:00~22:00'],['07:00~22:00'],['07:00~22:00'],['07:00~22:00'],['07:00~22:00']
ガソリンスタンド,セルフ高島屋前SS / ヤマヒロ(株),['0:00~23:59'],東京都渋谷区千駄ケ谷5-28-6,N/A,東京都渋谷区千駄ケ谷5-28-6,139.703903,35.684647,['0:00~23:59'],['0:00~23:59'],['0:00~23:59'],['0:00~23:59'],['0:00~23:59'],['0:00~23:59'],['0:00~23:59']
ガソリンスタンド,セルフ柴又SS / (株)ナガイ,['07:00~22:00'],東京都葛飾区柴又2-21-13,N/A,東京都葛飾区柴又2-21-13,139.869751,35.759785,['07:00~22:00'],['07:00~22:00'],['07:00~22:00'],['07:00~22:00'],['07:00~22:00'],['07:00~22:00'],['07:00~22:00']
ガソリンスタンド,セルフ光が丘SS / 関東礦油(株),['07:00~23:00'],東京都練馬区田柄3-13-7,N/A,東京都練馬区田柄3-13-7,139.636307,35.757996,['07:00~23:00'],['07:00~23:00'],['07:00~23:00'],['07:00~23:00'],['07:00~23:00'],['07:00~23:00'],['07:00~23:00']
ガソリンスタンド,セルフ福生ナンバーワンSS / ヤマヒロ(株),['0:00~23:59'],東京都福生市加美平2-19-1,N/A,東京都福生市加美平2-19-1,139.322739,35.751755,['0:00~23:59'],['0:00~23:59'],['0:00~23:59'],['0:00~23:59'],['0:00~23:59'],['0:00~23:59'],['0:00~23:59']
ガソリンスタンド,町田山崎SS / 関東礦油(株),['07:00~23:00'],東京都町田市木曽東4-32-39,N/A,東京都町田市木曽東4-32-39,139.427444,35.567886,['07:00~23:00'],['07:00~23:00'],['07:00~23:00'],['07:00~23:00'],['07:00~23:00'],['07:00~23:00'],['07:00~23:00']
ガソリンスタンド,セルフ船堀SS / 関東礦油(株),['0:00~23:59'],東京都江戸川区船堀5-6-5,N/A,東京都江戸川区船堀5-6-5,139.869766,35.684452,['0:00~23:59'],['0:00~23:59'],['0:00~23:59'],['0:00~23:59'],['0:00~23:59'],['0:00~23:59'],['0:00~23:59']
ガソリンスタンド,セルフ一之江SS / ヤマヒロ(株),['0:00~23:59'],東京都江戸川区西一之江2-13-10,N/A,東京都江戸川区西一之江2-13-10,139.880341,35.702496,['0:00~23:59'],['0:00~23:59'],['0:00~23:59'],['0:00~23:59'],['0:00~23:59'],['0:00~23:59'],['0:00~23:59']
ガソリンスタンド,井草メイティSS / 出光リテール販売(株),['0:00~23:59'],東京都杉並区井草1-33-7,N/A,東京都杉並区井草1-33-7,139.622131,35.727535,['0:00~23:59'],['0:00~23:59'],['0:00~23:59'],['0:00~23:59'],['0:00~23:59'],['0:00~23:59'],['0:00~23:59']
ガソリンスタンド,せるふ武蔵野SS / ヤマヒロ(株),['0:00~23:59'],東京都武蔵野市八幡町1-6-14,N/A,東京都武蔵野市八幡町1-6-14,139.554901,35.716682,['0:00~23:59'],['0:00~23:59'],['0:00~23:59'],['0:00~23:59'],['0:00~23:59'],['0:00~23:59'],['0:00~23:59']
ガソリンスタンド,セルフ上板橋SS / イタバシ(株),['0:00~23:59'],東京都板橋区桜川3-25-12,N/A,東京都板橋区桜川3-25-12,139.672073,35.761742,['0:00~23:59'],['0:00~23:59'],['0:00~23:59'],['0:00~23:59'],['0:00~23:59'],['0:00~23:59'],['0:00~23:59']
ガソリンスタンド,セルフ調布インターSS / 関東礦油(株),['0:00~23:59'],東京都調布市下石原1-9-1,N/A,東京都調布市下石原1-9-1,139.537369,35.65741,['0:00~23:59'],['0:00~23:59'],['0:00~23:59'],['0:00~23:59'],['0:00~23:59'],['0:00~23:59'],['0:00~23:59']
ガソリンスタンド,セルフ天王洲SS / 東和興産(株),['07:00~21:00'],東京都品川区東品川1-18-5,N/A,東京都品川区東品川1-18-5,139.745682,35.621452,['07:00~21:00'],['07:00~21:00'],['07:00~21:00'],['07:00~21:00'],['07:00~21:00'],['07:00~21:00'],['07:00~21:00']
ガソリンスタンド,セルフ東坂下SS / 平岩石油販売(株),['07:00~22:00'],東京都板橋区東坂下1-4-1,N/A,東京都板橋区東坂下1-4-1,139.695374,35.780895,['07:00~22:00'],['07:00~22:00'],['07:00~22:00'],['07:00~22:00'],['07:00~22:00'],['07:00~22:00'],['07:00~22:00']
ガソリンスタンド,足立入谷SS / (株)東日本宇佐美,['0:00~23:59'],東京都足立区入谷4-20-5,N/A,東京都足立区入谷4-20-5,139.759628,35.80542,['0:00~23:59'],['0:00~23:59'],['0:00~23:59'],['0:00~23:59'],['0:00~23:59'],['0:00~23:59'],['0:00~23:59']
ガソリンスタンド,平井大橋SS / 深野石油販売(株),['07:00~20:00'],東京都江戸川区平井6-41-12,N/A,東京都江戸川区平井6-41-12,139.843842,35.710114,['07:00~20:00'],['07:00~20:00'],['07:00~20:00'],['07:00~20:00'],['07:00~20:00'],['07:00~20:00'],['07:00~20:00']
ガソリンスタンド,セルフ石川SS / 出光リテール販売(株),['0:00~23:59'],東京都八王子市石川町507-1,N/A,東京都八王子市石川町507-1,139.366241,35.680756,['0:00~23:59'],['0:00~23:59'],['0:00~23:59'],['0:00~23:59'],['0:00~23:59'],['0:00~23:59'],['0:00~23:59']
ガソリンスタンド,セルフコンコース陣馬SS / (株)ムラタ,['06:00~23:59'],東京都八王子市大楽寺町195-1,N/A,東京都八王子市大楽寺町195-1,139.285202,35.677509,['06:00~23:59'],['06:00~23:59'],['06:00~23:59'],['06:00~23:59'],['06:00~23:59'],['06:00~23:59'],['06:00~23:59']
ガソリンスタンド,立川北SS / 出光リテール販売(株),['08:00~20:00'],東京都立川市曙町2-35-2,N/A,東京都立川市曙町2-35-2,139.414612,35.70277,['08:00~20:00'],['08:00~20:00'],['08:00~20:00'],['08:00~20:00'],['08:00~20:00'],['08:00~20:00'],['08:00~20:00']
ガソリンスタンド,ひばりヶ丘SS / (株)一光,['07:00~20:00'],東京都東久留米市学園町2-1-27,N/A,東京都東久留米市学園町2-1-27,139.533371,35.749092,['07:00~20:00'],['07:00~20:00'],['07:00~20:00'],['07:00~20:00'],['07:00~20:00'],['07:00~20:00'],['07:00~20:00']
ガソリンスタンド,セルフ羽田SS / (株)鈴美商事,['0:00~23:59'],東京都大田区羽田旭町3-1,N/A,東京都大田区羽田旭町3-1,139.746628,35.551792,['0:00~23:59'],['0:00~23:59'],['0:00~23:59'],['0:00~23:59'],['0:00~23:59'],['0:00~23:59'],['0:00~23:59']
ガソリンスタンド,セルフ大森R15SS / 東和興産(株),['01:00~23:59'],東京都大田区大森中1-17-22,N/A,東京都大田区大森中1-17-22,139.731186,35.569729,['01:00~23:59'],['01:00~23:59'],['01:00~23:59'],['01:00~23:59'],['01:00~23:59'],['01:00~23:59'],['01:00~23:59']
ガソリンスタンド,セルフ多摩川SS / (株)鈴美商事,['0:00~23:59'],東京都大田区矢口3-8-12,N/A,東京都大田区矢口3-8-12,139.696991,35.560349,['0:00~23:59'],['0:00~23:59'],['0:00~23:59'],['0:00~23:59'],['0:00~23:59'],['0:00~23:59'],['0:00~23:59']
ガソリンスタンド,池尻SS / 明光石油(株),['08:00~20:00'],東京都目黒区東山3-15-1,N/A,東京都目黒区東山3-15-1,139.684723,35.65052,['08:00~20:00'],['08:00~20:00'],['08:00~20:00'],['08:00~20:00'],['08:00~20:00'],['08:00~20:00'],['08:00~20:00']
ガソリンスタンド,大南SS / 出光リテール販売(株),['0:00~23:59'],東京都武蔵村山市大南2-44-2,N/A,東京都武蔵村山市大南2-44-2,139.404037,35.741352,['0:00~23:59'],['0:00~23:59'],['0:00~23:59'],['0:00~23:59'],['0:00~23:59'],['0:00~23:59'],['0:00~23:59']
ガソリンスタンド,セルフさくら小金井SS / 出光リテール販売(株),['07:00~22:00'],東京都小金井市貫井南町1-8-18,N/A,東京都小金井市貫井南町1-8-18,139.498001,35.690445,['07:00~22:00'],['07:00~22:00'],['07:00~22:00'],['07:00~22:00'],['07:00~22:00'],['07:00~22:00'],['07:00~22:00']
ガソリンスタンド,セルフ多摩SS / 出光リテール販売(株),['07:00~23:00'],東京都多摩市乞田646,N/A,東京都多摩市乞田646,139.439133,35.631859,['07:00~23:00'],['07:00~23:00'],['07:00~23:00'],['07:00~23:00'],['07:00~23:00'],['07:00~23:00'],['07:00~23:00']
ガソリンスタンド,プリテール光が丘SS / (株)吉田商店,['0:00~23:59'],東京都練馬区高松5-17-7,N/A,東京都練馬区高松5-17-7,139.620316,35.76123,['0:00~23:59'],['0:00~23:59'],['0:00~23:59'],['0:00~23:59'],['0:00~23:59'],['0:00~23:59'],['0:00~23:59']
ガソリンスタンド,セルフ荻窪SS / 出光リテール販売(株),"['0:00~2:00','3:00~23:59']",東京都杉並区今川4-21-10,N/A,東京都杉並区今川4-21-10,139.597061,35.716824,"['0:00~2:00','3:00~23:59']","['0:00~2:00','3:00~23:59']","['0:00~2:00','3:00~23:59']","['0:00~2:00','3:00~23:59']","['0:00~2:00','3:00~23:59']","['0:00~2:00','3:00~23:59']","['0:00~2:00','3:00~23:59']"
ガソリンスタンド,セルフ町田森野SS / 出光リテール販売(株),['07:00~22:00'],東京都町田市森野6-4-3,N/A,東京都町田市森野6-4-3,139.427551,35.553581,['07:00~22:00'],['07:00~22:00'],['07:00~22:00'],['07:00~22:00'],['07:00~22:00'],['07:00~22:00'],['07:00~22:00']
ガソリンスタンド,志村SS / 日米石油(株),['0:00~23:59'],東京都板橋区志村1-12-19,N/A,東京都板橋区志村1-12-19,139.696075,35.775002,['0:00~23:59'],['0:00~23:59'],['0:00~23:59'],['0:00~23:59'],['0:00~23:59'],['0:00~23:59'],['0:00~23:59']
ガソリンスタンド,上北沢SS / (株)山藤石油店,['0:00~23:59'],東京都世田谷区上北沢4-23-18,N/A,東京都世田谷区上北沢4-23-18,139.620804,35.670872,['0:00~23:59'],['0:00~23:59'],['0:00~23:59'],['0:00~23:59'],['0:00~23:59'],['0:00~23:59'],['0:00~23:59']
ガソリンスタンド,府中ウェストSS / ユニオン石油(株),['0:00~23:59'],東京都府中市美好町2-3,N/A,東京都府中市美好町2-3,139.466339,35.672985,['0:00~23:59'],['0:00~23:59'],['0:00~23:59'],['0:00~23:59'],['0:00~23:59'],['0:00~23:59'],['0:00~23:59']
ガソリンスタンド,野崎SS / 武蔵石油(株),['0:00~23:59'],東京都三鷹市野崎3-24-10,N/A,東京都三鷹市野崎3-24-10,139.540253,35.68145,['0:00~23:59'],['0:00~23:59'],['0:00~23:59'],['0:00~23:59'],['0:00~23:59'],['0:00~23:59'],['0:00~23:59']
ガソリンスタンド,EneJet多摩SS / (株)札幌タヤス,['0:00~23:59'],東京都町田市小野路町3128-1,N/A,東京都町田市小野路町3128-1,139.441208,35.601997,['0:00~23:59'],['0:00~23:59'],['0:00~23:59'],['0:00~23:59'],['0:00~23:59'],['0:00~23:59'],['0:00~23:59']
ガソリンスタンド,東麻布SS / 中外石油(株),['07:00~20:00'],東京都港区東麻布2-33-7,N/A,東京都港区東麻布2-33-7,139.739319,35.656136,['07:00~20:00'],['07:00~20:00'],['07:00~20:00'],['07:00~20:00'],['07:00~20:00'],['07:00~20:00'],['07:00~20:00']
ガソリンスタンド,ルート16号横田SS / エネクスフリート(株),['0:00~23:59'],東京都西多摩郡瑞穂町むさし野3-2-1,N/A,東京都西多摩郡瑞穂町むさし野3-2-1,139.342178,35.760265,['0:00~23:59'],['0:00~23:59'],['0:00~23:59'],['0:00~23:59'],['0:00~23:59'],['0:00~23:59'],['0:00~23:59']
ガソリンスタンド,オートイン千ヶ瀬店 / 金桝石油(株),['06:00~23:59'],東京都青梅市千ケ瀬町4-313-2,N/A,東京都青梅市千ケ瀬町4-313-2,139.270828,35.78603,['06:00~23:59'],['06:00~23:59'],['06:00~23:59'],['06:00~23:59'],['06:00~23:59'],['06:00~23:59'],['06:00~23:59']
ガソリンスタンド,東神田SS / (有)セイウン,['08:00~19:00'],東京都千代田区東神田1-8-12,N/A,東京都千代田区東神田1-8-12,139.779343,35.694157,['08:00~19:00'],['08:00~19:00'],['08:00~19:00'],['08:00~19:00'],['08:00~19:00'],['08:00~19:00'],['08:00~19:00']
ガソリンスタンド,新花畑SS / 河原実業(株),['07:00~21:00'],東京都足立区神明南1-11-10,N/A,東京都足立区神明南1-11-10,139.828079,35.789413,['07:00~21:00'],['07:00~21:00'],['07:00~21:00'],['07:00~21:00'],['07:00~21:00'],['07:00~21:00'],['07:00~21:00']
ガソリンスタンド,(株)ダイワエナジー,['07:30~19:00'],東京都足立区入谷7-5-3,N/A,東京都足立区入谷7-5-3,139.761948,35.797611,['07:30~19:00'],['07:30~19:00'],['07:30~19:00'],['07:30~19:00'],['07:30~19:00'],['07:30~19:00'],['07:30~19:00']
ガソリンスタンド,セルフ八王子鑓水SS / ミンバイ石油(株),['0:00~23:59'],東京都八王子市鑓水1400,N/A,東京都八王子市鑓水1400,139.345444,35.61488,['0:00~23:59'],['0:00~23:59'],['0:00~23:59'],['0:00~23:59'],['0:00~23:59'],['0:00~23:59'],['0:00~23:59']
ガソリンスタンド,葛西インターSS / 共栄石油(株),['0:00~23:59'],東京都江戸川区南葛西2-4-2,N/A,東京都江戸川区南葛西2-4-2,139.872803,35.655659,['0:00~23:59'],['0:00~23:59'],['0:00~23:59'],['0:00~23:59'],['0:00~23:59'],['0:00~23:59'],['0:00~23:59']
ガソリンスタンド,谷原SS / (株)ENEOSジェネレーションズ,"[['0:00~3:00','4:00~23:59']",東京都練馬区高松6-27-1,N/A,東京都練馬区高松6-27-1,139.620438,35.757538,[['0:00~3:00','4:00~23:59'],[['0:00~3:00','4:00~23:59'],[['0:00~3:00','4:00~23:59'],[['0:00~3:00','4:00~23:59'],[['0:00~3:00','4:00~23:59'],[['0:00~3:00','4:00~23:59'],[['0:00~3:00','4:00~23:59']
ガソリンスタンド,久留米ニュータウンSS / (株)ENEOSジェネレーションズ,"[['0:00~3:00','4:00~23:59']",東京都小平市大沼町4-50-1,N/A,東京都小平市大沼町4-50-1,139.502396,35.741245,[['0:00~3:00','4:00~23:59'],[['0:00~3:00','4:00~23:59'],[['0:00~3:00','4:00~23:59'],[['0:00~3:00','4:00~23:59'],[['0:00~3:00','4:00~23:59'],[['0:00~3:00','4:00~23:59'],[['0:00~3:00','4:00~23:59']
ガソリンスタンド,八王子インターSS / ネクサスエナジー(株),['0:00~23:59'],東京都八王子市左入町697-1,N/A,東京都八王子市左入町697-1,139.334198,35.678513,['0:00~23:59'],['0:00~23:59'],['0:00~23:59'],['0:00~23:59'],['0:00~23:59'],['0:00~23:59'],['0:00~23:59']
ガソリンスタンド,瑞穂バイパスSS / (株)ENEOSジェネレーションズ,['0:00~23:59'],東京都西多摩郡瑞穂町富士山栗原新田253-1,N/A,東京都西多摩郡瑞穂町富士山栗原新田253-1,139.347336,35.784878,['0:00~23:59'],['0:00~23:59'],['0:00~23:59'],['0:00~23:59'],['0:00~23:59'],['0:00~23:59'],['0:00~23:59']
ガソリンスタンド,八王子戸吹SS / (株)ENEOSジェネレーションズ,['0:00~23:59'],東京都八王子市戸吹町1469-1,N/A,東京都八王子市戸吹町1469-1,139.2892,35.707138,['0:00~23:59'],['0:00~23:59'],['0:00~23:59'],['0:00~23:59'],['0:00~23:59'],['0:00~23:59'],['0:00~23:59']
ガソリンスタンド,新宿都庁南公園通りSS / 青木石油商事(株),['07:00~20:00'],東京都新宿区西新宿3-5-1,N/A,東京都新宿区西新宿3-5-1,139.691925,35.686855,['07:00~20:00'],['07:00~20:00'],['07:00~20:00'],['07:00~20:00'],['07:00~20:00'],['07:00~20:00'],['07:00~20:00']
ガソリンスタンド,Dr.Drive セルフ環七大田店 / 日新石油(株),['0:00~23:59'],東京都大田区南馬込3-37-5,N/A,東京都大田区南馬込3-37-5,139.720078,35.583836,['0:00~23:59'],['0:00~23:59'],['0:00~23:59'],['0:00~23:59'],['0:00~23:59'],['0:00~23:59'],['0:00~23:59']
ガソリンスタンド,足立谷在家SS / 青木石油商事(株),['07:00~20:00'],東京都足立区西新井7-19-15,N/A,東京都足立区西新井7-19-15,139.772797,35.78204,['07:00~20:00'],['07:00~20:00'],['07:00~20:00'],['07:00~20:00'],['07:00~20:00'],['07:00~20:00'],['07:00~20:00']
ガソリンスタンド,瑞江SS / (株)タジマ,['07:30~20:00'],東京都江戸川区西瑞江3-25-4,N/A,東京都江戸川区西瑞江3-25-4,139.890533,35.686649,['07:30~20:00'],['07:30~20:00'],['07:30~20:00'],['07:30~20:00'],['07:30~20:00'],['07:30~20:00'],['07:30~20:00']
ガソリンスタンド,セルフ東京一SS / (有)芦田商店,['07:00~20:00'],東京都江戸川区谷河内2-10-13,N/A,東京都江戸川区谷河内2-10-13,139.900558,35.701973,['07:00~20:00'],['07:00~20:00'],['07:00~20:00'],['07:00~20:00'],['07:00~20:00'],['07:00~20:00'],['07:00~20:00']
ガソリンスタンド,日ノ出SS / (有)田中石油店,['07:30~19:00'],東京都西多摩郡日の出町平井2678,N/A,東京都西多摩郡日の出町平井2678,139.256088,35.747704,['07:30~19:00'],['07:30~19:00'],['07:30~19:00'],['07:30~19:00'],['07:30~19:00'],['07:30~19:00'],['07:30~19:00']
ガソリンスタンド,鹿浜SS / (株)エノモト,['08:00~20:00'],東京都足立区鹿浜1-10-14,N/A,東京都足立区鹿浜1-10-14,139.75061,35.778538,['08:00~20:00'],['08:00~20:00'],['08:00~20:00'],['08:00~20:00'],['08:00~20:00'],['08:00~20:00'],['08:00~20:00']
ガソリンスタンド,Dr.Drive セルフ西芝浦SS / (株)サントーコー,['0:00~23:59'],東京都港区芝浦3-14-10,N/A,東京都港区芝浦3-14-10,139.747665,35.642529,['0:00~23:59'],['0:00~23:59'],['0:00~23:59'],['0:00~23:59'],['0:00~23:59'],['0:00~23:59'],['0:00~23:59']
ガソリンスタンド,Dr.Drive セルフ芝公園SS / (株)サントーコー,['0:00~23:59'],東京都港区芝公園4-6-13,N/A,東京都港区芝公園4-6-13,139.74556,35.655968,['0:00~23:59'],['0:00~23:59'],['0:00~23:59'],['0:00~23:59'],['0:00~23:59'],['0:00~23:59'],['0:00~23:59']
ガソリンスタンド,あきる野インターSS / 田口石油(株),"[['0:00~2:00','4:00~23:59']",東京都あきる野市油平193-1,N/A,東京都あきる野市油平193-1,139.287933,35.72414,[['0:00~2:00','4:00~23:59'],[['0:00~2:00','4:00~23:59'],[['0:00~2:00','4:00~23:59'],[['0:00~2:00','4:00~23:59'],[['0:00~2:00','4:00~23:59'],[['0:00~2:00','4:00~23:59'],[['0:00~2:00','4:00~23:59']
ガソリンスタンド,板橋センターSS / (株)飯田商店,['07:00~21:00'],東京都板橋区板橋3-9-4,N/A,東京都板橋区板橋3-9-4,139.710037,35.751701,['07:00~21:00'],['07:00~21:00'],['07:00~21:00'],['07:00~21:00'],['07:00~21:00'],['07:00~21:00'],['07:00~21:00']
ガソリンスタンド,セルフ谷在家SS / ヤジマ石油(株),['0:00~23:59'],東京都足立区谷在家1-18-8,N/A,東京都足立区谷在家1-18-8,139.770203,35.787251,['0:00~23:59'],['0:00~23:59'],['0:00~23:59'],['0:00~23:59'],['0:00~23:59'],['0:00~23:59'],['0:00~23:59']
ガソリンスタンド,セルフ日本橋SS / ヤマヒロ(株),['07:00~22:00'],東京都中央区日本橋小網町18-12,N/A,東京都中央区日本橋小網町18-12,139.779373,35.685001,['07:00~22:00'],['07:00~22:00'],['07:00~22:00'],['07:00~22:00'],['07:00~22:00'],['07:00~22:00'],['07:00~22:00']
ガソリンスタンド,セルフ赤坂SS / ヤマヒロ(株),['0:00~23:59'],東京都港区元赤坂1-1-8,N/A,東京都港区元赤坂1-1-8,139.734344,35.678165,['0:00~23:59'],['0:00~23:59'],['0:00~23:59'],['0:00~23:59'],['0:00~23:59'],['0:00~23:59'],['0:00~23:59']
ガソリンスタンド,白金SS / (株)渡邊油化,['07:00~22:00'],東京都港区高輪3-5-17,N/A,東京都港区高輪3-5-17,139.731461,35.633656,['07:00~22:00'],['07:00~22:00'],['07:00~22:00'],['07:00~22:00'],['07:00~22:00'],['07:00~22:00'],['07:00~22:00']
ガソリンスタンド,セルフ目白台SS / ヤマヒロ(株),['0:00~23:59'],東京都文京区目白台2-14-11,N/A,東京都文京区目白台2-14-11,139.723038,35.718777,['0:00~23:59'],['0:00~23:59'],['0:00~23:59'],['0:00~23:59'],['0:00~23:59'],['0:00~23:59'],['0:00~23:59']
ガソリンスタンド,セルフ千束SS / 出光リテール販売(株),['0:00~23:59'],東京都台東区千束4-10-8,N/A,東京都台東区千束4-10-8,139.797256,35.724396,['0:00~23:59'],['0:00~23:59'],['0:00~23:59'],['0:00~23:59'],['0:00~23:59'],['0:00~23:59'],['0:00~23:59']
ガソリンスタンド,セルフ永代橋SS / ヤマヒロ(株),['0:00~23:59'],東京都江東区永代1-14-30,N/A,東京都江東区永代1-14-30,139.790131,35.675159,['0:00~23:59'],['0:00~23:59'],['0:00~23:59'],['0:00~23:59'],['0:00~23:59'],['0:00~23:59'],['0:00~23:59']
ガソリンスタンド,セルフ有明SS / 昭和礦油(株),['0:00~23:59'],東京都江東区有明1-2-18,N/A,東京都江東区有明1-2-18,139.79451,35.640404,['0:00~23:59'],['0:00~23:59'],['0:00~23:59'],['0:00~23:59'],['0:00~23:59'],['0:00~23:59'],['0:00~23:59']
ガソリンスタンド,セルフ千住SS / 出光リテール販売(株),['0:00~23:59'],東京都足立区千住河原町1-7,N/A,東京都足立区千住河原町1-7,139.797333,35.743023,['0:00~23:59'],['0:00~23:59'],['0:00~23:59'],['0:00~23:59'],['0:00~23:59'],['0:00~23:59'],['0:00~23:59']
ガソリンスタンド,元狭山SS / (有)川口商店,['07:00~20:30'],東京都西多摩郡瑞穂町二本木781,N/A,東京都西多摩郡瑞穂町二本木781,139.360809,35.788567,['07:00~20:30'],['07:00~20:30'],['07:00~20:30'],['07:00~20:30'],['07:00~20:30'],['07:00~20:30'],['07:00~20:30']
ガソリンスタンド,セルフ調布ヶ丘SS / ヤマヒロ(株),['0:00~23:59'],東京都調布市調布ケ丘2-1-1,N/A,東京都調布市調布ケ丘2-1-1,139.547897,35.654568,['0:00~23:59'],['0:00~23:59'],['0:00~23:59'],['0:00~23:59'],['0:00~23:59'],['0:00~23:59'],['0:00~23:59']
ガソリンスタンド,セルフ下連雀SS / ヤマヒロ(株),['07:00~23:00'],東京都三鷹市下連雀2-18-8,N/A,東京都三鷹市下連雀2-18-8,139.564911,35.69207,['07:00~23:00'],['07:00~23:00'],['07:00~23:00'],['07:00~23:00'],['07:00~23:00'],['07:00~23:00'],['07:00~23:00']
ガソリンスタンド,セルフラポート野火止SS / ヤマヒロ(株),['0:00~23:59'],東京都東久留米市下里6-5-87,N/A,東京都東久留米市下里6-5-87,139.500381,35.759544,['0:00~23:59'],['0:00~23:59'],['0:00~23:59'],['0:00~23:59'],['0:00~23:59'],['0:00~23:59'],['0:00~23:59']
ガソリンスタンド,八王子北野SS / ヤマヒロ(株),['0:00~23:59'],東京都八王子市北野町581-1,N/A,東京都八王子市北野町581-1,139.357742,35.648563,['0:00~23:59'],['0:00~23:59'],['0:00~23:59'],['0:00~23:59'],['0:00~23:59'],['0:00~23:59'],['0:00~23:59']
ガソリンスタンド,セルフ高田馬場SS / ヤマヒロ(株),['08:00~22:00'],東京都新宿区高田馬場4-32-3,N/A,東京都新宿区高田馬場4-32-3,139.698181,35.708794,['08:00~22:00'],['08:00~22:00'],['08:00~22:00'],['08:00~22:00'],['08:00~22:00'],['08:00~22:00'],['08:00~22:00']
ガソリンスタンド,セルフ西府SS / ヤマヒロ(株),['0:00~23:59'],東京都府中市本宿町1-43-1,N/A,東京都府中市本宿町1-43-1,139.459213,35.670486,['0:00~23:59'],['0:00~23:59'],['0:00~23:59'],['0:00~23:59'],['0:00~23:59'],['0:00~23:59'],['0:00~23:59']
ガソリンスタンド,セルフ三鷹新川SS / ヤマヒロ(株),['0:00~23:59'],東京都三鷹市新川2-10-24,N/A,東京都三鷹市新川2-10-24,139.575867,35.677708,['0:00~23:59'],['0:00~23:59'],['0:00~23:59'],['0:00~23:59'],['0:00~23:59'],['0:00~23:59'],['0:00~23:59']
ガソリンスタンド,セルフ武蔵村山SS / ヤマヒロ(株),['0:00~23:59'],東京都武蔵村山市伊奈平5-88-1,N/A,東京都武蔵村山市伊奈平5-88-1,139.371429,35.741394,['0:00~23:59'],['0:00~23:59'],['0:00~23:59'],['0:00~23:59'],['0:00~23:59'],['0:00~23:59'],['0:00~23:59']
ガソリンスタンド,セルフ北砂SS / イタバシ(株),['0:00~23:59'],東京都江東区北砂2-1-28,N/A,東京都江東区北砂2-1-28,139.827164,35.678066,['0:00~23:59'],['0:00~23:59'],['0:00~23:59'],['0:00~23:59'],['0:00~23:59'],['0:00~23:59'],['0:00~23:59']
ガソリンスタンド,BY調布深大寺SS / ヤマヒロ(株),['0:00~23:59'],東京都調布市深大寺北町1-2-4,N/A,東京都調布市深大寺北町1-2-4,139.545456,35.673523,['0:00~23:59'],['0:00~23:59'],['0:00~23:59'],['0:00~23:59'],['0:00~23:59'],['0:00~23:59'],['0:00~23:59']
ガソリンスタンド,BY青梅SS / ヤマヒロ(株),['0:00~23:59'],東京都青梅市野上町2-284-1,N/A,東京都青梅市野上町2-284-1,139.290695,35.795036,['0:00~23:59'],['0:00~23:59'],['0:00~23:59'],['0:00~23:59'],['0:00~23:59'],['0:00~23:59'],['0:00~23:59']
ガソリンスタンド,麻布SS / (株)共和ショップス,['08:00~21:30'],東京都港区東麻布2-30-6,N/A,東京都港区東麻布2-30-6,139.741302,35.655613,['08:00~21:30'],['08:00~21:30'],['08:00~21:30'],['08:00~21:30'],['08:00~21:30'],['08:00~21:30'],['08:00~21:30']
ガソリンスタンド,白金プラチナ通りSS / 丸新石油(株),['08:00~20:00'],東京都港区白金台5-4-8,N/A,東京都港区白金台5-4-8,139.721512,35.641788,['08:00~20:00'],['08:00~20:00'],['08:00~20:00'],['08:00~20:00'],['08:00~20:00'],['08:00~20:00'],['08:00~20:00']
ガソリンスタンド,プレステージ東品川SS / 東和興産(株),['08:00~20:00'],東京都品川区東品川3-16-17,N/A,東京都品川区東品川3-16-17,139.747864,35.614067,['08:00~20:00'],['08:00~20:00'],['08:00~20:00'],['08:00~20:00'],['08:00~20:00'],['08:00~20:00'],['08:00~20:00']
ガソリンスタンド,セルフ尾竹橋SS / (株)共栄オーメック,['07:00~21:00'],東京都荒川区町屋6-32-24,N/A,東京都荒川区町屋6-32-24,139.786667,35.751667,['07:00~21:00'],['07:00~21:00'],['07:00~21:00'],['07:00~21:00'],['07:00~21:00'],['07:00~21:00'],['07:00~21:00']
ガソリンスタンド,アイスペース深大寺SS / 田村産業(有),['07:00~22:00'],東京都調布市深大寺東町5-1-1,N/A,東京都調布市深大寺東町5-1-1,139.555481,35.670429,['07:00~22:00'],['07:00~22:00'],['07:00~22:00'],['07:00~22:00'],['07:00~22:00'],['07:00~22:00'],['07:00~22:00']
ガソリンスタンド,セルフ成瀬SS / 出光リテール販売(株),['07:00~21:00'],東京都町田市小川2-25-6,N/A,東京都町田市小川2-25-6,139.47171,35.530773,['07:00~21:00'],['07:00~21:00'],['07:00~21:00'],['07:00~21:00'],['07:00~21:00'],['07:00~21:00'],['07:00~21:00']
ガソリンスタンド,セルフ玉川上水SS / 出光リテール販売(株),"[['0:00~3:00','4:00~23:59']",東京都立川市幸町5-85-5,N/A,東京都立川市幸町5-85-5,139.418365,35.727386,[['0:00~3:00','4:00~23:59'],[['0:00~3:00','4:00~23:59'],[['0:00~3:00','4:00~23:59'],[['0:00~3:00','4:00~23:59'],[['0:00~3:00','4:00~23:59'],[['0:00~3:00','4:00~23:59'],[['0:00~3:00','4:00~23:59']
ガソリンスタンド,セルフコンコース元八SS / (株)ムラタ,['05:00~23:59'],東京都八王子市元八王子町1-471-1,N/A,東京都八王子市元八王子町1-471-1,139.289368,35.666439,['05:00~23:59'],['05:00~23:59'],['05:00~23:59'],['05:00~23:59'],['05:00~23:59'],['05:00~23:59'],['05:00~23:59']
ガソリンスタンド,セルフコンコース楢原SS / (株)ムラタ,['0:00~23:59'],東京都八王子市楢原町1137,N/A,東京都八王子市楢原町1137,139.31395,35.676895,['0:00~23:59'],['0:00~23:59'],['0:00~23:59'],['0:00~23:59'],['0:00~23:59'],['0:00~23:59'],['0:00~23:59']
ガソリンスタンド,立川南SS / 出光リテール販売(株),['07:00~22:00'],東京都立川市錦町5-18-10,N/A,東京都立川市錦町5-18-10,139.414886,35.68697,['07:00~22:00'],['07:00~22:00'],['07:00~22:00'],['07:00~22:00'],['07:00~22:00'],['07:00~22:00'],['07:00~22:00']
ガソリンスタンド,府中緑町SS / 出光リテール販売(株),['0:00~23:59'],東京都府中市緑町1-17-2,N/A,東京都府中市緑町1-17-2,139.487213,35.672081,['0:00~23:59'],['0:00~23:59'],['0:00~23:59'],['0:00~23:59'],['0:00~23:59'],['0:00~23:59'],['0:00~23:59']
ガソリンスタンド,プリテールプロント調布SS / 田村産業(有),['0:00~23:59'],東京都調布市深大寺北町6-52-2,N/A,東京都調布市深大寺北町6-52-2,139.545746,35.681473,['0:00~23:59'],['0:00~23:59'],['0:00~23:59'],['0:00~23:59'],['0:00~23:59'],['0:00~23:59'],['0:00~23:59']
ガソリンスタンド,府中分梅SS / 出光リテール販売(株),['07:00~20:00'],東京都府中市分梅町3-56-1,N/A,東京都府中市分梅町3-56-1,139.459167,35.666962,['07:00~20:00'],['07:00~20:00'],['07:00~20:00'],['07:00~20:00'],['07:00~20:00'],['07:00~20:00'],['07:00~20:00']
ガソリンスタンド,下高井戸SS / 出光リテール販売(株),['07:00~21:30'],東京都杉並区下高井戸1-6-8,N/A,東京都杉並区下高井戸1-6-8,139.639313,35.667175,['07:00~21:30'],['07:00~21:30'],['07:00~21:30'],['07:00~21:30'],['07:00~21:30'],['07:00~21:30'],['07:00~21:30']
ガソリンスタンド,セルフおくどSS / (株)コプローサいのうえ,['0:00~23:59'],東京都葛飾区奥戸8-24-6,N/A,東京都葛飾区奥戸8-24-6,139.864059,35.738407,['0:00~23:59'],['0:00~23:59'],['0:00~23:59'],['0:00~23:59'],['0:00~23:59'],['0:00~23:59'],['0:00~23:59']
ガソリンスタンド,プリテール小平東SS / 出光リテール販売(株),"['0:00~2:00','3:00~23:59']",東京都小平市花小金井3-31-33,N/A,東京都小平市花小金井3-31-33,139.516983,35.737633,"['0:00~2:00','3:00~23:59']","['0:00~2:00','3:00~23:59']","['0:00~2:00','3:00~23:59']","['0:00~2:00','3:00~23:59']","['0:00~2:00','3:00~23:59']","['0:00~2:00','3:00~23:59']","['0:00~2:00','3:00~23:59']"
ガソリンスタンド,セルフ環七上馬SS / (株)東日本宇佐美,['0:00~23:59'],東京都世田谷区上馬2-4-9,N/A,東京都世田谷区上馬2-4-9,139.663177,35.636917,['0:00~23:59'],['0:00~23:59'],['0:00~23:59'],['0:00~23:59'],['0:00~23:59'],['0:00~23:59'],['0:00~23:59']
ガソリンスタンド,セルフ小岩SS / (株)共栄オーメック,['07:00~23:00'],東京都江戸川区北小岩3-15-19,N/A,東京都江戸川区北小岩3-15-19,139.893143,35.73642,['07:00~23:00'],['07:00~23:00'],['07:00~23:00'],['07:00~23:00'],['07:00~23:00'],['07:00~23:00'],['07:00~23:00']
ガソリンスタンド,立川富士見SS / (株)東日本宇佐美,['0:00~23:59'],東京都立川市富士見町7-38-12,N/A,東京都立川市富士見町7-38-12,139.396027,35.691448,['0:00~23:59'],['0:00~23:59'],['0:00~23:59'],['0:00~23:59'],['0:00~23:59'],['0:00~23:59'],['0:00~23:59']
ガソリンスタンド,プロントカフェ府中SS / 田村産業(有),['0:00~23:59'],東京都府中市西原町2-24-1,N/A,東京都府中市西原町2-24-1,139.45903,35.684124,['0:00~23:59'],['0:00~23:59'],['0:00~23:59'],['0:00~23:59'],['0:00~23:59'],['0:00~23:59'],['0:00~23:59']
ガソリンスタンド,セルフ柿の木坂SS / 丸新石油(株),['0:00~23:59'],東京都目黒区柿の木坂2-5-4,N/A,東京都目黒区柿の木坂2-5-4,139.678772,35.624184,['0:00~23:59'],['0:00~23:59'],['0:00~23:59'],['0:00~23:59'],['0:00~23:59'],['0:00~23:59'],['0:00~23:59']
ガソリンスタンド,八王子元本郷SS / (株)ENEOSジェネレーションズ,['0:00~23:59'],東京都八王子市元本郷町1-6-1,N/A,東京都八王子市元本郷町1-6-1,139.321259,35.662498,['0:00~23:59'],['0:00~23:59'],['0:00~23:59'],['0:00~23:59'],['0:00~23:59'],['0:00~23:59'],['0:00~23:59']
ガソリンスタンド,練馬関町SS / (株)ENEOSジェネレーションズ,['0:00~23:59'],東京都練馬区関町南4-16-12,N/A,東京都練馬区関町南4-16-12,139.57048,35.722969,['0:00~23:59'],['0:00~23:59'],['0:00~23:59'],['0:00~23:59'],['0:00~23:59'],['0:00~23:59'],['0:00~23:59']
ガソリンスタンド,ラビングプラザSS / 佐藤商事(株),['08:00~20:00'],東京都国立市西1-4-6,N/A,東京都国立市西1-4-6,139.428543,35.69838,['08:00~20:00'],['08:00~20:00'],['08:00~20:00'],['08:00~20:00'],['08:00~20:00'],['08:00~20:00'],['08:00~20:00']
ガソリンスタンド,学園金井SS / (株)ENEOSジェネレーションズ,"[['0:00~3:00','4:00~23:59']",東京都町田市金井町2941-4,N/A,東京都町田市金井町2941-4,139.45369,35.568817,[['0:00~3:00','4:00~23:59'],[['0:00~3:00','4:00~23:59'],[['0:00~3:00','4:00~23:59'],[['0:00~3:00','4:00~23:59'],[['0:00~3:00','4:00~23:59'],[['0:00~3:00','4:00~23:59'],[['0:00~3:00','4:00~23:59']
ガソリンスタンド,板橋SS / ババウチ石油(株),['07:00~21:00'],東京都板橋区大山金井町54-4,N/A,東京都板橋区大山金井町54-4,139.701614,35.745438,['07:00~21:00'],['07:00~21:00'],['07:00~21:00'],['07:00~21:00'],['07:00~21:00'],['07:00~21:00'],['07:00~21:00']
ガソリンスタンド,西新井SS / マルイシ石油(株),['07:00~19:30'],東京都足立区西新井5-1-2,N/A,東京都足立区西新井5-1-2,139.778839,35.782696,['07:00~19:30'],['07:00~19:30'],['07:00~19:30'],['07:00~19:30'],['07:00~19:30'],['07:00~19:30'],['07:00~19:30']
ガソリンスタンド,シンエネ八幡山SS / シンエネ商事(株),['0:00~23:59'],東京都世田谷区八幡山3-38-10,N/A,東京都世田谷区八幡山3-38-10,139.613602,35.66737,['0:00~23:59'],['0:00~23:59'],['0:00~23:59'],['0:00~23:59'],['0:00~23:59'],['0:00~23:59'],['0:00~23:59']
ガソリンスタンド,シンエネ板橋SS / シンエネ商事(株),['0:00~23:59'],東京都板橋区東山町30-2,N/A,東京都板橋区東山町30-2,139.68396,35.752323,['0:00~23:59'],['0:00~23:59'],['0:00~23:59'],['0:00~23:59'],['0:00~23:59'],['0:00~23:59'],['0:00~23:59']
ガソリンスタンド,あきる野多摩橋SS / 田口石油(株),['06:00~23:00'],東京都あきる野市平沢879,N/A,東京都あきる野市平沢879,139.318192,35.730198,['06:00~23:00'],['06:00~23:00'],['06:00~23:00'],['06:00~23:00'],['06:00~23:00'],['06:00~23:00'],['06:00~23:00']
ガソリンスタンド,セルフ青井SS / 河原実業(株),['07:00~20:00'],東京都足立区青井1-17-1,N/A,東京都足立区青井1-17-1,139.813812,35.773834,['07:00~20:00'],['07:00~20:00'],['07:00~20:00'],['07:00~20:00'],['07:00~20:00'],['07:00~20:00'],['07:00~20:00']
ガソリンスタンド,リバーサイド江戸川SS / 共栄石油(株),['06:00~22:00'],東京都江戸川区江戸川5-9-1,N/A,東京都江戸川区江戸川5-9-1,139.884781,35.674534,['06:00~22:00'],['06:00~22:00'],['06:00~22:00'],['06:00~22:00'],['06:00~22:00'],['06:00~22:00'],['06:00~22:00']
ガソリンスタンド,Dr.Drive 鶴川店 / (株)ENEOSフロンティア,['08:00~20:00'],東京都町田市能ケ谷町295-1,N/A,東京都町田市能ケ谷町295-1,139.480667,35.592384,['08:00~20:00'],['08:00~20:00'],['08:00~20:00'],['08:00~20:00'],['08:00~20:00'],['08:00~20:00'],['08:00~20:00']
ガソリンスタンド,国分寺西SS / (有)げんきや,['06:30~20:00'],東京都国分寺市西町1-12-14,N/A,東京都国分寺市西町1-12-14,139.435654,35.702904,['06:30~20:00'],['06:30~20:00'],['06:30~20:00'],['06:30~20:00'],['06:30~20:00'],['06:30~20:00'],['06:30~20:00']
ガソリンスタンド,ENEOSジェイクエスト町田店 / (株)ENEOSジェイクエスト,"[['0:00~1:00','6:00~23:59']",東京都町田市小山ケ丘2-2-20,N/A,東京都町田市小山ケ丘2-2-20,139.377029,35.60276,[['0:00~1:00','6:00~23:59'],[['0:00~1:00','6:00~23:59'],[['0:00~1:00','6:00~23:59'],[['0:00~1:00','6:00~23:59'],[['0:00~1:00','6:00~23:59'],[['0:00~1:00','6:00~23:59'],[['0:00~1:00','6:00~23:59']
ガソリンスタンド,井荻SS / (株)山藤石油店,['0:00~23:59'],東京都杉並区井草3-19-19,N/A,東京都杉並区井草3-19-19,139.617249,35.727615,['0:00~23:59'],['0:00~23:59'],['0:00~23:59'],['0:00~23:59'],['0:00~23:59'],['0:00~23:59'],['0:00~23:59']
ガソリンスタンド,松中団地SS / (有)貫井商事,['0:00~23:59'],東京都立川市一番町5-1-1,N/A,東京都立川市一番町5-1-1,139.380356,35.730408,['0:00~23:59'],['0:00~23:59'],['0:00~23:59'],['0:00~23:59'],['0:00~23:59'],['0:00~23:59'],['0:00~23:59']
ガソリンスタンド,新宿新都心SS / 青木石油商事(株),['08:00~18:00'],東京都新宿区西新宿3-5-1,N/A,東京都新宿区西新宿3-5-1,139.691925,35.686855,['08:00~18:00'],['08:00~18:00'],['08:00~18:00'],['08:00~18:00'],['08:00~18:00'],['08:00~18:00'],['08:00~18:00']
ガソリンスタンド,Dr.Drive 下丸子店 / (株)ENEOSフロンティア,['07:30~20:00'],東京都大田区下丸子4-1-7,N/A,東京都大田区下丸子4-1-7,139.683609,35.572987,['07:30~20:00'],['07:30~20:00'],['07:30~20:00'],['07:30~20:00'],['07:30~20:00'],['07:30~20:00'],['07:30~20:00']
ガソリンスタンド,西六郷SS / (株)一色商事,['07:00~20:00'],東京都大田区西六郷2-14-3,N/A,東京都大田区西六郷2-14-3,139.706848,35.551098,['07:00~20:00'],['07:00~20:00'],['07:00~20:00'],['07:00~20:00'],['07:00~20:00'],['07:00~20:00'],['07:00~20:00']
ガソリンスタンド,Dr.Drive 馬込店 / 日新石油(株),['07:30~20:00'],東京都大田区南馬込4-1-2,N/A,東京都大田区南馬込4-1-2,139.711945,35.588097,['07:30~20:00'],['07:30~20:00'],['07:30~20:00'],['07:30~20:00'],['07:30~20:00'],['07:30~20:00'],['07:30~20:00']
ガソリンスタンド,Dr.Drive セルフ下北沢店 / (株)ENEOSフロンティア,['0:00~23:59'],東京都世田谷区代沢4-45-5,N/A,東京都世田谷区代沢4-45-5,139.665726,35.653858,['0:00~23:59'],['0:00~23:59'],['0:00~23:59'],['0:00~23:59'],['0:00~23:59'],['0:00~23:59'],['0:00~23:59']
ガソリンスタンド,大谷田SS / (有)大谷田石油,['07:00~20:00'],東京都足立区大谷田5-6-11,N/A,東京都足立区大谷田5-6-11,139.839355,35.781944,['07:00~20:00'],['07:00~20:00'],['07:00~20:00'],['07:00~20:00'],['07:00~20:00'],['07:00~20:00'],['07:00~20:00']
ガソリンスタンド,Dr.Drive セルフ南葛西店 / (株)ENEOSフロンティア,['0:00~23:59'],東京都江戸川区南葛西6-14-12,N/A,東京都江戸川区南葛西6-14-12,139.879318,35.646461,['0:00~23:59'],['0:00~23:59'],['0:00~23:59'],['0:00~23:59'],['0:00~23:59'],['0:00~23:59'],['0:00~23:59']
ガソリンスタンド,Dr.Drive 立川幸町店 / (株)ENEOSフロンティア,['07:00~22:00'],東京都立川市幸町1-32-1,N/A,東京都立川市幸町1-32-1,139.419998,35.721272,['07:00~22:00'],['07:00~22:00'],['07:00~22:00'],['07:00~22:00'],['07:00~22:00'],['07:00~22:00'],['07:00~22:00']
ガソリンスタンド,Dr.Drive カ―トピア光ケ丘SS / (株)泰正社,['07:00~22:00'],東京都東大和市向原2-1-7,N/A,東京都東大和市向原2-1-7,139.438889,35.742363,['07:00~22:00'],['07:00~22:00'],['07:00~22:00'],['07:00~22:00'],['07:00~22:00'],['07:00~22:00'],['07:00~22:00']
ガソリンスタンド,五日市第2SS / (有)私市石油店,['08:00~20:00'],東京都あきる野市戸倉177,N/A,東京都あきる野市戸倉177,139.204178,35.729961,['08:00~20:00'],['08:00~20:00'],['08:00~20:00'],['08:00~20:00'],['08:00~20:00'],['08:00~20:00'],['08:00~20:00']
ガソリンスタンド,Dr.Drive セルフカートピア東大和SS / (株)泰正社,['06:00~23:00'],東京都東大和市清水6-1135,N/A,東京都東大和市清水6-1135,139.448151,35.747829,['06:00~23:00'],['06:00~23:00'],['06:00~23:00'],['06:00~23:00'],['06:00~23:00'],['06:00~23:00'],['06:00~23:00']
ガソリンスタンド,Dr.Drive 五反田大崎SS / (株)サントーコー,['0:00~23:59'],東京都品川区東五反田3-20-12,N/A,東京都品川区東五反田3-20-12,139.73056,35.625122,['0:00~23:59'],['0:00~23:59'],['0:00~23:59'],['0:00~23:59'],['0:00~23:59'],['0:00~23:59'],['0:00~23:59']
ガソリンスタンド,Dr.Drive めじろ台店 / (株)ENEOSフロンティア,['08:00~21:00'],東京都八王子市めじろ台2-65-8,N/A,東京都八王子市めじろ台2-65-8,139.309814,35.638878,['08:00~21:00'],['08:00~21:00'],['08:00~21:00'],['08:00~21:00'],['08:00~21:00'],['08:00~21:00'],['08:00~21:00']
ガソリンスタンド,Dr.Drive セルフ下高井戸店 / (株)ENEOSフロンティア,['0:00~23:59'],東京都杉並区下高井戸1-11-13,N/A,東京都杉並区下高井戸1-11-13,139.637421,35.667553,['0:00~23:59'],['0:00~23:59'],['0:00~23:59'],['0:00~23:59'],['0:00~23:59'],['0:00~23:59'],['0:00~23:59']
ガソリンスタンド,練馬SS / (株)東日本宇佐美,['0:00~23:59'],東京都練馬区谷原1-9-2,N/A,東京都練馬区谷原1-9-2,139.619873,35.749195,['0:00~23:59'],['0:00~23:59'],['0:00~23:59'],['0:00~23:59'],['0:00~23:59'],['0:00~23:59'],['0:00~23:59']
ガソリンスタンド,セルフ谷河内SS / (有)芦田商店,['0:00~23:59'],東京都江戸川区谷河内1-17-25,N/A,東京都江戸川区谷河内1-17-25,139.896881,35.701748,['0:00~23:59'],['0:00~23:59'],['0:00~23:59'],['0:00~23:59'],['0:00~23:59'],['0:00~23:59'],['0:00~23:59']
ガソリンスタンド,Dr.Drive セルフ柿の木坂店 / (株)ENEOSフロンティア,['0:00~23:59'],東京都目黒区平町1-20-2,N/A,東京都目黒区平町1-20-2,139.678955,35.619366,['0:00~23:59'],['0:00~23:59'],['0:00~23:59'],['0:00~23:59'],['0:00~23:59'],['0:00~23:59'],['0:00~23:59']
ガソリンスタンド,セルフピュア西八王子 / コスモ石油販売(株),['0:00~23:59'],東京都八王子市千人町4-12-1,N/A,東京都八王子市千人町4-12-1,139.307327,35.655479,['0:00~23:59'],['0:00~23:59'],['0:00~23:59'],['0:00~23:59'],['0:00~23:59'],['0:00~23:59'],['0:00~23:59']
ガソリンスタンド,福生SS / (株)サカエエネルギー,['08:00~20:00'],東京都福生市熊川764,N/A,東京都福生市熊川764,139.33551,35.727909,['08:00~20:00'],['08:00~20:00'],['08:00~20:00'],['08:00~20:00'],['08:00~20:00'],['08:00~20:00'],['08:00~20:00']
ガソリンスタンド,オートインあきる野店 / 金桝石油(株),['07:00~23:00'],東京都あきる野市秋留1-2-1,N/A,東京都あきる野市秋留1-2-1,139.300552,35.723068,['07:00~23:00'],['07:00~23:00'],['07:00~23:00'],['07:00~23:00'],['07:00~23:00'],['07:00~23:00'],['07:00~23:00']
ガソリンスタンド,ルート246横浜インター / (株)キタセキ,['0:00~23:59'],東京都町田市鶴間5-11-33,N/A,東京都町田市鶴間5-11-33,139.473251,35.506016,['0:00~23:59'],['0:00~23:59'],['0:00~23:59'],['0:00~23:59'],['0:00~23:59'],['0:00~23:59'],['0:00~23:59']
ガソリンスタンド,セルフピュア東栗原 / コスモ石油販売(株),['0:00~23:59'],東京都足立区青井6-21-8,N/A,東京都足立区青井6-21-8,139.814133,35.778511,['0:00~23:59'],['0:00~23:59'],['0:00~23:59'],['0:00~23:59'],['0:00~23:59'],['0:00~23:59'],['0:00~23:59']
ガソリンスタンド,エコ平和島SS / 昭和礦油(株),['08:00~22:00'],東京都大田区平和島5-2-1,N/A,東京都大田区平和島5-2-1,139.742142,35.579948,['08:00~22:00'],['08:00~22:00'],['08:00~22:00'],['08:00~22:00'],['08:00~22:00'],['08:00~22:00'],['08:00~22:00']
ガソリンスタンド,セルフ調布SS / 日之出石油販売(株),['0:00~23:59'],東京都調布市下石原3-59-2,N/A,東京都調布市下石原3-59-2,139.536499,35.650745,['0:00~23:59'],['0:00~23:59'],['0:00~23:59'],['0:00~23:59'],['0:00~23:59'],['0:00~23:59'],['0:00~23:59']
ガソリンスタンド,セルフ市川橋SS / ヤマヒロ(株),['0:00~23:59'],東京都江戸川区北小岩1-19-13,N/A,東京都江戸川区北小岩1-19-13,139.894485,35.735725,['0:00~23:59'],['0:00~23:59'],['0:00~23:59'],['0:00~23:59'],['0:00~23:59'],['0:00~23:59'],['0:00~23:59']
ガソリンスタンド,セルフ代田橋SS / 出光リテール販売(株),['0:00~23:59'],東京都世田谷区大原2-27-15,N/A,東京都世田谷区大原2-27-15,139.656754,35.671288,['0:00~23:59'],['0:00~23:59'],['0:00~23:59'],['0:00~23:59'],['0:00~23:59'],['0:00~23:59'],['0:00~23:59']
ガソリンスタンド,セルフ松原SS / 出光リテール販売(株),['0:00~23:59'],東京都世田谷区松原6-42-9,N/A,東京都世田谷区松原6-42-9,139.648849,35.656864,['0:00~23:59'],['0:00~23:59'],['0:00~23:59'],['0:00~23:59'],['0:00~23:59'],['0:00~23:59'],['0:00~23:59']
ガソリンスタンド,セルフ阿佐ヶ谷SS / (株)新出光,['0:00~23:59'],東京都杉並区阿佐谷南3-9-4,N/A,東京都杉並区阿佐谷南3-9-4,139.631012,35.701469,['0:00~23:59'],['0:00~23:59'],['0:00~23:59'],['0:00~23:59'],['0:00~23:59'],['0:00~23:59'],['0:00~23:59']
ガソリンスタンド,セルフ小平SS / ヤマヒロ(株),['0:00~23:59'],東京都小平市小川東町5-2-6,N/A,東京都小平市小川東町5-2-6,139.465439,35.733986,['0:00~23:59'],['0:00~23:59'],['0:00~23:59'],['0:00~23:59'],['0:00~23:59'],['0:00~23:59'],['0:00~23:59']
ガソリンスタンド,セルフ弦巻SS / (株)渡邊油化,['0:00~23:59'],東京都世田谷区弦巻3-15-16,N/A,東京都世田谷区弦巻3-15-16,139.64415,35.637135,['0:00~23:59'],['0:00~23:59'],['0:00~23:59'],['0:00~23:59'],['0:00~23:59'],['0:00~23:59'],['0:00~23:59']
ガソリンスタンド,ルート11西新井SS / 出光リテール販売(株),['0:00~23:59'],東京都足立区西新井7-11-4,N/A,東京都足立区西新井7-11-4,139.770294,35.779598,['0:00~23:59'],['0:00~23:59'],['0:00~23:59'],['0:00~23:59'],['0:00~23:59'],['0:00~23:59'],['0:00~23:59']
ガソリンスタンド,セルフ大塚SS / (株)渡邊油化,['0:00~23:59'],東京都豊島区東池袋4-39-14,N/A,東京都豊島区東池袋4-39-14,139.724091,35.729473,['0:00~23:59'],['0:00~23:59'],['0:00~23:59'],['0:00~23:59'],['0:00~23:59'],['0:00~23:59'],['0:00~23:59']
ガソリンスタンド,セルフ春日町SS / イタバシ(株),['0:00~23:59'],東京都練馬区春日町2-4-22,N/A,東京都練馬区春日町2-4-22,139.649109,35.755981,['0:00~23:59'],['0:00~23:59'],['0:00~23:59'],['0:00~23:59'],['0:00~23:59'],['0:00~23:59'],['0:00~23:59']
ガソリンスタンド,セルフ等々力SS / 鈴美商事(株),['0:00~23:59'],東京都世田谷区等々力7-1-1,N/A,東京都世田谷区等々力7-1-1,139.659042,35.613899,['0:00~23:59'],['0:00~23:59'],['0:00~23:59'],['0:00~23:59'],['0:00~23:59'],['0:00~23:59'],['0:00~23:59']
ガソリンスタンド,セルフ仲原SS / 出光リテール販売(株),['07:00~23:00'],東京都東大和市仲原4-22-34,N/A,東京都東大和市仲原4-22-34,139.435944,35.742756,['07:00~23:00'],['07:00~23:00'],['07:00~23:00'],['07:00~23:00'],['07:00~23:00'],['07:00~23:00'],['07:00~23:00']
ガソリンスタンド,羽村四面道給油所 / 伊吹アポロ(株),['07:30~20:00'],東京都羽村市緑ケ丘2-17-25,N/A,東京都羽村市緑ケ丘2-17-25,139.319778,35.765488,['07:30~20:00'],['07:30~20:00'],['07:30~20:00'],['07:30~20:00'],['07:30~20:00'],['07:30~20:00'],['07:30~20:00']
ガソリンスタンド,雑色SS / 川田商事(有),['07:30~20:00'],東京都大田区東六郷2-8-7,N/A,東京都大田区東六郷2-8-7,139.716705,35.550541,['07:30~20:00'],['07:30~20:00'],['07:30~20:00'],['07:30~20:00'],['07:30~20:00'],['07:30~20:00'],['07:30~20:00']
ガソリンスタンド,セルフ八王子SS / 出光リテール販売(株),['0:00~23:59'],東京都八王子市子安町3-26-2,N/A,東京都八王子市子安町3-26-2,139.336075,35.649158,['0:00~23:59'],['0:00~23:59'],['0:00~23:59'],['0:00~23:59'],['0:00~23:59'],['0:00~23:59'],['0:00~23:59']
ガソリンスタンド,プリテールプロント高瀬橋SS / 出光リテール販売(株),['0:00~23:59'],東京都町田市高ケ坂6-4-3,N/A,東京都町田市高ケ坂6-4-3,139.462494,35.542252,['0:00~23:59'],['0:00~23:59'],['0:00~23:59'],['0:00~23:59'],['0:00~23:59'],['0:00~23:59'],['0:00~23:59']
ガソリンスタンド,セルフ本町田SS / 出光リテール販売(株),"['0:00~1:00','2:00~23:59']",東京都町田市本町田2284,N/A,東京都町田市本町田2284,139.444397,35.564236,"['0:00~1:00','2:00~23:59']","['0:00~1:00','2:00~23:59']","['0:00~1:00','2:00~23:59']","['0:00~1:00','2:00~23:59']","['0:00~1:00','2:00~23:59']","['0:00~1:00','2:00~23:59']","['0:00~1:00','2:00~23:59']"
ガソリンスタンド,南小岩SS / 宮崎石油(株),['07:00~20:00'],東京都江戸川区東小岩1-8-7,N/A,東京都江戸川区東小岩1-8-7,139.889694,35.723186,['07:00~20:00'],['07:00~20:00'],['07:00~20:00'],['07:00~20:00'],['07:00~20:00'],['07:00~20:00'],['07:00~20:00']
ガソリンスタンド,セルフ青井SS / (株)コプローサいのうえ,['0:00~23:59'],東京都足立区青井6-25-8,N/A,東京都足立区青井6-25-8,139.811752,35.778526,['0:00~23:59'],['0:00~23:59'],['0:00~23:59'],['0:00~23:59'],['0:00~23:59'],['0:00~23:59'],['0:00~23:59']
ガソリンスタンド,セルフ青梅新町SS / 出光リテール販売(株) ,"[['0:00~3:00','4:00~23:59']",東京都青梅市新町9-2207-1,N/A,東京都青梅市新町9-2207-1,139.321823,35.782368,[['0:00~3:00','4:00~23:59'],[['0:00~3:00','4:00~23:59'],[['0:00~3:00','4:00~23:59'],[['0:00~3:00','4:00~23:59'],[['0:00~3:00','4:00~23:59'],[['0:00~3:00','4:00~23:59'],[['0:00~3:00','4:00~23:59']
ガソリンスタンド,セルフ中葛西SS / (株)矢作石油,['0:00~23:59'],東京都江戸川区中葛西2-27-15,N/A,東京都江戸川区中葛西2-27-15,139.872757,35.667923,['0:00~23:59'],['0:00~23:59'],['0:00~23:59'],['0:00~23:59'],['0:00~23:59'],['0:00~23:59'],['0:00~23:59']
ガソリンスタンド,セルフむさしの台給油所 / 伊吹アポロ(株),['0:00~23:59'],東京都福生市武蔵野台1-16-7,N/A,東京都福生市武蔵野台1-16-7,139.331772,35.747761,['0:00~23:59'],['0:00~23:59'],['0:00~23:59'],['0:00~23:59'],['0:00~23:59'],['0:00~23:59'],['0:00~23:59']
ガソリンスタンド,セルフ松木SS / 出光リテール販売(株),['07:00~23:00'],東京都八王子市松木33-1,N/A,東京都八王子市松木33-1,139.394135,35.624878,['07:00~23:00'],['07:00~23:00'],['07:00~23:00'],['07:00~23:00'],['07:00~23:00'],['07:00~23:00'],['07:00~23:00']
ガソリンスタンド,セルフ瑞穂SS / 出光リテール販売(株),['08:00~20:00'],東京都西多摩郡瑞穂町殿ケ谷442,N/A,東京都西多摩郡瑞穂町殿ケ谷442,139.357727,35.760551,['08:00~20:00'],['08:00~20:00'],['08:00~20:00'],['08:00~20:00'],['08:00~20:00'],['08:00~20:00'],['08:00~20:00']
ガソリンスタンド,石神井SS / 大沢石油販売(株),['08:00~19:00'],東京都練馬区南田中1-22-18,N/A,東京都練馬区南田中1-22-18,139.614731,35.731678,['08:00~19:00'],['08:00~19:00'],['08:00~19:00'],['08:00~19:00'],['08:00~19:00'],['08:00~19:00'],['08:00~19:00']
ガソリンスタンド,宇喜田橋SS / 大高石油販売(株),['07:00~21:00'],東京都江戸川区宇喜田町1078,N/A,東京都江戸川区宇喜田町1078,139.863205,35.676311,['07:00~21:00'],['07:00~21:00'],['07:00~21:00'],['07:00~21:00'],['07:00~21:00'],['07:00~21:00'],['07:00~21:00']
ガソリンスタンド,船堀SS / 大高石油販売(株),['07:00~20:00'],東京都江戸川区船堀7-13-19,N/A,東京都江戸川区船堀7-13-19,139.870071,35.676647,['07:00~20:00'],['07:00~20:00'],['07:00~20:00'],['07:00~20:00'],['07:00~20:00'],['07:00~20:00'],['07:00~20:00']
ガソリンスタンド,大泉学園SS / (株)市川燃料店,['7:00~21:00'],東京都練馬区大泉学園町8-9-22,N/A,東京都練馬区大泉学園町8-9-22,139.591003,35.773582,['7:00~21:00'],['7:00~21:00'],['7:00~21:00'],['7:00~21:00'],['7:00~21:00'],['7:00~21:00'],['7:00~21:00']
ガソリンスタンド,マインドホース秋川SS / (株)南部燃料,['07:00~22:00'],東京都あきる野市野辺290-1,N/A,東京都あきる野市野辺290-1,139.312057,35.722492,['07:00~22:00'],['07:00~22:00'],['07:00~22:00'],['07:00~22:00'],['07:00~22:00'],['07:00~22:00'],['07:00~22:00']
ガソリンスタンド,五日市SS / (有)松本商店,['07:00~20:00'],東京都あきる野市五日市126,N/A,東京都あきる野市五日市126,139.224396,35.729809,['07:00~20:00'],['07:00~20:00'],['07:00~20:00'],['07:00~20:00'],['07:00~20:00'],['07:00~20:00'],['07:00~20:00']
ガソリンスタンド,御陵SS / (有)石川商事,['08:00~20:00'],東京都八王子市東浅川町42-1,N/A,東京都八王子市東浅川町42-1,139.291977,35.646297,['08:00~20:00'],['08:00~20:00'],['08:00~20:00'],['08:00~20:00'],['08:00~20:00'],['08:00~20:00'],['08:00~20:00']
ガソリンスタンド,東瑞江SS / 日東石油(株),['06:00~23:00'],東京都江戸川区東瑞江1-3-14,N/A,東京都江戸川区東瑞江1-3-14,139.900375,35.688129,['06:00~23:00'],['06:00~23:00'],['06:00~23:00'],['06:00~23:00'],['06:00~23:00'],['06:00~23:00'],['06:00~23:00']
ガソリンスタンド,国分寺西町SS / (株)安喜,['08:00~22:00'],東京都国分寺市西町2-29-2,N/A,東京都国分寺市西町2-29-2,139.436111,35.707569,['08:00~22:00'],['08:00~22:00'],['08:00~22:00'],['08:00~22:00'],['08:00~22:00'],['08:00~22:00'],['08:00~22:00']
ガソリンスタンド,松江給油所 / 須田油店,['09:00~18:00'],東京都江戸川区松江4-25-11,N/A,東京都江戸川区松江4-25-11,139.871704,35.69038,['09:00~18:00'],['09:00~18:00'],['09:00~18:00'],['09:00~18:00'],['09:00~18:00'],['09:00~18:00'],['09:00~18:00']
ガソリンスタンド,羽田SS / (株)シオドメオイル,['07:00~20:00'],東京都大田区羽田4-18-14,N/A,東京都大田区羽田4-18-14,139.744492,35.548923,['07:00~20:00'],['07:00~20:00'],['07:00~20:00'],['07:00~20:00'],['07:00~20:00'],['07:00~20:00'],['07:00~20:00']
ガソリンスタンド,日野台SS / 荒木産業(株),['07:00~21:00'],東京都日野市多摩平6-41-5,N/A,東京都日野市多摩平6-41-5,139.383667,35.673008,['07:00~21:00'],['07:00~21:00'],['07:00~21:00'],['07:00~21:00'],['07:00~21:00'],['07:00~21:00'],['07:00~21:00']
ガソリンスタンド,清瀬SS / 松村石油(株),['06:00~22:00'],東京都清瀬市中里1-733,N/A,東京都清瀬市中里1-733,139.515411,35.778614,['06:00~22:00'],['06:00~22:00'],['06:00~22:00'],['06:00~22:00'],['06:00~22:00'],['06:00~22:00'],['06:00~22:00']
ガソリンスタンド,サンライズ東久留米SS / 成瀬商事(有),['07:00~21:00'],東京都東久留米市下里2-15-2,N/A,東京都東久留米市下里2-15-2,139.50827,35.753643,['07:00~21:00'],['07:00~21:00'],['07:00~21:00'],['07:00~21:00'],['07:00~21:00'],['07:00~21:00'],['07:00~21:00']
ガソリンスタンド,坂上SS / (有)並木商事,['8:00~20:00'],東京都西東京市東伏見4-3-16,N/A,東京都西東京市東伏見4-3-16,139.561569,35.722095,['8:00~20:00'],['8:00~20:00'],['8:00~20:00'],['8:00~20:00'],['8:00~20:00'],['8:00~20:00'],['8:00~20:00']
ガソリンスタンド,セルフ楢原SS / 大洋石油(株),['0:00~23:59'],東京都八王子市楢原町597-1,N/A,東京都八王子市楢原町597-1,139.303589,35.682365,['0:00~23:59'],['0:00~23:59'],['0:00~23:59'],['0:00~23:59'],['0:00~23:59'],['0:00~23:59'],['0:00~23:59']
ガソリンスタンド,ステラ行船SS / 行船石油(株),['0:00~23:59'],東京都江戸川区西葛西1-13-1,N/A,東京都江戸川区西葛西1-13-1,139.856262,35.670471,['0:00~23:59'],['0:00~23:59'],['0:00~23:59'],['0:00~23:59'],['0:00~23:59'],['0:00~23:59'],['0:00~23:59']
ガソリンスタンド,千歳船橋SS / ネクサスエナジー(株),['0:00~23:59'],東京都世田谷区千歳台3-19-20,N/A,東京都世田谷区千歳台3-19-20,139.615997,35.652897,['0:00~23:59'],['0:00~23:59'],['0:00~23:59'],['0:00~23:59'],['0:00~23:59'],['0:00~23:59'],['0:00~23:59']
ガソリンスタンド,セルフエネックスSS / エネックス(株),['07:00~20:00'],東京都東村山市久米川町4-3-15,N/A,東京都東村山市久米川町4-3-15,139.472076,35.76004,['07:00~20:00'],['07:00~20:00'],['07:00~20:00'],['07:00~20:00'],['07:00~20:00'],['07:00~20:00'],['07:00~20:00']
ガソリンスタンド,王子環七SS / 日之出石油販売(株),['10:00~19:00'],東京都北区神谷3-50-7,N/A,東京都北区神谷3-50-7,139.731552,35.768879,['10:00~19:00'],['10:00~19:00'],['10:00~19:00'],['10:00~19:00'],['10:00~19:00'],['10:00~19:00'],['10:00~19:00']
ガソリンスタンド,セルフステーション日本堤 / 日本ビンコ(有),"['0:00~3:00','4:00~23:59']",東京都台東区日本堤1-38-1,N/A,東京都台東区日本堤1-38-1,139.798691,35.727131,[['0:00~3:00','4:00~23:59'],[['0:00~3:00','4:00~23:59'],[['0:00~3:00','4:00~23:59'],[['0:00~3:00','4:00~23:59'],[['0:00~3:00','4:00~23:59'],[['0:00~3:00','4:00~23:59'],[['0:00~3:00','4:00~23:59']
ガソリンスタンド,セルフ日野台 / (株)オカモト,"[['0:00~2:00','4:00~23:59']",東京都日野市日野台2-41-2,N/A,東京都日野市日野台2-41-2,139.377121,35.679764,[['0:00~2:00','4:00~23:59'],[['0:00~2:00','4:00~23:59'],[['0:00~2:00','4:00~23:59'],[['0:00~2:00','4:00~23:59'],[['0:00~2:00','4:00~23:59'],[['0:00~2:00','4:00~23:59'],[['0:00~2:00','4:00~23:59']
ガソリンスタンド,セルフピュア東十条 / コスモ石油販売(株),['0:00~23:59'],東京都北区東十条4-11-4,N/A,東京都北区東十条4-11-4,139.728622,35.767845,['0:00~23:59'],['0:00~23:59'],['0:00~23:59'],['0:00~23:59'],['0:00~23:59'],['0:00~23:59'],['0:00~23:59']
ガソリンスタンド,セルフピュア秋川 / コスモ石油販売(株),['0:00~23:59'],東京都あきる野市秋川4-5-7,N/A,東京都あきる野市秋川4-5-7,139.289413,35.732155,['0:00~23:59'],['0:00~23:59'],['0:00~23:59'],['0:00~23:59'],['0:00~23:59'],['0:00~23:59'],['0:00~23:59']
ガソリンスタンド,セルフピュア諏訪 / コスモ石油販売(株),['0:00~23:59'],東京都八王子市諏訪町74-1,N/A,東京都八王子市諏訪町74-1,139.292389,35.674801,['0:00~23:59'],['0:00~23:59'],['0:00~23:59'],['0:00~23:59'],['0:00~23:59'],['0:00~23:59'],['0:00~23:59']
ガソリンスタンド,セルフピュアなら原 / コスモ石油販売(株),['0:00~23:59'],東京都八王子市楢原町632-4,N/A,東京都八王子市楢原町632-4,139.301453,35.684052,['0:00~23:59'],['0:00~23:59'],['0:00~23:59'],['0:00~23:59'],['0:00~23:59'],['0:00~23:59'],['0:00~23:59']
ガソリンスタンド,セルフピュア上野毛 / コスモ石油販売(株),['0:00~23:59'],東京都世田谷区上野毛1-28-10,N/A,東京都世田谷区上野毛1-28-10,139.637726,35.613522,['0:00~23:59'],['0:00~23:59'],['0:00~23:59'],['0:00~23:59'],['0:00~23:59'],['0:00~23:59'],['0:00~23:59']
ガソリンスタンド,セルフピュア尾山台 / コスモ石油販売(株),['0:00~23:59'],東京都世田谷区等々力1-30-18,N/A,東京都世田谷区等々力1-30-18,139.65184,35.603756,['0:00~23:59'],['0:00~23:59'],['0:00~23:59'],['0:00~23:59'],['0:00~23:59'],['0:00~23:59'],['0:00~23:59']
ガソリンスタンド,セルフピュア町田 / コスモ石油販売(株),['0:00~23:59'],東京都町田市小山町837-7,N/A,東京都町田市小山町837-7,139.382782,35.591862,['0:00~23:59'],['0:00~23:59'],['0:00~23:59'],['0:00~23:59'],['0:00~23:59'],['0:00~23:59'],['0:00~23:59']
ガソリンスタンド,セルフピュア練馬 / コスモ石油販売(株),['0:00~23:59'],東京都練馬区北町1-8-1,N/A,東京都練馬区北町1-8-1,139.668381,35.763016,['0:00~23:59'],['0:00~23:59'],['0:00~23:59'],['0:00~23:59'],['0:00~23:59'],['0:00~23:59'],['0:00~23:59']
ガソリンスタンド,セルフピュア昭島 / コスモ石油販売(株),['0:00~23:59'],東京都昭島市上川原町2-10-1,N/A,東京都昭島市上川原町2-10-1,139.360596,35.710716,['0:00~23:59'],['0:00~23:59'],['0:00~23:59'],['0:00~23:59'],['0:00~23:59'],['0:00~23:59'],['0:00~23:59']
ガソリンスタンド,セルフピュア昭島南 / コスモ石油販売(株),['0:00~23:59'],東京都昭島市大神町2-10-23,N/A,東京都昭島市大神町2-10-23,139.355789,35.703136,['0:00~23:59'],['0:00~23:59'],['0:00~23:59'],['0:00~23:59'],['0:00~23:59'],['0:00~23:59'],['0:00~23:59']
ガソリンスタンド,セルフピュア大井鹿島町 / コスモ石油販売(株),['0:00~23:59'],東京都品川区大井6-19-13,N/A,東京都品川区大井6-19-13,139.729691,35.595242,['0:00~23:59'],['0:00~23:59'],['0:00~23:59'],['0:00~23:59'],['0:00~23:59'],['0:00~23:59'],['0:00~23:59']
ガソリンスタンド,セルフピュア芝園橋 / コスモ石油販売(株),['0:00~23:59'],東京都港区芝3-12-1,N/A,東京都港区芝3-12-1,139.74614,35.652763,['0:00~23:59'],['0:00~23:59'],['0:00~23:59'],['0:00~23:59'],['0:00~23:59'],['0:00~23:59'],['0:00~23:59']
ガソリンスタンド,セルフピュア狛江一の橋 / コスモ石油販売(株),['0:00~23:59'],東京都狛江市岩戸北4-12-28,N/A,東京都狛江市岩戸北4-12-28,139.586121,35.632874,['0:00~23:59'],['0:00~23:59'],['0:00~23:59'],['0:00~23:59'],['0:00~23:59'],['0:00~23:59'],['0:00~23:59']
ガソリンスタンド,セルフ万世橋SS / ヤマヒロ(株),['0:00~23:59'],東京都千代田区神田須田町1-5,N/A,東京都千代田区神田須田町1-5,139.770279,35.696278,['0:00~23:59'],['0:00~23:59'],['0:00~23:59'],['0:00~23:59'],['0:00~23:59'],['0:00~23:59'],['0:00~23:59']
ガソリンスタンド,セルフ平塚橋SS / 出光リテール販売(株),['0:00~23:59'],東京都品川区平塚2-11-16,N/A,東京都品川区平塚2-11-16,139.713425,35.61747,['0:00~23:59'],['0:00~23:59'],['0:00~23:59'],['0:00~23:59'],['0:00~23:59'],['0:00~23:59'],['0:00~23:59']
ガソリンスタンド,セルフ向島SS / 出光リテール販売(株),['0:00~23:59'],東京都墨田区東向島6-64-4,N/A,東京都墨田区東向島6-64-4,139.824753,35.728218,['0:00~23:59'],['0:00~23:59'],['0:00~23:59'],['0:00~23:59'],['0:00~23:59'],['0:00~23:59'],['0:00~23:59']
ガソリンスタンド,セルフ駒沢通りSS / (株)鈴美商事,['0:00~23:59'],東京都目黒区五本木3-26-6,N/A,東京都目黒区五本木3-26-6,139.683472,35.630527,['0:00~23:59'],['0:00~23:59'],['0:00~23:59'],['0:00~23:59'],['0:00~23:59'],['0:00~23:59'],['0:00~23:59']
ガソリンスタンド,プリテール町田SS / 出光リテール販売(株),['07:00~22:00'],東京都町田市本町田1700,N/A,東京都町田市本町田1700,139.433914,35.558334,['07:00~22:00'],['07:00~22:00'],['07:00~22:00'],['07:00~22:00'],['07:00~22:00'],['07:00~22:00'],['07:00~22:00']
ガソリンスタンド,セルフ日野SS / 出光リテール販売(株),"['0:00~1:00','2:00~23:59']",東京都日野市大坂上2-8-8,N/A,東京都日野市大坂上2-8-8,139.385727,35.67432,"['0:00~1:00','2:00~23:59']","['0:00~1:00','2:00~23:59']","['0:00~1:00','2:00~23:59']","['0:00~1:00','2:00~23:59']","['0:00~1:00','2:00~23:59']","['0:00~1:00','2:00~23:59']","['0:00~1:00','2:00~23:59']"
ガソリンスタンド,環七葛西インターSS / (株)東日本宇佐美,['0:00~23:59'],東京都江戸川区臨海町4-3-1,N/A,東京都江戸川区臨海町4-3-1,139.862335,35.646538,['0:00~23:59'],['0:00~23:59'],['0:00~23:59'],['0:00~23:59'],['0:00~23:59'],['0:00~23:59'],['0:00~23:59']
ガソリンスタンド,大岡山SS / 出光リテール販売(株),"['0:00~2:00','3:00~23:59']",東京都目黒区南3-12-1,N/A,東京都目黒区南3-12-1,139.686813,35.613045,"['0:00~2:00','3:00~23:59']","['0:00~2:00','3:00~23:59']","['0:00~2:00','3:00~23:59']","['0:00~2:00','3:00~23:59']","['0:00~2:00','3:00~23:59']","['0:00~2:00','3:00~23:59']","['0:00~2:00','3:00~23:59']"
ガソリンスタンド,小作SS / (有)小作給油所,['09:00~21:00'],東京都羽村市羽西1-13-50,N/A,東京都羽村市羽西1-13-50,139.297897,35.772076,['09:00~21:00'],['09:00~21:00'],['09:00~21:00'],['09:00~21:00'],['09:00~21:00'],['09:00~21:00'],['09:00~21:00']
ガソリンスタンド,村山SS / (有)村山石油商会,['07:00~20:00'],東京都武蔵村山市大南1-4-5,N/A,東京都武蔵村山市大南1-4-5,139.393524,35.741451,['07:00~20:00'],['07:00~20:00'],['07:00~20:00'],['07:00~20:00'],['07:00~20:00'],['07:00~20:00'],['07:00~20:00']
ガソリンスタンド,【navi】多摩川SS / ナヴィ(株),['07:00~22:00'],東京都大田区多摩川1-18-30,N/A,東京都大田区多摩川1-18-30,139.696976,35.562832,['07:00~22:00'],['07:00~22:00'],['07:00~22:00'],['07:00~22:00'],['07:00~22:00'],['07:00~22:00'],['07:00~22:00']
ガソリンスタンド,セルフかつしか6号SS / (株)ライフ白銅,['0:00~23:59'],東京都葛飾区白鳥2-20-20,N/A,東京都葛飾区白鳥2-20-20,139.846863,35.748474,['0:00~23:59'],['0:00~23:59'],['0:00~23:59'],['0:00~23:59'],['0:00~23:59'],['0:00~23:59'],['0:00~23:59']
ガソリンスタンド,SkyBlueEnergy白河GS / (株)日の丸リムジン,['0:00~23:59'],東京都江東区白河4-9-11,N/A,東京都江東区白河4-9-11,139.808807,35.682732,['0:00~23:59'],['0:00~23:59'],['0:00~23:59'],['0:00~23:59'],['0:00~23:59'],['0:00~23:59'],['0:00~23:59']
ガソリンスタンド,セルフ市ヶ谷店 / (株)ライフ白銅,['0:00~23:59'],東京都新宿区市谷船河原町8,N/A,東京都新宿区市谷船河原町8,139.740051,35.69759,['0:00~23:59'],['0:00~23:59'],['0:00~23:59'],['0:00~23:59'],['0:00~23:59'],['0:00~23:59'],['0:00~23:59']
ガソリンスタンド,Dr.Drive 相原店 / (株)カイト,['0:00~23:59'],東京都町田市相原町2171-1,N/A,東京都町田市相原町2171-1,139.318054,35.606251,['0:00~23:59'],['0:00~23:59'],['0:00~23:59'],['0:00~23:59'],['0:00~23:59'],['0:00~23:59'],['0:00~23:59']
ガソリンスタンド,九段SS / (株)千代田エネルギー,['08:00~19:00'],東京都千代田区飯田橋2-2-2,N/A,東京都千代田区飯田橋2-2-2,139.750961,35.698242,['08:00~19:00'],['08:00~19:00'],['08:00~19:00'],['08:00~19:00'],['08:00~19:00'],['08:00~19:00'],['08:00~19:00']
ガソリンスタンド,Dr.Drive 三ノ輪店 / 日新石油(株),['07:30~21:00'],東京都台東区根岸5-13-15,N/A,東京都台東区根岸5-13-15,139.78801,35.726795,['07:30~21:00'],['07:30~21:00'],['07:30~21:00'],['07:30~21:00'],['07:30~21:00'],['07:30~21:00'],['07:30~21:00']
ガソリンスタンド,両国SS / 田実興産(株),['07:00~22:00'],東京都墨田区両国2-9-1,N/A,東京都墨田区両国2-9-1,139.79303,35.694183,['07:00~22:00'],['07:00~22:00'],['07:00~22:00'],['07:00~22:00'],['07:00~22:00'],['07:00~22:00'],['07:00~22:00']
ガソリンスタンド,目黒本町SS / 青木石油商事(株),['07:00~19:00'],東京都目黒区目黒本町5-16-5,N/A,東京都目黒区目黒本町5-16-5,139.700241,35.621754,['07:00~19:00'],['07:00~19:00'],['07:00~19:00'],['07:00~19:00'],['07:00~19:00'],['07:00~19:00'],['07:00~19:00']
ガソリンスタンド,伊興町SS / (株)エネクル,['07:00~21:00'],東京都足立区西伊興4-6-29,N/A,東京都足立区西伊興4-6-29,139.782333,35.802795,['07:00~21:00'],['07:00~21:00'],['07:00~21:00'],['07:00~21:00'],['07:00~21:00'],['07:00~21:00'],['07:00~21:00']
ガソリンスタンド,アクア新宿SS / (株)大家商店,['08:00~20:00'],東京都新宿区新宿6-28-13,N/A,東京都新宿区新宿6-28-13,139.707382,35.696384,['08:00~20:00'],['08:00~20:00'],['08:00~20:00'],['08:00~20:00'],['08:00~20:00'],['08:00~20:00'],['08:00~20:00']
ガソリンスタンド,柴又SS / 田辺(株),['08:00~21:00'],東京都葛飾区鎌倉4-17-11,N/A,東京都葛飾区鎌倉4-17-11,139.879349,35.749874,['08:00~21:00'],['08:00~21:00'],['08:00~21:00'],['08:00~21:00'],['08:00~21:00'],['08:00~21:00'],['08:00~21:00']
ガソリンスタンド,石原SS / 田実興産(株),['07:00~23:00'],東京都墨田区石原2-13-3,N/A,東京都墨田区石原2-13-3,139.8013,35.700359,['07:00~23:00'],['07:00~23:00'],['07:00~23:00'],['07:00~23:00'],['07:00~23:00'],['07:00~23:00'],['07:00~23:00']
ガソリンスタンド,向島SS / 共栄石油(株),['07:30~21:00'],東京都墨田区八広2-49-14,N/A,東京都墨田区八広2-49-14,139.828033,35.715298,['07:30~21:00'],['07:30~21:00'],['07:30~21:00'],['07:30~21:00'],['07:30~21:00'],['07:30~21:00'],['07:30~21:00']
ガソリンスタンド,Dr.Drive 笹塚SS / サンユエネルギー(株),['0:00~23:59'],東京都渋谷区笹塚1-53-17,N/A,東京都渋谷区笹塚1-53-17,139.669998,35.674717,['0:00~23:59'],['0:00~23:59'],['0:00~23:59'],['0:00~23:59'],['0:00~23:59'],['0:00~23:59'],['0:00~23:59']
ガソリンスタンド,青山中央SS / 出光リテール販売(株),['0:00~23:59'],東京都港区北青山1-3-6,N/A,東京都港区北青山1-3-6,139.722733,35.672512,['0:00~23:59'],['0:00~23:59'],['0:00~23:59'],['0:00~23:59'],['0:00~23:59'],['0:00~23:59'],['0:00~23:59']
ガソリンスタンド,ラリーポイント山吹SS / (株)大釿,['07:30~20:00'],東京都新宿区山吹町81-15,N/A,東京都新宿区山吹町81-15,139.728226,35.706856,['07:30~20:00'],['07:30~20:00'],['07:30~20:00'],['07:30~20:00'],['07:30~20:00'],['07:30~20:00'],['07:30~20:00']
ガソリンスタンド,東十条駅前SS / (株)松勇,['07:00~21:00'],東京都北区東十条1-10-1,N/A,東京都北区東十条1-10-1,139.731705,35.760807,['07:00~21:00'],['07:00~21:00'],['07:00~21:00'],['07:00~21:00'],['07:00~21:00'],['07:00~21:00'],['07:00~21:00']
ガソリンスタンド,新河岸SS / 大東実業(株),['07:00~20:00'],東京都板橋区新河岸1-7-2,N/A,東京都板橋区新河岸1-7-2,139.666809,35.794682,['07:00~20:00'],['07:00~20:00'],['07:00~20:00'],['07:00~20:00'],['07:00~20:00'],['07:00~20:00'],['07:00~20:00']
ガソリンスタンド,中野SS / さがみ商事(株),['08:00~20:00'],東京都中野区中野1-27-5,N/A,東京都中野区中野1-27-5,139.676315,35.701874,['08:00~20:00'],['08:00~20:00'],['08:00~20:00'],['08:00~20:00'],['08:00~20:00'],['08:00~20:00'],['08:00~20:00']
ガソリンスタンド,Dr.Drive 絹ヶ丘店 / (株)ENEOSフロンティア,['07:00~21:00'],東京都八王子市絹ケ丘1-23-3,N/A,東京都八王子市絹ケ丘1-23-3,139.360123,35.638809,['07:00~21:00'],['07:00~21:00'],['07:00~21:00'],['07:00~21:00'],['07:00~21:00'],['07:00~21:00'],['07:00~21:00']
ガソリンスタンド,花畑SS / (株)栃木屋商店,['07:30~20:00'],東京都足立区南花畑2-31-2,N/A,東京都足立区南花畑2-31-2,139.817062,35.79108,['07:30~20:00'],['07:30~20:00'],['07:30~20:00'],['07:30~20:00'],['07:30~20:00'],['07:30~20:00'],['07:30~20:00']
ガソリンスタンド,ルポサ千田SS / (有)大木油店,['07:30~21:00'],東京都江東区千田21-7,N/A,東京都江東区千田21-7,139.816177,35.681644,['07:30~21:00'],['07:30~21:00'],['07:30~21:00'],['07:30~21:00'],['07:30~21:00'],['07:30~21:00'],['07:30~21:00']
ガソリンスタンド,西尾久SS / 不二化学(株),['06:30~19:00'],東京都荒川区西尾久6-15-2,N/A,東京都荒川区西尾久6-15-2,139.759186,35.750759,['06:30~19:00'],['06:30~19:00'],['06:30~19:00'],['06:30~19:00'],['06:30~19:00'],['06:30~19:00'],['06:30~19:00']
ガソリンスタンド,東保木間SS / (有)帝国鉱油,['07:00~22:00'],東京都足立区東保木間2-2-2,N/A,東京都足立区東保木間2-2-2,139.810394,35.792324,['07:00~22:00'],['07:00~22:00'],['07:00~22:00'],['07:00~22:00'],['07:00~22:00'],['07:00~22:00'],['07:00~22:00']
ガソリンスタンド,拝島駅北口前SS / (株)SHIRATORI,['08:00~19:30'],東京都福生市熊川1654,N/A,東京都福生市熊川1654,139.343826,35.722923,['08:00~19:30'],['08:00~19:30'],['08:00~19:30'],['08:00~19:30'],['08:00~19:30'],['08:00~19:30'],['08:00~19:30']
ガソリンスタンド,神田明神下SS / (株)ナカタニ,['08:00~19:00'],東京都千代田区外神田2-15-5,N/A,東京都千代田区外神田2-15-5,139.768753,35.702801,['08:00~19:00'],['08:00~19:00'],['08:00~19:00'],['08:00~19:00'],['08:00~19:00'],['08:00~19:00'],['08:00~19:00']
ガソリンスタンド,築地SS / 青木石油商事(株),['07:00~20:00'],東京都中央区築地3-11-4,N/A,東京都中央区築地3-11-4,139.772675,35.66737,['07:00~20:00'],['07:00~20:00'],['07:00~20:00'],['07:00~20:00'],['07:00~20:00'],['07:00~20:00'],['07:00~20:00']
ガソリンスタンド,町屋SS / (株)栃木屋商店,['07:30~19:30'],東京都荒川区町屋3-27-11,N/A,東京都荒川区町屋3-27-11,139.78302,35.749607,['07:30~19:30'],['07:30~19:30'],['07:30~19:30'],['07:30~19:30'],['07:30~19:30'],['07:30~19:30'],['07:30~19:30']
ガソリンスタンド,皿沼SS / (有)ウスバ石油,['08:00~20:00'],東京都足立区加賀1-22-17,N/A,東京都足立区加賀1-22-17,139.76207,35.790287,['08:00~20:00'],['08:00~20:00'],['08:00~20:00'],['08:00~20:00'],['08:00~20:00'],['08:00~20:00'],['08:00~20:00']
ガソリンスタンド,【総合エネルギー】 曳舟SS / (有)新光給油所,['07:00~19:30'],東京都墨田区東向島2-47-12,N/A,東京都墨田区東向島2-47-12,139.818863,35.719036,['07:00~19:30'],['07:00~19:30'],['07:00~19:30'],['07:00~19:30'],['07:00~19:30'],['07:00~19:30'],['07:00~19:30']
ガソリンスタンド,セルフピュア新宿中央 / コスモ石油販売(株),['0:00~23:59'],東京都新宿区西新宿6-14-4,N/A,東京都新宿区西新宿6-14-4,139.689697,35.692436,['0:00~23:59'],['0:00~23:59'],['0:00~23:59'],['0:00~23:59'],['0:00~23:59'],['0:00~23:59'],['0:00~23:59']
ガソリンスタンド,Dr.Drive セルフ椚田店 / (株)ENEOSフロンティア,['0:00~23:59'],東京都八王子市椚田町553-19,N/A,東京都八王子市椚田町553-19,139.306641,35.637642,['0:00~23:59'],['0:00~23:59'],['0:00~23:59'],['0:00~23:59'],['0:00~23:59'],['0:00~23:59'],['0:00~23:59']
ガソリンスタンド,Dr.Drive セルフ足立佐野店 / (株)ENEOSフロンティア,['0:00~23:59'],東京都足立区佐野1-29-1,N/A,東京都足立区佐野1-29-1,139.841354,35.788811,['0:00~23:59'],['0:00~23:59'],['0:00~23:59'],['0:00~23:59'],['0:00~23:59'],['0:00~23:59'],['0:00~23:59']
ガソリンスタンド,プラザ戸越SS / (株)菊池石油,['08:00~20:00'],東京都品川区豊町6-6-2,N/A,東京都品川区豊町6-6-2,139.715912,35.605984,['08:00~20:00'],['08:00~20:00'],['08:00~20:00'],['08:00~20:00'],['08:00~20:00'],['08:00~20:00'],['08:00~20:00']
ガソリンスタンド,狛江SS / (株)ニシヤマ,['06:30~20:00'],東京都狛江市岩戸北4-19-11,N/A,東京都狛江市岩戸北4-19-11,139.59024,35.6334,['06:30~20:00'],['06:30~20:00'],['06:30~20:00'],['06:30~20:00'],['06:30~20:00'],['06:30~20:00'],['06:30~20:00']
ガソリンスタンド,恵比寿SS / ユニオン石油(株),['08:00~20:00'],東京都渋谷区恵比寿西2-6-7,N/A,東京都渋谷区恵比寿西2-6-7,139.707169,35.651047,['08:00~20:00'],['08:00~20:00'],['08:00~20:00'],['08:00~20:00'],['08:00~20:00'],['08:00~20:00'],['08:00~20:00']
ガソリンスタンド,CaReS代官山SS / (株)佐藤商会,['08:00~20:00'],東京都渋谷区代官山町9-8,N/A,東京都渋谷区代官山町9-8,139.704407,35.651852,['08:00~20:00'],['08:00~20:00'],['08:00~20:00'],['08:00~20:00'],['08:00~20:00'],['08:00~20:00'],['08:00~20:00']
ガソリンスタンド,Dr.Drive 新秋津店 / (株)ENEOSフロンティア,['07:00~22:00'],東京都東村山市秋津町1-25-1,N/A,東京都東村山市秋津町1-25-1,139.493073,35.772743,['07:00~22:00'],['07:00~22:00'],['07:00~22:00'],['07:00~22:00'],['07:00~22:00'],['07:00~22:00'],['07:00~22:00']
ガソリンスタンド,梅田SS / 東京トレイディング(株),['07:00~21:00'],東京都足立区梅田2-8-9,N/A,東京都足立区梅田2-8-9,139.803452,35.76757,['07:00~21:00'],['07:00~21:00'],['07:00~21:00'],['07:00~21:00'],['07:00~21:00'],['07:00~21:00'],['07:00~21:00']
ガソリンスタンド,Dr.Drive 新橋SS / 隅田商事(株),['07:30~19:00'],東京都港区新橋4-25-7,N/A,東京都港区新橋4-25-7,139.755859,35.663944,['07:30~19:00'],['07:30~19:00'],['07:30~19:00'],['07:30~19:00'],['07:30~19:00'],['07:30~19:00'],['07:30~19:00']
ガソリンスタンド,Dr.Drive 松涛SS / (株)亀岡商会,['08:00~21:00'],東京都渋谷区松濤2-8-13,N/A,東京都渋谷区松濤2-8-13,139.689423,35.659878,['08:00~21:00'],['08:00~21:00'],['08:00~21:00'],['08:00~21:00'],['08:00~21:00'],['08:00~21:00'],['08:00~21:00']
ガソリンスタンド,Dr.Drive カートピア向台SS / (株)泰正社,['07:00~21:00'],東京都西東京市向台町1-16-20,N/A,東京都西東京市向台町1-16-20,139.543198,35.719563,['07:00~21:00'],['07:00~21:00'],['07:00~21:00'],['07:00~21:00'],['07:00~21:00'],['07:00~21:00'],['07:00~21:00']
ガソリンスタンド,北千住SS / 山村産業(株),['07:00~20:00'],東京都足立区千住中居町12-16,N/A,東京都足立区千住中居町12-16,139.796555,35.749195,['07:00~20:00'],['07:00~20:00'],['07:00~20:00'],['07:00~20:00'],['07:00~20:00'],['07:00~20:00'],['07:00~20:00']
ガソリンスタンド,下町セルフ柴又SS / (株)共栄オーメック,['07:00~22:00'],東京都葛飾区柴又6-5-1,N/A,東京都葛飾区柴又6-5-1,139.877335,35.754726,['07:00~22:00'],['07:00~22:00'],['07:00~22:00'],['07:00~22:00'],['07:00~22:00'],['07:00~22:00'],['07:00~22:00']
ガソリンスタンド,大塚SS / (株)林商会,['08:00~20:00'],東京都八王子市大塚1505,N/A,東京都八王子市大塚1505,139.420258,35.635651,['08:00~20:00'],['08:00~20:00'],['08:00~20:00'],['08:00~20:00'],['08:00~20:00'],['08:00~20:00'],['08:00~20:00']
ガソリンスタンド,池袋SS / 東京燃料林産(株),['08:00~20:00'],東京都豊島区東池袋4-7-2,N/A,東京都豊島区東池袋4-7-2,139.717499,35.727108,['08:00~20:00'],['08:00~20:00'],['08:00~20:00'],['08:00~20:00'],['08:00~20:00'],['08:00~20:00'],['08:00~20:00']
ガソリンスタンド,カレストステーション中野坂上 / (株)杉並モータース,['0:00~23:59'],東京都中野区本町2-46-4,N/A,東京都中野区本町2-46-4,139.681992,35.695988,['0:00~23:59'],['0:00~23:59'],['0:00~23:59'],['0:00~23:59'],['0:00~23:59'],['0:00~23:59'],['0:00~23:59']
ガソリンスタンド,麻布十番SS / 富士鉱油(株),['07:30~22:00'],東京都港区麻布十番1-9-1,N/A,東京都港区麻布十番1-9-1,139.73558,35.656391,['07:30~22:00'],['07:30~22:00'],['07:30~22:00'],['07:30~22:00'],['07:30~22:00'],['07:30~22:00'],['07:30~22:00']
ガソリンスタンド,CIARO SS / 田中燃料(株),['07:30~21:00'],東京都港区六本木3-3-11,N/A,東京都港区六本木3-3-11,139.738052,35.663433,['07:30~21:00'],['07:30~21:00'],['07:30~21:00'],['07:30~21:00'],['07:30~21:00'],['07:30~21:00'],['07:30~21:00']
ガソリンスタンド,上荻SS / (株)佐藤商会,['08:00~19:00'],東京都杉並区上荻2-20-5,N/A,東京都杉並区上荻2-20-5,139.613953,35.70578,['08:00~19:00'],['08:00~19:00'],['08:00~19:00'],['08:00~19:00'],['08:00~19:00'],['08:00~19:00'],['08:00~19:00']
ガソリンスタンド,CaReS中目黒SS / (株)佐藤商会,['08:00~20:00'],東京都目黒区上目黒1-7-13,N/A,東京都目黒区上目黒1-7-13,139.699692,35.645737,['08:00~20:00'],['08:00~20:00'],['08:00~20:00'],['08:00~20:00'],['08:00~20:00'],['08:00~20:00'],['08:00~20:00']
ガソリンスタンド,大宮前SS / 関東燃料(株),['07:00~22:00'],東京都杉並区宮前5-25-3,N/A,東京都杉並区宮前5-25-3,139.598557,35.695312,['07:00~22:00'],['07:00~22:00'],['07:00~22:00'],['07:00~22:00'],['07:00~22:00'],['07:00~22:00'],['07:00~22:00']
ガソリンスタンド,Dr.Drive 茅場町SS / 隅田商事(株),['07:30~19:00'],東京都中央区日本橋茅場町3-1-11,N/A,東京都中央区日本橋茅場町3-1-11,139.777069,35.678707,['07:30~19:00'],['07:30~19:00'],['07:30~19:00'],['07:30~19:00'],['07:30~19:00'],['07:30~19:00'],['07:30~19:00']
ガソリンスタンド,Dr.Drive 本石町SS / 隅田商事(株),['07:30~19:00'],東京都中央区日本橋本石町4-3-7,N/A,東京都中央区日本橋本石町4-3-7,139.769272,35.688652,['07:30~19:00'],['07:30~19:00'],['07:30~19:00'],['07:30~19:00'],['07:30~19:00'],['07:30~19:00'],['07:30~19:00']
ガソリンスタンド,ソニックス Dr.Drive 永住SS / (株)ソニックス,['07:30~18:00'],東京都台東区元浅草2-1-20,N/A,東京都台東区元浅草2-1-20,139.784912,35.709179,['07:30~18:00'],['07:30~18:00'],['07:30~18:00'],['07:30~18:00'],['07:30~18:00'],['07:30~18:00'],['07:30~18:00']
ガソリンスタンド,ソニックス Dr.Drive 南砂SS / (株)ソニックス,['07:00~20:00'],東京都江東区南砂1-5-12,N/A,東京都江東区南砂1-5-12,139.821243,35.681686,['07:00~20:00'],['07:00~20:00'],['07:00~20:00'],['07:00~20:00'],['07:00~20:00'],['07:00~20:00'],['07:00~20:00']
ガソリンスタンド,Dr.Drive 平和島SS / (株)高橋商店,['06:30~20:30'],東京都大田区平和島5-10-5,N/A,東京都大田区平和島5-10-5,139.746857,35.576317,['06:30~20:30'],['06:30~20:30'],['06:30~20:30'],['06:30~20:30'],['06:30~20:30'],['06:30~20:30'],['06:30~20:30']
ガソリンスタンド,ハイウェル上高井戸SS / (有)斉藤商店,['08:00~21:00'],東京都杉並区上高井戸1-23-2,N/A,東京都杉並区上高井戸1-23-2,139.611603,35.672066,['08:00~21:00'],['08:00~21:00'],['08:00~21:00'],['08:00~21:00'],['08:00~21:00'],['08:00~21:00'],['08:00~21:00']
ガソリンスタンド,Dr.Drive 月島SS / 東新エナジー(株),['0:00~23:59'],東京都中央区佃2-18-8,N/A,東京都中央区佃2-18-8,139.785034,35.665054,['0:00~23:59'],['0:00~23:59'],['0:00~23:59'],['0:00~23:59'],['0:00~23:59'],['0:00~23:59'],['0:00~23:59']
ガソリンスタンド,青山SS / 東新エナジー(株),['08:00~20:00'],東京都渋谷区神宮前3-39-7,N/A,東京都渋谷区神宮前3-39-7,139.713058,35.671654,['08:00~20:00'],['08:00~20:00'],['08:00~20:00'],['08:00~20:00'],['08:00~20:00'],['08:00~20:00'],['08:00~20:00']
ガソリンスタンド,Dr.Drive 羽田SS / (株)高橋商店,['06:00~21:00'],東京都大田区羽田旭町12-5,N/A,東京都大田区羽田旭町12-5,139.750626,35.551128,['06:00~21:00'],['06:00~21:00'],['06:00~21:00'],['06:00~21:00'],['06:00~21:00'],['06:00~21:00'],['06:00~21:00']
ガソリンスタンド,Dr.Drive 多摩中央店 / (株)ENEOSフロンティア,['08:00~21:00'],東京都多摩市関戸6-6-13,N/A,東京都多摩市関戸6-6-13,139.450363,35.639973,['08:00~21:00'],['08:00~21:00'],['08:00~21:00'],['08:00~21:00'],['08:00~21:00'],['08:00~21:00'],['08:00~21:00']
ガソリンスタンド,本郷SS / 旭商事(株),['08:00~20:00'],東京都文京区向丘1-7-11,N/A,東京都文京区向丘1-7-11,139.754456,35.719532,['08:00~20:00'],['08:00~20:00'],['08:00~20:00'],['08:00~20:00'],['08:00~20:00'],['08:00~20:00'],['08:00~20:00']
ガソリンスタンド,浅草SS / (株)共栄オーメック,['07:00~19:00'],東京都台東区浅草5-7-4,N/A,東京都台東区浅草5-7-4,139.796219,35.719727,['07:00~19:00'],['07:00~19:00'],['07:00~19:00'],['07:00~19:00'],['07:00~19:00'],['07:00~19:00'],['07:00~19:00']
ガソリンスタンド,石原町SS / (株)共栄オーメック,['07:30~19:30'],東京都墨田区石原4-37-10,N/A,東京都墨田区石原4-37-10,139.805634,35.702221,['07:30~19:30'],['07:30~19:30'],['07:30~19:30'],['07:30~19:30'],['07:30~19:30'],['07:30~19:30'],['07:30~19:30']
ガソリンスタンド,西五反田SS / 大谷石油(株),['08:00~20:00'],東京都品川区西五反田7-23-1,N/A,東京都品川区西五反田7-23-1,139.71843,35.621384,['08:00~20:00'],['08:00~20:00'],['08:00~20:00'],['08:00~20:00'],['08:00~20:00'],['08:00~20:00'],['08:00~20:00']
ガソリンスタンド,武蔵関SS / 平岩石油販売(株),['07:00~21:00'],東京都練馬区関町北5-1-1,N/A,東京都練馬区関町北5-1-1,139.577072,35.731499,['07:00~21:00'],['07:00~21:00'],['07:00~21:00'],['07:00~21:00'],['07:00~21:00'],['07:00~21:00'],['07:00~21:00']
ガソリンスタンド,喜多見SS / (株)大勝,['06:00~19:00'],東京都世田谷区喜多見2-8-2,N/A,東京都世田谷区喜多見2-8-2,139.590744,35.62326,['06:00~19:00'],['06:00~19:00'],['06:00~19:00'],['06:00~19:00'],['06:00~19:00'],['06:00~19:00'],['06:00~19:00']
ガソリンスタンド,半蔵門SS / 豊陽興産(株),['07:00~20:00'],東京都千代田区隼町2-11,N/A,東京都千代田区隼町2-11,139.741959,35.682549,['07:00~20:00'],['07:00~20:00'],['07:00~20:00'],['07:00~20:00'],['07:00~20:00'],['07:00~20:00'],['07:00~20:00']
ガソリンスタンド,秋葉原SS / 田実興産(株),['08:00~19:00'],東京都台東区台東1-31-12,N/A,東京都台東区台東1-31-12,139.777039,35.702236,['08:00~19:00'],['08:00~19:00'],['08:00~19:00'],['08:00~19:00'],['08:00~19:00'],['08:00~19:00'],['08:00~19:00']
ガソリンスタンド,月島SS / (株)橋本富士商会,['06:00~19:00'],東京都中央区月島2-6-12,N/A,東京都中央区月島2-6-12,139.78479,35.662712,['06:00~19:00'],['06:00~19:00'],['06:00~19:00'],['06:00~19:00'],['06:00~19:00'],['06:00~19:00'],['06:00~19:00']
ガソリンスタンド,南砂SS / (有)平林油店,['07:00~21:00'],東京都江東区南砂3-4-5,N/A,東京都江東区南砂3-4-5,139.826614,35.673199,['07:00~21:00'],['07:00~21:00'],['07:00~21:00'],['07:00~21:00'],['07:00~21:00'],['07:00~21:00'],['07:00~21:00']
ガソリンスタンド,ウィング森ケ崎SS / (株)河原商店,['7:00~20:00'],東京都大田区大森南3-17-13,N/A,東京都大田区大森南3-17-13,139.741669,35.564629,['7:00~20:00'],['7:00~20:00'],['7:00~20:00'],['7:00~20:00'],['7:00~20:00'],['7:00~20:00'],['7:00~20:00']
ガソリンスタンド,亀有SS / (有)市村商店,['08:00~20:00'],東京都葛飾区亀有2-57-3,N/A,東京都葛飾区亀有2-57-3,139.847733,35.761822,['08:00~20:00'],['08:00~20:00'],['08:00~20:00'],['08:00~20:00'],['08:00~20:00'],['08:00~20:00'],['08:00~20:00']
ガソリンスタンド,八王子インター入口SS / 石森石油(株),['05:30~20:00'],東京都八王子市尾崎町348-1,N/A,東京都八王子市尾崎町348-1,139.344101,35.681297,['05:30~20:00'],['05:30~20:00'],['05:30~20:00'],['05:30~20:00'],['05:30~20:00'],['05:30~20:00'],['05:30~20:00']
ガソリンスタンド,竜泉24SS / 京浜商事(株),['07:00~22:00'],東京都台東区竜泉2-17-10,N/A,東京都台東区竜泉2-17-10,139.789108,35.726517,['07:00~22:00'],['07:00~22:00'],['07:00~22:00'],['07:00~22:00'],['07:00~22:00'],['07:00~22:00'],['07:00~22:00']
ガソリンスタンド,高島平21SS / 丸富興業(株),['08:00~20:00'],東京都板橋区高島平9-11-1,N/A,東京都板橋区高島平9-11-1,139.670746,35.789577,['08:00~20:00'],['08:00~20:00'],['08:00~20:00'],['08:00~20:00'],['08:00~20:00'],['08:00~20:00'],['08:00~20:00']
ガソリンスタンド,御徒町SS / (株)共栄オーメック,['07:30~19:00'],東京都台東区東上野1-26-6,N/A,東京都台東区東上野1-26-6,139.780579,35.708065,['07:30~19:00'],['07:30~19:00'],['07:30~19:00'],['07:30~19:00'],['07:30~19:00'],['07:30~19:00'],['07:30~19:00']
ガソリンスタンド,小茂根SS / 平岩石油販売(株),['07:00~20:00'],東京都板橋区小茂根5-15-5,N/A,東京都板橋区小茂根5-15-5,139.677094,35.75235,['07:00~20:00'],['07:00~20:00'],['07:00~20:00'],['07:00~20:00'],['07:00~20:00'],['07:00~20:00'],['07:00~20:00']
ガソリンスタンド,竹の塚SS / (株)渡辺燃料店,['07:00~20:00'],東京都足立区西竹の塚2-13-19,N/A,東京都足立区西竹の塚2-13-19,139.7892,35.797958,['07:00~20:00'],['07:00~20:00'],['07:00~20:00'],['07:00~20:00'],['07:00~20:00'],['07:00~20:00'],['07:00~20:00']
ガソリンスタンド,花畑中央SS / (株)古橋商店,['08:00~20:00'],東京都足立区南花畑2-7-3,N/A,東京都足立区南花畑2-7-3,139.819534,35.788773,['08:00~20:00'],['08:00~20:00'],['08:00~20:00'],['08:00~20:00'],['08:00~20:00'],['08:00~20:00'],['08:00~20:00']
ガソリンスタンド,旭ヶ丘SS / 出光リテール販売(株),['08:00~20:00'],東京都八王子市大和田町1-21-1,N/A,東京都八王子市大和田町1-21-1,139.358963,35.660397,['08:00~20:00'],['08:00~20:00'],['08:00~20:00'],['08:00~20:00'],['08:00~20:00'],['08:00~20:00'],['08:00~20:00']
ガソリンスタンド,プレステージ三ノ輪SS / 東和興産(株),['03:00~25:00'],東京都荒川区南千住5-11-1,N/A,東京都荒川区南千住5-11-1,139.794464,35.734383,['03:00~25:00'],['03:00~25:00'],['03:00~25:00'],['03:00~25:00'],['03:00~25:00'],['03:00~25:00'],['03:00~25:00']
ガソリンスタンド,西荻南SS / 大光石油(株),['06:00~21:00'],東京都杉並区松庵2-16-1,N/A,東京都杉並区松庵2-16-1,139.593933,35.697025,['06:00~21:00'],['06:00~21:00'],['06:00~21:00'],['06:00~21:00'],['06:00~21:00'],['06:00~21:00'],['06:00~21:00']
ガソリンスタンド,ニュー府中SS / (有)村野商店,['06:00~20:00'],東京都府中市若松町1-1-10,N/A,東京都府中市若松町1-1-10,139.494904,35.670067,['06:00~20:00'],['06:00~20:00'],['06:00~20:00'],['06:00~20:00'],['06:00~20:00'],['06:00~20:00'],['06:00~20:00']
ガソリンスタンド,保木間SS / 中外石油(株),['08:00~19:00'],東京都足立区保木間1-19-5,N/A,東京都足立区保木間1-19-5,139.802689,35.791889,['08:00~19:00'],['08:00~19:00'],['08:00~19:00'],['08:00~19:00'],['08:00~19:00'],['08:00~19:00'],['08:00~19:00']
ガソリンスタンド,千住新橋ランプ前SS / ヤオキン商事(株),['0:00~23:59'],東京都足立区足立1-3-12,N/A,東京都足立区足立1-3-12,139.805206,35.761436,['0:00~23:59'],['0:00~23:59'],['0:00~23:59'],['0:00~23:59'],['0:00~23:59'],['0:00~23:59'],['0:00~23:59']
ガソリンスタンド,麹町SS / 富士鉱油(株),['07:30~21:00'],東京都千代田区麹町2-2-30,N/A,東京都千代田区麹町2-2-30,139.74115,35.684494,['07:30~21:00'],['07:30~21:00'],['07:30~21:00'],['07:30~21:00'],['07:30~21:00'],['07:30~21:00'],['07:30~21:00']
ガソリンスタンド,本所SS / 田中燃料(株),['07:30~19:00'],東京都墨田区本所3-2-1,N/A,東京都墨田区本所3-2-1,139.802414,35.702637,['07:30~19:00'],['07:30~19:00'],['07:30~19:00'],['07:30~19:00'],['07:30~19:00'],['07:30~19:00'],['07:30~19:00']
ガソリンスタンド,呑川橋SS / (株)田代油店,['07:00~21:00'],東京都大田区大森中2-15-12,N/A,東京都大田区大森中2-15-12,139.73613,35.566322,['07:00~21:00'],['07:00~21:00'],['07:00~21:00'],['07:00~21:00'],['07:00~21:00'],['07:00~21:00'],['07:00~21:00']
ガソリンスタンド,一ツ家SS / 河原実業(株),['07:00~20:00'],東京都足立区一ツ家1-21-21,N/A,東京都足立区一ツ家1-21-21,139.810516,35.782761,['07:00~20:00'],['07:00~20:00'],['07:00~20:00'],['07:00~20:00'],['07:00~20:00'],['07:00~20:00'],['07:00~20:00']
ガソリンスタンド,桜堤SS / (有)杉商,['07:30~21:00'],東京都武蔵野市境5-24-17,N/A,東京都武蔵野市境5-24-17,139.533356,35.707111,['07:30~21:00'],['07:30~21:00'],['07:30~21:00'],['07:30~21:00'],['07:30~21:00'],['07:30~21:00'],['07:30~21:00']
ガソリンスタンド,戸山町SS / 日駐ビル石油販売(株),['06:30~20:00'],東京都新宿区戸山3-15-1,N/A,東京都新宿区戸山3-15-1,139.709656,35.70451,['06:30~20:00'],['06:30~20:00'],['06:30~20:00'],['06:30~20:00'],['06:30~20:00'],['06:30~20:00'],['06:30~20:00']
ガソリンスタンド,上富士前SS / 穴水(株),['08:00~18:00'],東京都文京区本駒込5-72-10,N/A,東京都文京区本駒込5-72-10,139.750504,35.73317,['08:00~18:00'],['08:00~18:00'],['08:00~18:00'],['08:00~18:00'],['08:00~18:00'],['08:00~18:00'],['08:00~18:00']
ガソリンスタンド,鐘淵SS / 鐘淵商事(株),['07:30~19:00'],東京都墨田区墨田5-1-1,N/A,東京都墨田区墨田5-1-1,139.818146,35.734718,['07:30~19:00'],['07:30~19:00'],['07:30~19:00'],['07:30~19:00'],['07:30~19:00'],['07:30~19:00'],['07:30~19:00']
ガソリンスタンド,下丸子SS / (有)中村油店,['06:30~19:30'],東京都大田区千鳥3-20-1,N/A,東京都大田区千鳥3-20-1,139.689545,35.57127,['06:30~19:30'],['06:30~19:30'],['06:30~19:30'],['06:30~19:30'],['06:30~19:30'],['06:30~19:30'],['06:30~19:30']
ガソリンスタンド,わくわくステーション鷺宮SS / 坂上石油(株),['07:00~19:00'],東京都中野区上鷺宮3-16-7,N/A,東京都中野区上鷺宮3-16-7,139.632324,35.735134,['07:00~19:00'],['07:00~19:00'],['07:00~19:00'],['07:00~19:00'],['07:00~19:00'],['07:00~19:00'],['07:00~19:00']
ガソリンスタンド,アロピット舎人SS / 平柳商店,['08:00~20:00'],東京都足立区舎人5-12-16,N/A,東京都足立区舎人5-12-16,139.769882,35.80954,['08:00~20:00'],['08:00~20:00'],['08:00~20:00'],['08:00~20:00'],['08:00~20:00'],['08:00~20:00'],['08:00~20:00']
ガソリンスタンド,本木町SS / (有)福澄鉱油店,['08:00~20:00'],東京都足立区本木1-6-13,N/A,東京都足立区本木1-6-13,139.787094,35.76342,['08:00~20:00'],['08:00~20:00'],['08:00~20:00'],['08:00~20:00'],['08:00~20:00'],['08:00~20:00'],['08:00~20:00']
ガソリンスタンド,一之江インターチェンジSS / 江商石油(株),['07:30~21:00'],東京都江戸川区一之江2-11-1,N/A,東京都江戸川区一之江2-11-1,139.882477,35.696068,['07:30~21:00'],['07:30~21:00'],['07:30~21:00'],['07:30~21:00'],['07:30~21:00'],['07:30~21:00'],['07:30~21:00']
ガソリンスタンド,若葉町SS / (有)モリサン石油,['07:30~20:00'],東京都調布市若葉町3-8-1,N/A,東京都調布市若葉町3-8-1,139.582397,35.651031,['07:30~20:00'],['07:30~20:00'],['07:30~20:00'],['07:30~20:00'],['07:30~20:00'],['07:30~20:00'],['07:30~20:00']
ガソリンスタンド,日本橋浜町SS / (株)トウモウ,['07:00~19:00'],東京都中央区日本橋浜町3-2-4,N/A,東京都中央区日本橋浜町3-2-4,139.78801,35.684055,['07:00~19:00'],['07:00~19:00'],['07:00~19:00'],['07:00~19:00'],['07:00~19:00'],['07:00~19:00'],['07:00~19:00']
ガソリンスタンド,綾瀬川SS / 小林油店,['08:00~20:00'],東京都足立区青井6-8-20,N/A,東京都足立区青井6-8-20,139.815704,35.775307,['08:00~20:00'],['08:00~20:00'],['08:00~20:00'],['08:00~20:00'],['08:00~20:00'],['08:00~20:00'],['08:00~20:00']
ガソリンスタンド,西新橋SS / (株)CSソリューションズ,['07:30~19:00'],東京都港区西新橋2-18-4,N/A,東京都港区西新橋2-18-4,139.75119,35.666138,['07:30~19:00'],['07:30~19:00'],['07:30~19:00'],['07:30~19:00'],['07:30~19:00'],['07:30~19:00'],['07:30~19:00']
ガソリンスタンド,KEIHIN芝SS / 京浜商事(株),['0:00~23:59'],東京都港区芝1-10-11,N/A,東京都港区芝1-10-11,139.754181,35.651428,['0:00~23:59'],['0:00~23:59'],['0:00~23:59'],['0:00~23:59'],['0:00~23:59'],['0:00~23:59'],['0:00~23:59']
ガソリンスタンド,セルフステーション成瀬 / 太陽石油(株),['0:00~23:59'],東京都町田市成瀬8-9-16,N/A,東京都町田市成瀬8-9-16,139.468246,35.543068,['0:00~23:59'],['0:00~23:59'],['0:00~23:59'],['0:00~23:59'],['0:00~23:59'],['0:00~23:59'],['0:00~23:59']
ガソリンスタンド,小石川SS / (有)渡辺商店,['07:30~19:00'],東京都文京区小石川1-3-24,N/A,東京都文京区小石川1-3-24,139.753113,35.709305,['07:30~19:00'],['07:30~19:00'],['07:30~19:00'],['07:30~19:00'],['07:30~19:00'],['07:30~19:00'],['07:30~19:00']
ガソリンスタンド,向柳原SS / (株)小林茂商店,['08:00~19:30'],東京都台東区浅草橋5-10-6,N/A,東京都台東区浅草橋5-10-6,139.780762,35.7006,['08:00~19:30'],['08:00~19:30'],['08:00~19:30'],['08:00~19:30'],['08:00~19:30'],['08:00~19:30'],['08:00~19:30']
ガソリンスタンド,和泉本町SS / (株)ニシヤマ,['07:30~20:00'],東京都狛江市和泉本町1-25-6,N/A,東京都狛江市和泉本町1-25-6,139.575546,35.6404,['07:30~20:00'],['07:30~20:00'],['07:30~20:00'],['07:30~20:00'],['07:30~20:00'],['07:30~20:00'],['07:30~20:00']
ガソリンスタンド,富ヶ谷SS / 昭和礦油(株),['0:00~23:59'],東京都渋谷区富ケ谷2-20-3,N/A,東京都渋谷区富ケ谷2-20-3,139.687225,35.662323,['0:00~23:59'],['0:00~23:59'],['0:00~23:59'],['0:00~23:59'],['0:00~23:59'],['0:00~23:59'],['0:00~23:59']
ガソリンスタンド,八王子みなみ野SS / 関東礦油(株),['0:00~23:59'],東京都八王子市みなみ野2-2,N/A,東京都八王子市みなみ野2-2,139.328064,35.629681,['0:00~23:59'],['0:00~23:59'],['0:00~23:59'],['0:00~23:59'],['0:00~23:59'],['0:00~23:59'],['0:00~23:59']
ガソリンスタンド,日本橋カズヲスタンドSS / 明光石油(株),['0:00~23:59'],東京都中央区日本橋小網町7-10,N/A,東京都中央区日本橋小網町7-10,139.781387,35.682343,['0:00~23:59'],['0:00~23:59'],['0:00~23:59'],['0:00~23:59'],['0:00~23:59'],['0:00~23:59'],['0:00~23:59']
ガソリンスタンド,新橋SS / 北海興業(株),['07:00~19:00'],東京都港区新橋6-4-9,N/A,東京都港区新橋6-4-9,139.753784,35.662323,['07:00~19:00'],['07:00~19:00'],['07:00~19:00'],['07:00~19:00'],['07:00~19:00'],['07:00~19:00'],['07:00~19:00']
ガソリンスタンド,菅原橋SS / 酒井源商店,['08:00~14:00'],東京都江戸川区中央3-16-19,N/A,東京都江戸川区中央3-16-19,139.874161,35.714272,['08:00~14:00'],['08:00~14:00'],['08:00~14:00'],['08:00~14:00'],['08:00~14:00'],['08:00~14:00'],['08:00~14:00']
ガソリンスタンド,高木SS / (有)吉田商事,['07:00~21:00'],東京都東大和市高木1-83,N/A,東京都東大和市高木1-83,139.431671,35.753197,['07:00~21:00'],['07:00~21:00'],['07:00~21:00'],['07:00~21:00'],['07:00~21:00'],['07:00~21:00'],['07:00~21:00']
ガソリンスタンド,檜原SS / 谷合石油,['08:00~19:30'],東京都西多摩郡檜原村上元郷393,N/A,東京都西多摩郡檜原村上元郷393,139.151901,35.730495,['08:00~19:30'],['08:00~19:30'],['08:00~19:30'],['08:00~19:30'],['08:00~19:30'],['08:00~19:30'],['08:00~19:30']
ガソリンスタンド,元町北SS / (株)岡山商店,['08:00~18:00'],東京都大島町元町4-15-3,N/A,東京都大島町元町4-15-3,139.357101,34.755108,['08:00~18:00'],['08:00~18:00'],['08:00~18:00'],['08:00~18:00'],['08:00~18:00'],['08:00~18:00'],['08:00~18:00']
ガソリンスタンド,散田SS / 出光リテール販売(株),['07:00~21:00'],東京都八王子市散田町5-21-13,N/A,東京都八王子市散田町5-21-13,139.303619,35.649715,['07:00~21:00'],['07:00~21:00'],['07:00~21:00'],['07:00~21:00'],['07:00~21:00'],['07:00~21:00'],['07:00~21:00']
ガソリンスタンド,多摩エコステーションSS / 多摩興運(株),['07:00~20:00'],東京都多摩市貝取1450,N/A,東京都多摩市貝取1450,139.446136,35.636086,['07:00~20:00'],['07:00~20:00'],['07:00~20:00'],['07:00~20:00'],['07:00~20:00'],['07:00~20:00'],['07:00~20:00']
ガソリンスタンド,新小岩第一SS / ケイノ石油(株),['07:00~21:00'],東京都江戸川区松島3-41-8,N/A,東京都江戸川区松島3-41-8,139.864075,35.712463,['07:00~21:00'],['07:00~21:00'],['07:00~21:00'],['07:00~21:00'],['07:00~21:00'],['07:00~21:00'],['07:00~21:00']
ガソリンスタンド,西綾瀬SS / 田中商事(株),['07:00~20:30'],東京都足立区西綾瀬2-4-1,N/A,東京都足立区西綾瀬2-4-1,139.813934,35.762325,['07:00~20:30'],['07:00~20:30'],['07:00~20:30'],['07:00~20:30'],['07:00~20:30'],['07:00~20:30'],['07:00~20:30']
ガソリンスタンド,蛎殻町SS / (株)大釿,['08:00~19:00'],東京都中央区日本橋蛎殻町1-34-9,N/A,東京都中央区日本橋蛎殻町1-34-9,139.785568,35.681557,['08:00~19:00'],['08:00~19:00'],['08:00~19:00'],['08:00~19:00'],['08:00~19:00'],['08:00~19:00'],['08:00~19:00']
ガソリンスタンド,新宿御苑前SS / 共栄石油(株),['08:00~20:00'],東京都新宿区四谷4-30-10,N/A,東京都新宿区四谷4-30-10,139.714554,35.688828,['08:00~20:00'],['08:00~20:00'],['08:00~20:00'],['08:00~20:00'],['08:00~20:00'],['08:00~20:00'],['08:00~20:00']
ガソリンスタンド,南六郷SS / 山一石油(株),['07:00~19:00'],東京都大田区本羽田1-17-9,N/A,東京都大田区本羽田1-17-9,139.727066,35.547779,['07:00~19:00'],['07:00~19:00'],['07:00~19:00'],['07:00~19:00'],['07:00~19:00'],['07:00~19:00'],['07:00~19:00']
ガソリンスタンド,志村中央SS / (株)サンベスト東信,['08:00~21:00'],東京都板橋区志村3-31-18,N/A,東京都板橋区志村3-31-18,139.689484,35.779575,['08:00~21:00'],['08:00~21:00'],['08:00~21:00'],['08:00~21:00'],['08:00~21:00'],['08:00~21:00'],['08:00~21:00']
ガソリンスタンド,千住曙町SS / (株)平林恒雄商店,['08:00~19:00'],東京都足立区千住曙町37-2,N/A,東京都足立区千住曙町37-2,139.814774,35.742008,['08:00~19:00'],['08:00~19:00'],['08:00~19:00'],['08:00~19:00'],['08:00~19:00'],['08:00~19:00'],['08:00~19:00']
ガソリンスタンド,新小岩サニーSS / 東栄興産(株),['08:00~19:00'],東京都葛飾区奥戸4-3-11,N/A,東京都葛飾区奥戸4-3-11,139.863602,35.729893,['08:00~19:00'],['08:00~19:00'],['08:00~19:00'],['08:00~19:00'],['08:00~19:00'],['08:00~19:00'],['08:00~19:00']
ガソリンスタンド,八王子インターSS / (株)京南,['0:00~23:59'],東京都八王子市左入町173,N/A,東京都八王子市左入町173,139.345642,35.682304,['0:00~23:59'],['0:00~23:59'],['0:00~23:59'],['0:00~23:59'],['0:00~23:59'],['0:00~23:59'],['0:00~23:59']
ガソリンスタンド,台東中央SS / (株)杉田商店,['07:30~19:00'],東京都台東区浅草橋5-11-3,N/A,東京都台東区浅草橋5-11-3,139.780777,35.70079,['07:30~19:00'],['07:30~19:00'],['07:30~19:00'],['07:30~19:00'],['07:30~19:00'],['07:30~19:00'],['07:30~19:00']
ガソリンスタンド,天神橋SS / (有)荒木油店,['08:00~19:00'],東京都墨田区太平4-7-10,N/A,東京都墨田区太平4-7-10,139.81633,35.701397,['08:00~19:00'],['08:00~19:00'],['08:00~19:00'],['08:00~19:00'],['08:00~19:00'],['08:00~19:00'],['08:00~19:00']
ガソリンスタンド,東吾嬬SS / (有)平林商店,['07:30~20:00'],東京都墨田区立花1-23-4,N/A,東京都墨田区立花1-23-4,139.830963,35.706551,['07:30~20:00'],['07:30~20:00'],['07:30~20:00'],['07:30~20:00'],['07:30~20:00'],['07:30~20:00'],['07:30~20:00']
ガソリンスタンド,大森東五丁目SS / (株)田代油店,['07:00~20:00'],東京都大田区大森東5-1-4,N/A,東京都大田区大森東5-1-4,139.74025,35.570126,['07:00~20:00'],['07:00~20:00'],['07:00~20:00'],['07:00~20:00'],['07:00~20:00'],['07:00~20:00'],['07:00~20:00']
ガソリンスタンド,椿SS / (有)田辺石油,['07:00~19:00'],東京都足立区椿2-23-4,N/A,東京都足立区椿2-23-4,139.760742,35.779587,['07:00~19:00'],['07:00~19:00'],['07:00~19:00'],['07:00~19:00'],['07:00~19:00'],['07:00~19:00'],['07:00~19:00']
ガソリンスタンド,新船堀橋SS / (株)大野石油,['07:30~19:00'],東京都江戸川区東小松川4-23-7,N/A,東京都江戸川区東小松川4-23-7,139.863541,35.689087,['07:30~19:00'],['07:30~19:00'],['07:30~19:00'],['07:30~19:00'],['07:30~19:00'],['07:30~19:00'],['07:30~19:00']
ガソリンスタンド,みずえSS / 江商石油(株),['08:00~20:00'],東京都江戸川区東瑞江2-41-5,N/A,東京都江戸川区東瑞江2-41-5,139.89743,35.685596,['08:00~20:00'],['08:00~20:00'],['08:00~20:00'],['08:00~20:00'],['08:00~20:00'],['08:00~20:00'],['08:00~20:00']
ガソリンスタンド,多摩ニュータウンSS / (有)永山石油,['08:00~20:00'],東京都多摩市永山1-2-11,N/A,東京都多摩市永山1-2-11,139.447433,35.632519,['08:00~20:00'],['08:00~20:00'],['08:00~20:00'],['08:00~20:00'],['08:00~20:00'],['08:00~20:00'],['08:00~20:00']
ガソリンスタンド,奥多摩SS / (有)和井田商会,['07:30~19:00'],東京都西多摩郡奥多摩町氷川177,N/A,東京都西多摩郡奥多摩町氷川177,139.093445,35.823605,['07:30~19:00'],['07:30~19:00'],['07:30~19:00'],['07:30~19:00'],['07:30~19:00'],['07:30~19:00'],['07:30~19:00']
ガソリンスタンド,木場SS / 江東鉱産(株),['07:00~20:00'],東京都江東区木場6-4-7,N/A,東京都江東区木場6-4-7,139.805634,35.666931,['07:00~20:00'],['07:00~20:00'],['07:00~20:00'],['07:00~20:00'],['07:00~20:00'],['07:00~20:00'],['07:00~20:00']
ガソリンスタンド,父島SS / 小笠原商事(有),['07:00~17:30'],東京都小笠原村父島西町11-1,N/A,東京都小笠原村父島西町11-1,142.20961,27.071243,['07:00~17:30'],['07:00~17:30'],['07:00~17:30'],['07:00~17:30'],['07:00~17:30'],['07:00~17:30'],['07:00~17:30']
ガソリンスタンド,金杉SS / (株)かまや石油,['07:00~19:00'],東京都台東区根岸5-1-14,N/A,東京都台東区根岸5-1-14,139.786301,35.725376,['07:00~19:00'],['07:00~19:00'],['07:00~19:00'],['07:00~19:00'],['07:00~19:00'],['07:00~19:00'],['07:00~19:00']
ガソリンスタンド,竜泉寺SS / 坂本自動車工業(株),['10:00~17:00'],東京都台東区竜泉2-4-8,N/A,東京都台東区竜泉2-4-8,139.78981,35.72506,['10:00~17:00'],['10:00~17:00'],['10:00~17:00'],['10:00~17:00'],['10:00~17:00'],['10:00~17:00'],['10:00~17:00']
ガソリンスタンド,福生駅前SS / (有)古谷商店,['08:00~19:00'],東京都福生市福生643-1,N/A,東京都福生市福生643-1,139.322388,35.740898,['08:00~19:00'],['08:00~19:00'],['08:00~19:00'],['08:00~19:00'],['08:00~19:00'],['08:00~19:00'],['08:00~19:00']
ガソリンスタンド,クルー19小金井SS / 三信石油(株),['08:00~20:00'],東京都小金井市貫井北町2-8-17,N/A,東京都小金井市貫井北町2-8-17,139.498825,35.706066,['08:00~20:00'],['08:00~20:00'],['08:00~20:00'],['08:00~20:00'],['08:00~20:00'],['08:00~20:00'],['08:00~20:00']
ガソリンスタンド,赤坂中央SS / 丸新石油(株),['07:00~22:00'],東京都港区赤坂7-6-43,N/A,東京都港区赤坂7-6-43,139.730896,35.670952,['07:00~22:00'],['07:00~22:00'],['07:00~22:00'],['07:00~22:00'],['07:00~22:00'],['07:00~22:00'],['07:00~22:00']
ガソリンスタンド,村松大島SS / 村松興業(株),['08:00~18:00'],東京都大島町差木地字クダッチ無番地,N/A,東京都大島町差木地字クダッチ無番地,139.421188,34.706627,['08:00~18:00'],['08:00~18:00'],['08:00~18:00'],['08:00~18:00'],['08:00~18:00'],['08:00~18:00'],['08:00~18:00']
ガソリンスタンド,元町南SS / (株)岡山商店,['07:30~19:00'],東京都大島町元町2-12-1,N/A,東京都大島町元町2-12-1,139.356049,34.748184,['07:30~19:00'],['07:30~19:00'],['07:30~19:00'],['07:30~19:00'],['07:30~19:00'],['07:30~19:00'],['07:30~19:00']
ガソリンスタンド,差木地SS / 石田商店,['07:00~19:00'],東京都大島町差木地2,N/A,東京都大島町差木地2,139.395432,34.692997,['07:00~19:00'],['07:00~19:00'],['07:00~19:00'],['07:00~19:00'],['07:00~19:00'],['07:00~19:00'],['07:00~19:00']
ガソリンスタンド,小台SS / (株)関口商会,['07:30~19:00'],東京都荒川区西尾久3-19-1,N/A,東京都荒川区西尾久3-19-1,139.763,35.750576,['07:30~19:00'],['07:30~19:00'],['07:30~19:00'],['07:30~19:00'],['07:30~19:00'],['07:30~19:00'],['07:30~19:00']
ガソリンスタンド,府中東SS / (有)庭商店,['07:00~20:00'],東京都府中市白糸台3-24,N/A,東京都府中市白糸台3-24,139.516479,35.666916,['07:00~20:00'],['07:00~20:00'],['07:00~20:00'],['07:00~20:00'],['07:00~20:00'],['07:00~20:00'],['07:00~20:00']
ガソリンスタンド,セルフ昭島SS / 東京燃料林産(株),['07:00~20:00'],東京都昭島市武蔵野2-6-18,N/A,東京都昭島市武蔵野2-6-18,139.376129,35.720222,['07:00~20:00'],['07:00~20:00'],['07:00~20:00'],['07:00~20:00'],['07:00~20:00'],['07:00~20:00'],['07:00~20:00']
ガソリンスタンド,西尾久SS / (有)上中里石油,['08:30~18:00'],東京都荒川区西尾久7-53-5,N/A,東京都荒川区西尾久7-53-5,139.751663,35.750671,['08:30~18:00'],['08:30~18:00'],['08:30~18:00'],['08:30~18:00'],['08:30~18:00'],['08:30~18:00'],['08:30~18:00']
ガソリンスタンド,戸越SS / 花岡石油(株),['08:00~19:00'],東京都品川区戸越5-16-10,N/A,東京都品川区戸越5-16-10,139.715714,35.609367,['08:00~19:00'],['08:00~19:00'],['08:00~19:00'],['08:00~19:00'],['08:00~19:00'],['08:00~19:00'],['08:00~19:00']
ガソリンスタンド,西日暮里SS / (有)尾川商会,['07:00~19:00'],東京都荒川区西日暮里6-13-4,N/A,東京都荒川区西日暮里6-13-4,139.771912,35.737385,['07:00~19:00'],['07:00~19:00'],['07:00~19:00'],['07:00~19:00'],['07:00~19:00'],['07:00~19:00'],['07:00~19:00']
ガソリンスタンド,神津島SS / (有)シミズ商会,['07:30~17:30'],東京都神津島村1491,N/A,東京都神津島村1491,139.134521,34.20549,['07:30~17:30'],['07:30~17:30'],['07:30~17:30'],['07:30~17:30'],['07:30~17:30'],['07:30~17:30'],['07:30~17:30']
ガソリンスタンド,北の山SS / (株)菊池商店,['08:00~17:30'],東京都大島町元町字風待31-45,N/A,東京都大島町元町字風待31-45,139.362579,34.77623,['08:00~17:30'],['08:00~17:30'],['08:00~17:30'],['08:00~17:30'],['08:00~17:30'],['08:00~17:30'],['08:00~17:30']
ガソリンスタンド,十一屋SS / 十一屋酒店,['08:00~19:00'],東京都青ヶ島村無番地,N/A,東京都青ヶ島村無番地,139.763336,32.466946,['08:00~19:00'],['08:00~19:00'],['08:00~19:00'],['08:00~19:00'],['08:00~19:00'],['08:00~19:00'],['08:00~19:00']
ガソリンスタンド,小川町SS / 共栄石油(株),['07:30~19:30'],東京都千代田区神田錦町1-16,N/A,東京都千代田区神田錦町1-16,139.764893,35.693745,['07:30~19:30'],['07:30~19:30'],['07:30~19:30'],['07:30~19:30'],['07:30~19:30'],['07:30~19:30'],['07:30~19:30']
ガソリンスタンド,神保町SS / 共栄石油(株),['07:30~19:30'],東京都千代田区神田神保町1-18-16,N/A,東京都千代田区神田神保町1-18-16,139.759109,35.696747,['07:30~19:30'],['07:30~19:30'],['07:30~19:30'],['07:30~19:30'],['07:30~19:30'],['07:30~19:30'],['07:30~19:30']
ガソリンスタンド,神楽坂SS / 共栄石油(株),['07:30~19:00'],東京都新宿区東五軒町4-12,N/A,東京都新宿区東五軒町4-12,139.738525,35.707325,['07:30~19:00'],['07:30~19:00'],['07:30~19:00'],['07:30~19:00'],['07:30~19:00'],['07:30~19:00'],['07:30~19:00']
ガソリンスタンド,上野動物園前SS / 富士オイル(株),['08:00~18:30'],東京都台東区池之端4-15-2,N/A,東京都台東区池之端4-15-2,139.768524,35.718239,['08:00~18:30'],['08:00~18:30'],['08:00~18:30'],['08:00~18:30'],['08:00~18:30'],['08:00~18:30'],['08:00~18:30']
ガソリンスタンド,富ヶ谷SS / (株)佐藤商会,['08:00~22:00'],東京都渋谷区富ケ谷1-15-1,N/A,東京都渋谷区富ケ谷1-15-1,139.69223,35.667057,['08:00~22:00'],['08:00~22:00'],['08:00~22:00'],['08:00~22:00'],['08:00~22:00'],['08:00~22:00'],['08:00~22:00']
ガソリンスタンド,青梅藤橋SS / 青梅オートサービス興業(株),['07:00~20:00'],東京都青梅市藤橋3-7-4,N/A,東京都青梅市藤橋3-7-4,139.30394,35.797024,['07:00~20:00'],['07:00~20:00'],['07:00~20:00'],['07:00~20:00'],['07:00~20:00'],['07:00~20:00'],['07:00~20:00']
ガソリンスタンド,奥多摩SS / (有)小林石油,['07:00~19:30'],東京都西多摩郡奥多摩町丹三郎25-1,N/A,東京都西多摩郡奥多摩町丹三郎25-1,139.155182,35.807171,['07:00~19:30'],['07:00~19:30'],['07:00~19:30'],['07:00~19:30'],['07:00~19:30'],['07:00~19:30'],['07:00~19:30']
ガソリンスタンド,千住柳町SS / (有)大和屋油店,['07:00~20:00'],東京都足立区千住柳町4-5,N/A,東京都足立区千住柳町4-5,139.796188,35.753048,['07:00~20:00'],['07:00~20:00'],['07:00~20:00'],['07:00~20:00'],['07:00~20:00'],['07:00~20:00'],['07:00~20:00']
ガソリンスタンド,秋葉原SS / 鈴善(株),['07:30~18:00'],東京都千代田区神田佐久間町2-5,N/A,東京都千代田区神田佐久間町2-5,139.776199,35.697426,['07:30~18:00'],['07:30~18:00'],['07:30~18:00'],['07:30~18:00'],['07:30~18:00'],['07:30~18:00'],['07:30~18:00']
ガソリンスタンド,東日本橋SS / (株)トウモウ,['08:00~20:00'],東京都中央区東日本橋3-5-11,N/A,東京都中央区東日本橋3-5-11,139.783768,35.691074,['08:00~20:00'],['08:00~20:00'],['08:00~20:00'],['08:00~20:00'],['08:00~20:00'],['08:00~20:00'],['08:00~20:00']
ガソリンスタンド,大和清澄SS / 大和物産(株),['07:30~20:00'],東京都江東区白河1-5-11,N/A,東京都江東区白河1-5-11,139.800858,35.68227,['07:30~20:00'],['07:30~20:00'],['07:30~20:00'],['07:30~20:00'],['07:30~20:00'],['07:30~20:00'],['07:30~20:00']
ガソリンスタンド,二子玉川SS / 大和物産(株) ,['07:00~22:00'],東京都世田谷区鎌田3-8-11,N/A,東京都世田谷区鎌田3-8-11,139.615906,35.619423,['07:00~22:00'],['07:00~22:00'],['07:00~22:00'],['07:00~22:00'],['07:00~22:00'],['07:00~22:00'],['07:00~22:00']
ガソリンスタンド,東王子SS / (有)樋口商店,['07:00~20:00'],東京都北区豊島3-13-10,N/A,東京都北区豊島3-13-10,139.74353,35.761967,['07:00~20:00'],['07:00~20:00'],['07:00~20:00'],['07:00~20:00'],['07:00~20:00'],['07:00~20:00'],['07:00~20:00']
ガソリンスタンド,保木間東SS / 伊弘石油(株),['7:30~20:00'],東京都足立区花畑1-6-1,N/A,東京都足立区花畑1-6-1,139.810104,35.798313,['7:30~20:00'],['7:30~20:00'],['7:30~20:00'],['7:30~20:00'],['7:30~20:00'],['7:30~20:00'],['7:30~20:00']
ガソリンスタンド,宮城SS / (有)アデ川油店,['6:00~19:00'],東京都足立区宮城1-36-10,N/A,東京都足立区宮城1-36-10,139.757233,35.762062,['6:00~19:00'],['6:00~19:00'],['6:00~19:00'],['6:00~19:00'],['6:00~19:00'],['6:00~19:00'],['6:00~19:00']
ガソリンスタンド,飯塚橋SS / (有)飯塚橋給油所,['7:30~20:00'],東京都葛飾区水元1-1-2,N/A,東京都葛飾区水元1-1-2,139.852585,35.779877,['7:30~20:00'],['7:30~20:00'],['7:30~20:00'],['7:30~20:00'],['7:30~20:00'],['7:30~20:00'],['7:30~20:00']
ガソリンスタンド,上平井SS / 寺島商事(株),['8:00~19:30'],東京都葛飾区西新小岩5-19-1,N/A,東京都葛飾区西新小岩5-19-1,139.848099,35.723709,['8:00~19:30'],['8:00~19:30'],['8:00~19:30'],['8:00~19:30'],['8:00~19:30'],['8:00~19:30'],['8:00~19:30']
ガソリンスタンド,成木SS / (有)野口商店,['07:00~19:00'],東京都青梅市成木2-128-2,N/A,東京都青梅市成木2-128-2,139.271576,35.833481,['07:00~19:00'],['07:00~19:00'],['07:00~19:00'],['07:00~19:00'],['07:00~19:00'],['07:00~19:00'],['07:00~19:00']
ガソリンスタンド,青梅日向和田SS / (株)フクダオイル,['07:00~19:30'],東京都青梅市日向和田3-526,N/A,東京都青梅市日向和田3-526,139.233292,35.782997,['07:00~19:30'],['07:00~19:30'],['07:00~19:30'],['07:00~19:30'],['07:00~19:30'],['07:00~19:30'],['07:00~19:30']
ガソリンスタンド,秋川SS / 山王商事(有),['07:30~19:00'],東京都西多摩郡檜原村上元郷457-2,N/A,東京都西多摩郡檜原村上元郷457-2,139.151901,35.730495,['07:30~19:00'],['07:30~19:00'],['07:30~19:00'],['07:30~19:00'],['07:30~19:00'],['07:30~19:00'],['07:30~19:00']
ガソリンスタンド,大島元町SS / (有)白石石油,['07:30~18:45'],東京都大島町元町1-11-4,N/A,東京都大島町元町1-11-4,139.355087,34.751762,['07:30~18:45'],['07:30~18:45'],['07:30~18:45'],['07:30~18:45'],['07:30~18:45'],['07:30~18:45'],['07:30~18:45']
ガソリンスタンド,寿SS / マルダイ礦油(株),['08:00~19:00'],東京都台東区寿1-5-9,N/A,東京都台東区寿1-5-9,139.79068,35.706837,['08:00~19:00'],['08:00~19:00'],['08:00~19:00'],['08:00~19:00'],['08:00~19:00'],['08:00~19:00'],['08:00~19:00']
ガソリンスタンド,世田谷市場SS / (有)双信商事,['05:30~18:00'],東京都世田谷区大蔵1-4-1,N/A,東京都世田谷区大蔵1-4-1,139.621094,35.633293,['05:30~18:00'],['05:30~18:00'],['05:30~18:00'],['05:30~18:00'],['05:30~18:00'],['05:30~18:00'],['05:30~18:00']
ガソリンスタンド,葛西運輸センターSS / 江戸川運輸施設(協),['06:00~21:00'],東京都江戸川区臨海町4-2-1,N/A,東京都江戸川区臨海町4-2-1,139.860931,35.647228,['06:00~21:00'],['06:00~21:00'],['06:00~21:00'],['06:00~21:00'],['06:00~21:00'],['06:00~21:00'],['06:00~21:00']
ガソリンスタンド,寿町SS / (株)北村商店,['08:00~19:00'],東京都台東区寿2-9-9,N/A,東京都台東区寿2-9-9,139.789734,35.709827,['08:00~19:00'],['08:00~19:00'],['08:00~19:00'],['08:00~19:00'],['08:00~19:00'],['08:00~19:00'],['08:00~19:00']
ガソリンスタンド,大井埠頭給油所 / エネクスフリート(株),['0:00~23:59'],東京都大田区東海5-5-3,N/A,東京都大田区東海5-5-3,139.770309,35.590073,['0:00~23:59'],['0:00~23:59'],['0:00~23:59'],['0:00~23:59'],['0:00~23:59'],['0:00~23:59'],['0:00~23:59']
ガソリンスタンド,西日暮里SS / (有)太田砿油店,['08:00~19:00'],東京都荒川区西日暮里1-35-5,N/A,東京都荒川区西日暮里1-35-5,139.774734,35.735771,['08:00~19:00'],['08:00~19:00'],['08:00~19:00'],['08:00~19:00'],['08:00~19:00'],['08:00~19:00'],['08:00~19:00']
ガソリンスタンド,ニュー大森SS / 河原木石油(株),['07:30~20:00'],東京都大田区大森北5-10-16,N/A,東京都大田区大森北5-10-16,139.727341,35.579605,['07:30~20:00'],['07:30~20:00'],['07:30~20:00'],['07:30~20:00'],['07:30~20:00'],['07:30~20:00'],['07:30~20:00']
ガソリンスタンド,浮間町SS / (有)高木石油,['07:00~19:00'],東京都北区浮間5-9-13,N/A,東京都北区浮間5-9-13,139.694244,35.786808,['07:00~19:00'],['07:00~19:00'],['07:00~19:00'],['07:00~19:00'],['07:00~19:00'],['07:00~19:00'],['07:00~19:00']
ガソリンスタンド,ルート411左入町SS / 内山石油店,['10:00~17:00'],東京都八王子市左入町425,N/A,東京都八王子市左入町425,139.346405,35.68758,['10:00~17:00'],['10:00~17:00'],['10:00~17:00'],['10:00~17:00'],['10:00~17:00'],['10:00~17:00'],['10:00~17:00']
ガソリンスタンド,成木SS / (有)金子石油,['07:00~19:00'],東京都青梅市成木5-627,N/A,東京都青梅市成木5-627,139.248337,35.822784,['07:00~19:00'],['07:00~19:00'],['07:00~19:00'],['07:00~19:00'],['07:00~19:00'],['07:00~19:00'],['07:00~19:00']
ガソリンスタンド,大田市場SS / 大田市場石油(株),['05:00~18:00'],東京都大田区東海3-2-9,N/A,東京都大田区東海3-2-9,139.759109,35.582951,['05:00~18:00'],['05:00~18:00'],['05:00~18:00'],['05:00~18:00'],['05:00~18:00'],['05:00~18:00'],['05:00~18:00']
ガソリンスタンド,国分寺光町SS / (有)諸井商店,['08:30~18:00'],東京都国分寺市光町1-23-2,N/A,東京都国分寺市光町1-23-2,139.442932,35.706409,['08:30~18:00'],['08:30~18:00'],['08:30~18:00'],['08:30~18:00'],['08:30~18:00'],['08:30~18:00'],['08:30~18:00']
ガソリンスタンド,御園給油所 / (有)由良油店,['07:00~19:00'],東京都大田区新蒲田1-12-5,N/A,東京都大田区新蒲田1-12-5,139.711151,35.559494,['07:00~19:00'],['07:00~19:00'],['07:00~19:00'],['07:00~19:00'],['07:00~19:00'],['07:00~19:00'],['07:00~19:00']
ガソリンスタンド,狛江田中橋SS / 大久保商事(株),['07:00~19:30'],東京都狛江市中和泉3-29-15,N/A,東京都狛江市中和泉3-29-15,139.571243,35.633484,['07:00~19:30'],['07:00~19:30'],['07:00~19:30'],['07:00~19:30'],['07:00~19:30'],['07:00~19:30'],['07:00~19:30']
ガソリンスタンド,宮城町SS / 竹野燃料店,['06:30~20:00'],東京都足立区宮城1-28-21,N/A,東京都足立区宮城1-28-21,139.757736,35.759224,['06:30~20:00'],['06:30~20:00'],['06:30~20:00'],['06:30~20:00'],['06:30~20:00'],['06:30~20:00'],['06:30~20:00']
ガソリンスタンド,羽田整備地区SS / (株)JALエアテック,['08:00~18:00'],東京都大田区羽田空港3-5-6,N/A,東京都大田区羽田空港3-5-6,139.788727,35.537174,['08:00~18:00'],['08:00~18:00'],['08:00~18:00'],['08:00~18:00'],['08:00~18:00'],['08:00~18:00'],['08:00~18:00']
ガソリンスタンド,【navi】エコノ金井SS / ナヴィ(株),['07:00~21:00'],東京都町田市金井8-17-7,N/A,東京都町田市金井8-17-7,139.469162,35.576866,['07:00~21:00'],['07:00~21:00'],['07:00~21:00'],['07:00~21:00'],['07:00~21:00'],['07:00~21:00'],['07:00~21:00']
ガソリンスタンド,鹿骨SS / 愛宕興産(株),['07:00~20:00'],東京都江戸川区鹿骨5-19-1,N/A,東京都江戸川区鹿骨5-19-1,139.887436,35.714207,['07:00~20:00'],['07:00~20:00'],['07:00~20:00'],['07:00~20:00'],['07:00~20:00'],['07:00~20:00'],['07:00~20:00']
