genre,store_name,business_hours,address,url
ラーメン,ぎょうてん屋 町田店,"営業時間
10:00〜25:00
日曜営業
定休日
なし",東京都町田市原町田4-11-14,https://tabelog.com/tokyo/A1327/A132701/13022216/
ラーメン,福ちゃん,"営業時間
18:00〜
定休日
日曜",東京都町田市大蔵町213-7,https://tabelog.com/tokyo/A1327/A132701/13066280/
ラーメン,源,"営業時間
[火〜土]20:00〜翌5:00(L.O.翌4:00)※営業日時変更の場合はSNSにて告知
定休日
日曜日・月曜日、不定休(SNSにて告知)",東京都町田市原町田6-7-2,https://tabelog.com/tokyo/A1327/A132701/13066268/
ラーメン,支那そば やまいち,,東京都町田市森野1-36-8,https://tabelog.com/tokyo/A1327/A132701/13010322/
ラーメン,天下一品 町田店,"営業時間
11:00～23:00 (L.O.22:45)
日曜営業
定休日
元旦",東京都町田市原町田6-7-17,https://tabelog.com/tokyo/A1327/A132701/13266057/
ラーメン,鶏白湯専門店 つけ麺 まるや 町田多摩境店,,東京都町田市小山ヶ丘4-3-5,https://tabelog.com/tokyo/A1327/A132701/13241775/
ラーメン,日高屋 小田急町田北口店,"営業時間
［月～土］10:00～翌2:00（L.O.1:30）［日・祝］10:00～24:00（L.O.23:30）
日曜営業
定休日
無休",東京都町田市森野1-39-5 第2モリビル 1F,https://tabelog.com/tokyo/A1327/A132701/13126943/
ラーメン,一番いちばん,"営業時間
[木～火]12:00～14:3018:00～20:00（材料無くなり次第終了）
日曜営業
定休日
水曜日",東京都町田市中町1-28-24 大成ビル　１Ｆ,https://tabelog.com/tokyo/A1327/A132701/13001469/
ラーメン,室蘭ラーメン 雷文,"営業時間
[火～金]11:00～14:30[土・日・祝]11:00～15:30
日曜営業
定休日
月曜日、第2火曜日",東京都町田市本町田973-16,https://tabelog.com/tokyo/A1327/A132701/13006030/
ラーメン,一蘭 町田店,"営業時間
10:00～翌6:00※営業時間は変更になる場合がございますので、最新情報は公式HPをご確認ください
日曜営業
定休日
年中無休",東京都町田市原町田6-19-11,https://tabelog.com/tokyo/A1327/A132701/13053824/
ラーメン,九一麺 町田,"営業時間
11：00～22:00
日曜営業
定休日
不定休",東京都町田市図師町559-22,https://tabelog.com/tokyo/A1327/A132701/13050092/
ラーメン,たつ屋,,東京都町田市成瀬8-2-2,https://tabelog.com/tokyo/A1327/A132701/13156570/
ラーメン,ばってんラーメン 町田店,"営業時間
営業時間・休業営業時間・休業日は変更となる場合がございますので、HPにて最新情報をご確認ください
日曜営業
定休日
無休",東京都町田市木曽東4-19-19,https://tabelog.com/tokyo/A1327/A132701/13199538/
ラーメン,ラーメン魁力屋 鶴川店,"営業時間
11:00～0:00無休
定休日
無休",東京都町田市能ヶ谷4-4-18,https://tabelog.com/tokyo/A1327/A132701/13141060/
ラーメン,81番,"営業時間
[月～土]11:00～23:00(中休み無し)[日]11:00～21:00（中休み無し）[日曜日が連休中の場合]・連休の最終日が、11:00～21:00（中休み無し）・日曜日は11:00～23:00
日曜営業
定休日
なし",東京都町田市原町田4-5-18 仲見世商店街,https://tabelog.com/tokyo/A1327/A132701/13191765/
ラーメン,ラーメンと餃子の店 水岡,"営業時間
11:30～21:00
日曜営業
定休日
不定休",東京都町田市原町田4-4-16,https://tabelog.com/tokyo/A1327/A132701/13049894/
ラーメン,自由が丘 蔭山樓 南町田店,"営業時間
[月～木]10:00～20:00[金・土・日・祝]10:00～21:00
日曜営業
定休日
施設の営業日に準ずる",東京都町田市鶴間3-4-1 グランベリーパーク ギャザリングマーケット 1F,https://tabelog.com/tokyo/A1327/A132701/13241668/
ラーメン,トンタムラーメン,"営業時間
11:00～21:00(L.O)
日曜営業
定休日
不定休(月1日程度)",東京都町田市野津田町1810-12,https://tabelog.com/tokyo/A1327/A132701/13057045/
ラーメン,ラーメン大桜 野津田店,"営業時間
[月～日]11:00～24:00
日曜営業
定休日
年中無休",東京都町田市野津田町2557-5,https://tabelog.com/tokyo/A1327/A132701/13099918/
ラーメン,ラーメンショップ 成瀬が丘店,"営業時間
7：00～20：00ラストオーダー 19:45
日曜営業
定休日
水曜日",東京都町田市成瀬が丘1-26-4 サンハイツ成瀬 1Ｆ,https://tabelog.com/tokyo/A1327/A132701/13108802/
ラーメン,元祖ニュータンタンメン本舗 町田店,"営業時間
11:00～20:00
日曜営業
定休日
水曜日",東京都町田市原町田3-7-2,https://tabelog.com/tokyo/A1327/A132701/13242221/
ラーメン,日高屋 町田中央店,"営業時間
10:00～翌3:00(L.O.翌2:30)
日曜営業
定休日
年中無休",東京都町田市原町田6-19-13 Yビル,https://tabelog.com/tokyo/A1327/A132701/13056138/
ラーメン,日高屋 町田パークアベニュー店,"営業時間
10:00～翌4:00（L.O.3:30）
日曜営業
定休日
無休",東京都町田市原町田4-4-15,https://tabelog.com/tokyo/A1327/A132701/13127010/
ラーメン,中華そば 七面,"営業時間
11:30～16:00
日曜営業
定休日
火曜日、水曜日（他曜日も休業日あり）",東京都町田市原町田4-5-19,https://tabelog.com/tokyo/A1327/A132701/13019824/
ラーメン,jun-pey ra-men  成瀬店,"営業時間
ランチ　11：00～15：00ディナー　18：00～22：00金土　11：00～15：00　　　　18：00〜24：00
日曜営業
定休日
無",東京都町田市成瀬1-4-1,https://tabelog.com/tokyo/A1327/A132701/13059118/
ラーメン,横濱家 成瀬店,"営業時間
【ランチ】　11:00～15:30【ディナー】17:30～22:00（L.O. 21:45）
日曜営業
定休日
年中無休",東京都町田市南成瀬2-7-1,https://tabelog.com/tokyo/A1327/A132701/13021415/
ラーメン,いぶし銀,"営業時間
[平日]11:30～14:0018:00～21:00[土・日・祝祭日]11:30～15:0018:00～21:00スープがなくなり次第終了
日曜営業
定休日
毎週水曜日・第2第4木曜日　（年末年始・夏期休業あり）",東京都町田市原町田6-29-4 寺田ビル　 １Ｆ,https://tabelog.com/tokyo/A1327/A132701/13016449/
ラーメン,ラーメン 町田家 町田本店,"営業時間
［月・火・水・金・土・日］11:00～翌3:00［木］11:00～17:30
日曜営業
定休日
無休",東京都町田市原町田3-7-2,https://tabelog.com/tokyo/A1327/A132701/13010323/
ラーメン,ラーメン大桜 森野店,"営業時間
11:00～20:00
日曜営業
定休日
水曜日",東京都町田市森野6-367-1,https://tabelog.com/tokyo/A1327/A132701/13042396/
ラーメン,麺屋 みのわ,,東京都町田市三輪町314-5,https://tabelog.com/tokyo/A1327/A132701/13172794/
ラーメン,町田商店 成瀬店,"営業時間
営業時間・休業日は変更となる場合がございますので、HPにて最新情報をご確認ください
日曜営業
定休日
無休",東京都町田市成瀬5-8-52,https://tabelog.com/tokyo/A1327/A132701/13193954/
ラーメン,ラーメン 蔵屋,"営業時間
営業時間：AM11:00-24:00
定休日
火曜日(祝日の場合は前後する場合がございます)",東京都町田市森野6-359 横山第2ビル 1F,https://tabelog.com/tokyo/A1327/A132701/13175435/
ラーメン,ど・みそ 町田店,"営業時間
平日１１：００～２２：００（中休みなし）土日祝　１１:００～２１：００（中休みなし）
日曜営業
定休日
無し（年末年始を除く）",東京都町田市原町田3-1-4 町田ターミナルプラザ2F,https://tabelog.com/tokyo/A1327/A132701/13123211/
ラーメン,麺屋 いはし。,"営業時間
１１：３０～１５：００/１８：００～２２：００営業
日曜営業
定休日
火曜日",東京都町田市小山町984-1,https://tabelog.com/tokyo/A1327/A132701/13061298/
ラーメン,壱角家 鶴川店,"営業時間
[月～日]11:00～翌2:00
日曜営業
定休日
無休",東京都町田市大蔵町215-1,https://tabelog.com/tokyo/A1327/A132701/13188869/
ラーメン,横濱家 鶴川店,"営業時間
11:00～23:00（L.O. 22:45）
日曜営業
定休日
年中無休",東京都町田市真光寺1-26-31,https://tabelog.com/tokyo/A1327/A132701/13010336/
ラーメン,三五八式,,東京都町田市山崎1-1-2,https://tabelog.com/tokyo/A1327/A132701/13224856/
ラーメン,麺場 田所商店 成瀬店,"営業時間
11:00～23:00（L.O.22:30）
日曜営業
定休日
無休",東京都町田市南成瀬5-1-1,https://tabelog.com/tokyo/A1327/A132701/13206884/
ラーメン,龍聖軒,"営業時間
11:00～15:00
日曜営業
定休日
無休",東京都町田市能ヶ谷2-24-26,https://tabelog.com/tokyo/A1327/A132701/13240442/
ラーメン,蒙古タンメン中本 町田店,"営業時間
11:00～23:00
日曜営業
定休日
年末年始",東京都町田市中町1-1-3 町田リラビル 1F,https://tabelog.com/tokyo/A1327/A132701/13114574/
ラーメン,日高屋 成瀬店,"営業時間
[月～土]10:00～翌2:00(L.O.1:30)[日・祝]10:00～23:00(L.O.22:30)
定休日
無休",東京都町田市南成瀬1-3-5 相鉄ローゼンショッピングセンター1F,https://tabelog.com/tokyo/A1327/A132701/13127655/
ラーメン,らーめん せい家 町田店,"営業時間
ランチ　11:00～16:00ディナー　16:00～2:30（L.O.2:30）
日曜営業
定休日
無",東京都町田市原町田6-10-3,https://tabelog.com/tokyo/A1327/A132701/13209332/
ラーメン,横浜家系ラーメン 玉学家,,東京都町田市玉川学園7-8-1,https://tabelog.com/tokyo/A1327/A132701/13131091/
ラーメン,濃厚鶏白湯らーめん 麺匠なべすけ 町田店,"営業時間
【月〜日】11:30～15:00   17:30～23:30(L.O.23:15)
日曜営業
定休日
2019年5月より当面の間、年中無休【お盆、年末年始を除く】",東京都町田市金森東1-11-1,https://tabelog.com/tokyo/A1327/A132701/13214884/
ラーメン,らーめん家 せんだい 町田店,,東京都町田市中町3-7-14,https://tabelog.com/tokyo/A1327/A132701/13260874/
ラーメン,ラーメン スリーエスオー,"営業時間
[月・土]11:45～14:00(L.O.)[火～金]11:45～14:00(L.O.)19:45～21:00(L.O.)
定休日
日曜日・第4月曜日・他不定休あり",東京都町田市木曽西4-1-31,https://tabelog.com/tokyo/A1327/A132701/13111245/
ラーメン,ラーメン 奥津家,,東京都町田市木曽西1-1-21,https://tabelog.com/tokyo/A1327/A132701/13010339/
ラーメン,麺屋 ふう,"営業時間
11:30～14:3019:00～0:00
日曜営業
定休日
火曜日",東京都町田市中町1-30-7,https://tabelog.com/tokyo/A1327/A132701/13178239/
ラーメン,しおらーめん進化 2nd,"営業時間
11:30〜15:00 18:00〜22:00
日曜営業
定休日
月曜日",東京都町田市大蔵町337-1 第二工藤ビル 1F,https://tabelog.com/tokyo/A1327/A132701/13277081/
ラーメン,ラーメン 暖暮 町田店,"営業時間
【月〜木・日】11:00～24:00【金・土・祝前日】11:00〜25:00
日曜営業
定休日
無休",東京都町田市原町田6-11-6,https://tabelog.com/tokyo/A1327/A132701/13214077/
ラーメン,超純水採麺 天国屋,"営業時間
[月・木・金]11:00～15:00(L.O.)[火]11:00〜14:45(L.O.)[土・日]11:00～15:45(L.O.)※夜営業する場合はTwitterにて随時案内あり
日曜営業
定休日
水曜日",東京都町田市鶴間3-13-13,https://tabelog.com/tokyo/A1327/A132701/13262390/
ラーメン,中国ラーメン揚州商人 町田店,"営業時間
11:00～翌4:30(L.O.翌4:00)
日曜営業
定休日
無休",東京都町田市原町田6-14-4,https://tabelog.com/tokyo/A1327/A132701/13019011/
ラーメン,文明,"営業時間
ランチ　11:00～15:00（L.O.14:45）ディナー　17:00～23:00（L.O.22:45）
日曜営業
定休日
火曜日",東京都町田市木曽西4-16-3,https://tabelog.com/tokyo/A1327/A132701/13207887/
ラーメン,いっぷくラーメン,"営業時間
11:00～22:00(L.O.21:45)
日曜営業
定休日
不定休",東京都町田市鶴川4-23-8,https://tabelog.com/tokyo/A1327/A132701/13044371/
ラーメン,らーめん花楽 図師店,"営業時間
11:00～翌1:00
日曜営業
定休日
第２・第４・第5火曜",東京都町田市図師町1644,https://tabelog.com/tokyo/A1327/A132701/13126389/
ラーメン,担々麺 雅龍,,東京都町田市小川1723-2,https://tabelog.com/tokyo/A1327/A132701/13118998/
ラーメン,小川軒,"営業時間
11:00～24:00(スープ終了次第)
日曜営業
定休日
火曜",東京都町田市小川1608-5 すずかけ台ビル１Ｆ,https://tabelog.com/tokyo/A1327/A132701/13108701/
ラーメン,らあめん花月嵐 原町田店,"営業時間
[店内営業時間]11：00～22：00（LO21：30）[出前館受付時間]11:00～20:00[Uber Eats受付時間]11:00～20:00
日曜営業
定休日
なし",東京都町田市原町田2-12-15,https://tabelog.com/tokyo/A1327/A132701/13055962/
ラーメン,がっとん 町田店,"営業時間
11:00〜翌3:00
日曜営業
定休日
年中無休",東京都町田市原町田4-3-4,https://tabelog.com/tokyo/A1327/A132701/13289225/
ラーメン,横浜家系ラーメン みさきや,"営業時間
[火～土]11:30～14:45(L.O.) 18:00～20:30(L.O.)[日]11:30～14:45(L.O.) 
日曜営業
定休日
月曜日",東京都町田市金森東3-14-15,https://tabelog.com/tokyo/A1327/A132701/13174077/
ラーメン,中国ラーメン揚州商人 町田忠生店,"営業時間
11:00～翌4:30(L.O.翌4:00)
日曜営業
定休日
無休",東京都町田市忠生1-14-20,https://tabelog.com/tokyo/A1327/A132701/13019012/
ラーメン,がっとん 多摩境店,"営業時間
営業時間・休業営業時間・休業日は変更となる場合がございますので、HPにて最新情報をご確認ください
定休日
無休",東京都町田市小山ヶ丘4-1-3,https://tabelog.com/tokyo/A1327/A132701/13266604/
ラーメン,豚山 町田店,"営業時間
営業時間・休業営業時間・休業日は変更となる場合がございますので、HPにて最新情報をご確認ください
日曜営業
定休日
無休",東京都町田市原町田6-20-3 あさのビル 1F,https://tabelog.com/tokyo/A1327/A132701/13223633/
ラーメン,パパパパパイン,"営業時間
11:00～15:00 18:00～21:00
日曜営業
定休日
水曜日",東京都町田市原町田3-1-4 町田ターミナルプラザ 2F,https://tabelog.com/tokyo/A1327/A132701/13216798/
ラーメン,町田汁場 しおらーめん進化 本店,"営業時間
［月～土］11:00～15:00／18:00〜21:00［日・祝］11:00～17:00　※売り切れ早仕舞いあり
日曜営業
定休日
無休",東京都町田市森野3-18-17 ウイング森野 1F,https://tabelog.com/tokyo/A1327/A132701/13050023/
ラーメン,イップウドウ ラーメン エキスプレス 南町田グランベリーパーク店,"営業時間
10:00～20:30
日曜営業
定休日
無休",東京都町田市鶴間3-3-1,https://tabelog.com/tokyo/A1327/A132701/13241563/
ラーメン,町田商店マックス,"営業時間
営業時間・休業日は変更となる場合がございますので、HPにて最新情報をご確認ください
定休日
無休",東京都町田市常盤町3198-1,https://tabelog.com/tokyo/A1327/A132701/13130602/
ラーメン,らぁ麺 はやし田 町田店,"営業時間
[月～日] 11:00～23:00
日曜営業
定休日
無休",東京都町田市原町田6-11-13 ホンタマビル 1F,https://tabelog.com/tokyo/A1327/A132701/13288522/
ラーメン,大岡家 鶴川店,"営業時間
11:30～翌1:30
日曜営業
定休日
無休",東京都町田市能ヶ谷1-14-5 コーポ東信 1F,https://tabelog.com/tokyo/A1327/A132701/13193779/
ラーメン,麵屋やっとこ 町田木曽店,"営業時間
11:00～22:00金曜  〜23:00
日曜営業
定休日
年末年始",東京都町田市木曽西4-36-4,https://tabelog.com/tokyo/A1327/A132701/13266949/
ラーメン,手打ち中華そば 竹の助,"営業時間
11:00～15:00(2022年7月から営業時間が変わりました。夜の営業はございません)
日曜営業
定休日
肩を痛めて麺が作れないため、2023年12月4日からしばらくの間お休みしております。再開の際は、こちらでお知らせいたします。ご迷惑をおかけいたしますが、宜しくお願い致します。",東京都町田市三輪町165-2,https://tabelog.com/tokyo/A1327/A132701/13147941/
ラーメン,麺工房マルオ,"営業時間
11:00～15:00
日曜営業
定休日
火曜日、第2・4水曜日",東京都町田市金森東2-9-23,https://tabelog.com/tokyo/A1327/A132701/13229647/
ラーメン,町田 龍聖軒,"営業時間
11:00～15:00 18:00～21:00
日曜営業",東京都町田市原町田3-1-4 町田ターミナルプラザ 2F,https://tabelog.com/tokyo/A1327/A132701/13260879/
ラーメン,らーめん専門店 小川 本店,"営業時間
[月～金]11:00-15:00　17:30-24:00[土・日・祝]11:00-24:00【年末年始営業のお知らせ】2023/12/28⇒通常営業12/29⇒11 時～24 時（通し営業）12/30～2024/1/3⇒休業1/4⇒11 時～23 時（通し営業）1/5～⇒通常営業
日曜営業
定休日
なし（年末年始をのぞく）",東京都町田市小山町4409,https://tabelog.com/tokyo/A1327/A132701/13021587/
ラーメン,地鶏と伊勢海老 中華そば 兜,"営業時間
11:00～15:3017:00～23:00
日曜営業
定休日
無休",東京都町田市中町1-30-2,https://tabelog.com/tokyo/A1327/A132701/13287097/
ラーメン,なんつッ亭 町田店,"営業時間
10:00～23:00（L.O.22:30）",東京都町田市原町田6-8-1 町田センタービル 1F,https://tabelog.com/tokyo/A1327/A132701/13289497/
ラーメン,らーめん武蔵堂,"営業時間
11:30～20:30（15:00～18:00休憩の場合有り）
定休日
月曜日",東京都町田市相原町3155-7,https://tabelog.com/tokyo/A1327/A132701/13141393/
ラーメン,宝龍,"営業時間
【平日・土曜】11：00～15：0017：00～21：00【日曜】11：00～15：00
日曜営業
定休日
月曜日・祝祭日",東京都町田市木曽町2192,https://tabelog.com/tokyo/A1327/A132701/13111673/
ラーメン,AFURI 南町田グランベリーパーク,"営業時間
11:00～22:00 ( L.O.21:30)
日曜営業
定休日
施設に準ずる",東京都町田市鶴間3-3-1 グランベリーパーク セントラルコート 1F,https://tabelog.com/tokyo/A1327/A132701/13241089/
ラーメン,町田汁場 しおらーめん 進化 町田駅前店,"営業時間
11:00～15:00 17:30～22:00
日曜営業
定休日
無休",東京都町田市原町田4-6-15 1F,https://tabelog.com/tokyo/A1327/A132701/13245319/
ラーメン,町田商店 本店,"営業時間
営業時間・休業日は変更となる場合がございますので、HPにて最新情報をご確認ください
日曜営業
定休日
無休",東京都町田市森野1-34-13 ＴＭビル３,https://tabelog.com/tokyo/A1327/A132701/13058761/
ラーメン,横浜家系らーめん 松壱家 町田店,"営業時間
11:00～24:00（L.O.24:00）
日曜営業
定休日
年中無休",東京都町田市原町田6-21-5 パレス熊澤パート5 1F,https://tabelog.com/tokyo/A1327/A132701/13244381/
ラーメン,町田商店33,"営業時間
営業時間・休業日は変更となる場合がございますので、HPにて最新情報をご確認ください
日曜営業
定休日
無休",東京都町田市原町田6-7-9 ヒロセビル 1F,https://tabelog.com/tokyo/A1327/A132701/13179742/
ラーメン,麺屋くり,"営業時間
11:30～15:0017:30～22:00
日曜営業
定休日
毎週月曜日",東京都町田市中町3-6-33,https://tabelog.com/tokyo/A1327/A132701/13218393/
ラーメン,北海道らーめん おやじ 町田店,"営業時間
[月・火・木・金]11:00～16:00 17:30～22:00(L.O.21:30)［土・日・祝］11:00～22:00(L.O.21:30)
日曜営業
定休日
水曜日",東京都町田市中町1-19-1,https://tabelog.com/tokyo/A1327/A132701/13006031/
ラーメン,ラーメンショップ 小野路店,,東京都町田市小野路町3187-1,https://tabelog.com/tokyo/A1327/A132702/13206318/
ラーメン,真正博多家系ラーメン 松本家,"営業時間
11:00～23:00ラストオーダー＆最終入店時間22:00
定休日
なし",東京都町田市原町田4-5-7,https://tabelog.com/tokyo/A1327/A132701/13262478/
ラーメン,バンブー,,東京都町田市鶴間1522,https://tabelog.com/tokyo/A1327/A132701/13046765/
ラーメン,七志 町田店,"営業時間
[月～木・休日前以外の日曜日]11:00～翌0:00[金・土・休日前]11:00～翌1:30ラストオーダーは、閉店20分前
日曜営業
定休日
無休（年末年始を除く）",東京都町田市原町田6-18-17 東亜町田ビルⅢ 1F,https://tabelog.com/tokyo/A1327/A132701/13006032/
ラーメン,辛麺 真空,"営業時間
［火～日］11:30～21:00
日曜営業
定休日
月曜",東京都町田市原町田4-1-5 ハイストーンⅡ1Ｆ,https://tabelog.com/tokyo/A1327/A132701/13051192/
ラーメン,らーめん 鴨and葱,"営業時間
［月〜日］11:00～22:45
日曜営業
定休日
無休",東京都町田市原町田4-5-7 なるとやビル 1F,https://tabelog.com/tokyo/A1327/A132701/13278909/
ラーメン,幸楽苑 島忠ホームズ町田店,"営業時間
10:00～20:00
日曜営業
定休日
無休",東京都町田市三輪町281-1,https://tabelog.com/tokyo/A1327/A132701/13153248/
ラーメン,幸楽苑 町田成瀬店,"営業時間
8:00～21:00(L.O.20:45)
日曜営業
定休日
無休",東京都町田市小川2-26-2,https://tabelog.com/tokyo/A1327/A132701/13016457/
ラーメン,二味ラーメン,"営業時間
11:30〜13:3017:00〜
定休日
日曜日",東京都町田市鶴間1521,https://tabelog.com/tokyo/A1327/A132701/13066282/
ラーメン,日高屋 玉川学園前南口店,"営業時間
11:00～翌4:00（L.O.翌3:30）
定休日
無休",東京都町田市玉川学園7-5-3 玉川学園駅前ビル,https://tabelog.com/tokyo/A1327/A132701/13127368/
ラーメン,ラーメンハウス 入口,"営業時間
[月～土]11:30～14:00
定休日
日曜日、祝日",東京都町田市小山ヶ丘6-3-15,https://tabelog.com/tokyo/A1327/A132701/13271528/
ラーメン,めんくい,,東京都町田市本町田2364-4,https://tabelog.com/tokyo/A1327/A132701/13066287/
ラーメン,妙見,,東京都町田市南成瀬1-8-12 中山ビル 2F,https://tabelog.com/tokyo/A1327/A132701/13216641/
ラーメン,花いちもんめ 玉川学園店,"営業時間
12:00～24:00",東京都町田市玉川学園7-8-1 レグルスビル1F,https://tabelog.com/tokyo/A1327/A132701/13133869/
ラーメン,ビッグラーメン,"営業時間
11:00～23:00
日曜営業",東京都町田市森野1-9-18 まるかビル 1F,https://tabelog.com/tokyo/A1327/A132701/13285137/
ラーメン,西満ラーメン,,東京都町田市相原町4449-1,https://tabelog.com/tokyo/A1327/A132701/13264028/
ラーメン,幸楽苑 ミスターマックス町田多摩境店,,東京都町田市小山ヶ丘6-1-10,https://tabelog.com/tokyo/A1327/A132701/13107662/
ラーメン,埼玉タンメン山田太郎 清瀬北口店,"営業時間
10:30～22:00(L.O.21:30)
日曜営業",東京都清瀬市元町1-2-7,https://tabelog.com/tokyo/A1328/A132803/13282074/
ラーメン,らあめん花月嵐 清瀬北口店,"営業時間
[店内営業時間]11:00～24:00[日]11:00～22:00[出前館受付時間]11:00～21:00[Uber Eats受付時間]11:00～21:00
日曜営業
定休日
年中無休",東京都清瀬市元町1-8-1 シャーリービル 1F,https://tabelog.com/tokyo/A1328/A132803/13144240/
ラーメン,壱角家 清瀬店,"営業時間
［日～木］10:30～23:00［金・土］10:30～翌2:00
日曜営業
定休日
無休",東京都清瀬市松山3-18-15,https://tabelog.com/tokyo/A1328/A132803/13194912/
ラーメン,博多ラーメン 春々,"営業時間
［月・水・木・金］18:00～23:00［土］12:00～23:00[日・祝](連休中日を除く)12:00～22:30
日曜営業
定休日
火曜日",東京都清瀬市松山1-14-10,https://tabelog.com/tokyo/A1328/A132803/13266042/
ラーメン,中華そばや 和凡,"営業時間
11:30～14:3017:30～21:00
定休日
日曜・第１月曜",東京都清瀬市松山1-20-4,https://tabelog.com/tokyo/A1328/A132803/13234420/
ラーメン,らーめん 蝦夷,"営業時間
6:00～21:00
日曜営業
定休日
無休",東京都清瀬市松山1-4-3 信宅ビル 1F,https://tabelog.com/tokyo/A1328/A132803/13066371/
ラーメン,そうすけ,"営業時間
11:00～23:00
日曜営業
定休日
無休",東京都清瀬市元町1-10-13 1F,https://tabelog.com/tokyo/A1328/A132803/13066370/
ラーメン,麺屋 春風,"営業時間
[火〜金]昼の部 11:30〜15:00夜の部 17:00〜21:00[土・日]11:30〜17:00(スープがなくなり次第終了)
日曜営業
定休日
月曜日",東京都清瀬市松山1-13-19,https://tabelog.com/tokyo/A1328/A132803/13285129/
ラーメン,くるまやラーメン 清瀬店,"営業時間
★11:00～22:00※こちらのお店は上記営業時間中、中休み休憩閉店の無い通し営業です。
日曜営業
定休日
なし",東京都清瀬市元町2-24,https://tabelog.com/tokyo/A1328/A132803/13083336/
ラーメン,日高屋 清瀬南口店,"営業時間
11:00～翌1:30(L.O.翌1:00)
日曜営業
定休日
無休",東京都清瀬市松山1-11-12 清瀬駅前ビル 1F,https://tabelog.com/tokyo/A1328/A132803/13225410/
ラーメン,めん屋 五坊,"営業時間

日曜営業
定休日
木曜日",東京都清瀬市中里3-894,https://tabelog.com/tokyo/A1328/A132803/13291337/
ラーメン,ラーメン大冬樹 本店,"営業時間
11:00～21:30
日曜営業
定休日
水曜日",東京都東大和市中央4-962-12 エクセル 102,https://tabelog.com/tokyo/A1328/A132805/13191832/
ラーメン,中華そば 青葉 東大和店,"営業時間
10:30～23:00
日曜営業
定休日
無休",東京都東大和市清水6-1096-3,https://tabelog.com/tokyo/A1328/A132805/13167043/
ラーメン,麺匠和蔵 東大和店,"営業時間
［月～木］17:00～翌2:00［金・土］17:00～翌4:00
定休日
日曜日",東京都東大和市南街4-20-6 SAWADAビル 1F,https://tabelog.com/tokyo/A1328/A132805/13154721/
ラーメン,大学ラーメン,"営業時間
[水～金・日]11:30～15:0018:00～22:00[火]18:00～22:00[土・祝]11:30～22:00月曜祝日の場合は営業，火曜日が休みになります
日曜営業
定休日
月曜日",東京都東大和市清原4-10-10,https://tabelog.com/tokyo/A1328/A132805/13024334/
ラーメン,大嘉麻屋,"営業時間
【平日、土日祝日】　11：00～15：00、17：00～21：30　Lo21:00【定休日】　毎週月曜日　生ビール、瓶ビール、チューハイ、各種ジュースなどご提供しております。　日曜営業
日曜営業
定休日
店休日は店舗掲示、Twitterにてご確認お願いいたします。",東京都東大和市南街5-1-11 オカダビル 1F,https://tabelog.com/tokyo/A1328/A132805/13275152/
ラーメン,村山ホープ軒 東大和店,"営業時間
[火・水・木・土]11:30～22:00(L.O.21:45)[金]11:30～14:00(L.O.13:45) 19:00～22:00(L.O.21:45)[日・祝]11:30～20:30(L.O.20:15)
日曜営業
定休日
月曜日（祝日の場合は翌日）",東京都東大和市南街4-13-12,https://tabelog.com/tokyo/A1328/A132805/13044328/
ラーメン,狼煙屋,"営業時間
11:00～21:00
日曜営業
定休日
水曜日",東京都東大和市清水6-1257-17,https://tabelog.com/tokyo/A1328/A132805/13010221/
ラーメン,日高屋 東大和店,"営業時間
10:30～21:00(L.O.20:30)
日曜営業
定休日
無休",東京都東大和市仲原3-20-8,https://tabelog.com/tokyo/A1328/A132805/13073669/
ラーメン,とんがら亭,"営業時間
11:00～22:00
定休日
月曜・火曜",東京都東大和市清水6-1257-24,https://tabelog.com/tokyo/A1328/A132805/13038054/
ラーメン,らーめん雄縁,"営業時間
11:00～15:0017:00～22:00
日曜営業
定休日
火曜日",東京都東大和市上北台3-470-4,https://tabelog.com/tokyo/A1328/A132805/13290496/
ラーメン,極み家,"営業時間
11:00～23:30(L.O23:00)
日曜営業
定休日
火曜日（祝日の場合は翌平日）",東京都東大和市蔵敷3-906-5,https://tabelog.com/tokyo/A1328/A132805/13166013/
ラーメン,ごてん,"営業時間
11:00～15:002015年11月19日現在、昼の営業のみ
定休日
月曜、第３日曜",東京都東大和市向原4-7-17,https://tabelog.com/tokyo/A1328/A132805/13066362/
ラーメン,一蘭 東大和店,"営業時間
10:00～23:00(L.O.23:00)※営業時間は状況により急遽変更する場合がございます。ご来店前に公式HPをご確認ください
定休日
年中無休",東京都東大和市清水6-1108-1,https://tabelog.com/tokyo/A1328/A132805/13285548/
ラーメン,五穀みそらーめん 味噌屋 蔵之介 東大和店,,東京都東大和市向原1-2-1,https://tabelog.com/tokyo/A1328/A132805/13222540/
ラーメン,鈴屋,"営業時間
12:00～13:00
日曜営業
定休日
土曜日",東京都東大和市奈良橋3-548-4,https://tabelog.com/tokyo/A1328/A132805/13091129/
ラーメン,古美術酒場 チャンマダン,,東京都東大和市南街4-18-6,https://tabelog.com/tokyo/A1328/A132805/13229829/
ラーメン,大衆スタンドモモちゃん,"営業時間
【火〜金】※ランチ月曜休みランチ　11:30～14:00（L.o.13:30）【月～金】※ディナー定休日なしディナー　18:00～翌3:00（L.o.2:30）【土・日】11:30～翌3:00（L.o.2:30）
日曜営業
定休日
定休日無し",東京都調布市小島町1-34-24,https://tabelog.com/tokyo/A1326/A132601/13289610/
ラーメン,そらまめらぁめん本舗,"営業時間
11:30〜22:00
日曜営業
定休日
なし",東京都調布市布田1-43-3 オリエントマンション　１０５,https://tabelog.com/tokyo/A1326/A132601/13010169/
ラーメン,王道タンメン 調布店,,東京都調布市布田1-45-6,https://tabelog.com/tokyo/A1326/A132601/13256413/
ラーメン,たつみ,"営業時間
■火曜日～土曜日11:00～15:0017:00～21:00■日曜日11:00～15:00
日曜営業
定休日
月曜日",東京都調布市小島町1-14-2 ドミンゴ　１０１,https://tabelog.com/tokyo/A1326/A132601/13022310/
ラーメン,らーめんHAGGY,"営業時間
［火～土］11:00～15:0018:00～20:00(L.O.19:30)［日］11:00～15:00
日曜営業
定休日
月曜日",東京都調布市菊野台1-17-29,https://tabelog.com/tokyo/A1326/A132601/13108371/
ラーメン,ラーメン めじ,"営業時間
11:00～15:00 18:00〜21:00※頻繁に営業時間変更有り　詳しくはお店のTwitter、Instagramを参照
日曜営業
定休日
不定休",東京都調布市仙川町1-21-24,https://tabelog.com/tokyo/A1326/A132601/13282301/
ラーメン,絢,,東京都調布市入間町3-1-1,https://tabelog.com/tokyo/A1318/A131814/13154666/
ラーメン,江川亭 調布店,"営業時間
11:00～22:00(ﾗｽﾄｵｰﾀﾞｰ閉店30分前)※臨時休や営業時間変更の場合は、HPのお知らせに掲載いたします。
日曜営業
定休日
月曜日（祝日は営業、翌日代休)",東京都調布市上石原2-22-10 みゆきハイツ　1F,https://tabelog.com/tokyo/A1326/A132601/13022307/
ラーメン,柴崎亭 つつじヶ丘本店,"営業時間
[月～金]11:00～14:0017:00～22:00[土・日・祝]11:00～20:00　
日曜営業
定休日
無休",東京都調布市西つつじヶ丘3-25-52,https://tabelog.com/tokyo/A1326/A132601/13135162/
ラーメン,武蔵家 国領店,"営業時間
[月～日]11:00～翌1:00
日曜営業
定休日
無休(年末年始を除く)",東京都調布市国領町4-9-6 富山ビル1F,https://tabelog.com/tokyo/A1326/A132601/13136784/
ラーメン,支那そば 見聞録,,東京都調布市西つつじヶ丘3-38-3,https://tabelog.com/tokyo/A1326/A132601/13025097/
ラーメン,日高屋 調布北口店,"営業時間
10:00～20:00
日曜営業
定休日
無休",東京都調布市布田1-39-7,https://tabelog.com/tokyo/A1326/A132601/13073668/
ラーメン,千年ラーメン,,東京都調布市小島町3-68-1,https://tabelog.com/tokyo/A1326/A132601/13005980/
ラーメン,ばち魂,,東京都調布市西つつじケ丘3-37-16,https://tabelog.com/tokyo/A1326/A132601/13224466/
ラーメン,中国ラーメン 揚州商人 キテラタウン調布店,"営業時間
10:00～23:00",東京都調布市菊野台1-33-3 1F,https://tabelog.com/tokyo/A1326/A132601/13207766/
ラーメン,大雄,"営業時間
昼の部　11:00～15:00夜の部　17:00～21:00
日曜営業
定休日
火曜日、第２月曜日",東京都調布市菊野台2-30-1,https://tabelog.com/tokyo/A1326/A132601/13063412/
ラーメン,虎よし,"営業時間
11:00～翌2:00
日曜営業
定休日
無休",東京都調布市布田5-1-1,https://tabelog.com/tokyo/A1326/A132601/13139631/
ラーメン,中華そば しば田,"営業時間
［月火水金土］11:00～15:0017:30〜20:00［木曜日］11:00〜15:00
定休日
日曜日、第一月曜日、第三月曜日(月曜日が祝日の場合は翌火曜日)",東京都調布市若葉町2-25-20,https://tabelog.com/tokyo/A1326/A132601/13162681/
ラーメン,猫と月 chan mie noodles,"営業時間
昼 11:00～14:00夜 17:00～20:00
日曜営業
定休日
水曜日、木曜日",東京都調布市上石原2-21-5,https://tabelog.com/tokyo/A1326/A132601/13287084/
ラーメン,たから家 本店(調布店),,東京都調布市小島町1-11-7,https://tabelog.com/tokyo/A1326/A132601/13005979/
ラーメン,真誠家 つつじヶ丘店,"営業時間
ランチ11：00～15：00　ディナー18：00～25：00
定休日
日曜日",東京都調布市西つつじヶ丘3-35-19,https://tabelog.com/tokyo/A1326/A132601/13226138/
ラーメン,寿,,東京都調布市仙川町1-10-16 1F,https://tabelog.com/tokyo/A1326/A132601/13177019/
ラーメン,如拙,,東京都調布市国領町4-9-7 1F,https://tabelog.com/tokyo/A1326/A132601/13164045/
ラーメン,地鶏と伊勢海老 中華そば 頑,"営業時間
11:00～15:3017:00～23:00
日曜営業",東京都調布市布田1-49-16 ガオービル 1F,https://tabelog.com/tokyo/A1326/A132601/13289187/
ラーメン,幸楽苑 調布深大寺店,"営業時間
営業時間：8:00～21:00（L.O.20:45）
日曜営業
定休日
無休",東京都調布市深大寺東町8丁目2-1,https://tabelog.com/tokyo/A1326/A132601/13115841/
ラーメン,ぶっ豚 調布店,"営業時間
11:00～23:00
日曜営業
定休日
無休",東京都調布市布田1-45-6 ライオンズマンション 1F,https://tabelog.com/tokyo/A1326/A132601/13249769/
ラーメン,中華そば 宝,"営業時間
[木～日]11:30～14:30
日曜営業
定休日
月曜日、火曜日、水曜日",東京都調布市仙川町1-15-31 渡邊ビル 1F,https://tabelog.com/tokyo/A1326/A132601/13214179/
ラーメン,秀華,,東京都調布市菊野台2-31-36,https://tabelog.com/tokyo/A1326/A132601/13066253/
ラーメン,元祖札幌や,"営業時間
11:30～15:0017:00～20:00
日曜営業
定休日
木曜日",東京都調布市小島町3-60-18,https://tabelog.com/tokyo/A1326/A132601/13160723/
ラーメン,鶏そば十番156 トリエ京王調布店,"営業時間
11:00～21:00
日曜営業
定休日
トリエ京王調布に準ずる",東京都調布市小島町2-61-1 トリエ京王調布 C館 1F,https://tabelog.com/tokyo/A1326/A132601/13212366/
ラーメン,博多とんこつらーめん ひゅうが,"営業時間
18:00～翌2:00
定休日
日曜日",東京都調布市下石原2-21-10,https://tabelog.com/tokyo/A1326/A132601/13253247/
ラーメン,鴨と蟹 中華そば 猿,"営業時間
11:00～15:30、17:00～23:00
日曜営業
定休日
無休",東京都調布市小島町3-92-11 大成ビル 1F,https://tabelog.com/tokyo/A1326/A132601/13291297/
ラーメン,麺処 かず屋,"営業時間
11:00～23:00
日曜営業
定休日
無休",東京都調布市仙川町2-21-13 ヤマゼンビル 1F,https://tabelog.com/tokyo/A1326/A132601/13253854/
ラーメン,横浜家系ラーメン 龍神家,"営業時間
11:00～23:00",東京都調布市仙川町1-12-51,https://tabelog.com/tokyo/A1326/A132601/13279658/
ラーメン,栄福記,"営業時間
ランチ　11：00～15：00ディナー　17：30～24：00土日祝日　11：00～23：00
日曜営業
定休日
無休",東京都調布市国領町2-5-15 1F,https://tabelog.com/tokyo/A1326/A132601/13194063/
ラーメン,つけめんTETSU 調布店,"営業時間
11:00～22:30（LO22:00）
日曜営業
定休日
無休",東京都調布市布田1-44 調布FRANK1,https://tabelog.com/tokyo/A1326/A132601/13197953/
ラーメン,中華そば みのや,"営業時間
[月曜～土曜]11：30～14：0018：00～22：00※売り切れ次第終了
定休日
日曜日",東京都調布市菊野台1-20-37,https://tabelog.com/tokyo/A1326/A132601/13136356/
ラーメン,長陽,,東京都調布市飛田給2-14-38,https://tabelog.com/tokyo/A1326/A132601/13152585/
ラーメン,えどこまラーメン,"営業時間
11:30～13:30
日曜営業
定休日
水曜日",東京都調布市飛田給2-13-4,https://tabelog.com/tokyo/A1326/A132601/13022221/
ラーメン,麺匠 いしかわや,"営業時間
[月～土]11:00～22:00(L.O.21:45)[日・祝]11:00～20:00(L.O.19:45)▼蔓延防止等重点措置として、当面の間以下営業時間となります。[月～土]11:00～21:00(L.O.20:45)[日・祝]11:00～20:00(L.O.19:45)
日曜営業
定休日
無休",東京都調布市国領町4-8-1,https://tabelog.com/tokyo/A1326/A132601/13224781/
ラーメン,ぶっ豚 仙川店,,東京都調布市仙川町1-14-33 秋山ビル 1F,https://tabelog.com/tokyo/A1326/A132601/13263690/
ラーメン,ラーメン 悔いなし,"営業時間
[月・水・木・土・日]11:30～14:00／18:00～22:00
日曜営業
定休日
[火・金]",東京都調布市菊野台2-16-20,https://tabelog.com/tokyo/A1326/A132601/13277175/
ラーメン,武久らぁめん,,東京都調布市国領4-51-23,https://tabelog.com/tokyo/A1326/A132601/13161244/
ラーメン,ラーメン二郎 仙川店,"営業時間
[月～土]17:00～21:00
定休日
日曜・祝日",東京都調布市仙川町1-10-17,https://tabelog.com/tokyo/A1326/A132601/13000699/
ラーメン,壱角家 国領店,"営業時間
[月～土]10:30〜翌1:30[日・祝]10:30〜翌1:00
日曜営業
定休日
無休",東京都調布市国領2-5-15 国領コクティー 1F A108,https://tabelog.com/tokyo/A1326/A132601/13183739/
ラーメン,札幌味噌麺 優,,東京都調布市西つつじヶ丘3-32-1,https://tabelog.com/tokyo/A1326/A132601/13244081/
ラーメン,一番だしラーメン しんせん,"営業時間
11:00～14:3017:30～20:30
日曜営業
定休日
木曜日",東京都調布市上石原2-30-19,https://tabelog.com/tokyo/A1326/A132601/13276972/
ラーメン,濃厚つけ麺 尚輔,,東京都調布市小島町1-34-17,https://tabelog.com/tokyo/A1326/A132601/13253808/
ラーメン,鶏白湯麺 樹,"営業時間
[火～金]11:30～14:0017:00～22:00(L.O.21:00)[土・日]11:30～22:00(L.O.21:00)
日曜営業
定休日
月曜日",東京都調布市染地2-52-77,https://tabelog.com/tokyo/A1326/A132601/13271861/
ラーメン,手打麺祭 かめ囲,"営業時間
[月・木～日]11:00～14:3018:00～20:00[火]11:00～14:30
日曜営業
定休日
水曜日",東京都調布市菊野台1-55-1 コーポえびすい 1F,https://tabelog.com/tokyo/A1326/A132601/13273350/
ラーメン,武虎家 暁 仙川店,"営業時間
11:00～24:00
日曜営業
定休日
無休",東京都調布市仙川町1-15-28,https://tabelog.com/tokyo/A1326/A132601/13265217/
ラーメン,スリバチらーめん大鉢亭,,東京都調布市上石原1-9-1,https://tabelog.com/tokyo/A1326/A132601/13010177/
ラーメン,支那そば めでた屋,"営業時間
11:30～20:00(L.O.19:30)
日曜営業
定休日
火曜日",東京都調布市仙川町1-25-2 仙川アヴェニュー 1F,https://tabelog.com/tokyo/A1326/A132601/13006585/
ラーメン,らぁ麺 はやし田 味の素スタジアム店,"営業時間
11：00～22：00
日曜営業",東京都調布市西町367-3 ポケットガーデンB区画,https://tabelog.com/tokyo/A1326/A132601/13266102/
ラーメン,せい家 仙川店,"営業時間
11:00～翌2:30
日曜営業
定休日
無休",東京都調布市仙川町1-18-4,https://tabelog.com/tokyo/A1326/A132601/13190803/
ラーメン,らーめん小国,"営業時間
11:00～20:00
日曜営業
定休日
木曜日",東京都調布市深大寺東町8-25-11,https://tabelog.com/tokyo/A1320/A132002/13010181/
ラーメン,らーめん どんぐり,"営業時間
[月・土・祝]11:00～16:00(L.O.15:30)[火・木・金]11:00～14:15(L.O.14:00)18:00～20:15(L.O.20:00)
定休日
水曜日、日曜日(他に予定休業あり)",東京都調布市菊野台2-22-1 KSビル 1F,https://tabelog.com/tokyo/A1326/A132601/13275146/
ラーメン,たけちゃんにぼしらーめん,"営業時間
［月・水・木・金］11:30～14:4518:00～21:45［火・日］11:30～15:15［土］11:30～16:4518:00～21:45スープがなくなりしだい閉店
日曜営業
定休日
無休",東京都調布市布田1-47-1 辰巳ビル 1F,https://tabelog.com/tokyo/A1326/A132601/13005969/
ラーメン,バスラーメン,"営業時間
[火～日]11:30～21:30 ラストオーダー15分前
日曜営業
定休日
月曜　但し、月曜祝日の場合は翌日の平日が休みになります。",東京都調布市深大寺東町5-26-4,https://tabelog.com/tokyo/A1326/A132601/13010185/
ラーメン,熊王ラーメン,,東京都調布市国領町1-44-58,https://tabelog.com/tokyo/A1326/A132601/13005976/
ラーメン,日高屋 つつじケ丘店,"営業時間
10:00～21:00(お酒L.O.20:00 料理L.O.20:30)
日曜営業
定休日
無休",東京都調布市西つつじケ丘3-33-12,https://tabelog.com/tokyo/A1326/A132601/13073648/
ラーメン,喜多方ラーメン 坂内   調布店,"営業時間
［月～金］9:00～22:00［土・日・祝］10:00～22:00
日曜営業
定休日
無休",東京都調布市布田4-5-21 原ビル 1F,https://tabelog.com/tokyo/A1326/A132601/13229808/
ラーメン,中華麺王,,東京都調布市多摩川4-31-1 京王閣競輪場,https://tabelog.com/tokyo/A1326/A132601/13208303/
ラーメン,じげもんちゃんぽん 調布店,"営業時間
11:00～14:00(L.O.13:50)
定休日
不定休",東京都調布市布田1-26-12,https://tabelog.com/tokyo/A1326/A132601/13284232/
ラーメン,麺匠 和蔵 東久留米店,"営業時間
18:00～翌2:00
日曜営業
定休日
月曜日",東京都東久留米市東本町3-18 大産駅前ビル 1F,https://tabelog.com/tokyo/A1328/A132802/13212809/
ラーメン,らーめん 虎たん,,東京都東久留米市上の原2-7-7 スパジアムジャポン 3F,https://tabelog.com/tokyo/A1328/A132802/13236102/
ラーメン,蔵出し味噌 麺場壱歩 東久留米店,"営業時間
11:00～22:00
日曜営業
定休日
無休",東京都東久留米市南沢5-18-47,https://tabelog.com/tokyo/A1328/A132801/13133100/
ラーメン,ラーメンとんぼ 本店,"営業時間
[火～日]06:00～14:00
定休日
月曜",東京都東久留米市下里5-9-10,https://tabelog.com/tokyo/A1328/A132806/13290544/
ラーメン,麺家 蘭花,"営業時間
6:30～15:00（スープ無くなり次第終了）
日曜営業
定休日
現在未定",東京都東久留米市下里5-9-10,https://tabelog.com/tokyo/A1328/A132806/13275278/
ラーメン,日高屋 東久留米東口店,"営業時間
［月・火・水・木］10:30～23:30(L.O.23:00)［金・土］10:30～24:00［日］10:30～22:30
日曜営業
定休日
無休",東京都東久留米市新川町1-3-37 KBビル  1F,https://tabelog.com/tokyo/A1328/A132802/13157118/
ラーメン,中華そば 青葉 イオンモール東久留米店,"営業時間
10:00～21:00
定休日
不定休(イオンモール東久留米に準ずる)",東京都東久留米市南沢5-17-62 イオンモール東久留米 3F,https://tabelog.com/tokyo/A1328/A132802/13155080/
ラーメン,つけ麺・らあめん 竹屋,,東京都東久留米市前沢2-11-16 林ビル　１Ｆ,https://tabelog.com/tokyo/A1328/A132802/13021285/
ラーメン,高庄亭,"営業時間
【昼】11：30～14：30【夜】17：30～22：00※土日営業
日曜営業
定休日
水曜日",東京都東久留米市本町1-3-20 アドミラーブル高庄ビル 1F,https://tabelog.com/tokyo/A1328/A132802/13066382/
ラーメン,当り屋,,東京都東久留米市下里3-6-17,https://tabelog.com/tokyo/A1328/A132802/13021302/
ラーメン,ラーメン 男盛,"営業時間
11:00～15:0018:00～21:00
日曜営業
定休日
水曜日",東京都東久留米市下里1-11-8 本村ビル,https://tabelog.com/tokyo/A1328/A132802/13279634/
ラーメン,鶏56,"営業時間
10:00～14:30
日曜営業
定休日
火曜日",東京都東久留米市幸町3-11-19,https://tabelog.com/tokyo/A1328/A132802/13287802/
ラーメン,ポッポ 東久留米店,"営業時間
9:00～22:00(L.O.21:30)
定休日
不定休(イトーヨカドー東久留米店に準ずる)",東京都東久留米市本町3-8-1 イトーヨカドー東久留米店 3F,https://tabelog.com/tokyo/A1328/A132802/13181803/
ラーメン,ラーメン魁力屋 東久留米店,"営業時間
11:00～24:00
日曜営業
定休日
年中無休",東京都東久留米市前沢2-10-11,https://tabelog.com/tokyo/A1328/A132802/13154573/
ラーメン,ラーメン ひなた屋,"営業時間
11:00～15:0017:00～21:00(L.O 20:30)
日曜営業
定休日
水曜日",東京都東久留米市滝山4-2-22,https://tabelog.com/tokyo/A1328/A132804/13281682/
ラーメン,入鹿TOKYO,"営業時間
[月]　11:00～15:00＊店内営業[火～日]　11:00～15:00＊テイクアウトのみ
日曜営業
定休日
不定休",東京都東久留米市本町1-4-28,https://tabelog.com/tokyo/A1328/A132802/13234223/
ラーメン,中華喜楽,,東京都東久留米市下里5-9-10,https://tabelog.com/tokyo/A1328/A132806/13160187/
ラーメン,丸源ラーメン 東久留米店,"営業時間
月〜日10:00〜翌01:00
日曜営業
定休日
なし",東京都東久留米市下里2-6-5,https://tabelog.com/tokyo/A1328/A132802/13215855/
ラーメン,福しん  東久留米店,,東京都東久留米市東本町1-8,https://tabelog.com/tokyo/A1328/A132802/13286237/
ラーメン,中華蕎麦 丸め 東久留米店,"営業時間

日曜営業
定休日
月曜日",東京都東久留米市中央町6-1-24,https://tabelog.com/tokyo/A1328/A132802/13215976/
ラーメン,らぁ麺 亀我楽,"営業時間
6:00～14:00
日曜営業
定休日
市場の休みの日",東京都東久留米市下里5-12-12,https://tabelog.com/tokyo/A1328/A132806/13288023/
ラーメン,舎鈴 イオンモール東久留米,"営業時間
10:00～20:30(L.O.)",東京都東久留米市南沢5-17-62 イオンモール東久留米 3F,https://tabelog.com/tokyo/A1328/A132802/13239310/
ラーメン,黒潮屋,"営業時間
11:30～18:30
定休日
日曜日",東京都東久留米市下里3-17-12,https://tabelog.com/tokyo/A1328/A132802/13010165/
ラーメン,ラーメン　とし,,東京都東久留米市中央町5-1-2,https://tabelog.com/tokyo/A1328/A132802/13188808/
ラーメン,壱角家 東久留米店,"営業時間
10:30～20:00
日曜営業
定休日
無休",東京都東久留米市東本町1-8 たちばなやビル 1F,https://tabelog.com/tokyo/A1328/A132802/13263140/
ラーメン,麺竜,,東京都東久留米市本町2-1-3,https://tabelog.com/tokyo/A1328/A132802/13279518/
ラーメン,ごち豚ラーメン 東久留米店,"営業時間
11:00～翌1:00
日曜営業
定休日
なし",東京都東久留米市東本町1-6 BMビル東久留米 1F,https://tabelog.com/tokyo/A1328/A132802/13285743/
ラーメン,幸楽苑 武蔵村山店,"営業時間
11:00～翌2:00",東京都武蔵村山市伊奈平1丁目2-1,https://tabelog.com/tokyo/A1329/A132901/13047813/
ラーメン,村山ホープ軒 本店,"営業時間
■火～日■10：00～22：30オーダーストップ■月■10：00～16：45オーダーストップ閉店時間10分前でオーダーストップです。また、売り切れる場合も御座いますので問合せ、早めの御来店の程、宜しくお願い申し上げます。
日曜営業
定休日
無休",東京都武蔵村山市学園3-59-2,https://tabelog.com/tokyo/A1328/A132805/13066389/
ラーメン,ラーメン魁力屋 武蔵村山店,"営業時間
11:00～22:00
日曜営業
定休日
無休",東京都武蔵村山市学園3-35-1,https://tabelog.com/tokyo/A1328/A132805/13103609/
ラーメン,広州市場 イオンモールむさし村山店,"営業時間
［月～金］11:00～20:30(L.O.)［土・日・祝］10:00～20:30(L.O.)
日曜営業
定休日
無休",東京都武蔵村山市榎1-1-3 イオンモールむさし村山 1F,https://tabelog.com/tokyo/A1329/A132901/13275548/
ラーメン,らぁ麺はやし田 武蔵村山店,"営業時間
11:00～22:00(L.O.21:30)
定休日
無休",東京都武蔵村山市三ツ藤1-72-8,https://tabelog.com/tokyo/A1329/A132901/13273822/
ラーメン,来来亭 武蔵村山店,"営業時間
11:00～24:00
日曜営業
定休日
年中無休（ただし年末年始のみ休みアリ。要問い合わせ）",東京都武蔵村山市大南1-128-2,https://tabelog.com/tokyo/A1329/A132901/13155369/
ラーメン,町田商店 武蔵村山店,"営業時間
営業時間・休業日は変更となる場合がございますので、HPにて最新情報をご確認ください
日曜営業
定休日
無休",東京都武蔵村山市学園1-4-1,https://tabelog.com/tokyo/A1328/A132805/13225458/
ラーメン,武蔵村山 大勝軒,"営業時間
11:00～21:00
日曜営業
定休日
なし(ただし年末年始は休み)",東京都武蔵村山市中央2-128-2,https://tabelog.com/tokyo/A1329/A132901/13041143/
ラーメン,江川亭 武蔵村山店,"営業時間
11:00～22:00(ﾗｽﾄｵｰﾀﾞｰ閉店30分前)※臨時休や営業時間変更の場合は、HPのお知らせに掲載いたします。
日曜営業
定休日
月曜日（祝日は営業、翌日代休）",東京都武蔵村山市残堀5-1-1,https://tabelog.com/tokyo/A1329/A132901/13099991/
ラーメン,麺屋さんきゅう,,東京都武蔵村山市大南3-69-14,https://tabelog.com/tokyo/A1328/A132805/13066396/
ラーメン,ラーメン魁力屋 イオンモールむさし村山店,"営業時間
10:00~22:00
日曜営業",東京都武蔵村山市榎1-1-3,https://tabelog.com/tokyo/A1329/A132901/13232899/
ラーメン,ラーメン一二三,"営業時間
11:00～14:3018:00～22:00
日曜営業
定休日
不定休",東京都武蔵村山市残堀5-86-6,https://tabelog.com/tokyo/A1330/A133002/13116234/
ラーメン,ラーメンショップまるよし,"営業時間
［月・水・木］11:00～14:30［金・土・日］17:00～20:00
日曜営業
定休日
火曜日",東京都武蔵村山市中原4-7-26,https://tabelog.com/tokyo/A1330/A133002/13066399/
ラーメン,大紋,"営業時間
11:00～14:30（LO14:00）17:00～21:00（LO20:30）
日曜営業
定休日
木曜日、第1・第3水曜日",東京都武蔵村山市中央2-33-21,https://tabelog.com/tokyo/A1328/A132805/13066398/
ラーメン,峰英軒,"営業時間
11:00～18:00(L.O.17:30)
日曜営業
定休日
火曜日",東京都武蔵村山市三ツ木5-13-1,https://tabelog.com/tokyo/A1330/A133002/13105974/
ラーメン,コラーゲン,"営業時間
11:30～14:0017:00～19:00
定休日
日曜日",東京都武蔵村山市学園5-20-2,https://tabelog.com/tokyo/A1328/A132805/13125407/
ラーメン,北海道らーめん 伝丸 羽村店,,東京都羽村市栄町1-12-4,https://tabelog.com/tokyo/A1330/A133002/13208671/
ラーメン,ラーメンガキ大将 羽村店,,東京都羽村市小作台3-9-2,https://tabelog.com/tokyo/A1330/A133002/13132449/
ラーメン,大龍軒　 小作台店,"営業時間
11:00～23:00
日曜営業
定休日
無休",東京都羽村市小作台3-9-6,https://tabelog.com/tokyo/A1330/A133002/13110795/
ラーメン,ごんべえ,"営業時間
[月曜～土曜]11:30～14:0018:00～25:10
定休日
日曜日",東京都羽村市五ノ神1-8-1,https://tabelog.com/tokyo/A1330/A133002/13066405/
ラーメン,北海道濃厚味噌らーめん ななと,,東京都羽村市羽東2-15-1,https://tabelog.com/tokyo/A1330/A133002/13251522/
ラーメン,ラーメンショップ,,東京都羽村市神明台3-33-66,https://tabelog.com/tokyo/A1330/A133002/13150946/
ラーメン,中華そば ふるいち,"営業時間
[火～土]11:30～15:0018:00～21:00（L.O.20:30）[日]11:30～15:00
日曜営業
定休日
月曜日",東京都羽村市五ノ神4-6-9 東洋第5ビル 1F,https://tabelog.com/tokyo/A1330/A133002/13251547/
ラーメン,煮干乃宴,"営業時間
11:30～14:30 18:00～21:00
日曜営業
定休日
木曜日",東京都羽村市五ノ神4-4-2 加藤第一ビル 1F,https://tabelog.com/tokyo/A1330/A133002/13228120/
ラーメン,福ヤ 小作店,,東京都羽村市小作台店1-13-6 ライジングビル1階,https://tabelog.com/tokyo/A1330/A133002/13190550/
ラーメン,らあめん花月嵐 羽村店,"営業時間
[店内営業時間]11:00～22:00[出前館受付時間]11:00～21:00[Uber Eats受付時間]11:00～22:00
日曜営業
定休日
 なし",東京都羽村市神明台1-17-6,https://tabelog.com/tokyo/A1330/A133002/13048389/
ラーメン,らーめん つけめん 虎テツ,,東京都羽村市小作台1-5-12 松永ビル 1F,https://tabelog.com/tokyo/A1330/A133002/13214422/
ラーメン,横浜家系ラーメン おか家,,東京都羽村市小作台1-19-1 アイム第一ビル 1F,https://tabelog.com/tokyo/A1330/A133002/13237996/
ラーメン,博多豚骨 ふるいち,"営業時間
18:00～21:45
日曜営業
定休日
月曜日、日曜日",東京都羽村市五ノ神4-6-9 東洋第5ビル 1F,https://tabelog.com/tokyo/A1330/A133002/13280001/
ラーメン,小川流 羽村駅前店,"営業時間
11:00～23:00【平日・土日祝全て通し営業】【年末年始営業のお知らせ】2023/12/28⇒通常営業12/29⇒11時～22時（通し営業）12/30～2024/1/3⇒休業1/4⇒11時～21時（通し営業）1/5～⇒通常営業
日曜営業
定休日
年末年始",東京都羽村市五ノ神1-8-9,https://tabelog.com/tokyo/A1330/A133002/13266191/
ラーメン,三代目 哲麺 羽村店,"営業時間
11:30～15:30、17:00～23:00
日曜営業
定休日
年中無休",東京都羽村市神明台1-4-9,https://tabelog.com/tokyo/A1330/A133002/13059845/
ラーメン,つけめん美豚 小作店,,東京都羽村市小作台1-10-1,https://tabelog.com/tokyo/A1330/A133002/13164242/
ラーメン,万福,"営業時間
11:00～20:00
日曜営業
定休日
火曜",東京都羽村市富士見平2-23-17,https://tabelog.com/tokyo/A1330/A133002/13047931/
ラーメン,勝来軒,,東京都羽村市五ノ神2-1-11,https://tabelog.com/tokyo/A1330/A133002/13116248/
ラーメン,ラーメンショップ椿 緑ヶ丘店,"営業時間
[火～木]7:31～13:45[金・土]8:31～13:45
定休日
月曜日、日曜日",東京都羽村市緑ヶ丘4-3-11,https://tabelog.com/tokyo/A1330/A133002/13129579/
ラーメン,らーめん　ニューカッパ,"営業時間
[月・火・木・金]11:00～15:0017:00～21:00(L.O.20:45)[土・日]11:00～15:3017:00～21:00(L.O.20:45)
日曜営業
定休日
水曜日(祝日の場合は営業)",東京都羽村市小作台1-11-6 NTKビル 102,https://tabelog.com/tokyo/A1330/A133002/13264413/
ラーメン,横浜家系ラーメン 小作大和家,"営業時間
11:00～翌2:00
日曜営業
定休日
無休",東京都羽村市小作台1-22-5,https://tabelog.com/tokyo/A1330/A133002/13229458/
ラーメン,ラーメンショップ 新奥多摩街道店,"営業時間
[月～木]6:00〜14:30頃[金・土]6:00〜13:00頃麺無くなり次第終了
定休日
日曜・祝祭日",東京都羽村市小作台5-16-9,https://tabelog.com/tokyo/A1330/A133002/13106003/
ラーメン,ラーメン おざく,,東京都羽村市小作台4-11-11,https://tabelog.com/tokyo/A1330/A133002/13045039/
ラーメン,味源 小作店,"営業時間
11:30～14:30 18:00～翌2:00
定休日
日曜日",東京都羽村市小作台1-7-3 1F,https://tabelog.com/tokyo/A1330/A133002/13108039/
ラーメン,しんしん,"営業時間
20:00～翌2:00頃
定休日
日曜日",東京都羽村市小作台1-11-35,https://tabelog.com/tokyo/A1330/A133002/13125043/
ラーメン,煮干し中華そば 煙,"営業時間
11:00～21:00
日曜営業
定休日
無休",東京都多摩市永山1-18-1 京王リトナード永山 1F,https://tabelog.com/tokyo/A1327/A132702/13282637/
ラーメン,長崎らーめん 西海製麺所 多摩センター店,"営業時間
11:00～20:00(スープがなくなり次第終了)
日曜営業
定休日
無休",東京都多摩市落合3-11-2,https://tabelog.com/tokyo/A1327/A132702/13005950/
ラーメン,節極,"営業時間
[月～土]11:00～23:00[日]11:00～17:00
日曜営業
定休日
無休",東京都多摩市関戸2-39-1 アバック角屋ビル 1F,https://tabelog.com/tokyo/A1327/A132702/13184850/
ラーメン,麺でる 多摩センター店,,東京都多摩市豊ヶ丘1-21-6,https://tabelog.com/tokyo/A1327/A132702/13140659/
ラーメン,831家 和田店,,東京都多摩市和田2000-13 コーポドリアン 1F,https://tabelog.com/tokyo/A1329/A132903/13214480/
ラーメン,らあめん花月嵐 多摩野猿街道店,"営業時間
[店内営業時間]11:00～24:00（L.O.23:45）[出前館受付時間]11:00～21:00[Uber Eats受付時間]11:00～21:00
日曜営業
定休日
なし",東京都多摩市和田2000-16,https://tabelog.com/tokyo/A1329/A132903/13055959/
ラーメン,喜多方ラーメン坂内 多摩センター店,"営業時間
［月～土］11:00～22:00［日・祝］10:30～21:00
日曜営業
定休日
無休",東京都多摩市落合1-45-1 丘の上パティオ本館 1F,https://tabelog.com/tokyo/A1327/A132702/13139020/
ラーメン,特一番 聖蹟桜ケ丘店,,東京都多摩市関戸1丁目11-5,https://tabelog.com/tokyo/A1327/A132702/13026104/
ラーメン,小川流 多摩貝取店,"営業時間
[月～金]11:00～15:0017:30～22:00[土・日・祝]11:00～22:00【年末年始営業のお知らせ】2023/12/28⇒通常営業12/29⇒11時～15時、17時30分～21時12/30～2024/1/3⇒休業1/4⇒11時～20時（通し営業）1/5～⇒通常営業
定休日
年末年始",東京都多摩市貝取3-10-2,https://tabelog.com/tokyo/A1327/A132702/13212342/
ラーメン,とん龍,"営業時間
[月～金]11:30～14:00 20:00～24:00[土]20:00～24:00
定休日
日曜日・祝日",東京都多摩市落合1-9-6,https://tabelog.com/tokyo/A1327/A132702/13120760/
ラーメン,日高屋 多摩センター店,"営業時間
［月・火・水・木・土・日］10:30～23:00(L.O.22:30)［金］10:30～24:00(L.O.23:30)
日曜営業
定休日
無休",東京都多摩市落合1-41-1 マグレブWEST 2F,https://tabelog.com/tokyo/A1327/A132702/13223730/
ラーメン,辛子堂,"営業時間
11:00～15:0017:00～スープがなくなり次第
日曜営業
定休日
水曜日及び木曜日",東京都多摩市馬引沢2-17-13-102,https://tabelog.com/tokyo/A1327/A132702/13155788/
ラーメン,ぶっ豚 聖蹟桜ヶ丘店,"営業時間
11:30～15:3017:00～23:00",東京都多摩市関戸2-39-17 桜ヶ丘コートビレッジ 1F,https://tabelog.com/tokyo/A1327/A132702/13241322/
ラーメン,地鶏と金目鯛 中華そば 鶯,,東京都多摩市関戸1-12-5,https://tabelog.com/tokyo/A1327/A132702/13276418/
ラーメン,えび豚骨拉麺 春樹 多摩センター店,"営業時間
[月～日]11:00～23:00(L.O.22:30)
日曜営業
定休日
年中無休",東京都多摩市落合 1-39-1 マグレブEAST 7F,https://tabelog.com/tokyo/A1327/A132702/13150190/
ラーメン,GYUTON,"営業時間
[月～土]11:00～15:00　18:00～21:00(スープ終わり次第終了)
定休日
日曜日",東京都多摩市関戸2-40-10,https://tabelog.com/tokyo/A1327/A132702/13276487/
ラーメン,らぁ麺 はやし田 多摩センター店,"営業時間
11:00～23:00
日曜営業
定休日
無休",東京都多摩市落合1-41-1 マグレブwest 2F,https://tabelog.com/tokyo/A1327/A132702/13249824/
ラーメン,たま家,"営業時間
[水～土]7:00～20:00[日]7:00～15:00 
日曜営業
定休日
月曜日、火曜日",東京都多摩市愛宕4-8-12,https://tabelog.com/tokyo/A1327/A132702/13010092/
ラーメン,つけめん 桜坂,"営業時間
11:00～20:00
日曜営業
定休日
無休",東京都多摩市関戸1-10-1 京王聖蹟桜ヶ丘ショッピングセンター クラウン街,https://tabelog.com/tokyo/A1327/A132702/13098134/
ラーメン,長崎らーめん 西海製麺所 聖蹟桜ヶ丘店,"営業時間
11:00～20:00
日曜営業
定休日
無休",東京都多摩市関戸2-41-1 聖蹟桜ヶ丘クラウン街 東高架下,https://tabelog.com/tokyo/A1327/A132702/13026102/
ラーメン,すごい煮干ラーメン 凪 多摩センター店,"営業時間
[月～日]11:00～22:00(L.O.21:00)
日曜営業
定休日
無休",東京都多摩市落合1-11-2 小田急マルシェ多摩センター 2F,https://tabelog.com/tokyo/A1327/A132702/13265943/
ラーメン,らあめん花月嵐 多摩センター店,"営業時間
【月曜～木曜・日曜】11:00～25:00【金・土曜、祝前日】11:00～26:00[テイクアウト販売時間]11:00～20:00
日曜営業
定休日
なし",東京都多摩市愛宕4-7-6,https://tabelog.com/tokyo/A1327/A132702/13055926/
ラーメン,日高屋 小田急マルシェ永山店,"営業時間
[月～土]10:00～翌2:00(L.O.1:30)[日・祝]10:00～24:00(L.O.23:30)
日曜営業
定休日
不定休",東京都多摩市永山1-18-2,https://tabelog.com/tokyo/A1327/A132702/13127652/
ラーメン,ラーメン魁力屋 多摩ニュータウン通り店,"営業時間
[月～日・祝]11:00-24:00（L.O.23:30）
日曜営業
定休日
不定休",東京都多摩市乞田1164-1,https://tabelog.com/tokyo/A1327/A132702/13242038/
ラーメン,麺部しば盛,,東京都多摩市乞田707 ファミリーナ・タマⅠ,https://tabelog.com/tokyo/A1327/A132702/13098949/
ラーメン,横浜家系 せいせき家,"営業時間
11:00～23:00
日曜営業
定休日
月曜日",東京都多摩市関戸2-39-15,https://tabelog.com/tokyo/A1327/A132702/13229721/
ラーメン,鴨と上州地鶏 中華そば 獅,"営業時間
11:00～23:00",東京都多摩市永山1-3-2,https://tabelog.com/tokyo/A1327/A132702/13270063/
ラーメン,味噌ぶりNoodle みやみや,"営業時間
【平日】11:30～15:0017:00～21:00【土・祝】11:30～15:0017:00～21:00【日】11:30～17:00
日曜営業
定休日
火曜",東京都多摩市関戸2-24-23,https://tabelog.com/tokyo/A1327/A132702/13195590/
ラーメン,直久 聖蹟桜ヶ丘店,"営業時間
11:00～22:00(L.O.21:00)
日曜営業
定休日
無休",東京都多摩市関戸1-7  京王聖蹟桜ヶ丘ショッピングセンター C館 2F,https://tabelog.com/tokyo/A1327/A132702/13177083/
ラーメン,麺匠 えい蔵 多摩センター店,"営業時間
【  ランチ  】１１：３０−１５：００【 ディナー】１８：００−２６：００(ＬＯ２５：３０)
日曜営業
定休日
なし",東京都多摩市落合1-9-6 山の手ビル B1F,https://tabelog.com/tokyo/A1327/A132702/13210316/
ラーメン,麺屋 ながとみ,"営業時間
11:30～15:00 18:00～21:00
日曜営業
定休日
火曜日",東京都多摩市関戸5-13-6,https://tabelog.com/tokyo/A1327/A132702/13229241/
ラーメン,ラーメン 天天館,"営業時間
[月水木金]11:30～25:00[日、祭日]11:30～24:00
日曜営業
定休日
火曜日",東京都多摩市一ノ宮1-24-2,https://tabelog.com/tokyo/A1327/A132702/13101801/
ラーメン,ちゃーしゅうや 武蔵 FCココリア多摩センター店,"営業時間
10:00～20:00（L.O.19:30）
日曜営業
定休日
無休（施設に準ずる）",東京都多摩市落合1-46-1 ココリア多摩センター B1F フードコート,https://tabelog.com/tokyo/A1327/A132702/13260816/
ラーメン,みなみの食堂,"営業時間
11:00～14:00
日曜営業
定休日
アクアブルー多摩休館日に準ずる",東京都多摩市南野3-15-2 アクアブルー多摩 3F,https://tabelog.com/tokyo/A1327/A132702/13142415/
ラーメン,カッパ64,"営業時間
11:00〜15:0017:00〜21:00 (L.O20:45)
日曜営業
定休日
無休",東京都福生市北田園1-6-9,https://tabelog.com/tokyo/A1330/A133002/13138967/
ラーメン,らーめん凛々,"営業時間
11:00～14:00
日曜営業
定休日
無休",東京都福生市熊川1655-3,https://tabelog.com/tokyo/A1329/A132902/13201505/
ラーメン,おがわや 福生店,"営業時間
［月～金］     11:00～23:00［土・日・祝日］     11:00～23:00【年末年始営業のお知らせ】2023/12/28⇒通常営業12/29⇒通常営業12/30～2024/1/3⇒休業1/4⇒11時～22時（通し営業）1/5～⇒通常営業
日曜営業
定休日
年末年始以外無休",東京都福生市福生1067-5,https://tabelog.com/tokyo/A1330/A133002/13277662/
ラーメン,ベイビーマルソン さくら麺菓,"営業時間
［火・水・金・土・日］11:00～14:00
日曜営業
定休日
月曜日、木曜日",東京都福生市熊川1655-3 白鳥第2ビル 1F,https://tabelog.com/tokyo/A1329/A132902/13282493/
ラーメン,けんけんラーメン,,東京都福生市福生1015-1,https://tabelog.com/tokyo/A1330/A133002/13225222/
ラーメン,ラーメン鶏豚,"営業時間
[月～木]20:00～翌5:00[金・土]20:00～6:00
定休日
毎週日曜日",東京都福生市福生891,https://tabelog.com/tokyo/A1330/A133002/13107733/
ラーメン,らあめん花月嵐 福生店,"営業時間
[店内営業時間]11:00～22:00[出前館受付時間]11:00～21:00[Uber Eats受付時間]11:00～22:00
日曜営業
定休日
なし",東京都福生市志茂15-3,https://tabelog.com/tokyo/A1330/A133002/13048872/
ラーメン,福実ラーメン,"営業時間
10:00～14:30(L.O.)
日曜営業
定休日
水曜日",東京都福生市福生2499-5,https://tabelog.com/tokyo/A1330/A133002/13066352/
ラーメン,つけめん 美豚 福生本店,,東京都福生市熊川689-40-2,https://tabelog.com/tokyo/A1330/A133001/13036168/
ラーメン,中華蕎麦 麺とスープ,"営業時間
10:00～21:00麺、スープが無くなり次第終了
日曜営業
定休日
水曜日",東京都福生市本町86,https://tabelog.com/tokyo/A1330/A133002/13271652/
ラーメン,孫六,,東京都福生市北田園2-26,https://tabelog.com/tokyo/A1330/A133002/13023586/
ラーメン,ラーメン太郎,"営業時間
11:00～15:0017:00～21:00
日曜営業
定休日
火",東京都福生市北田園2-4-2,https://tabelog.com/tokyo/A1330/A133002/13048303/
ラーメン,吉法師,"営業時間
11:30～14:2017:30～21:00
日曜営業
定休日
水曜日",東京都福生市武蔵野台2-17-56,https://tabelog.com/tokyo/A1330/A133002/13042870/
ラーメン,太平,"営業時間
11：30～20：00
日曜営業
定休日
水曜日",東京都福生市熊川1311-2,https://tabelog.com/tokyo/A1330/A133001/13066349/
ラーメン,ラーメンショップ 福生店,"営業時間
11：00～20：00
日曜営業
定休日
木曜日",東京都福生市武蔵野台1-20-26,https://tabelog.com/tokyo/A1330/A133002/13157266/
ラーメン,丸源ラーメン 福生店,"営業時間
※営業時間・メニューの確認は公式ホームページ、または店舗に直接お問い合わせください。
日曜営業
定休日
無休",東京都福生市熊川640-1,https://tabelog.com/tokyo/A1329/A132902/13283694/
ラーメン,一陽来福,,東京都福生市東町2-3,https://tabelog.com/tokyo/A1330/A133002/13222991/
ラーメン,麺屋 頑徹,"営業時間
11:00～22:00
日曜営業
定休日
不定休",東京都福生市加美平2-3-10,https://tabelog.com/tokyo/A1330/A133002/13022434/
ラーメン,ポロ春,"営業時間
12:00～21:00
日曜営業
定休日
月曜日",東京都福生市福生867,https://tabelog.com/tokyo/A1330/A133002/13066353/
ラーメン,壱発ラーメン 福生店,"営業時間
10:00～23:00
日曜営業
定休日
無休",東京都福生市加美平1丁目18-19,https://tabelog.com/tokyo/A1330/A133002/13040786/
ラーメン,いぬい,"営業時間
[火・水・金]11:00～15:00頃 17:00～19:00頃[木]11:00～15:00頃[土]11:00～18:00頃
定休日
日曜日・月曜日",東京都福生市志茂49-1,https://tabelog.com/tokyo/A1330/A133002/13043612/
ラーメン,麺や 田むら,"営業時間
[火]11:00～15:00(L.O.14:30)[水～日]11:00～15:00(L.O.14:30)17:00～20:00(L.O.19:30)
日曜営業
定休日
月曜日と火曜日の夜",東京都福生市志茂143-7,https://tabelog.com/tokyo/A1330/A133002/13212684/
ラーメン,ラーメン 龍,,東京都福生市南田園3-2-1,https://tabelog.com/tokyo/A1330/A133001/13066351/
ラーメン,ラーメン 天山,,東京都福生市大字福生875 1F,https://tabelog.com/tokyo/A1330/A133002/13241759/
ラーメン,辛から 福生本店,"営業時間
[月～日]11:00～22:30
日曜営業
定休日
無休",東京都福生市福生785-8,https://tabelog.com/tokyo/A1330/A133002/13265110/
ラーメン,博多豚骨ラーメン 六助,"営業時間
不明
定休日
不明",東京都福生市福生876-12,https://tabelog.com/tokyo/A1330/A133002/13230051/
ラーメン,ラーメン まこと屋 福生店,"営業時間
11:00～24:00
日曜営業
定休日
無休",東京都福生市加美平1-13-1,https://tabelog.com/tokyo/A1330/A133002/13291057/
ラーメン,michi☆Fussa,"営業時間
予約時のみ営業",東京都福生市福生2306-8,https://tabelog.com/tokyo/A1330/A133002/13282649/
ラーメン,じゅのん亭,,東京都福生市福生875,https://tabelog.com/tokyo/A1330/A133002/13066354/
ラーメン,シナノヤ,"営業時間
12:00~20:00
日曜営業
定休日
木曜日",東京都福生市福生978,https://tabelog.com/tokyo/A1330/A133002/13106079/
ラーメン,柳麺かいと,"営業時間
[火～金]11:30～14:3017:00～20:00[土・日・祝]11:30～14:3015:30～18:30※売り切れ次第終了
日曜営業
定休日
月曜日(祝日の場合は営業、翌日火曜休み)",東京都狛江市東和泉1-28-11,https://tabelog.com/tokyo/A1326/A132603/13227994/
ラーメン,ぼっけもん,"営業時間
[月～土]11:00～15:00 18:00～24:00　　 [祝日]11:00～15:0018:00～22:00 
定休日
日曜",東京都狛江市東和泉1-21-9 ロータス狛江1F,https://tabelog.com/tokyo/A1326/A132603/13108124/
ラーメン,狸小路,"営業時間
17:00～23:00
日曜営業
定休日
水曜日、第1・3火曜日",東京都狛江市岩戸南1-3-6,https://tabelog.com/tokyo/A1326/A132603/13007451/
ラーメン,ぴより,,東京都狛江市岩戸北4-17,https://tabelog.com/tokyo/A1318/A131814/13164610/
ラーメン,まことや,,東京都狛江市和泉本町3-8-1,https://tabelog.com/tokyo/A1326/A132603/13009481/
ラーメン,三ツ矢堂製麺 狛江店,"営業時間
11:00～22:30（L.O. 22:00）",東京都狛江市東和泉1-18-6号 1F,https://tabelog.com/tokyo/A1326/A132603/13108959/
ラーメン,一心亭 狛江店,"営業時間
11:00〜15:0017:00〜21:00
日曜営業
定休日
火曜",東京都狛江市和泉本町1-2-12,https://tabelog.com/tokyo/A1326/A132603/13087976/
ラーメン,ラーメン 岡村屋,"営業時間
[火～金]11:00～15:0017:00～21:30[土・日・祝]11:00～15:0017:00～20:30   
日曜営業
定休日
月曜日、隔週火曜日",東京都狛江市東和泉3-11-17 あさひやビル 1F,https://tabelog.com/tokyo/A1326/A132603/13275198/
ラーメン,だるまのめ  狛江駅前店,"営業時間
11:00～翌2:00
日曜営業
定休日
なし",東京都狛江市東和泉1丁目18-1,https://tabelog.com/tokyo/A1326/A132603/13048348/
ラーメン,麺工房太田亭,"営業時間
[月～土]11:00～14:3017:30～23:00[日曜・祝日]11:00～14:3017:30～22:00
日曜営業
定休日
火曜",東京都狛江市元和泉2-36-14,https://tabelog.com/tokyo/A1326/A132603/13083075/
ラーメン,麺屋 黒船 狛江店,,東京都狛江市和泉本町1-2-6,https://tabelog.com/tokyo/A1326/A132603/13028505/
ラーメン,自家製麺つけそば 九六,"営業時間
■営業時間[火、木、金]11:30～15:0018:00～20:30（L.O20:15）[水・土]11:30～15:00※スープ、麺が終了次第閉店
定休日
日曜・月曜",東京都狛江市東和泉3-7-9,https://tabelog.com/tokyo/A1326/A132603/13129898/
ラーメン,おひとり食堂ひとりや,"営業時間
11:30～14:0018:00～23:00
定休日
木曜日",東京都狛江市中和泉5-40-24,https://tabelog.com/tokyo/A1326/A132601/13250896/
ラーメン,平や,,東京都稲城市矢野口725-1,https://tabelog.com/tokyo/A1327/A132703/13186276/
ラーメン,西海製麺所 よみうりランド店,"営業時間
よみうりランドに準ずる。
日曜営業",東京都稲城市矢野口4015-1 よみうりランド,https://tabelog.com/tokyo/A1327/A132703/13275703/
ラーメン,三来軒,,東京都稲城市東長沼517,https://tabelog.com/tokyo/A1327/A132703/13048989/
ラーメン,丸源ラーメン 稲城平尾店,"営業時間
月〜日10:30〜翌01:00
日曜営業
定休日
なし",東京都稲城市平尾4-26-5,https://tabelog.com/tokyo/A1327/A132703/13265403/
ラーメン,江川亭 南多摩店,"営業時間
11:00～16:00(ﾗｽﾄｵｰﾀﾞｰ閉店30分前)18:00~22:00(ﾗｽﾄｵｰﾀﾞｰ閉店30分前)当面の間、16:00～18:00は中休みと致します※その他、臨時休や営業時間変更の場合は、HPのお知らせに掲載いたします
日曜営業
定休日
月曜日（祝日は営業、翌日代休）",東京都稲城市大丸996,https://tabelog.com/tokyo/A1327/A132703/13225965/
ラーメン,熊大路,"営業時間
11:00～21:00
日曜営業
定休日
無休",東京都稲城市平尾1185,https://tabelog.com/tokyo/A1327/A132703/13010062/
ラーメン,ラーメンショップ 稲城店,"営業時間
[月～水・金]7:00～15:00(L.O.14:30)[土]10:00～17:30(L.O.17:00)
定休日
木曜・日曜",東京都稲城市大丸1032,https://tabelog.com/tokyo/A1327/A132703/13179626/
ラーメン,小川軒 平尾店,"営業時間
11：00　～　22:00日・祝　11：00～22：00
日曜営業
定休日
木曜日",東京都稲城市平尾2-7-1,https://tabelog.com/tokyo/A1327/A132703/13139426/
ラーメン,麺屋はしば,"営業時間
[月～金]11:30～14:30(L.O.14:10)
定休日
土曜日、日曜日、祝日",東京都稲城市東長沼935-2,https://tabelog.com/tokyo/A1327/A132703/13066400/
ラーメン,長崎らーめん 西海製麺所 稲城若葉台店,"営業時間
11：00～20：30（麺が売り切れ次第終了）
日曜営業
定休日
年始",東京都稲城市若葉台2-1-1 フレスポ若葉台EAST1F,https://tabelog.com/tokyo/A1327/A132703/13104601/
ラーメン,トトロ,"営業時間
11:00～14:30(LO14:00)[日～木]18:00～22:30(LO22:00)[金～土]18:00～23:30(LO23:00)
日曜営業
定休日
火曜",東京都稲城市平尾2-9-7,https://tabelog.com/tokyo/A1327/A132703/13059414/
ラーメン,稲城 大勝軒 五一,,東京都稲城市大丸515-3,https://tabelog.com/tokyo/A1327/A132703/13149671/
ラーメン,ループ売店,,東京都稲城市矢野口4015-1 よみうりランド,https://tabelog.com/tokyo/A1327/A132703/13187813/
ラーメン,熊本麺壽,,東京都稲城市矢野口4015-1 よみうりランドプール,https://tabelog.com/tokyo/A1327/A132703/13198308/
ラーメン,選手食堂 つちふたつ,"営業時間
19:00～23:00(L.O.22:30)
定休日
火曜日",東京都稲城市平尾1-49-4 台原ストアー,https://tabelog.com/tokyo/A1327/A132703/13284969/
ラーメン,双麺 門前仲町店,"営業時間
11:00～23:30(L.O23:00)
日曜営業
定休日
無休",東京都江東区門前仲町1-13-5,https://tabelog.com/tokyo/A1313/A131303/13170130/
ラーメン,江戸前煮干そば きみはん ららぽーと豊洲,"営業時間

日曜営業",東京都江東区豊洲2-4-9 ららぽーと豊洲 マリーナキッチン 1F,https://tabelog.com/tokyo/A1313/A131307/13240744/
ラーメン,横浜家系ラーメン 勇極 東陽町店,,東京都江東区東陽5-32-18,https://tabelog.com/tokyo/A1313/A131303/13243785/
ラーメン,こうかいぼう,"営業時間
[月・火・木・金]11:00～15:0017:30～19:00 なくなり次第終了[土・祝]11:00～15:00
定休日
水曜日、日曜日、第1・3金曜日",東京都江東区深川2-13-10 ニックハイム深川 1F,https://tabelog.com/tokyo/A1313/A131303/13005052/
ラーメン,らーめん バリ男 豊洲店,"営業時間
[月～土]11:00～翌4:00[日]11:00～22:00
日曜営業
定休日
年中無休",東京都江東区東雲1-6-6,https://tabelog.com/tokyo/A1313/A131303/13253330/
ラーメン,一膳,,東京都江東区石島11-15,https://tabelog.com/tokyo/A1312/A131201/13145804/
ラーメン,ラーメン 麺徳 東陽町店,"営業時間
[月～金、祝日]11:00～14:3017:30～22:00[土]11:00～14:30
定休日
日",東京都江東区東陽3-15-3,https://tabelog.com/tokyo/A1313/A131303/13047662/
ラーメン,博多ラーメン ガツン 扇橋店,"営業時間
［月～土］11:30～23:00［日・祝］11:30～22:00
日曜営業
定休日
無休",東京都江東区扇橋1-8-6,https://tabelog.com/tokyo/A1312/A131201/13233486/
ラーメン,壱角家 門前仲町店,"営業時間
[月～日]10:30～翌4:00
日曜営業
定休日
無休",東京都江東区門前仲町1-7-11 ナトリビル 1F,https://tabelog.com/tokyo/A1313/A131303/13171436/
ラーメン,Vegan Ramen UZU Tokyo,,東京都江東区豊洲6-1-16 teamLab Planets TOKYO 敷地内,https://tabelog.com/tokyo/A1313/A131307/13264220/
ラーメン,ユウジ ラーメン トウキョウ,"営業時間
［火～土］11:30～14:30／17:30～21:30［日・祝］11:30～19:30
日曜営業
定休日
月曜日",東京都江東区清澄3-3-25,https://tabelog.com/tokyo/A1313/A131303/13226715/
ラーメン,ラーメン魁力屋　南砂店,"営業時間
11:00～22:00（ラストオーダー:21:40）
日曜営業",東京都江東区南砂6丁目7-15 トピレックプラザ西館1F,https://tabelog.com/tokyo/A1313/A131303/13226288/
ラーメン,ラーメン司,"営業時間
[月～金]ランチ11:30～14:00夜     18:00～23:30[土・ 日]ランチ11:30～14:30夜/土  18:30～23:00夜/日  休み
日曜営業
定休日
日曜日の夜又は不定休",東京都江東区亀戸6-60-5,https://tabelog.com/tokyo/A1312/A131202/13052658/
ラーメン,東京タンメン トナリ 東陽町店,"営業時間
10:30～22:00(L.O.21:45)",東京都江東区東陽3-24-1 TK壱番館 1F,https://tabelog.com/tokyo/A1313/A131303/13261569/
ラーメン,三代目 月見軒 東京SUNAMO店,"営業時間
10:00～21:00
日曜営業
定休日
不定休(SUNAMOに準ずる)",東京都江東区新砂3-4-31 南砂町ショッピングセンターSUNAMO 4F,https://tabelog.com/tokyo/A1313/A131303/13056565/
ラーメン,やまや,,東京都江東区森下3-5-14,https://tabelog.com/tokyo/A1312/A131201/13114129/
ラーメン,木場公園売店,"営業時間
9:00～16:30※4月より時間変更の場合あり
日曜営業
定休日
月曜日(祝日の場合は翌日休業)、年末年始",東京都江東区平野4-6-1 パークス木場公園,https://tabelog.com/tokyo/A1313/A131303/13138306/
ラーメン,めん屋亀久,"営業時間
11:30～13:30(L.O.13:15)
日曜営業
定休日
月曜日、火曜日",東京都江東区亀戸9-17-7,https://tabelog.com/tokyo/A1312/A131202/13066212/
ラーメン,ど・みそ ららぽーと豊洲店,"営業時間
営業時間11:00〜22:00（21:30L.O）※ただ今終日アルコール類のご提供を休止しております。
日曜営業
定休日
無休",東京都江東区豊洲2-4-9 アーバンドック ららぽーと豊洲 3F,https://tabelog.com/tokyo/A1313/A131307/13149559/
ラーメン,まるきんラーメン 木場店,"営業時間
11:30～翌4:00
日曜営業
定休日
無休",東京都江東区木場2-8-7,https://tabelog.com/tokyo/A1313/A131303/13018053/
ラーメン,ラーメン凛 砂町店,,東京都江東区東砂1-6-8,https://tabelog.com/tokyo/A1312/A131202/13146287/
ラーメン,亀戸煮干中華蕎麦 つきひ,"営業時間
［月～金］11:30～14:3017:30～21:30［土・日・祝］11:00～15:0017:00～20:30
日曜営業
定休日
無休",東京都江東区亀戸5-13-2 スクエア三報104区画,https://tabelog.com/tokyo/A1312/A131202/13217695/
ラーメン,麺屋 宮本,,東京都江東区白河1-2-5 鴇田ビル 1F,https://tabelog.com/tokyo/A1313/A131303/13199222/
ラーメン,らあめん花月嵐 北砂丸八通り店,"営業時間
[店内営業時間]11:00～24:00[テイクアウト販売時間]11:00～24:00[出前館受付時間]11:00～24:00[Uber Eats受付時間]11:00～24:00
日曜営業",東京都江東区北砂5-14-15,https://tabelog.com/tokyo/A1312/A131202/13218494/
ラーメン,つじ田 東陽町店,"営業時間
[月～金]11:00～22:00[土・日・祝]11:00～21:00
日曜営業
定休日
無休",東京都江東区東陽4-6-20 1F,https://tabelog.com/tokyo/A1313/A131303/13271559/
ラーメン,長浜や,"営業時間
8：00～翌1：00
日曜営業",東京都江東区猿江2-13-1,https://tabelog.com/tokyo/A1312/A131201/13116588/
ラーメン,麺屋 ルリカケス,"営業時間
11:00～14:3017:30～20:00
日曜営業
定休日
火曜日(店頭、Twitterで毎月店休を告知)",東京都江東区東陽3-6-2 小鳥居ビル 1F,https://tabelog.com/tokyo/A1313/A131303/13273342/
ラーメン,舎鈴 亀戸駅東口店,"営業時間
11:00～22:30",東京都江東区亀戸6-57-22 サンポービル 1F,https://tabelog.com/tokyo/A1312/A131202/13195395/
ラーメン,ラーメン 吉田屋,"営業時間
■店内営業時間[月～木]11:00～23:00[金・土]11:00～23:30[日]11:00～22:00■テイクアウトデリバリーアプリ営業時間Uber Eats11:00～23:00menu11:00～23:00出前館11:00～23:00
日曜営業
定休日
無休",東京都江東区常盤2-10-8 1F,https://tabelog.com/tokyo/A1312/A131201/13133358/
ラーメン,麺処 豊洲屋,"営業時間
[月～金]11:00～14:30[土・日・祝]定休日
定休日
土・日・祝日",東京都江東区豊洲3-1-1 豊洲IHIビル 1F,https://tabelog.com/tokyo/A1313/A131307/13218264/
ラーメン,西安麺荘 秦唐記 永代総本店,"営業時間
11:00～15:0017:00～23:00(L.O.22:30)
日曜営業
定休日
無休",東京都江東区佐賀1-1-16 1F,https://tabelog.com/tokyo/A1313/A131303/13249874/
ラーメン,中華そば 翔々や,"営業時間
11:00～15:0017:30～22:00
日曜営業
定休日
月曜日",東京都江東区富岡1-22-26 杉田ビル 3F,https://tabelog.com/tokyo/A1313/A131303/13251897/
ラーメン,りんすず食堂,"営業時間
【平日】11:30～15:0018:00～21:00【土・日】11:30～16:0018:00〜21:00
日曜営業
定休日
月曜",東京都江東区大島5-7-3 成毛ビル 1F,https://tabelog.com/tokyo/A1312/A131202/13121810/
ラーメン,らあめん花月嵐 門前仲町店,"営業時間
[店内営業時間]11:00～23:00(L.O22:30)[テイクアウト販売時間]11:00～22:00[出前館受付時間]11:00～22:00[Uber Eats受付時間]11:00～22:00
日曜営業
定休日
なし",東京都江東区門前仲町1-6-14,https://tabelog.com/tokyo/A1313/A131303/13111127/
ラーメン,龍,"営業時間
11:30～14:30 17:30～20:00
日曜営業
定休日
水曜日",東京都江東区大島7-38-36,https://tabelog.com/tokyo/A1312/A131202/13062026/
ラーメン,えび豚骨拉麺 春樹 南砂町スナモ店,"営業時間
10:00～20:00
日曜営業
定休日
商業施設に準ずる",東京都江東区新砂3-4-31 南砂町ショッピングセンターSUNAMO 4F 416C,https://tabelog.com/tokyo/A1313/A131303/13231902/
ラーメン,舎鈴 大島駅前店,"営業時間
11:00～22:30(L.O.22:30)",東京都江東区大島5-34-11,https://tabelog.com/tokyo/A1312/A131202/13192244/
ラーメン,らぁ麺やまぐち 辣式 本店,"営業時間
平日   　11:00～15:00 　17:00～22:00(LO 21:50)土日祝　11:00～22:00(LO 21:50)
日曜営業
定休日
無休",東京都江東区東陽4-6-3 栗林ビル1F,https://tabelog.com/tokyo/A1313/A131303/13186890/
ラーメン,これでいいのだ,"営業時間
11:00~15:00
日曜営業
定休日
無休",東京都江東区門前仲町2-4-15,https://tabelog.com/tokyo/A1313/A131303/13290683/
ラーメン,○心厨房,"営業時間
11:30～15:00 17:45～20:15(L.O.20:00)
定休日
日曜日、第2・4月曜日",東京都江東区東陽1-25-6,https://tabelog.com/tokyo/A1313/A131303/13039043/
ラーメン,つけ麺専門店 三田製麺所 ダイバーシティ東京 プラザ店,"営業時間
11:00～22:00(L.O.21:30)",東京都江東区青海1-1-10 ダイバーシティ東京 プラザ 6F,https://tabelog.com/tokyo/A1313/A131306/13284648/
ラーメン,東煌,"営業時間
11時30分～15時30 18時～0時 
定休日
第一・第三の日曜日と翌月曜日",東京都江東区清澄3-4-10,https://tabelog.com/tokyo/A1313/A131303/13043581/
ラーメン,ひなたや,"営業時間
[平日]11:30～14:3018:00～22:00[日曜・祝日]11:30～14:3017:30～22:00
日曜営業
定休日
水曜",東京都江東区東砂6-19-2,https://tabelog.com/tokyo/A1313/A131303/13078844/
ラーメン,横浜らーめん てんぐ,,東京都江東区亀戸2-14-6,https://tabelog.com/tokyo/A1312/A131202/13286795/
ラーメン,手作りの味噌らーめん 味噌樽,"営業時間
10:30～22:00
日曜営業
定休日
無休",東京都江東区豊洲3-4-8 スーパービバホーム豊洲店 2F,https://tabelog.com/tokyo/A1313/A131307/13129180/
ラーメン,ホープ麺店,"定休日
火曜日",東京都江東区清澄3-8-11,https://tabelog.com/tokyo/A1313/A131303/13059339/
ラーメン,和風らーめん 金子,"営業時間
[月〜水・金]11:30～16:00(L.O.15:30)[土・日・祝]11:30～16:00(L.O.15:30)18:00〜20:00(L.O.19:30)
日曜営業
定休日
木曜日",東京都江東区塩浜2-8-24,https://tabelog.com/tokyo/A1313/A131303/13046361/
ラーメン,ラーメン ぷん楽,,東京都江東区木場2-5-3,https://tabelog.com/tokyo/A1313/A131303/13150208/
ラーメン,きかん坊,"営業時間
18:00～翌3:00(L.O.2:30)
日曜営業
定休日
月曜日",東京都江東区扇橋3-2-3 タウンマンション　１Ｆ,https://tabelog.com/tokyo/A1312/A131201/13055859/
ラーメン,麺屋ばらお,"営業時間
11:30～14:30 17:30～23:00(22:30LO)日曜日定休日",東京都江東区南砂2-37-12,https://tabelog.com/tokyo/A1313/A131303/13229824/
ラーメン,どうとんぼり神座 KAMEIDO CLOCK店,"営業時間
10:00～21:00(L.O.20:30)",東京都江東区亀戸6-31-6 4F フードコート,https://tabelog.com/tokyo/A1312/A131202/13271165/
ラーメン,麺屋 中川會 住吉店,"営業時間
11:30～15:0018:00～21:30材料なくなり次第終了
日曜営業
定休日
定休日無し",東京都江東区住吉1-19-1 ツインタワーすみとし住吉館 1F,https://tabelog.com/tokyo/A1312/A131201/13205611/
ラーメン,じねん,,東京都江東区東陽5-17-2 まつやビル 1F,https://tabelog.com/tokyo/A1313/A131303/13185649/
ラーメン,岡田屋製麺所,"営業時間
[月～土]11:00～15:00　 17:00～21:00
定休日
日曜日",東京都江東区南砂1-10-9,https://tabelog.com/tokyo/A1312/A131202/13185913/
ラーメン,拉麺5510,"営業時間
[火～金]11:30～14:0018:30～20:00[土・日・祝]11:30～14:00
日曜営業
定休日
月曜日 (月曜祝日の場合は営業し、翌火曜休み)",東京都江東区大島5-5-10,https://tabelog.com/tokyo/A1312/A131202/13182206/
ラーメン,香辣居 8号店,,東京都江東区大島4-2-3 栄進ビル 1F,https://tabelog.com/tokyo/A1312/A131202/13228791/
ラーメン,どさん子 新木場店,,東京都江東区新木場1-6-1,https://tabelog.com/tokyo/A1313/A131303/13050571/
ラーメン,中華そば 満鶏軒 東陽町店,"営業時間
●11:00~14:30（L.O14:00）※毎週日曜日は定休日となっております。-----------------------------------------博多やきとり筑前屋 東陽町店●平日 　　16:00〜24:00●土・祝　 16:00〜23:30
定休日
12月28日～1月3日は店舗休業とさせていただきます。",東京都江東区東陽4-6-16 東陽ビル 1F,https://tabelog.com/tokyo/A1313/A131303/13256720/
ラーメン,ら～～めん CARAVAN,"営業時間
[火～土・祝]11:00～20:00
定休日
日曜/月曜",東京都江東区北砂4-19-17 北砂中央ビル １Ｆ,https://tabelog.com/tokyo/A1313/A131303/13121217/
ラーメン,紅龍 西大島店,"営業時間
[月～土]11:30～14:0018:00～24:00[日・祝]11:30～14:0017:00～22:00
日曜営業
定休日
無",東京都江東区大島2-38-16,https://tabelog.com/tokyo/A1312/A131202/13225500/
ラーメン,らあめん花月嵐 亀戸北口店,"営業時間
[店内営業時間]11：00～25：30[テイクアウト販売時間]11:00～21:00[出前館受付時間]11:00～21:00
日曜営業
定休日
なし",東京都江東区亀戸5-14-4,https://tabelog.com/tokyo/A1312/A131202/13055957/
ラーメン,yagu-noodle,"営業時間
［月〜金］11:00～14:00 18：00～20:00［土］11：00〜14：00  18：00〜20：00[日]（ランチ営業のみ）11:00～14:00
日曜営業
定休日
月曜日",東京都江東区千田5-10 青木ビル 1F,https://tabelog.com/tokyo/A1312/A131201/13258143/
ラーメン,豊洲ラーメン,"営業時間
11:00～翌4:00
日曜営業
定休日
年中無休",東京都江東区豊洲4-1-1,https://tabelog.com/tokyo/A1313/A131307/13041121/
ラーメン,中華そば専門 田中そば店 ダイバーシティ東京店,,東京都江東区青海1-1-10 ダイバーシティ東京プラザ 2F,https://tabelog.com/tokyo/A1313/A131306/13281596/
ラーメン,麺や 一途 導 豊洲店,"営業時間
11:00～23:00
日曜営業
定休日
無休(ららぽーと豊洲休館日)",東京都江東区豊洲2-2-1 アーバンドック ららぽーと豊洲3 B1F,https://tabelog.com/tokyo/A1313/A131307/13247211/
ラーメン,塩生姜らー麺専門店 MANNISH 亀戸店,"営業時間
[月～日]11:30～15:3017:00～21:00
日曜営業
定休日
不定休",東京都江東区亀戸5-2-13,https://tabelog.com/tokyo/A1312/A131202/13246704/
ラーメン,ニューラーメンショップ 扇橋店,"営業時間
[月・水・木・日]9:00～15:00",東京都江東区扇橋3-9-1,https://tabelog.com/tokyo/A1312/A131202/13288243/
ラーメン,らーめん 吉祥 砂町銀座店,,東京都江東区北砂4-5,https://tabelog.com/tokyo/A1313/A131303/13191084/
ラーメン,亀戸拉麺,"営業時間
11:30～14:30
日曜営業
定休日
月曜日、火曜日、水曜日",東京都江東区亀戸5-12-6 1F,https://tabelog.com/tokyo/A1312/A131202/13256611/
ラーメン,ゲンの中華そば 東京ビックサイト南展示棟店,,東京都江東区有明2-11-1 東京国際展示場 南館,https://tabelog.com/tokyo/A1313/A131306/13240829/
ラーメン,麺屋 よし,"営業時間
11:00～14:0017:00～23:00
日曜営業
定休日
不定休",東京都江東区住吉2-24-6,https://tabelog.com/tokyo/A1312/A131201/13261526/
ラーメン,兼吉,"営業時間
12:00～15:00 18:00～20:00
日曜営業
定休日
水曜日",東京都江東区大島6-27-6,https://tabelog.com/tokyo/A1312/A131202/13048692/
ラーメン,元祖ニュータンタンメン本舗 門前仲町店,"営業時間
[火～金] 11:00～15:0017:00～23:00[土・日・祝]11:00～23:00
日曜営業
定休日
月曜日",東京都江東区門前仲町2-7-3,https://tabelog.com/tokyo/A1313/A131303/13277201/
ラーメン,らーめん なが田,"営業時間
10:30～15:00（売切れ次第終了）
日曜営業
定休日
水曜日",東京都江東区亀戸5-17-22,https://tabelog.com/tokyo/A1312/A131202/13120533/
ラーメン,しののめヌードル,"営業時間
［月・火・土・日・祝］昼 11:30～14:45(L.O.)夜 18:00～20:45(L.O.)※売り切れ次第早仕舞あり[水］11:30～14:45(L.O.)[金］18:00～20:45(L.O.)売り切れ早仕舞いあり
日曜営業
定休日
木曜日",東京都江東区亀戸3-45-18 亀戸三丁目ビル 1F,https://tabelog.com/tokyo/A1312/A131202/13271596/
ラーメン,東陽町 らぁ麺 ばらや,,東京都江東区東陽4-3-1 東陽町信栄ビル 1F,https://tabelog.com/tokyo/A1313/A131303/13252482/
ラーメン,吉田屋 門前仲町店,,東京都江東区富岡1-11-7,https://tabelog.com/tokyo/A1313/A131303/13176845/
ラーメン,喜多方ラーメン 坂内 亀戸店,"営業時間
[月～日]11:00～23:00(L.O.22:40)
日曜営業
定休日
無休",東京都江東区亀戸1-35-1,https://tabelog.com/tokyo/A1312/A131202/13015409/
ラーメン,らーめん まる玉 大島店,,東京都江東区大島4-8-13,https://tabelog.com/tokyo/A1312/A131202/13176259/
ラーメン,つけ麺一合 亀戸店,"営業時間
11:00～23:30
日曜営業
定休日
無休",東京都江東区亀戸6-60-5,https://tabelog.com/tokyo/A1312/A131202/13244839/
ラーメン,ハッスルラーメン ホンマ 亀戸店,"営業時間
朝11：00～翌4：00まで
日曜営業
定休日
年中無休",東京都江東区亀戸4-35-16 シャローム亀戸　１Ｆ,https://tabelog.com/tokyo/A1312/A131202/13015414/
ラーメン,中華　永楽,"営業時間
11:00～19:30
定休日
水曜・日曜・祝日",東京都江東区南砂6-1-10,https://tabelog.com/tokyo/A1313/A131303/13057437/
ラーメン,ふぢの,"営業時間
5:00～13:00
定休日
不定期(休市日)",東京都江東区豊洲6-5-1 水産仲卸売場棟 3F,https://tabelog.com/tokyo/A1313/A131307/13227292/
ラーメン,ニューホープ軒,"営業時間
11:30〜13:00／16:00〜22:00
日曜営業
定休日
年中無休",東京都江東区南砂5-13-6,https://tabelog.com/tokyo/A1313/A131303/13066238/
ラーメン,肉そばけいすけ 住吉本店,"営業時間
11:00～21:30(L.O.21:00)
日曜営業
定休日
無休",東京都江東区住吉2-25-1 中川ビル 1F,https://tabelog.com/tokyo/A1312/A131201/13103536/
ラーメン,自由が丘 蔭山 有明ガーデン店,"営業時間
［月～日］11:00～23:00
日曜営業
定休日
不定休",東京都江東区有明2-1-8 有明ガーデン フードコート,https://tabelog.com/tokyo/A1313/A131306/13247838/
ラーメン,久臨 ダイバーシティ東京プラザ店,"営業時間
［月～金］11:00～21:00［土・日・祝］10:00～21:00
定休日
不定休(ダイバーシティ東京プラザの営業に準ずる)",東京都江東区青海1-1-10 ダイバーシティ東京プラザ 2F,https://tabelog.com/tokyo/A1313/A131306/13137822/
ラーメン,日高屋 亀戸店,"営業時間
24:00営業
日曜営業
定休日
無休",東京都江東区亀戸5-2-6 大関屋ビル 1F,https://tabelog.com/tokyo/A1312/A131202/13108088/
ラーメン,麺 ふじさき,"営業時間
[月]11:30～14:15(L.O.14:00)[水～日]11:30～14:15(L.O.14:00)18:00～20:30(L.O.20:15)
日曜営業
定休日
火曜日",東京都江東区亀戸2-8-11 アドリーム亀戸 1F,https://tabelog.com/tokyo/A1312/A131202/13276443/
ラーメン,東京豚骨 背油とんこつらーめん 雷門,"営業時間
11:00～22:00",東京都江東区富岡1-7-3 深山ビル 1F,https://tabelog.com/tokyo/A1313/A131303/13242405/
ラーメン,直久 新木場店,"営業時間
[月～金]11:00-21:00[土]11:00-20:00[日・祝]11:00-15:00
日曜営業
定休日
年始",東京都江東区新木場1-5-11,https://tabelog.com/tokyo/A1313/A131303/13047230/
ラーメン,麺屋 GYOI！,,東京都江東区住吉2-24-6,https://tabelog.com/tokyo/A1312/A131201/13280426/
ラーメン,DURAMENTEI,"営業時間
[月・木・日]11:00～15:00[水・金・土]11:00～15:0017:00～20:30
日曜営業
定休日
火曜日",東京都江東区亀戸3-45-15 鈴木ビル 1F,https://tabelog.com/tokyo/A1312/A131202/13284314/
ラーメン,どうとんぼり神座 有明ガーデン店,"営業時間
11:00～23:00(L.O.22:30)
日曜営業
定休日
無休",東京都江東区有明2-1-8 有明ガーデン フードコート,https://tabelog.com/tokyo/A1313/A131306/13247839/
ラーメン,らーめん潤 亀戸店,"営業時間
[火～日]10：00～24:00
日曜営業
定休日
月曜日",東京都江東区亀戸6-2-1,https://tabelog.com/tokyo/A1312/A131202/13101037/
ラーメン,麺屋吉左右,"営業時間
11:30～15:00
定休日
水曜・金曜・日曜",東京都江東区東陽1-11-3,https://tabelog.com/tokyo/A1313/A131303/13021140/
ラーメン,らあめん花月嵐　 イオン東雲店,"営業時間
[店内営業時間]10:00～22:00（LO21:30）[テイクアウト販売時間]10:00～21:00（LO20:30）[出前館受付時間]11:00～19:00[Uber Eats受付時間]11:00～19:00[Epark受付時間]11:00～21:00
日曜営業
定休日
なし",東京都江東区東雲1-9-10 イオン東雲 2Ｆ,https://tabelog.com/tokyo/A1313/A131303/13235989/
ラーメン,麺や 璃宮,,東京都江東区毛利1-18-6 錦糸町グリーンハイツ　１Ｆ,https://tabelog.com/tokyo/A1312/A131201/13036666/
ラーメン,博多 一風堂 豊洲フォレシア店,"営業時間
11:00～22:00(L.O.21:45)
日曜営業
定休日
無休",東京都江東区豊洲3-2-24 豊洲フォレシア 1F,https://tabelog.com/tokyo/A1313/A131307/13172092/
ラーメン,那の福,,東京都江東区有明3-10-1 東京国際展示場西展示棟 2F,https://tabelog.com/tokyo/A1313/A131307/13137333/
ラーメン,ラーメン二郎 亀戸店,"営業時間
11:00～14:0017:30～21:00
日曜営業
定休日
無休",東京都江東区亀戸4-35-17 エレガントコーポラス　１０１号,https://tabelog.com/tokyo/A1312/A131202/13008000/
ラーメン,東京豚骨拉麺 ばんから 亀戸店,"営業時間
11:00～翌2:00
日曜営業
定休日
無休",東京都江東区亀戸6-14-3 中村ビル 1F,https://tabelog.com/tokyo/A1312/A131202/13268963/
ラーメン,武道家 賢斗,"営業時間
[月～日]10:00～翌1:00
日曜営業
定休日
無休",東京都江東区南砂2-1-4,https://tabelog.com/tokyo/A1313/A131303/13194530/
ラーメン,流石,"営業時間
11:00～15:00 18:00～24:00
日曜営業",東京都江東区東陽5-3-9,https://tabelog.com/tokyo/A1313/A131303/13033380/
ラーメン,東神田ら～めん3,,東京都江東区富岡1-7-2,https://tabelog.com/tokyo/A1313/A131303/13281322/
ラーメン,豚山 門前仲町店,"営業時間
営業時間・休業営業時間・休業日は変更となる場合がございますので、HPにて最新情報をご確認ください
日曜営業
定休日
月曜",東京都江東区富岡1-9-8,https://tabelog.com/tokyo/A1313/A131303/13274617/
ラーメン,喜多方ラーメン 坂内 住吉店,"営業時間
[月～土]11:00～22:30[日・祝]10:30～21:00
日曜営業
定休日
無休",東京都江東区住吉2-2-6,https://tabelog.com/tokyo/A1312/A131201/13042062/
ラーメン,麺屋 悠信,,東京都江東区亀戸1-2-3,https://tabelog.com/tokyo/A1312/A131201/13184997/
ラーメン,こてんぱん,"営業時間
[月・水～金]11:00～23:00[土・日]11:00～20:00
日曜営業
定休日
火曜日",東京都江東区亀戸6-61-1,https://tabelog.com/tokyo/A1312/A131202/13043690/
ラーメン,北海道らーめん ひむろ 亀戸店,"営業時間
日曜日から木曜日まで１１時から２３時金曜日、土曜日１１時から２７時
日曜営業
定休日
年中無休",東京都江東区亀戸6-58-15 ランドシー亀戸 1F,https://tabelog.com/tokyo/A1312/A131202/13148014/
ラーメン,ねいろ屋 豊洲店,"営業時間
11:00～15:00
定休日
不定休(市場開催日に準じます)",東京都江東区豊洲6-3-12 江戸前場下町,https://tabelog.com/tokyo/A1313/A131307/13243703/
ラーメン,横浜家系 らーめん深川家,"営業時間
[月～日]11:00～20:00",東京都江東区木場1-5-10 深川ギャザリアプラザ棟 2F,https://tabelog.com/tokyo/A1313/A131303/13263932/
ラーメン,ラーメン 春樹 西大島店,"営業時間
[月～日]11:00～23:00（22時30分ラストオーダー）
日曜営業
定休日
無休",東京都江東区大島2-41-17 1F,https://tabelog.com/tokyo/A1312/A131202/13166608/
ラーメン,濃厚タンメン かめしげ,"営業時間
[月・火・木～土]11:00～15:0018:00～21:00[水・日・祝]11:00～15:00※営業日時は変更の場合がございますので、事前にSNSをご確認下さい。
日曜営業
定休日
不定休",東京都江東区亀戸1-39-1,https://tabelog.com/tokyo/A1312/A131202/13230239/
ラーメン,鶏味座 ダイバーシティ東京プラザ店,"営業時間
11:00～23:00
日曜営業
定休日
なし（年に一度あり）",東京都江東区青海1-1-10 ダイバーシティ東京プラザ 6F,https://tabelog.com/tokyo/A1313/A131306/13139851/
ラーメン,新潟発祥 なおじ 東陽町店,"営業時間
［月～土］11:00～24:00［祝］11:00～23:00(日)11:00〜18:00
日曜営業
定休日
無休",東京都江東区東陽2-5-18 ジャパンハイツ東陽 1Ｆ,https://tabelog.com/tokyo/A1313/A131303/13248348/
ラーメン,支那そば晴弘,"営業時間

日曜営業
定休日
火曜日",東京都江東区富岡1-21-9,https://tabelog.com/tokyo/A1313/A131303/13008015/
ラーメン,らぅめんの善栄,"営業時間
[月～金]11:30～14:30(L.O.14:00) 18:30～24:00(L.O.23:30)[土]11:30～14:30(L.O.14:00) 18:00～21:00(L.O.20:30)
定休日
日曜日",東京都江東区森下4-25-7,https://tabelog.com/tokyo/A1312/A131201/13223232/
ラーメン,らーめん亭すぎ田,"営業時間
11:00～翌4:00",東京都江東区富岡1-24-2,https://tabelog.com/tokyo/A1313/A131303/13059541/
ラーメン,らーめん弁慶 門前仲町店,"営業時間
11:00～翌4:00
日曜営業
定休日
無休",東京都江東区深川1-1-8,https://tabelog.com/tokyo/A1313/A131303/13008468/
ラーメン,宮元製麺,"営業時間
11:00～15:0017:30～21:00
日曜営業
定休日
水曜日",東京都江東区東砂5-1-11 ジェイズクレイドル 1F,https://tabelog.com/tokyo/A1313/A131303/13282875/
ラーメン,つじ田 豊洲店,"営業時間
[月～金]11:00～22:00[土・日・祝]11:00～21:00",東京都江東区豊洲4-7-2,https://tabelog.com/tokyo/A1313/A131307/13284737/
ラーメン,らぁ麺 辻○,"営業時間
11:00〜22:00(材料無くなり次第終了)
日曜営業
定休日
水曜日",東京都江東区北砂5-19-28,https://tabelog.com/tokyo/A1312/A131202/13246344/
ラーメン,華山,,東京都江東区南砂7-1-23,https://tabelog.com/tokyo/A1313/A131303/13057440/
ラーメン,麺家とみ,"営業時間
18:00〜22:00（L.O21:30）
日曜営業",東京都江東区東砂8-8-8,https://tabelog.com/tokyo/A1313/A131303/13066235/
ラーメン,ラーメン大学 大島店,,東京都江東区大島7-1-18 1F,https://tabelog.com/tokyo/A1312/A131202/13162243/
ラーメン,福よし 豊洲店,"営業時間
10:00～19:30L.O. 19：00
日曜営業
定休日
1月1日（スーパービバホームの営業に準ずる）",東京都江東区豊洲3-4-8 スーパービバホーム豊洲店 2F,https://tabelog.com/tokyo/A1313/A131307/13045282/
ラーメン,こしょうや,,東京都江東区東砂8-13-7,https://tabelog.com/tokyo/A1313/A131303/13026134/
ラーメン,大黒家,,東京都江東区東陽3-27-25,https://tabelog.com/tokyo/A1313/A131303/13183831/
ラーメン,味八宝,"営業時間
[月～金]9：00～22：00 (LO 21:45)[土]9：00～15：00
定休日
日曜日、祝日",東京都江東区辰巳3-15-3,https://tabelog.com/tokyo/A1313/A131303/13139641/
ラーメン,日高屋 門前仲町店,"営業時間
10:30-翌朝4:00
日曜営業
定休日
無休",東京都江東区門前仲町1-7-11 寿司長ビル1-2F,https://tabelog.com/tokyo/A1313/A131303/13040987/
ラーメン,札幌ラーメン 石狩川,"営業時間
11:00～13:3017:00～24:00
定休日
日曜・祝日",東京都江東区亀戸7丁目38-11,https://tabelog.com/tokyo/A1312/A131202/13096529/
ラーメン,タンメン　ダイチョー,"営業時間
11:30～14:00(L.O.13:30)18:00～24:00(L.O.23:00)
日曜営業
定休日
木曜日",東京都江東区北砂5-17-37,https://tabelog.com/tokyo/A1312/A131202/13093655/
ラーメン,潤や,"営業時間
11:00～(閉店時間はイベント終了時間により異なります)
定休日
不定休(ビッグサイト西館イベント未開催日は休み)",東京都江東区有明3-11-1 東京ビッグサイト会議棟 1F,https://tabelog.com/tokyo/A1313/A131306/13159828/
ラーメン,超ごってり麺ごっつ 亀戸店,"営業時間
11:00～翌4:00
日曜営業
定休日
年中無休",東京都江東区亀戸6-59-12 1Ｆ,https://tabelog.com/tokyo/A1312/A131202/13083270/
ラーメン,らーめん 玉 ららぽーと豊洲店,"営業時間
営業時間11時～21時（ラストオーダー20時30分）
定休日
施設に準ずる",東京都江東区豊洲2-4-9,https://tabelog.com/tokyo/A1313/A131307/13244552/
ラーメン,らーめん屋 盛,"営業時間
11:30～14:0018:00～24:00
定休日
日曜日",東京都江東区千田21-6,https://tabelog.com/tokyo/A1312/A131201/13043009/
ラーメン,舎鈴 東陽町店,"営業時間
10:30～22:30(L.O.22:30)
日曜営業
定休日
無休",東京都江東区東陽3-23-24,https://tabelog.com/tokyo/A1313/A131303/13191764/
ラーメン,中華そば間合 AWAI,"営業時間
11:00～14:3017:00～20:30 
定休日
水曜日",東京都江東区北砂3-32-18,https://tabelog.com/tokyo/A1312/A131202/13278551/
ラーメン,進,"営業時間
11:00～16:00、17:00～24:00
日曜営業
定休日
不定休",東京都江東区北砂4-10-8,https://tabelog.com/tokyo/A1312/A131202/13165875/
ラーメン,たけろくキッチン 清澄白河店,"営業時間
11:00～23:00（L.O.22:30）
日曜営業
定休日
無休",東京都江東区白河3-6-7 プルミエール清州 1F,https://tabelog.com/tokyo/A1313/A131303/13291363/
ラーメン,豚と脂。,"営業時間
全日11:00～22:00スープが無くなり次第終了
日曜営業
定休日
無休",東京都江東区木場5-5-12,https://tabelog.com/tokyo/A1313/A131303/13262257/
ラーメン,太陽のトマト麺 豊洲店,"営業時間
11:00～23:00（L.O.22:30）
日曜営業
定休日
無休",東京都江東区豊洲4-2-3 ミライエ豊洲 1F,https://tabelog.com/tokyo/A1313/A131307/13267544/
ラーメン,多治美,,東京都江東区木場6-7,https://tabelog.com/tokyo/A1313/A131303/13046563/
ラーメン,半チャンラーメン あかしや,"営業時間
11:00～15:00、17:00～22:00
定休日
日曜",東京都江東区東陽4-9-16,https://tabelog.com/tokyo/A1313/A131303/13042875/
ラーメン,竹岡式ラーメン 竹徳,"営業時間
火曜日～土曜日11：00～15：0017：00～21：30 日曜日11：00～15：00
日曜営業
定休日
月曜日定休",東京都江東区南砂5-21-4,https://tabelog.com/tokyo/A1313/A131303/13257373/
ラーメン,漢,"営業時間
[月～金]11:30～14:00（昼間営業）平日ランチ有り18:00～24:00（夜間営業）[土・祝]11:30～15:00（昼間営業）18:00～24:00（夜間営業）[日]11:30～15:00（昼間営業）19:00～23:00（夜間営業）※スープがなくなった場合、終了となります。
日曜営業
定休日
平成27年度営業から休日なしで頑張ってます",東京都江東区森下2-2-5 森下ビル 1F,https://tabelog.com/tokyo/A1312/A131201/13034167/
ラーメン,大黒家 木場店,"営業時間
11:00～24:00
定休日
日曜日",東京都江東区木場5-4-10,https://tabelog.com/tokyo/A1313/A131303/13230107/
ラーメン,喜多方ラーメン 坂内 木場店,"営業時間
[月～土]11:00～翌0:30[日・祝]10:30～21:30
日曜営業
定休日
無休",東京都江東区東陽3-6-10,https://tabelog.com/tokyo/A1313/A131303/13055052/
ラーメン,麺屋ばらいち,,東京都江東区扇橋3-15-8,https://tabelog.com/tokyo/A1312/A131201/13252198/
ラーメン,日高屋 門前仲町不動前店,"営業時間
[月・火・水・木・土]10:00～23:00(L.O.22:30)[金]10:00～翌3:00[日・祝]10:00～22:00
日曜営業
定休日
無休",東京都江東区富岡1-7-6,https://tabelog.com/tokyo/A1313/A131303/13171901/
ラーメン,たつみや,,東京都江東区大島5-6-13,https://tabelog.com/tokyo/A1312/A131202/13162634/
ラーメン,ラーメンショップ新興軒,"営業時間
11:30～23:30
日曜営業
定休日
木曜日",東京都江東区東砂7-16-4,https://tabelog.com/tokyo/A1313/A131303/13066234/
ラーメン,揚州商人キッチンカー,"定休日
不定休",東京都江東区豊洲2-3-6 豊洲公園,https://tabelog.com/tokyo/A1313/A131307/13271564/
ラーメン,とんこつ しょうゆ 麺や片平,,東京都江東区北砂4-39-8,https://tabelog.com/tokyo/A1312/A131202/13276276/
ラーメン,麺工房・青柳,,東京都江東区北砂6-27-12,https://tabelog.com/tokyo/A1312/A131202/13066251/
ラーメン,豚吉,,東京都江東区潮見2-7-9,https://tabelog.com/tokyo/A1313/A131304/13284105/
ラーメン,中華そば はじめ,,東京都江東区大島5-42-1 コーポ川島 1F,https://tabelog.com/tokyo/A1312/A131202/13223423/
ラーメン,ちゃぶ屋とんこつらぁ麺 CHABUTON アリオ北砂店,"営業時間
10:00～22:00(L.O.21:30)
日曜営業",東京都江東区北砂2-17-1 アリオ北砂 1F フードコート,https://tabelog.com/tokyo/A1312/A131202/13291975/
ラーメン,会津喜多方ラーメン　坂内 練馬店,,東京都練馬区桜台1-5-4,https://tabelog.com/tokyo/A1321/A132101/13093839/
ラーメン,光が丘 井の庄,"営業時間
10:00～21:30
日曜営業
定休日
無休",東京都練馬区光が丘5-1-1 光が丘IMA中央館 4F,https://tabelog.com/tokyo/A1321/A132102/13253974/
ラーメン,麺屋 わおん,"営業時間
11:00～14:00[火・水]11:00～14:0018:00～21:00(L.O.20:30)[金]11:00～14:0018:00～20:00[土・日・祝]11:00～15:00
日曜営業
定休日
木曜日、他不定休あり",東京都練馬区上石神井3-9-2,https://tabelog.com/tokyo/A1321/A132105/13238301/
ラーメン,麺屋 なつめ,"営業時間
[月～土]11:30～23:00
定休日
日曜日",東京都練馬区下石神井4-12-33,https://tabelog.com/tokyo/A1321/A132105/13183524/
ラーメン,らーめん 太陽,,東京都練馬区旭丘1-75-8,https://tabelog.com/tokyo/A1321/A132101/13023147/
ラーメン,来来亭 石神井店,"営業時間
[月・火・水・木・日]11:00～23:30(L.O.)[金・土・祝前]11:00～24:00(L.O.)
日曜営業
定休日
無休",東京都練馬区石神井台7-23-10,https://tabelog.com/tokyo/A1321/A132105/13126904/
ラーメン,きころく 練馬氷川台,"営業時間
月曜定休日平日11:00-15:00/17:00-22:00土日11:00-15:00ラストオーダー各10分前【売り切れ次第終了】
日曜営業
定休日
月曜日",東京都練馬区氷川台3-29-10,https://tabelog.com/tokyo/A1322/A132202/13151378/
ラーメン,濃菜麺 井の庄,"営業時間
10:00～16:3017:30～23:00
日曜営業
定休日
無休",東京都練馬区練馬1-6-18 コンフォートIII 1階B号室,https://tabelog.com/tokyo/A1321/A132102/13094245/
ラーメン,ラーメン 魁力屋 練馬インター店,"営業時間
10:30～23:00",東京都練馬区谷原5-14-10 リベルタ 1F,https://tabelog.com/tokyo/A1321/A132103/13247348/
ラーメン,らぁ麺 和來,"営業時間
11:00～23:00
日曜営業
定休日
無休",東京都練馬区石神井町3-18-13,https://tabelog.com/tokyo/A1321/A132103/13248007/
ラーメン,燦燦,"営業時間
11:00～22:00(L.O)
日曜営業
定休日
不定休",東京都練馬区栄町21-18,https://tabelog.com/tokyo/A1321/A132101/13124205/
ラーメン,ラーメン富士亭,"営業時間
[火～金]11:00～14:0018:00～23:00[土・日・祝]11:00～23:00
日曜営業
定休日
月曜日",東京都練馬区北町2-41-2,https://tabelog.com/tokyo/A1322/A132203/13061121/
ラーメン,RAMEN KAGURA,,東京都練馬区栄町4-8 柳ビル　１Ｆ,https://tabelog.com/tokyo/A1321/A132101/13033623/
ラーメン,三代目 らーめん千,"営業時間
11:30～22:00
日曜営業
定休日
月曜日",東京都練馬区東大泉3-19-5,https://tabelog.com/tokyo/A1321/A132103/13289917/
ラーメン,ラストボス,"営業時間
19:00〜翌7:00（L.O6:30）
日曜営業",東京都練馬区豊玉北5-8-12 コンフォートV 1F,https://tabelog.com/tokyo/A1321/A132102/13221877/
ラーメン,天下一品 江古田店,"営業時間
 11:00～20:00(L.O.21:50)夏季休業8/16（月）、8/17（火）、8/18（水）
日曜営業
定休日
なし",東京都練馬区豊玉上1-20-13,https://tabelog.com/tokyo/A1321/A132101/13002405/
ラーメン,元祖 札幌や 練馬店,,東京都練馬区豊玉北5-20-12,https://tabelog.com/tokyo/A1321/A132102/13054452/
ラーメン,ラーメン屋 ガッツ,"営業時間
11:00〜14:00 17:00〜24:00
日曜営業
定休日
月曜日",東京都練馬区中村北1-11-1,https://tabelog.com/tokyo/A1321/A132102/13065946/
ラーメン,らーめん ろくはうす,"営業時間
[月・火・木・金]11:00～15:0017:00～22:00[土・日・祝]11:00～21:00
日曜営業
定休日
水曜日",東京都練馬区石神井町3-19-16,https://tabelog.com/tokyo/A1321/A132103/13219533/
ラーメン,横浜家系源家らーめん,"営業時間
11:00～24:00
日曜営業
定休日
無休",東京都練馬区上石神井1-14-7,https://tabelog.com/tokyo/A1321/A132105/13234735/
ラーメン,ラーメン一番,"営業時間
18:30～翌3:00
定休日
日曜・祝日",東京都練馬区小竹町2-74-8,https://tabelog.com/tokyo/A1321/A132101/13003880/
ラーメン,麺屋 有希,"営業時間
[月～土]12:00頃～15:0018:00～22:00
定休日
日曜日",東京都練馬区貫井3-6-3,https://tabelog.com/tokyo/A1321/A132102/13253289/
ラーメン,中華そば べんてん,"営業時間
11:00～14:30
定休日
日曜日",東京都練馬区旭町3-25-2,https://tabelog.com/tokyo/A1322/A132204/13200351/
ラーメン,日高屋 富士見台南口店,"営業時間
［月・火・水・木・金］10:30～23:30(L.O.23:00)［土・日・祝］10:30～23:00
日曜営業
定休日
無休",東京都練馬区貫井3-2-7 石田ビル B1F～1F,https://tabelog.com/tokyo/A1321/A132102/13158382/
ラーメン,一心軒,"営業時間
11:30～15:00 17:00～21:00※スープが無くなり次第終了
定休日
日曜日",東京都練馬区旭丘1-77-15 中央ビル別館 1F,https://tabelog.com/tokyo/A1321/A132101/13025325/
ラーメン,つけ麺 てつ蔵 東武練馬店,"営業時間
[月～土]11:30～翌01:30（Lo:1：00）土曜日はAM11：00から営業[祝祭日]11:00～21:30（Lo：21：00）[日曜日]11:00～18:30（Lo：18：00）第１・３・５日曜営業※麺・スープが売切れ次第閉店となります。
日曜営業
定休日
元旦・第２・４日曜日",東京都練馬区北町2-37-4 小口ビル　1F,https://tabelog.com/tokyo/A1322/A132203/13098237/
ラーメン,エキトンの店 井の庄,"営業時間
[月～金]10:00～15:3017:00～23:00[土・日・祝]10:00～23:00(通し営業)
日曜営業
定休日
無休",東京都練馬区東大泉1-27-20,https://tabelog.com/tokyo/A1321/A132103/13282295/
ラーメン,しょうゆとんこつラーメン 匠家,"営業時間
[火・水・金]11:30～15:00 18:00～22:00[土・日・祝]11:30～22:00
日曜営業
定休日
月曜日、木曜日",東京都練馬区豊玉北5-25-16,https://tabelog.com/tokyo/A1321/A132102/13056149/
ラーメン,福しん 中村橋店,"営業時間
11：00～翌03：00
日曜営業
定休日
年末年始 他、臨時休業有り",東京都練馬区中村北4-2-2,https://tabelog.com/tokyo/A1321/A132102/13113547/
ラーメン,神兵衛,"営業時間
11:15～24:00
日曜営業
定休日
無休",東京都練馬区練馬1-5-13 練馬駅前ビル １Ｆ,https://tabelog.com/tokyo/A1321/A132102/13041377/
ラーメン,影虎,,東京都練馬区関町南4-25-18,https://tabelog.com/tokyo/A1321/A132105/13147302/
ラーメン,東池袋 大勝軒 いぶき,"営業時間
11:00～16:00 (L.O. 15:45)※スープがなくなり次第終了有り
定休日
月曜（※臨時休業あり）",東京都練馬区田柄5-16-10,https://tabelog.com/tokyo/A1321/A132102/13056078/
ラーメン,日高屋 石神井公園店,"営業時間
10:30～21:00(ドリンクL.O.20:00 料理L.O.20:30)
日曜営業
定休日
無休",東京都練馬区石神井町3-19-14,https://tabelog.com/tokyo/A1321/A132103/13073665/
ラーメン,中華ソバ モンタナ 上石神井店,"営業時間
[火～日]11:30～14:30 
日曜営業
定休日
月曜日",東京都練馬区上石神井﻿1-39-26﻿ サウダージ 1F,https://tabelog.com/tokyo/A1321/A132105/13259471/
ラーメン,ラーメン二郎 桜台駅前店,"営業時間
[月・水・木・金]11:00～14:00 17:30～21:00[土・日]10:00～16:00
日曜営業
定休日
火曜日、祝日不定休",東京都練馬区桜台1-5-1,https://tabelog.com/tokyo/A1321/A132101/13038383/
ラーメン,羅毘徒軒,,東京都練馬区旭丘1-13-9,https://tabelog.com/tokyo/A1321/A132101/13057153/
ラーメン,中華そば ナチュラ,"営業時間
11:30～15:00 18:00～21:00
日曜営業
定休日
月曜日",東京都練馬区栄町4-7 西村ビル,https://tabelog.com/tokyo/A1321/A132101/13282133/
ラーメン,麺処いのこ 平和台店,,東京都練馬区平和台2-52-8,https://tabelog.com/tokyo/A1322/A132203/13128093/
ラーメン,つけ麺屋 やすべえ 練馬店,"営業時間
[月～土]11:00～翌3:00[日]11:00～22:00麺、スープ無くなり次第閉店
日曜営業
定休日
無休（年末年始を除く）",東京都練馬区練馬1-5-6,https://tabelog.com/tokyo/A1321/A132102/13090838/
ラーメン,究極Y'sラーメン,"営業時間
11:00ー深夜2:00
日曜営業
定休日
無休",東京都練馬区北町8-37-20,https://tabelog.com/tokyo/A1322/A132204/13019792/
ラーメン,めんめん,"営業時間
12:00～14：0018：00～21:30 
日曜営業
定休日
火曜",東京都練馬区豊玉北2-5-8,https://tabelog.com/tokyo/A1321/A132101/13061218/
ラーメン,ささら,"営業時間
[平日]11:00～14:00、17:00～翌0:20[土曜]11:00～23:00[日・祝]11:00～21:00
日曜営業
定休日
火曜日",東京都練馬区氷川台3丁目39-3,https://tabelog.com/tokyo/A1322/A132202/13054366/
ラーメン,北海道らーめん 龍源 大泉店,"営業時間
[月～金・祝前日] 11:00～21:00(L.O.21:00) [土・日・祝] 10:30～21:00(L.O.)
定休日
無休",東京都練馬区東大泉2-34-1 オズスタジオシティ 1F,https://tabelog.com/tokyo/A1321/A132103/13211718/
ラーメン,町田商店 西大泉店,"営業時間
営業時間・休業日は変更となる場合がございますので、HPにて最新情報をご確認ください
日曜営業
定休日
なし",東京都練馬区西大泉5-37-18,https://tabelog.com/tokyo/A1328/A132801/13283887/
ラーメン,本格らぁめん 末廣,"営業時間
11:00～22:00
定休日
日曜日",東京都練馬区豊玉北6-15-13,https://tabelog.com/tokyo/A1321/A132102/13021807/
ラーメン,福しん 石神井公園店,"営業時間
11：00～翌03：00
日曜営業
定休日
年末年始 他、臨時休業有り",東京都練馬区石神井町3-17-17,https://tabelog.com/tokyo/A1321/A132103/13113548/
ラーメン,らあめん花月嵐 中村橋店,"営業時間
[店内営業時間]11:00～23:00[出前館受付時間]11:00～21:00[Uber Eats受付時間]11:00～22:00
日曜営業
定休日
なし",東京都練馬区貫井1-1-5,https://tabelog.com/tokyo/A1321/A132102/13132716/
ラーメン,麺処 まるよし商店,"営業時間
11:00～15:30（閉店時間前にスープ終了の可能性あり）
日曜営業
定休日
金曜日、第三木曜日",東京都練馬区桜台1-3-10,https://tabelog.com/tokyo/A1321/A132101/13053621/
ラーメン,呉 豚骨ラーメン,,東京都練馬区大泉学園町7-16-19 コンフォート大泉学園,https://tabelog.com/tokyo/A1321/A132103/13281542/
ラーメン,めんくい,"営業時間
[水～土]11:30～15:0017:30～20:00[日]11:30～16:00売り切れ閉店有り
日曜営業
定休日
月曜・火曜",東京都練馬区高松5-14-9,https://tabelog.com/tokyo/A1321/A132102/13003995/
ラーメン,味噌一 上石神井店,"営業時間
［月～金］11:30～14:3018:00～21:00［土］11:30～15:0018:00～21:00［日］11:30～15:00",東京都練馬区上石神井1-13-2,https://tabelog.com/tokyo/A1321/A132105/13159949/
ラーメン,練馬商店,"営業時間
営業時間・休業日は変更となる場合がございますので、HPにて最新情報をご確認ください
日曜営業
定休日
無休",東京都練馬区練馬1-2-13 西武会館 1F,https://tabelog.com/tokyo/A1321/A132102/13173921/
ラーメン,赤家 江古田店,"営業時間
11:00～24:00
日曜営業",東京都練馬区小竹町1-58-3,https://tabelog.com/tokyo/A1321/A132101/13286610/
ラーメン,ぼにしも,"営業時間
11:30～14:30 17:00～22:00
日曜営業
定休日
水曜日",東京都練馬区豊玉北5-5-4,https://tabelog.com/tokyo/A1321/A132102/13005733/
ラーメン,つけめん屋 赤羽京介  練馬店,"営業時間
[火・水・金～日]11:30～15:0017:30～20:30
日曜営業
定休日
月曜・木曜",東京都練馬区練馬3-1-3,https://tabelog.com/tokyo/A1321/A132102/13270758/
ラーメン,横浜家系ラーメン 春樹 中村橋店,"営業時間
11:00～22:30（L.O）
日曜営業
定休日
無休",東京都練馬区貫井1-6-8 1F,https://tabelog.com/tokyo/A1321/A132102/13179832/
ラーメン,まるめん堂,"営業時間
[月、火、木、金、土]11:30～15:00 19:00～22:00 [日]11:30～15:00 ※スープ終わり次第終了火曜日は「影虎」で営業日曜日は「まる潮」で営業
定休日
水曜日・第三木曜日",東京都練馬区関町南4-25-18,https://tabelog.com/tokyo/A1321/A132105/13041470/
ラーメン,RAMEN GOTTSU,"営業時間
[火～金]11:00～14:0018:00～20:00[土・日・祝]11:00～15:00
日曜営業
定休日
第3火曜日、月曜日",東京都練馬区練馬1-29-16,https://tabelog.com/tokyo/A1321/A132102/13153294/
ラーメン,ラーメン見田家,"営業時間
8:00～24:00(L.O.23:30)
定休日
日曜日",東京都練馬区練馬1-5-2 新日本パレス本社ビル 1F,https://tabelog.com/tokyo/A1321/A132102/13249447/
ラーメン,福しん 練馬店,"営業時間
11:00～翌3:00
日曜営業
定休日
正月・臨時休業あり",東京都練馬区豊玉北5-15-15,https://tabelog.com/tokyo/A1321/A132102/13113546/
ラーメン,麺処 次男房 桜台店,"営業時間
[火～土]11:00〜15:00 18:00〜23:00[日・祝]11:00〜15:00 18:00〜21:00
定休日
月曜日",東京都練馬区桜台1-4-7,https://tabelog.com/tokyo/A1321/A132101/13198743/
ラーメン,長男、ほそのたかし,"営業時間
平日の月曜日は『牛骨旨辛つけ麺』のみでの営業です！！平日11:00～14:50(L.O)17:30〜21:00(L.O)※土、日、祝日は中休みなしの通し営業となります。11:00-20:00(L.O)※12/27-30は11:00-20:00(L.O)の通し営業※12/31は9:00-15:00(L.O)の通し営業とさせていただきます。
日曜営業
定休日
12月はお休みありません！",東京都練馬区旭丘1-68-12 第4正道江古田ビル 1F,https://tabelog.com/tokyo/A1321/A132101/13261549/
ラーメン,麺屋 寿,"営業時間
[火・水・木・金]11:00～14:0018:00〜20:00[土・日・祝日]11:00〜15:0017:00〜20:00
日曜営業
定休日
月曜日",東京都練馬区下石神井4-12-10,https://tabelog.com/tokyo/A1321/A132105/13284733/
ラーメン,らあめん花月嵐 新桜台店,"営業時間
[店内営業時間]11:00～22:00[出前館受付時間]11:00～21:00
日曜営業
定休日
木曜日",東京都練馬区羽沢2-4-3,https://tabelog.com/tokyo/A1321/A132101/13055936/
ラーメン,麺処 井の庄,"営業時間
［平日］10:00～15:3017:00～23:00［土日祝］10:00～23:00
日曜営業
定休日
無休",東京都練馬区石神井町3-25-21 ライオンズプラザ　Ｂ１Ｆ,https://tabelog.com/tokyo/A1321/A132103/13024455/
ラーメン,小麦屋満月,"営業時間
11:00～15:0018:00～21:00
日曜営業
定休日
火曜日",東京都練馬区大泉学園町7-14-26 1F,https://tabelog.com/tokyo/A1321/A132103/13122579/
ラーメン,らーめん大 練馬店,"営業時間
[月～金]11:00～15:0017:00～24：00[土・日・祝]11：00～24：00
日曜営業
定休日
無休",東京都練馬区豊玉北5-32-9 フォレストヒラキ　１F,https://tabelog.com/tokyo/A1321/A132102/13091900/
ラーメン,大泉らーめん,"営業時間
11:00～24:00 
日曜営業
定休日
無休",東京都練馬区東大泉4-27-38,https://tabelog.com/tokyo/A1321/A132103/13126494/
ラーメン,清麺 常藤,"営業時間
11:00～15:0017:30～22:30
日曜営業
定休日
無休",東京都練馬区東大泉4-1-6,https://tabelog.com/tokyo/A1321/A132103/13285573/
ラーメン,松田家 東武練馬店,"営業時間
[月・火・木～日]11:00～.翌1:00
日曜営業
定休日
水曜日",東京都練馬区北町2-20-8,https://tabelog.com/tokyo/A1322/A132203/13204330/
ラーメン,げんこつらぅめん 屋台や,,東京都練馬区北町7-7-13,https://tabelog.com/tokyo/A1322/A132202/13025621/
ラーメン,福しん 江古田店,"営業時間
11：00～22：00
定休日
年末年始 他、臨時休業有り",東京都練馬区旭丘1-76-4,https://tabelog.com/tokyo/A1321/A132101/13095905/
ラーメン,R+,"営業時間
【火～日】・ランチ 11:00〜15:00・ディナー18:00〜22:00※スープ、麺がなくなり次第閉店の場合もございます。
日曜営業
定休日
月曜日定休",東京都練馬区豊玉北5-18-6 1F,https://tabelog.com/tokyo/A1321/A132102/13238895/
ラーメン,中華そば 稲るり,"営業時間
11:30～15:00(L.O.)17:30～21:00(L.O.)[日]11:30～15:00(L.O.)
日曜営業
定休日
月曜日",東京都練馬区大泉町5-15-23,https://tabelog.com/tokyo/A1321/A132103/13282777/
ラーメン,会津喜多方ラーメン 小法師 練馬中央店,"営業時間
［月・水・木・金・土・日］11:00～21:00［火］11:00～16:00
日曜営業
定休日
無休",東京都練馬区豊玉北5-23-3,https://tabelog.com/tokyo/A1321/A132102/13059059/
ラーメン,麺家 紫極 大泉学園店,"営業時間
[月～金]11:00～15:0017:00～21:00[土・日]11:00～20:00
日曜営業",東京都練馬区東大泉1-29-1 ゆめりあ1 1F,https://tabelog.com/tokyo/A1321/A132103/13280659/
ラーメン,中華そば 青葉 光が丘IMA店,"営業時間
11:00～22:00(L.O.21:45)
日曜営業
定休日
無休",東京都練馬区光が丘3-9-2 光が丘IMA南館 1F,https://tabelog.com/tokyo/A1321/A132102/13233981/
ラーメン,屋台とんとんラーメン,,東京都練馬区石神井台2-29-34,https://tabelog.com/tokyo/A1321/A132103/13098376/
ラーメン,十兵衛,"営業時間
[火～金] 11:30～15:00 17:30～21:00[土･日] 11:30～16:00
日曜営業
定休日
月曜日",東京都練馬区石神井台3-24-39,https://tabelog.com/tokyo/A1321/A132103/13146711/
ラーメン,日高屋 中村橋店,"営業時間
10:00～翌2:00（LO1:30）
日曜営業
定休日
無休",東京都練馬区中村北3-23-5 ＮＧビル1Ｆ,https://tabelog.com/tokyo/A1321/A132102/13093640/
ラーメン,家族のらーめん食堂 はないち 春日町店,"営業時間
［月～水・金・土］11:00～15:00(L.O.14:45)17:00～21:00(L.O.20:45)［日・祝］11:00～15:00(L.O.14:45)17:00～19:00(L.O.18:45)
日曜営業
定休日
木曜日",東京都練馬区春日町4-18-8,https://tabelog.com/tokyo/A1321/A132102/13219169/
ラーメン,ラハメン ヤマン,"営業時間
11:30～16:00 18:00～21:00
日曜営業
定休日
木曜日",東京都練馬区栄町22-1,https://tabelog.com/tokyo/A1321/A132101/13023438/
ラーメン,麺屋 庄太 練馬本店,"営業時間
11:00〜翌2:00
日曜営業
定休日
無休",東京都練馬区練馬1-5-12,https://tabelog.com/tokyo/A1321/A132102/13242636/
ラーメン,たいほう,"営業時間
11:30～16:00 / 18:30～25:00
日曜営業
定休日
月曜日",東京都練馬区関町北4-32-31,https://tabelog.com/tokyo/A1321/A132105/13096925/
ラーメン,日高屋 大泉学園店,"営業時間
11:00～23:00(L.O.22:30)",東京都練馬区東大泉1-37-2,https://tabelog.com/tokyo/A1321/A132103/13212499/
ラーメン,らあめん花月嵐 下赤塚店,"営業時間
[店内営業時間]11:00～23:00(L.O.22:45)[木曜日]11:00～22:00[出前館受付時間]11:00～20:00[Uber Eats受付時間]11:00～20:00",東京都練馬区田柄2-51-13,https://tabelog.com/tokyo/A1322/A132204/13246158/
ラーメン,石神井商店,"営業時間
営業時間・休業日は変更となる場合がございますので、HPにて最新情報をご確認ください
日曜営業
定休日
無休",東京都練馬区石神井町3-27-1,https://tabelog.com/tokyo/A1321/A132103/13185370/
ラーメン,らーめん いごっそう,"営業時間
11:00～14:30（火〜土）18:00～21:00（金·土）
定休日
日曜日·月曜日·祝日",東京都練馬区関町南4-25-18,https://tabelog.com/tokyo/A1321/A132105/13126788/
ラーメン,神也,"営業時間
11:30～15:00(L.O.14:30)17:00～21:30(L.O.21:00)
日曜営業
定休日
無休",東京都練馬区北町2-19-9,https://tabelog.com/tokyo/A1322/A132203/13247881/
ラーメン,狸穴,,東京都練馬区練馬4-22 グリーンハイム豊島園 1F,https://tabelog.com/tokyo/A1321/A132102/13157911/
ラーメン,丸源ラーメン 練馬光が丘店,,東京都練馬区田柄5-1-17,https://tabelog.com/tokyo/A1321/A132102/13286549/
ラーメン,中華そば ます田,"営業時間
11:00～翌1:30",東京都練馬区練馬1-2-2,https://tabelog.com/tokyo/A1321/A132102/13218991/
ラーメン,麺処 穂し乃,,東京都練馬区春日町6-17-14,https://tabelog.com/tokyo/A1321/A132102/13171212/
ラーメン,むつみ,,東京都練馬区豊玉上1-3-9,https://tabelog.com/tokyo/A1321/A132101/13032350/
ラーメン,大醤,,東京都練馬区貫井3-11-15,https://tabelog.com/tokyo/A1321/A132102/13207234/
ラーメン,麺屋黒田 本店,"営業時間
11:30〜16:00(L.O)［木〜月・祝］18:00〜翌6:00(L.O5:30)［木～火］
日曜営業
定休日
昼の部　火、水　夜の部　水",東京都練馬区豊玉北5-17-1,https://tabelog.com/tokyo/A1321/A132102/13137646/
ラーメン,丸源ラーメン 大泉学園店,"営業時間
月〜日10:30〜翌01:00
日曜営業
定休日
なし",東京都練馬区大泉学園町1-29-8,https://tabelog.com/tokyo/A1321/A132103/13263103/
ラーメン,麺や金時,"営業時間
(ランチ)11:00～14:15（L.O）※14:15分前にオーダーストップする場合がございます。※基本的に営業中は電話に出れませんのでご了承下さい。(ディナー)18:00～19:45（L.O）※平日は19時30分前に材料が終了する事が多いです。※土、祭日の夜の営業は19時くらいで材料が終了する事がございます。営業中電話に出れませんのでご了承下さい
定休日
日曜日、月曜日",東京都練馬区小竹町1-2-7,https://tabelog.com/tokyo/A1321/A132101/13139195/
ラーメン,美志満,"営業時間
11:30～15:00(L.O.14:50)18:30～22:00(L.O.21:50)
日曜営業
定休日
火曜日",東京都練馬区桜台1-2-9 モトビル桜台 1F,https://tabelog.com/tokyo/A1321/A132101/13140848/
ラーメン,煮干し中華そば 江古田 三四郎,"営業時間
11:30～15:0017:00～22:00スープ売り切れ次第終了。テイクアウトの販売なし。
日曜営業
定休日
不定期",東京都練馬区栄町4-7 西村ビル 1F,https://tabelog.com/tokyo/A1321/A132101/13151775/
ラーメン,ラーメン屋ジョン,"営業時間
11:30～14:3018:00～22:00
日曜営業
定休日
水曜日",東京都練馬区関町北4-1-7,https://tabelog.com/tokyo/A1321/A132105/13215304/
ラーメン,がんちゃん,"営業時間
[月～水・金・土]11:30～14:30 18:00～23:00(L.O.22:50)[日・祝]12:00～15:00 18:00～22:00(L.O.21:45) 
日曜営業
定休日
木曜",東京都練馬区氷川台3丁目40-11,https://tabelog.com/tokyo/A1322/A132202/13040717/
ラーメン,大勝軒富士見台,"営業時間
午前11時～売り切れまで　大体午後2時が目安昼営業のみ
日曜営業
定休日
月曜、 第1・第3火曜",東京都練馬区南田中1-1-15,https://tabelog.com/tokyo/A1321/A132102/13062856/
ラーメン,長浜や 中村橋店,"営業時間
11:00～24:00
日曜営業
定休日
無",東京都練馬区中村北2-20-10,https://tabelog.com/tokyo/A1321/A132102/13206571/
ラーメン,ふくちゃん 練馬店,"営業時間
[月・火・木・金]11:30～23:00(L.O.22:30)[水・日・祝]11:30～21:30(L.O.21:00)
日曜営業
定休日
土曜",東京都練馬区豊玉北6-1-8,https://tabelog.com/tokyo/A1321/A132102/13122573/
ラーメン,保谷 大勝軒,,東京都練馬区南大泉3-31-18,https://tabelog.com/tokyo/A1328/A132801/13121402/
ラーメン,博多水炊きらーめん うかんむり,"営業時間
［火～土］11:30～15:0018:00～21:00［日］11:30～15:00
日曜営業
定休日
月曜日",東京都練馬区豊玉北6-2-1 ディアマークスキャピタルタワー 1F 102,https://tabelog.com/tokyo/A1321/A132102/13220839/
ラーメン,睡大虎,"営業時間
11：30～15：0017：00～23：00（スープ切れ次第終了）
日曜営業
定休日
無休",東京都練馬区石神井町8-16-2,https://tabelog.com/tokyo/A1321/A132103/13123731/
ラーメン,麺 酒 やまの,"営業時間
11:00～15:0018:00～23:00",東京都練馬区豊玉北5-23-11 豊玉ビル B1F,https://tabelog.com/tokyo/A1321/A132102/13154616/
ラーメン,日高屋 上石神井南口店,"営業時間
10:00～21:00(L.O.20:00)
日曜営業
定休日
無休",東京都練馬区上石神井1-14-2,https://tabelog.com/tokyo/A1321/A132105/13073661/
ラーメン,らあめん花月嵐 武蔵関店,"営業時間
[店内営業時間]10:00～25:00(L.O24:45)[日・祝]10:00～24:00(L.O23:45)[出前館受付時間]10:00～22:30[Uber Eats受付時間]10:00～22:30
日曜営業
定休日
なし",東京都練馬区関町北2-27-12,https://tabelog.com/tokyo/A1321/A132105/13104254/
ラーメン,幸来,,東京都練馬区下石神井4-19-8,https://tabelog.com/tokyo/A1321/A132105/13017084/
ラーメン,中華そば 座座,,東京都練馬区東大泉2-11-26 パーソナルハイツ大泉学園 1F,https://tabelog.com/tokyo/A1321/A132103/13262470/
ラーメン,台湾ラーメン 味世 石神井公園店,"営業時間
[火～土] 11:30～14:30 17:30～21:30[日] 11:30～14:30 17:00～19:30
日曜営業
定休日
月曜日",東京都練馬区石神井7-1-3 Tビル B1F,https://tabelog.com/tokyo/A1321/A132103/13204436/
ラーメン,石神井 とら,"営業時間
【平日】 1部   11:00〜14:30                 2部   17:30〜20:30【土日祝日】   11:00〜17:00                          ※通し営業
日曜営業
定休日
水曜日、第3日曜日
※水曜日が祝日の場合は営業",東京都練馬区石神井町1-26-10 光栄ビル 1F,https://tabelog.com/tokyo/A1321/A132103/13277844/
ラーメン,町田商店 練馬土支田店,"営業時間
営業時間・休業日は変更となる場合がございますので、HPにて最新情報をご確認ください
日曜営業
定休日
無休",東京都練馬区土支田2-29-20,https://tabelog.com/tokyo/A1321/A132102/13248182/
ラーメン,麺や 碧大将,"営業時間
ランチ[月〜金]11:00〜14:30(L.O.14:15)[土]11:00～14:30(L.O.14:15)[日/祝]11:30～20:00(L.O.19:30)ディナー[月～木]17:00～21:30(L.O.21:00)[金/土]17:30～21:30(L.O.21:00)11:30～20:00(L.O.19:30)※お客様の来店状況により延長で営業している場合あり
日曜営業
定休日
木曜（※ディナーのみ）12月６、26日は店休　12月14.21.25.31日ランチのみ　1月4日より営業",東京都練馬区練馬1-23-4,https://tabelog.com/tokyo/A1321/A132102/13288367/
ラーメン,麺屋 蕃茄,,東京都練馬区東大泉5-41-22,https://tabelog.com/tokyo/A1321/A132103/13104201/
ラーメン,丸源ラーメン 練馬関町店,"営業時間
月〜日10:30〜24:00
日曜営業
定休日
なし",東京都練馬区関町北5-7-5,https://tabelog.com/tokyo/A1321/A132105/13032220/
ラーメン,横浜家系らーめん 五十三家,"営業時間
[月・火・金・土・日]11:00～15:0018:00～21:00
日曜営業
定休日
水曜日、木曜日",東京都練馬区栄町21-3,https://tabelog.com/tokyo/A1321/A132101/13229985/
ラーメン,らーめんこうすけ,,東京都練馬区東大泉3-2-7,https://tabelog.com/tokyo/A1321/A132103/13171368/
ラーメン,小泉ラーメン,,東京都練馬区旭町2-26-4,https://tabelog.com/tokyo/A1322/A132204/13255447/
ラーメン,錦龍らーめん,,東京都練馬区西大泉3-20-14,https://tabelog.com/tokyo/A1321/A132103/13065941/
ラーメン,ラーメン徹,"営業時間
11:00～15:00
日曜営業
定休日
月曜日、木曜日",東京都練馬区石神井台7-18-5,https://tabelog.com/tokyo/A1321/A132105/13263024/
ラーメン,夜麺 あんどん,,東京都練馬区栄町31-9,https://tabelog.com/tokyo/A1321/A132101/13238297/
ラーメン,珍楽,,東京都練馬区旭町1-10-7,https://tabelog.com/tokyo/A1321/A132102/13124478/
ラーメン,天芯ラーメン 練馬店,,東京都練馬区高松6-21-26,https://tabelog.com/tokyo/A1321/A132102/13258681/
ラーメン,麺酒処 泉屋商店,,東京都練馬区大泉町2-62-22,https://tabelog.com/tokyo/A1321/A132102/13226952/
ラーメン,まる潮,,東京都練馬区関町南4-25-18,https://tabelog.com/tokyo/A1321/A132105/13168240/
ラーメン,初代えーいち,,東京都練馬区東大泉6-52-11 1F,https://tabelog.com/tokyo/A1321/A132103/13193686/
ラーメン,ラーメンとんぼ,"営業時間
11:00～15:00",東京都練馬区西大泉1-1-4,https://tabelog.com/tokyo/A1321/A132103/13278732/
ラーメン,ラーメン 豚一,"定休日
月曜日",東京都練馬区東大泉3-4-19,https://tabelog.com/tokyo/A1321/A132103/13289578/
ラーメン,中華そば キガラ,"営業時間
[月～土]11:00～15:0017:00～20:00[日]11:00～15:00スープ、材料切れ終了あり
日曜営業
定休日
臨時休業あり",東京都練馬区大泉学園町4-23-22,https://tabelog.com/tokyo/A1321/A132103/13287353/
ラーメン,味平,,東京都練馬区田柄2-33-15,https://tabelog.com/tokyo/A1322/A132204/13169600/
ラーメン,麺屋 音 別邸,"営業時間
11：30～24：00
日曜営業
定休日
無",東京都足立区千住4-19-11,https://tabelog.com/tokyo/A1324/A132402/13196905/
ラーメン,東京屋台らーめん 翔竜,"営業時間
11:00~翌2：40(LO)      月曜、水曜　夜1：00閉店　　日曜　23：00閉店　　☆日曜　15：00〜18：00         月曜　15：00〜18：00              メンテナンスのため閉店させて頂きます。   
日曜営業
定休日
年中無休",東京都足立区千住1-39-12 田中ビル　１Ｆ,https://tabelog.com/tokyo/A1324/A132402/13009796/
ラーメン,麺屋 音,"営業時間
11:30～24:00
日曜営業
定休日
無",東京都足立区千住3-60 土井川ビル 1F,https://tabelog.com/tokyo/A1324/A132402/13161350/
ラーメン,中華　めんくい,,東京都足立区谷中2-7-5,https://tabelog.com/tokyo/A1324/A132404/13110771/
ラーメン,よつ家,"営業時間
11:00～24:00
日曜営業
定休日
無休",東京都足立区竹ノ塚6-8-10,https://tabelog.com/tokyo/A1324/A132404/13210169/
ラーメン,北海道らーめん みそ熊 北千住店,"営業時間
10:30～翌4:00
日曜営業
定休日
無休",東京都足立区千住3-31,https://tabelog.com/tokyo/A1324/A132402/13225298/
ラーメン,梁山泊,"営業時間
11:30～翌6:00
定休日
日曜日",東京都足立区西竹の塚2-3-10,https://tabelog.com/tokyo/A1324/A132404/13016880/
ラーメン,ラーメン武藤製麺所,"営業時間
[平日・祝]〈武藤製麺所〉11:00～15:00 〈MUTO RAMEN BAR〉17:30～22:30[日曜]〈武藤製麺所〉11:00～17:30〈MUTO RAMEN BAR〉17:30～21:00
日曜営業
定休日
年中無休（12/31～1/4は休業）",東京都足立区竹の塚6-7-14,https://tabelog.com/tokyo/A1324/A132404/13036127/
ラーメン,らあめん 雅知,,東京都足立区伊興本町1-10-1,https://tabelog.com/tokyo/A1324/A132404/13173743/
ラーメン,横浜家系ラーメン 壱角家 アリオ西新井店,"営業時間
10:00～21:00(L.O.20:45)
日曜営業
定休日
無休",東京都足立区西新井栄町1-20-1 アリオ西新井 フードコート,https://tabelog.com/tokyo/A1324/A132404/13243605/
ラーメン,西新井ラーメン,,東京都足立区西新井栄町2-1-1 東武伊勢崎線西新井駅構内,https://tabelog.com/tokyo/A1324/A132404/13017954/
ラーメン,麺 三福,"営業時間
[火～金]11:00～15:0017:00～24:00[土]11:00～15:0017:00～25:00[日・祝]11:00～24:00
定休日
月曜日",東京都足立区谷在家3-20-18,https://tabelog.com/tokyo/A1324/A132404/13049100/
ラーメン,ラーメンロッジ,"営業時間
11:00～翌5:00
日曜営業
定休日
無休",東京都足立区綾瀬7-23-8,https://tabelog.com/tokyo/A1324/A132404/13059511/
ラーメン,らーめん 龍馬,,東京都足立区千住1-39-6,https://tabelog.com/tokyo/A1324/A132402/13188926/
ラーメン,くるまやラーメン 足立保木間店,"営業時間
11:00～21:00
日曜営業
定休日
火曜日",東京都足立区保木間2-6-9,https://tabelog.com/tokyo/A1324/A132404/13057026/
ラーメン,らーめん松,"営業時間
[火～日]11:00～21:00
日曜営業
定休日
月曜日",東京都足立区神明南2-7-28,https://tabelog.com/tokyo/A1324/A132404/13270796/
ラーメン,ばんだいラーメン 綾瀬店,"営業時間
11:00～24:00(L.O.23:30)
日曜営業
定休日
無休",東京都足立区東和1-26,https://tabelog.com/tokyo/A1324/A132404/13096633/
ラーメン,珍來総本店 梅島店,"営業時間
11:00～翌2:00
日曜営業
定休日
水曜日",東京都足立区梅田7-34-13 マルマンプルニエマンション,https://tabelog.com/tokyo/A1324/A132404/13021732/
ラーメン,夢屋,"営業時間
[月～火・木～日]10：00～15：00※水曜日、土曜日定休、不定休あり
日曜営業
定休日
水曜日 土曜日",東京都足立区島根2-1-20,https://tabelog.com/tokyo/A1324/A132404/13065994/
ラーメン,小春,,東京都足立区中央本町2-16-15,https://tabelog.com/tokyo/A1324/A132404/13089281/
ラーメン,桔梗と空,"営業時間
【月～土】午前の部 11:00～14:00午後の部 18:00～21:00(スープ切れ次第終了)【日・祝日】11:00～16:00(スープ切れ次第終了)
日曜営業
定休日
月曜日",東京都足立区西新井栄町1-12-8,https://tabelog.com/tokyo/A1324/A132404/13232510/
ラーメン,辛つけ麺専門　カラツケ グレ,"営業時間
18:00～22:00（※2018年3月24日時点で昼はやってらしいとのこと。ネット情報。※）
日曜営業
定休日
火曜日、第2、4水曜日",東京都足立区足立4-37-9,https://tabelog.com/tokyo/A1324/A132404/13120265/
ラーメン,中華そば ユー リー,"営業時間
11:30～14:15(L.O.)
日曜営業
定休日
火曜日",東京都足立区大谷田3-1-15 亀有ダイヤモンドマンション,https://tabelog.com/tokyo/A1324/A132403/13220191/
ラーメン,メガらーめん,,東京都足立区東伊興3-3-10,https://tabelog.com/tokyo/A1324/A132404/13192110/
ラーメン,浅壱家,"営業時間
[月～土] 11:00～24:00（L.O.23:45）[日曜・祝日] 11:00～22:00 (L.O. 21:30)
日曜営業
定休日
不定休",東京都足立区足立4-14-1,https://tabelog.com/tokyo/A1324/A132404/13170125/
ラーメン,日高屋 北千住西口駅前店,"営業時間
[月]9:00～翌2:00[火～土]5:00～翌2:00[日・祝]5:00～23:00",東京都足立区千住2-62 根岸ビル1F,https://tabelog.com/tokyo/A1324/A132402/13130815/
ラーメン,肉玉そば おとど 北千住店,,東京都足立区千住2-62,https://tabelog.com/tokyo/A1324/A132402/13262062/
ラーメン,熊ぼっこ,,東京都足立区本木2-4-16,https://tabelog.com/tokyo/A1324/A132404/13177612/
ラーメン,町田商店 保木間店,"営業時間
営業時間・休業日は変更となる場合がございますので、HPにて最新情報をご確認ください
日曜営業
定休日
無休",東京都足立区保木間3-21-12,https://tabelog.com/tokyo/A1324/A132404/13248222/
ラーメン,陽はまたのぼる,"営業時間
[月・木・金・土・日]11:30～14:3018:30～21:00
日曜営業
定休日
火曜日、水曜日",東京都足立区綾瀬2-1-4,https://tabelog.com/tokyo/A1324/A132404/13206995/
ラーメン,らーめん蔵芸 足立小台店,"営業時間
10:00～20:00
定休日
無休",東京都足立区小台1-17-1 ホームズ　フードコート内,https://tabelog.com/tokyo/A1323/A132303/13110781/
ラーメン,幸楽苑 足立佐野店,"営業時間
月〜金　9:00〜22:00(L.O21:30)土・日　8:30〜22:00(L.O21:30)
日曜営業
定休日
不定休",東京都足立区佐野1丁目35-5,https://tabelog.com/tokyo/A1324/A132404/13133571/
ラーメン,鶏白湯専門店 いちばん星,"営業時間
[月・水・木・日]11:00～15:00(L.O.14:45)17:30～22:00(L.O.21:45)[金・土]11:00～15:00(L.O.14:45)17:30～23:00(L.O.22:45)※まん延防止等重点措置期間中11:00～15:0017:30～20:00
日曜営業
定休日
火曜日",東京都足立区栗原1-7-20,https://tabelog.com/tokyo/A1324/A132404/13260550/
ラーメン,六紋亭,"営業時間
[月～水・金～日]11:00～15:0019:00～翌2:00まん延防止措置期間中は下記営業時間となります。11:00～14:00 (L.O.13:45)17:30～20:00 (L.O.19:40)
日曜営業
定休日
木曜日",東京都足立区西新井本町1-15-9,https://tabelog.com/tokyo/A1324/A132404/13034665/
ラーメン,ラーメン ばんだい 大谷田店,,東京都足立区大谷田5-14-1,https://tabelog.com/tokyo/A1324/A132404/13244043/
ラーメン,くるまやラーメン 青井店,"営業時間
11:00～翌2:00(L.O.翌1:45)
日曜営業",東京都足立区青井5-5-15,https://tabelog.com/tokyo/A1324/A132404/13057021/
ラーメン,とんこつラーメン まる一,"営業時間
11:00～15:0017:00～22:00",東京都足立区鹿浜2-25-1,https://tabelog.com/tokyo/A1323/A132305/13235187/
ラーメン,味噌らーめんと中華　てつまる,"営業時間
10:30～翌3時ラストオーダー2時45分
日曜営業
定休日
無休",東京都足立区伊興本町1-16-28,https://tabelog.com/tokyo/A1324/A132404/13141377/
ラーメン,スタンド バイ ミー,"営業時間
[月〜日]11〜15/17:30〜22:00＊スープ無くなり次第終了。
定休日
不定休。",東京都足立区千住中居町17-14 1F,https://tabelog.com/tokyo/A1324/A132402/13281902/
ラーメン,らーめん 太閤,"営業時間
11:30 〜 15:0017:30 〜 23:30
定休日
日曜日",東京都足立区綾瀬2-24-12,https://tabelog.com/tokyo/A1324/A132404/13036743/
ラーメン,波,"営業時間
11:30～14:3018:30～25:00（火曜23:00）※売り切れにより閉店時間早まる可能性あり
日曜営業
定休日
水曜日",東京都足立区谷中4-13-12,https://tabelog.com/tokyo/A1324/A132404/13025433/
ラーメン,ラーメン富士丸 西新井大師店,"営業時間
［火〜日・祝］18:00～24:00
日曜営業
定休日
月曜日（祝日でも休み）",東京都足立区西新井1-7-7,https://tabelog.com/tokyo/A1324/A132404/13008749/
ラーメン,ど・みそ 西新井店,"営業時間
[全日]11:00～25:00(L.O)[年末年始]31日11時～17時(L.O)1日より通常営業
日曜営業
定休日
無休",東京都足立区西新井栄町2-6-10,https://tabelog.com/tokyo/A1324/A132404/13178281/
ラーメン,手打ちラーメン珍来 北千住店,"営業時間
11:00～24:00
日曜営業
定休日
水曜日",東京都足立区千住旭町27-14,https://tabelog.com/tokyo/A1324/A132402/13037457/
ラーメン,福しん 北千住東口店,"営業時間
11:00〜22:00(L.O.21:45)
定休日
年末年始 他、臨時休業有り",東京都足立区千住旭町41-2,https://tabelog.com/tokyo/A1324/A132402/13113551/
ラーメン,くるまやラーメン 鹿浜店,,東京都足立区鹿浜6-26-13,https://tabelog.com/tokyo/A1324/A132404/13057037/
ラーメン,煮干し中華そば 山形屋,"営業時間
[火～金]11:00～14:30［土］11:00～14:30 17:00～19:45[日]11:00～14:30 17:00～19:30
日曜営業
定休日
月曜・火曜月２回",東京都足立区竹の塚3-5-1,https://tabelog.com/tokyo/A1324/A132404/13231262/
ラーメン,らーめん 翔太,,東京都足立区梅島1-26-19,https://tabelog.com/tokyo/A1324/A132404/13249971/
ラーメン,中華タカノ,"営業時間
[水]11:00～15:3017:30～翌6:00(L.O.翌5:30)[月・木～日]9:00～15:3017:30～翌6:00(L.O.翌5:30)
日曜営業
定休日
火曜日",東京都足立区竹の塚6-4,https://tabelog.com/tokyo/A1324/A132404/13149426/
ラーメン,麺屋鳳,"営業時間
18:00～21:30
日曜営業
定休日
不定休",東京都足立区栗原1-6-22,https://tabelog.com/tokyo/A1324/A132404/13178744/
ラーメン,らーめん えの木,"営業時間
ランチ[月～土]11:30〜14:30(L.O14:15)ディナー[月・火・木・金]18:00～21:00(L.O20:30)
定休日
日曜日",東京都足立区西加平2-7-15 Lynx六町 1F,https://tabelog.com/tokyo/A1324/A132404/13275557/
ラーメン,日高屋 北千住東口店,"営業時間
10:30～23:00(L.O.22:30)
日曜営業
定休日
無休",東京都足立区千住旭町40-22,https://tabelog.com/tokyo/A1324/A132402/13203119/
ラーメン,ラーメン ノックアウト,"営業時間
[月・水～日]11:00～14:45(L.O.)18:00～20:30(L.O.)
日曜営業
定休日
火曜日",東京都足立区南花畑5-22-6,https://tabelog.com/tokyo/A1324/A132404/13262445/
ラーメン,博多長浜らーめん いっき,"営業時間
[月・火・木・金]11:30～14:30(L.O.)18:00～23:30(L.O.)[日・祝]11:30～15:00(L.O.) 17:00～23:00(L.O.)
日曜営業
定休日
水曜日",東京都足立区鹿浜8-4-5,https://tabelog.com/tokyo/A1324/A132404/13100687/
ラーメン,鯛塩そば灯花 千住ミルディス店,"営業時間
10:00~20:00
日曜営業
定休日
施設に準ずる",東京都足立区千住3-92 千住ミルディス Ⅰ番街 1F,https://tabelog.com/tokyo/A1324/A132402/13282821/
ラーメン,麺ロード花畑,"営業時間
[月～日]11:00～15:00（L.O.14:30）[金・土・日・祝]18:00～24:00（L.O.23:15）
日曜営業
定休日
なし",東京都足立区花畑4-35-11,https://tabelog.com/tokyo/A1324/A132404/13178699/
ラーメン,どさん子 千住一丁目店,"営業時間
[日～火・木～土]11:30～22:00
日曜営業
定休日
水曜日",東京都足立区千住1-23-11,https://tabelog.com/tokyo/A1324/A132402/13065970/
ラーメン,ラーメン鷹の目 北千住店,"営業時間
11:00〜15:0017:00〜22:00
日曜営業
定休日
無休",東京都足立区千住2-29,https://tabelog.com/tokyo/A1324/A132402/13267069/
ラーメン,しょうゆの風,"営業時間
11:00～翌1:30(L.O.翌1:00)
日曜営業
定休日
無休",東京都足立区竹の塚6-24-16,https://tabelog.com/tokyo/A1324/A132404/13251140/
ラーメン,ラーメン梅 梅島店,"営業時間
[月・水～日]11:15～14:3017:00～22:00(L.O.)※売り切れ次第終了
日曜営業
定休日
火曜日",東京都足立区梅島3-8-11,https://tabelog.com/tokyo/A1324/A132404/13136014/
ラーメン,丸源ラーメン 西新井店,"営業時間
月〜日10:30〜24:00
日曜営業
定休日
なし",東京都足立区西新井5-2-2,https://tabelog.com/tokyo/A1324/A132404/13234569/
ラーメン,東池袋 大勝軒 ○高屋,"営業時間
11:00～15:00 17:30～24:00
日曜営業
定休日
水曜日",東京都足立区千住3-12,https://tabelog.com/tokyo/A1324/A132402/13090584/
ラーメン,つけ麺 タイヨウ,"営業時間
[月～土]11:00～14:40(L.O.)17:30～19:40(L.O.)
定休日
日曜日",東京都足立区梅島3-33-9,https://tabelog.com/tokyo/A1324/A132404/13260405/
ラーメン,北海道らーめん奥原流 久楽 北千住店,"営業時間
7:00～9:3010:00～23:00（9:30～10:00の間はスープ入換えの為準備中になります。）
日曜営業
定休日
無休",東京都足立区千住旭町42-1 北千住駅構内２Fコンコース,https://tabelog.com/tokyo/A1324/A132402/13120847/
ラーメン,中華料理 再光軒 足立入谷店,"営業時間
[火～土]11:30～15:00 17:30～22:30[日・祝]11:30～15:00 17:30～20:30 
日曜営業
定休日
毎週月曜・第３火曜",東京都足立区入谷4-18-7,https://tabelog.com/tokyo/A1324/A132404/13040470/
ラーメン,日高屋 五反野店,,東京都足立区足立3-34-5,https://tabelog.com/tokyo/A1324/A132404/13105831/
ラーメン,横浜らーめん 武蔵家 綾瀬店,"営業時間
[月〜土曜日］11:00～翌2:00[日曜日（朝ラーあり）］6:00～翌1:00
日曜営業
定休日
無休",東京都足立区加平1-22-11,https://tabelog.com/tokyo/A1324/A132404/13047071/
ラーメン,田中商店 本店,"営業時間
18:00～翌4:00
日曜営業
定休日
年中無休",東京都足立区一ツ家2-14-6,https://tabelog.com/tokyo/A1324/A132404/13003726/
ラーメン,日の出屋,"営業時間
11:30~15:0017:00~20:00
定休日
日曜日",東京都足立区柳原1-33-2,https://tabelog.com/tokyo/A1324/A132402/13063009/
ラーメン,らーめん しおの風,"営業時間
(月・木・金・土・日)11:00～25:00ラストオーダー24:30(火・水)11:00～23:00ラストオーダー22:30
日曜営業
定休日
年中無休",東京都足立区竹ノ塚6-24-16,https://tabelog.com/tokyo/A1324/A132404/13045390/
ラーメン,麺場 田所商店 足立江北店,"営業時間
[月・火・水・木・日]10:00～22:00(L.O.21:30)[金・土]10:00～23:00(L.O.22:30)
日曜営業
定休日
無休",東京都足立区江北5-4-10,https://tabelog.com/tokyo/A1324/A132404/13212685/
ラーメン,幸楽苑 舎人店,"営業時間
[月～金]10:00～22:00[土・日]9:00～22:00
日曜営業",東京都足立区舎人5-21-1,https://tabelog.com/tokyo/A1324/A132404/13138368/
ラーメン,麺処 しのぶ 五反野店,"営業時間
11:00～23：00（L.O22：45）
定休日
なし",東京都足立区中央本町2-24-18,https://tabelog.com/tokyo/A1324/A132404/13289858/
ラーメン,日高屋 竹ノ塚西口店,"営業時間
11:00～翌2:00（L.O.翌1:30）
定休日
無休",東京都足立区西竹ノ塚2-2-2,https://tabelog.com/tokyo/A1324/A132404/13127370/
ラーメン,幸楽苑 足立江北店,"営業時間
［月～金］10:00～22:00［土・日］9:00～22:00",東京都足立区江北6-5-8,https://tabelog.com/tokyo/A1324/A132404/13161826/
ラーメン,中華そばチャパ,"営業時間
11'30～15'0017'00～23'00
日曜営業
定休日
木曜、第二水曜",東京都足立区綾瀬3-11-1,https://tabelog.com/tokyo/A1324/A132404/13106057/
ラーメン,ラーメンパンダ,"営業時間
11:00～24:00 (L.O.23:30)出前は、22:00までＯＫです。
日曜営業
定休日
火曜日（火曜日が祝日の場合は翌日定休）",東京都足立区谷中1-7-5,https://tabelog.com/tokyo/A1324/A132404/13061563/
ラーメン,らーめん涌井,"営業時間
11:00～21:00
日曜営業
定休日
火曜日",東京都足立区栗原3-14-1,https://tabelog.com/tokyo/A1324/A132404/13003725/
ラーメン,山中房,,東京都足立区扇2-46-13 ケーアンドエー高野ビル1Ｆ,https://tabelog.com/tokyo/A1324/A132404/13056162/
ラーメン,つけ麺 和 東京本店,,東京都足立区西竹ノ塚1-12-9 共栄ビル 1F,https://tabelog.com/tokyo/A1324/A132404/13217032/
ラーメン,壱蔵,"営業時間
[月～土] 11:30～14:30 17:30～23:00 [日] 11:30～15:00 17:00～22:00 
日曜営業",東京都足立区南花畑2-26-19 ルピナス南花畑　1F,https://tabelog.com/tokyo/A1324/A132404/13035843/
ラーメン,北千住煮干中華蕎麦 かれん,"営業時間
[月・水・金]11:00～15:0018:00～22:00[火・木・土・日・祝]11:00～22:00
日曜営業",東京都足立区千住2-52,https://tabelog.com/tokyo/A1324/A132402/13275300/
ラーメン,壱之家,,東京都足立区弘道1-25-2,https://tabelog.com/tokyo/A1324/A132404/13226725/
ラーメン,ラーメン二郎 千住大橋駅前店,"営業時間
［月～水・金］11:00～15:00
定休日
木曜・土曜・日曜・祝日",東京都足立区千住橋戸町10-8,https://tabelog.com/tokyo/A1324/A132402/13090912/
ラーメン,環七濃厚タンメン ベジ田,,東京都足立区中央本町5-11-5,https://tabelog.com/tokyo/A1324/A132404/13246330/
ラーメン,新潟発祥 なおじ 足立六町店,"営業時間
■月曜～木曜11時~15時ラストオーダー（15時半閉店）■金曜、土曜、日曜、祝日昼 11時~15時ラストオーダー（15時半閉店）夜 17時~22時ラストオーダー（22時半閉店）
日曜営業
定休日
無し",東京都足立区保塚町12-17,https://tabelog.com/tokyo/A1324/A132404/13218011/
ラーメン,日高屋 綾瀬リエッタ店,"営業時間
9:00～21:00(L.O.20:30)
日曜営業
定休日
無休",東京都足立区綾瀬3-1-10,https://tabelog.com/tokyo/A1324/A132404/13105825/
ラーメン,綾瀬 大勝軒,"営業時間
［火～土］11:00～15:0018:00～21:00［日］11:00～15:00
日曜営業
定休日
月曜日",東京都足立区綾瀬3-15-16,https://tabelog.com/tokyo/A1324/A132404/13020463/
ラーメン,栄龍軒,"営業時間
11:00～19:30[土]11:00～14:00
定休日
日曜・祝日",東京都足立区鹿浜1-13-4,https://tabelog.com/tokyo/A1324/A132404/13118883/
ラーメン,珍来 六町店,"営業時間
平日11:00～翌1:00金土、祭前日11'00～26'00
日曜営業
定休日
無休",東京都足立区六町4-4-14,https://tabelog.com/tokyo/A1324/A132404/13105021/
ラーメン,ラーメン炙り,"営業時間
「昼の部」11：30～15：00ラストオーダー15分前「夜の部」17：30～22:00ラストオーダー30分前スープなくなり次第終了いたします。日曜日11:30〜15:00スープなくなり次第終了いたします。
日曜営業
定休日
月曜（祭日の場合は火曜）",東京都足立区千住3-55 １Ｆ,https://tabelog.com/tokyo/A1324/A132402/13124919/
ラーメン,濃厚豚そば　ぶれん,"営業時間
[火〜金] 11:00～15:00  18:00～23:00[土日祝] 11:00～15:00  18:00〜23:00（スープなくなり次第終了）
日曜営業
定休日
月曜（祝日の場合は営業、翌日休み）",東京都足立区竹の塚6-13-2,https://tabelog.com/tokyo/A1324/A132404/13098710/
ラーメン,ラーメン盛 竹ノ塚店,"営業時間
11:00～15:00 17:00～22:00
日曜営業
定休日
無休",東京都足立区竹ノ塚1-40-1,https://tabelog.com/tokyo/A1324/A132404/13253389/
ラーメン,雪国ラーメン,,東京都足立区入谷9-15-26,https://tabelog.com/tokyo/A1324/A132404/13066000/
ラーメン,らぁ麺屋のさかいさん,"営業時間
［月・火・木・金・土］11:30～14:30 18:00～21:00［日・祝］11:30～16:00
日曜営業
定休日
水曜日",東京都足立区千住旭町43-13,https://tabelog.com/tokyo/A1324/A132402/13288629/
ラーメン,国振,,東京都足立区本木1-4-22,https://tabelog.com/tokyo/A1324/A132404/13171361/
ラーメン,町田商店 足立鹿浜店,"営業時間
営業時間・休業日は変更となる場合がございますので、HPにて最新情報をご確認ください
日曜営業
定休日
年中無休",東京都足立区鹿浜5-16-8,https://tabelog.com/tokyo/A1324/A132404/13262663/
ラーメン,田中そば店 本店,"営業時間
[月〜金]11:00～16:00 17:00〜21:00[土日祝]11:00～21:00
日曜営業
定休日
年中無休",東京都足立区保塚町1-20,https://tabelog.com/tokyo/A1324/A132404/13059356/
ラーメン,かみの屋,"営業時間
[月・火・金]11:00～15:00[土・日・祝]11:00～15:0017:00～21:00
日曜営業
定休日
水曜・木曜",東京都足立区西綾瀬2-7-9,https://tabelog.com/tokyo/A1324/A132404/13197172/
ラーメン,つけめん さなだ,"営業時間
［月］11:00～14:45[火～金]11:00～14:4518:00～21:00[土・日]11:00～20:00",東京都足立区千住3-6,https://tabelog.com/tokyo/A1324/A132402/13240344/
ラーメン,日高屋 西新井西口店,"営業時間
10:00～23:00
日曜営業
定休日
無休",東京都足立区西新井栄町2-6-10,https://tabelog.com/tokyo/A1324/A132404/13142520/
ラーメン,幸楽苑 足立一ツ家店,"営業時間
[月～金]10:00～21:00[土・日]9:00～21:00
日曜営業
定休日
年中無休",東京都足立区一ツ家1-21-16,https://tabelog.com/tokyo/A1324/A132404/13138369/
ラーメン,らーめん市地,,東京都足立区谷中4-2-3,https://tabelog.com/tokyo/A1324/A132404/13171076/
ラーメン,まる星,,東京都足立区綾瀬2-18-6,https://tabelog.com/tokyo/A1324/A132404/13167927/
ラーメン,ラーメン魁力屋 竹ノ塚店,"営業時間
11:00～24:00
日曜営業
定休日
無休",東京都足立区保木間1-4-1,https://tabelog.com/tokyo/A1324/A132404/13194644/
ラーメン,亀有中華そば水しま,"営業時間
［月～水・金～日] 朝7:00～スープ切れまで
日曜営業
定休日
木曜日",東京都足立区中川3-10-3 鈴木ビル 1F,https://tabelog.com/tokyo/A1324/A132403/13267837/
ラーメン,珍来 五反野駅前店,"営業時間
11:00～23:00
日曜営業
定休日
水曜日",東京都足立区中央本町2-24-18 五反野籐やビル 1F,https://tabelog.com/tokyo/A1324/A132404/13195670/
ラーメン,らーめんしょっぷ 中吉,"営業時間
17:30～21:00(無くなり次第終了)​
日曜営業
定休日
月曜日、火曜日",東京都足立区綾瀬6-29-12,https://tabelog.com/tokyo/A1324/A132404/13278361/
ラーメン,壱角家 綾瀬東口店,"営業時間
[日～木]11：00～翌1：00[金・土]11：00～翌2：00
日曜営業
定休日
無休",東京都足立区綾瀬3-1-26,https://tabelog.com/tokyo/A1324/A132404/13185742/
ラーメン,濱之家 入谷店,"営業時間
[月・水・木・金]11:00～22:00(L.O.21:30)[日・祝]11:00～21:00(L.O.20:30)
日曜営業
定休日
火曜日",東京都足立区入谷2-1-4,https://tabelog.com/tokyo/A1324/A132404/13183714/
ラーメン,光龍,,東京都足立区竹ノ塚5-5-12,https://tabelog.com/tokyo/A1324/A132404/13215090/
ラーメン,綾瀬らーめん 粋,,東京都足立区綾瀬3-1-27,https://tabelog.com/tokyo/A1324/A132404/13259834/
ラーメン,ラーメン大寿,"営業時間
11：00～18：30
日曜営業
定休日
月曜日",東京都足立区西新井1-6-11,https://tabelog.com/tokyo/A1324/A132404/13098819/
ラーメン,麺屋 稀水,"営業時間
[月～日]11:00～1:00（0：45L.O）
日曜営業
定休日
なし",東京都足立区加賀2-27-14,https://tabelog.com/tokyo/A1324/A132404/13054161/
ラーメン,然屋  竹ノ塚店,"営業時間
AM11：00～翌1：00 (PM3；00～6：00準備中) 
定休日
水曜日",東京都足立区伊興2-5-15,https://tabelog.com/tokyo/A1324/A132404/13039649/
ラーメン,真心ラーメン竹,"営業時間
11:30～14:3018:00～24:00
日曜営業
定休日
木曜日",東京都足立区中川4-34-1,https://tabelog.com/tokyo/A1324/A132403/13259218/
ラーメン,牛骨らぁ麺マタドール,"営業時間
【火・水・木・金・土】11:30～14:3018:00～21:00（※なくなり次第終了）【日・祝】11:30～16:00（※なくなり次第終了）
日曜営業
定休日
月曜日",東京都足立区千住東2-4-17 中村ビル１Ｆ,https://tabelog.com/tokyo/A1324/A132402/13128987/
ラーメン,旭川ラーメン雪花亭,,東京都足立区西新井栄町2-3-11,https://tabelog.com/tokyo/A1324/A132404/13132725/
ラーメン,麺屋 多伊夢,"営業時間
11:00～22:00(L.O.)
定休日
日曜日",東京都足立区西新井栄町3-8-6,https://tabelog.com/tokyo/A1324/A132404/13195565/
ラーメン,日高屋 綾瀬西口店,"営業時間
[月～土]10:30-翌4:00（L.O.翌3:30)[日・祝日]10:30-翌2:00（L.O.翌1:30)
定休日
無休",東京都足立区綾瀬4-9-26 森本ビル1F,https://tabelog.com/tokyo/A1324/A132404/13127372/
ラーメン,武蔵家 北千住西口店,,東京都足立区千住2-55,https://tabelog.com/tokyo/A1324/A132402/13241684/
ラーメン,せい家 五反野店,"営業時間
11:00～翌2:30
定休日
無休",東京都足立区弘道1-1-17,https://tabelog.com/tokyo/A1324/A132404/13032195/
ラーメン,大谷田 大勝軒,"営業時間
11:00～15:00 18:00～23:00
日曜営業
定休日
水曜日（祝日の場合は営業して翌日が休業）",東京都足立区大谷田3-1-15,https://tabelog.com/tokyo/A1324/A132403/13094319/
ラーメン,麺屋 てぃーち,"営業時間
11:00～15:00 17:00～22:00(L.O.21:45)
日曜営業
定休日
月曜日",東京都足立区千住仲町18-12,https://tabelog.com/tokyo/A1324/A132402/13230149/
ラーメン,松尾,"営業時間
11:00～14:00 17:00～21:00
日曜営業
定休日
無休",東京都足立区入谷7-3-12 小林ビル,https://tabelog.com/tokyo/A1324/A132404/13102077/
ラーメン,ひむろ 北千住店,"営業時間
[月～土]11:00～23:00
定休日
日曜日",東京都足立区千住2-44,https://tabelog.com/tokyo/A1324/A132402/13157724/
ラーメン,文龍亭,,東京都足立区扇1-20-15,https://tabelog.com/tokyo/A1324/A132404/13279696/
ラーメン,中華そば わた井,"営業時間
11:00～15:0018:00～20:00
日曜営業
定休日
月曜・第1,3,5日曜・他不定休あり",東京都足立区谷中2-9-2,https://tabelog.com/tokyo/A1324/A132404/13050042/
ラーメン,北海道らーめん さつほろ,"営業時間
11:30～21:30（L.O.21:00）
日曜営業
定休日
火曜日",東京都足立区谷中2-7-12,https://tabelog.com/tokyo/A1324/A132404/13215487/
ラーメン,新とんこつ大学 綾瀬キャンパス,"営業時間
11:00～翌2:00※無くなり次第終了となります。
日曜営業
定休日
無休",東京都足立区綾瀬4-6-8,https://tabelog.com/tokyo/A1324/A132404/13161549/
ラーメン,宗庵 北千住店,,東京都足立区千住2-18,https://tabelog.com/tokyo/A1324/A132402/13045636/
ラーメン,幸楽苑 足立東伊興店,"営業時間
［月・火・水・木・金］10:00～22:00［土・日］9:00～22:00
日曜営業
定休日
無休",東京都足立区東伊興1-13-9,https://tabelog.com/tokyo/A1324/A132404/13142631/
ラーメン,北海道らーめん みそ熊 竹ノ塚店,,東京都足立区竹の塚6-11-12 八汐ビル 1F,https://tabelog.com/tokyo/A1324/A132404/13262538/
ラーメン,彩とり,"営業時間
9:00～16:00（L.O.15:50）
日曜営業
定休日
水曜日",東京都足立区関原2-48-14,https://tabelog.com/tokyo/A1324/A132404/13256565/
ラーメン,浜屋 西新井店,,東京都足立区西新井栄町1-14-15 1F,https://tabelog.com/tokyo/A1324/A132404/13161216/
ラーメン,ラーメンショップ　もっちゃん,,東京都足立区鹿浜8-4-5,https://tabelog.com/tokyo/A1324/A132404/13065963/
ラーメン,自家製麺 竜葵 マルイ北千住店,,東京都足立区千住3-92 北千住マルイ 9F,https://tabelog.com/tokyo/A1324/A132402/13289097/
ラーメン,福しん 北千住店,"営業時間
11：00～23:00
日曜営業
定休日
年末年始 他、臨時休業有り",東京都足立区千住3-66,https://tabelog.com/tokyo/A1324/A132402/13055161/
ラーメン,比内地鶏中華そば 田乃井,,東京都足立区西新井1-26-8,https://tabelog.com/tokyo/A1324/A132404/13230946/
ラーメン,ラーメン 魁力屋 足立鹿浜店,"営業時間
11:00～24:00
日曜営業",東京都足立区鹿浜3-15-3,https://tabelog.com/tokyo/A1323/A132305/13247222/
ラーメン,焼きあご塩らー麺 たかはし 北千住店,"営業時間
全日　　　 11時〜23時（LO22:50）  
日曜営業
定休日
無休（年末年始を除く）",東京都足立区千住旭町4-13 COTED'AZUR B棟 1F,https://tabelog.com/tokyo/A1324/A132402/13270086/
ラーメン,横浜ラーメン　武蔵家 北千住店,,東京都足立区千住旭町40-25 吉田ビル 1F,https://tabelog.com/tokyo/A1324/A132402/13144962/
ラーメン,麺屋 龍,"営業時間
[月・木]11:00～15:00/18:00～20:00[火・金]11:00～15:00[土・日・祝]9:00～15:00Twitterにて必ずご確認をお願いします材料切れや諸用などで臨時休業や早仕舞いの可能性あります
日曜営業
定休日
水曜日(水曜日が祝祭日の時は営業の場合あり。Twitter、店頭にて要確認)",東京都足立区西新井4-27-14 英マンション 1F,https://tabelog.com/tokyo/A1324/A132404/13253735/
ラーメン,特濃中華そば 龍桜,"営業時間
11:30～21:00(L.O.20:45)
日曜営業
定休日
不定休",東京都足立区保木間5-25-23,https://tabelog.com/tokyo/A1324/A132404/13231224/
ラーメン,にぼ吉,"営業時間
11:30～14:4517:30～20:50
定休日
不定休",東京都足立区千住元町17-3 沢井ビル 1F,https://tabelog.com/tokyo/A1324/A132402/13227970/
ラーメン,大地,,東京都足立区西新井本町2-7-14 セントラルマンション西新井 1F,https://tabelog.com/tokyo/A1324/A132404/13171754/
ラーメン,東屋,,東京都足立区西新井栄町2-24,https://tabelog.com/tokyo/A1324/A132404/13242741/
ラーメン,サッポロラーメン狸小路,,東京都足立区西新井本町1-13-20,https://tabelog.com/tokyo/A1324/A132404/13234933/
ラーメン,あいちゃく亭,"営業時間
11:00～15:0017:00～21:00
日曜営業
定休日
月曜日",東京都足立区入谷2-24-10,https://tabelog.com/tokyo/A1324/A132404/13056165/
ラーメン,熊ぼっこ,,東京都足立区保塚町1-16,https://tabelog.com/tokyo/A1324/A132404/13066006/
ラーメン,ラーメン　雑賀,,東京都足立区千住2-62 瀬田ビル 1F,https://tabelog.com/tokyo/A1324/A132402/13161438/
ラーメン,大観,,東京都足立区中川3-1-13,https://tabelog.com/tokyo/A1324/A132403/13065993/
ラーメン,日高屋 竹ノ塚東口店,"営業時間
11:00～22:00(L.O.21:30)
日曜営業
定休日
無休",東京都足立区竹の塚6-3-13,https://tabelog.com/tokyo/A1324/A132404/13257926/
ラーメン,麺処 勇人,,東京都足立区千住1-32-2 SSビル 1F,https://tabelog.com/tokyo/A1324/A132402/13195639/
ラーメン,開々亭,,東京都足立区南花畑2-28-7,https://tabelog.com/tokyo/A1324/A132404/13065996/
ラーメン,タジマ商店,"定休日
水曜日",東京都足立区入谷8-17-7,https://tabelog.com/tokyo/A1324/A132404/13283136/
ラーメン,美華,,東京都足立区東伊興1-3-12,https://tabelog.com/tokyo/A1324/A132404/13065995/
ラーメン,ラーメン大雅,,東京都足立区新田3-8,https://tabelog.com/tokyo/A1323/A132304/13204552/
ラーメン,王ちゃんラーメン,"営業時間
月〜土 11:30〜14:30 17:30〜23:00
定休日
日曜日",東京都足立区六月3-1-16,https://tabelog.com/tokyo/A1324/A132404/13066009/
ラーメン,濃厚とんこつラーメン 一峰,"営業時間
11:00～14:0018:00～翌6:00
日曜営業",東京都足立区竹の塚1-28-10 小林ビル 1F,https://tabelog.com/tokyo/A1324/A132404/13283373/
ラーメン,中華・定食の店 大連,,東京都足立区古千谷本町2-17,https://tabelog.com/tokyo/A1324/A132404/13131901/
ラーメン,加賀,,東京都足立区鹿浜6-34-5,https://tabelog.com/tokyo/A1324/A132404/13065962/
ラーメン,一龍,,東京都足立区保木間3-7-20,https://tabelog.com/tokyo/A1324/A132404/13171452/
ラーメン,麺屋 とりたけ,"営業時間
[月～金]5:00～7:30　9:30～16:30[土・日・祝]5:00～7:30　9:30～14:00
日曜営業
定休日
月曜日(祝日は営業)⁡",東京都足立区西新井本町4-8-21,https://tabelog.com/tokyo/A1324/A132404/13288856/
ラーメン,やっぱりラーメンがすき やじろべえ,"営業時間
11:30～14:0017:30～20:00
日曜営業
定休日
月曜日",東京都足立区東綾瀬2-14-1,https://tabelog.com/tokyo/A1324/A132404/13052595/
ラーメン,娘天狗,"営業時間
[月・水～金・日]11:30～15:00  17:00〜22:00[土]11:30～22:00
日曜営業
定休日
火曜日",東京都足立区東保木間2-33-16 1F,https://tabelog.com/tokyo/A1324/A132404/13281910/
ラーメン,らーめん大 烈 竹ノ塚店,,東京都足立区竹ノ塚6-15-14 ニュー竹ノ塚ビル 1F,https://tabelog.com/tokyo/A1324/A132404/13269059/
ラーメン,らんらん,"営業時間

日曜営業
定休日
毎週木曜日",東京都足立区千住関屋町17-15,https://tabelog.com/tokyo/A1324/A132402/13065973/
ラーメン,てんがららーめん 鹿浜店,"営業時間
11:00～20:00
日曜営業
定休日
不定休",東京都足立区堀之内1-15-17,https://tabelog.com/tokyo/A1323/A132305/13179600/
ラーメン,Yo-Kai Express,"営業時間
24時間
日曜営業
定休日
無し",東京都足立区加平1-2-1 加平パーキングエリア,https://tabelog.com/tokyo/A1324/A132404/13288431/
ラーメン,麺屋 時風,"営業時間
11:30～14:00
定休日
日曜日、祝日",東京都足立区青井4-34-16,https://tabelog.com/tokyo/A1324/A132404/13240823/
ラーメン,日高屋 千住大橋店,"営業時間
10:30～23:00(L.O.22:30)",東京都足立区千住橋戸町11-1,https://tabelog.com/tokyo/A1324/A132402/13218578/
ラーメン,味好,"営業時間
11:00～15:0017:00～19:30
定休日
日曜日、祝日",東京都足立区綾瀬4-20-16,https://tabelog.com/tokyo/A1324/A132404/13234460/
ラーメン,たかし屋 綾瀬店,"営業時間

日曜営業",東京都足立区綾瀬4-6-12,https://tabelog.com/tokyo/A1324/A132404/13287664/
ラーメン,麺ダイニング 空,,東京都足立区興野1-10-7,https://tabelog.com/tokyo/A1324/A132404/13137192/
ラーメン,麺’s 共和国,"営業時間
[月～金]11:00～22:00[土・祝]11:30～21:00
定休日
日曜日",東京都品川区大井1-11-1,https://tabelog.com/tokyo/A1315/A131501/13044548/
ラーメン,麺家 ぶらいとん,"営業時間
平日17:00～22:00土曜日、祝日11:30～15:00
定休日
日曜日+不定休で月1回",東京都品川区旗の台2-9-21,https://tabelog.com/tokyo/A1317/A131712/13127825/
ラーメン,三田製麺所 五反田店,"営業時間
［日～木・土・祝］11:00～翌3:00［金・祝前］11:00～翌5:00
日曜営業
定休日
年中無休",東京都品川区西五反田1-17-6 GRIO五反田 1F,https://tabelog.com/tokyo/A1316/A131603/13094222/
ラーメン,らーめん幸龍,"営業時間
11:00～24:00[月・火・水・木・日]11:00～23:00
日曜営業
定休日
不定休",東京都品川区大井1-20-29 上野ビル 1F,https://tabelog.com/tokyo/A1315/A131501/13044134/
ラーメン,博多ばってんラーメン,"営業時間
月〜土7:00〜15:0019:00〜22:30夜要電話確認
定休日
日曜定休",東京都品川区戸越1-1-10,https://tabelog.com/tokyo/A1317/A131712/13066259/
ラーメン,かごしまめん隼人,"営業時間
11:00～23:00
日曜営業
定休日
木曜日",東京都品川区戸越2-7-6 ＴＳＩビル　１Ｆ,https://tabelog.com/tokyo/A1317/A131712/13018529/
ラーメン,つじ田 大崎店,"営業時間
[月～金]11:00～22:00[土・日・祝]11:00～21:30
日曜営業",東京都品川区大崎1-20-8 INOビル 1F,https://tabelog.com/tokyo/A1316/A131604/13290972/
ラーメン,BumBunBlauCafe,"営業時間
[火・水・木・金・土]11:00～16:00(L.O.15:30)18:00～20:00(L.O.19:30)[日・祝]11:00～15:00(L.O.14:30)
日曜営業
定休日
月曜日",東京都品川区旗の台2-7-3,https://tabelog.com/tokyo/A1317/A131712/13260397/
ラーメン,宮崎辛麺酒場 大井町バル横丁,"営業時間
[ランチ]全日：11:30-14:00[ディナー]月～木：17:00-24:00(L.O.22:30)金：17:00-23:00(L.O.22:30)土日祝：11:30-15:00
日曜営業
定休日
月曜日",東京都品川区東大井5-2-8 橋本ビル 1F,https://tabelog.com/tokyo/A1315/A131501/13253781/
ラーメン,豚山 五反田店,"営業時間
営業時間・休業営業時間・休業日は変更となる場合がございますので、HPにて最新情報をご確認ください
日曜営業
定休日
年中無休",東京都品川区東五反田1-26-6,https://tabelog.com/tokyo/A1316/A131603/13260380/
ラーメン,麺や 美風 戸越銀座店,"営業時間
11:00～25:00（Ｌ.Ｏ.24：30）
日曜営業
定休日
無休",東京都品川区戸越1-15-18,https://tabelog.com/tokyo/A1317/A131712/13217936/
ラーメン,舎鈴 西小山店,"営業時間
11:00～23:00 (L.O. 22:30)
日曜営業
定休日
なし",東京都品川区小山6-2-1,https://tabelog.com/tokyo/A1317/A131710/13187475/
ラーメン,ラーメン タロー 五反田の陣,"営業時間
ラーメンタロー 営業時間⏰ ・五反田の陣平日11:00〜15:30 16:30〜0:00 日曜のみ：11:00〜21:00
日曜営業
定休日
無休",東京都品川区西五反田8-4-15,https://tabelog.com/tokyo/A1316/A131603/13180519/
ラーメン,ラーメン家 がんくろ,"営業時間
11:00～15:0017:30～21:00
日曜営業
定休日
火曜日",東京都品川区荏原3-3-20,https://tabelog.com/tokyo/A1317/A131710/13276173/
ラーメン,とうりゃんせ,"営業時間
⁡[月・火・木～日]⁡⁡11:30～14:3017:30～22:00(L.O.21:30)
日曜営業
定休日
水曜・第3火曜",東京都品川区戸越5-18-9,https://tabelog.com/tokyo/A1317/A131712/13066260/
ラーメン,あおた,"営業時間
月-土　11時頃-20時頃日曜休み
定休日
日・祝",東京都品川区東品川1-35-3,https://tabelog.com/tokyo/A1314/A131405/13066294/
ラーメン,六厘舎 大崎店,"営業時間
[月～金]11:00～23:00(L.O.22:30)[土・日・祝]11:00～22:30(L.O.22:00)
日曜営業",東京都品川区大崎2-11 大崎ウィズシティ 1F,https://tabelog.com/tokyo/A1316/A131604/13167354/
ラーメン,日高屋 旗の台店,"営業時間
10:30～21:00(L.O.20:30)
日曜営業
定休日
無休",東京都品川区旗の台2-7-6,https://tabelog.com/tokyo/A1317/A131712/13105849/
ラーメン,長浜や 青物横丁店,"営業時間
11:00～(麺切れ次第終了)
日曜営業
定休日
無休",東京都品川区南品川3-6-3,https://tabelog.com/tokyo/A1315/A131501/13152938/
ラーメン,越後つけ麺 維新 大井町店,"営業時間
11:00~19:45(L.O.)
日曜営業",東京都品川区大井1-1-7,https://tabelog.com/tokyo/A1315/A131501/13141630/
ラーメン,博多ラーメン 長浜や 大崎店,,東京都品川区大崎2-11-1 大崎ウィズタワー 1F,https://tabelog.com/tokyo/A1316/A131604/13253170/
ラーメン,日高屋 西大井駅前店,"営業時間
［月～金］11:00～23:00(L.O.22:30)［土・日・祝］11:00～22:30",東京都品川区西大井1-3-2,https://tabelog.com/tokyo/A1317/A131712/13200663/
ラーメン,春樹 青物横丁店,"営業時間
[月～日]11:00～24:00
日曜営業
定休日
無休",東京都品川区南品川3-6-4 トーシンビル 1F,https://tabelog.com/tokyo/A1315/A131501/13221266/
ラーメン,つけ麺GAKU,"営業時間
[月～金］11:00～20:30［土・祝］11:00～14:30
定休日
日曜日、不定休",東京都品川区西五反田2-11-11 ヒルトップ五反田ハイツ 1F,https://tabelog.com/tokyo/A1316/A131603/13249286/
ラーメン,つるん,"営業時間
11:00～15:30
定休日
日曜日",東京都品川区西中延2-14-12,https://tabelog.com/tokyo/A1317/A131712/13160363/
ラーメン,喜家　ともえ軒 大森本店,"営業時間
[月～金]11:00～14:00　17:00～23:00[土・日]11:00～14:00　17:00～21:00
定休日
日曜日",東京都品川区南大井6-2-4,https://tabelog.com/tokyo/A1315/A131502/13115491/
ラーメン,横浜家系らーめん 武術家,"営業時間
11:00～翌2:00
日曜営業
定休日
年中無休",東京都品川区大井1-50-14 SK幸生ビル 1F,https://tabelog.com/tokyo/A1315/A131501/13124496/
ラーメン,麺や ぱんだ,"営業時間
［月、水、金］11:00〜15:00／17:00〜20:00［火、木、土］11:00〜15:00［日］定休日
定休日
定休日（火、木、土曜夜と日曜日の貸切宴会は応相談）",東京都品川区南大井6-11-15 永井ビル 1F,https://tabelog.com/tokyo/A1315/A131502/13286595/
ラーメン,イレブンフーズ 源流 南品川店,"定休日
月曜日、火曜日",東京都品川区南品川2-15-3,https://tabelog.com/tokyo/A1314/A131405/13165903/
ラーメン,平太周 味庵,"営業時間
[月～土・祝]11:00～23:00[日]11:00～22:00
日曜営業
定休日
元日、１月２日",東京都品川区大崎4-2-2 トーカンマンション五反田　１Ｆ,https://tabelog.com/tokyo/A1316/A131603/13002046/
ラーメン,九州ラーメン 銀嶺,,東京都品川区小山2-6-10,https://tabelog.com/tokyo/A1317/A131710/13112621/
ラーメン,荏原町 しなてつ,"営業時間
［火～金］11:30～15:00／17:30～24:00（スープなくなり次第終了）［土・日］11:30～22:30
日曜営業
定休日
月曜(月曜祝日の場合火曜定休)",東京都品川区中延5-6-19 末廣園ビル １Ｆ,https://tabelog.com/tokyo/A1317/A131712/13106902/
ラーメン,福本屋,"営業時間
［月〜土］11:00〜14:0017:00〜20:00（L.O閉店時間の約10分前）
定休日
日祝",東京都品川区東大井1-3-31,https://tabelog.com/tokyo/A1315/A131501/13066285/
ラーメン,いとうや,"営業時間
11:30～13:50前後
定休日
日曜日・祝日・不定休あり",東京都品川区南品川5-9-26,https://tabelog.com/tokyo/A1315/A131501/13096462/
ラーメン,横浜家系らーめん 春樹 鮫洲店,"営業時間
11:00～23:30
日曜営業
定休日
無休",東京都品川区東大井1-17-19,https://tabelog.com/tokyo/A1315/A131501/13201959/
ラーメン,らー麺 家道,"営業時間
［火～金］11:00〜21:00［土・日］11:00〜16:00 17:00〜21:00［月］11:00〜15:00 17:00〜21:00
日曜営業
定休日
無休",東京都品川区平塚2-18-10,https://tabelog.com/tokyo/A1317/A131712/13153776/
ラーメン,元祖 ニュータンタンメン本舗 武蔵小山店,,東京都品川区小山4-4-3 MSビル 1F,https://tabelog.com/tokyo/A1317/A131710/13236212/
ラーメン,ラーメン魁力屋 五反田店,"営業時間
11:00～24:00（L.O.）
日曜営業
定休日
年末年始",東京都品川区西五反田1-8-1,https://tabelog.com/tokyo/A1316/A131603/13180547/
ラーメン,大公楼,"営業時間
11：00～翌4：00(L.O.翌3：30）
日曜営業
定休日
水曜日 　※第3火曜日のみ不定休",東京都品川区旗の台2-1-25 ライオンズマンション旗の台 101,https://tabelog.com/tokyo/A1317/A131712/13066256/
ラーメン,山形辛味噌らーめん だるま,"営業時間
[月～水、土・日］11:00〜14:30
日曜営業
定休日
木曜日",東京都品川区中延2-5-13,https://tabelog.com/tokyo/A1317/A131712/13286694/
ラーメン,Homemade Ramen 麦苗,"営業時間
11:00～15:30＊注＊午前9時頃からウェイティングボードが店頭に出ますので注意書きをよく確認の上、記名し、指定された集合時刻に戻ってくるシステムです。一人で複数人数分の席も取れます。
日曜営業
定休日
水曜日、木曜日(他にも月に数日有。twitterにて確認）",東京都品川区南大井6-11-10,https://tabelog.com/tokyo/A1315/A131502/13194812/
ラーメン,永楽,"営業時間
［火～金］11:30～22:00［土・日］11:30～21:00
日曜営業
定休日
月曜日",東京都品川区東大井5-3-2,https://tabelog.com/tokyo/A1315/A131501/13001868/
ラーメン,超絶濃厚鶏そば きりすて御麺,"営業時間
11:00～15:00(L.O.14:30)
定休日
月曜日、火曜日、水曜日、金曜日、土曜日、日曜日",東京都品川区小山台1-33-11 アネックスかむろ坂 1F,https://tabelog.com/tokyo/A1317/A131710/13264678/
ラーメン,きりきり舞,"営業時間
[火・水] 昼11:00～14:30・夜18:00～22:00 [木] 昼11:00～14:30[土・日・祝] 昼11:00～15:00・夜18:00～22:00
日曜営業
定休日
月曜日・第1火曜日",東京都品川区小山台1-33-11,https://tabelog.com/tokyo/A1317/A131710/13167106/
ラーメン,ラーメン ぶぅさん,,東京都品川区戸越5-15-1,https://tabelog.com/tokyo/A1317/A131712/13220921/
ラーメン,和牛ラーメン 繕,"定休日
無休",東京都品川区東大井5-5-8,https://tabelog.com/tokyo/A1315/A131501/13284795/
ラーメン,中華そば 多賀野,"営業時間
11:30～14:30※スープが終わり次第終了【年末年始】2023年12月30日〜1月10日まで休み
日曜営業
定休日
水曜日",東京都品川区中延2-15-10,https://tabelog.com/tokyo/A1317/A131712/13003421/
ラーメン,広州市場 五反田店,"営業時間
11:00～23:00
日曜営業
定休日
年末年始",東京都品川区東五反田1-21-11,https://tabelog.com/tokyo/A1316/A131603/13001555/
ラーメン,横浜家系ラーメン 裏大輝家 青物横丁店,"営業時間
11:00～15:00 17:00～23:00
日曜営業",東京都品川区南品川5-4-5,https://tabelog.com/tokyo/A1315/A131501/13289489/
ラーメン,のりや食堂,"営業時間
[月～金] 11:30～14:3017:30～翌1:00[土]11:30～15:00[日・祝]11:30～15:0017:30～21:00
日曜営業
定休日
無休",東京都品川区東大井5-19-9 アーバンハイム　１Ｆ,https://tabelog.com/tokyo/A1315/A131501/13001885/
ラーメン,TOKYO豚骨BASE MADE by 博多一風堂 大崎店,"営業時間
[月～金]11:00～22:00(L.O.21:45)[土・日]11:00～20:00(L.O.19:45)
日曜営業
定休日
不定休",東京都品川区大崎1-21 JR大崎駅 南改札口,https://tabelog.com/tokyo/A1316/A131604/13269485/
ラーメン,麺也 時しらず,"営業時間
11:00～14:3017:00～21:30(L.O.)
日曜営業
定休日
無休",東京都品川区大井1-34-7,https://tabelog.com/tokyo/A1315/A131501/13261791/
ラーメン,麺壱 吉兆,"営業時間
[水～金]11:30～14:3017:30～20:30[土・日・祝]11:30～14:30
日曜営業
定休日
月曜日、火曜日",東京都品川区東大井5-6-6,https://tabelog.com/tokyo/A1315/A131501/13134691/
ラーメン,田じまや,"営業時間
11：30～14：3017：30～23：00
日曜営業
定休日
水曜日",東京都品川区二葉3-2-8,https://tabelog.com/tokyo/A1317/A131712/13109794/
ラーメン,肉汁らーめん 公,"営業時間
[平日・土]11:00～23:00（L.O.22:45）[日・祝]11:00～22:00
日曜営業
定休日
無休",東京都品川区北品川2-25-10,https://tabelog.com/tokyo/A1314/A131405/13126798/
ラーメン,八徳,,東京都品川区平塚1-6-17,https://tabelog.com/tokyo/A1317/A131712/13285242/
ラーメン,横浜家系ラーメン 岡本家,"営業時間
[月～日]11:00～23:00
日曜営業
定休日
不定休",東京都品川区東大井2-23-2,https://tabelog.com/tokyo/A1315/A131501/13277488/
ラーメン,麺でる 戸越公園店,"営業時間
11:30～14:3018:00～20:30(L.O)
日曜営業
定休日
火曜日と金曜日",東京都品川区戸越5-18-11,https://tabelog.com/tokyo/A1316/A131604/13113214/
ラーメン,ぶるんちょ,"営業時間
昼　11：30〜14：30夜　17：00〜20：00(LO 19：30)
定休日
不定休",東京都品川区西五反田5-2-12,https://tabelog.com/tokyo/A1317/A131710/13258093/
ラーメン,ボニート・ボニート,"営業時間
[平日]11:30～14:0018:15～20:00[土・日・祝]11:30～15:0018:15～20:00※売り切れ次第終了になります。
定休日
月曜日（祝日の場合は営業）",東京都品川区小山4-1-8 いつみハイツ　１０１,https://tabelog.com/tokyo/A1317/A131710/13020897/
ラーメン,三陽楼,"営業時間
[火～土]11:30～14:30 17:30～22:00[日]11:30～14:30
日曜営業
定休日
月曜日",東京都品川区東中延2-1-16,https://tabelog.com/tokyo/A1317/A131712/13253993/
ラーメン,日高屋 目黒東口店,"営業時間
11:00～翌23:00(L.O.22:30)",東京都品川区上大崎2-13-35 ニューフジビル 1F,https://tabelog.com/tokyo/A1316/A131601/13172716/
ラーメン,大森家,"営業時間
【月～金】･ランチ 11:00〜15:00(L.O.14:45)･ディナー 17:00〜24:00(L.O.23:30)【土･日･祝日】･ 11:00〜23:00(L.O.22:30)※年末年始･お盆期間は営業時間が異なる場合がございます｡
日曜営業
定休日
年中無休",東京都品川区南大井6-24-14,https://tabelog.com/tokyo/A1315/A131502/13182891/
ラーメン,喜多方ラーメン 坂内 五反田駅前店,"営業時間
10:45～22:30(L.O.22:20)
日曜営業
定休日
無休",東京都品川区西五反田2-5-8 野津ビル 1F,https://tabelog.com/tokyo/A1316/A131603/13240671/
ラーメン,つけめんTETSU 五反田店,"営業時間
[月～木]11:00～翌1:00[金・土・祝前]11:00～翌3:00[日・祝]11:00～23:00
日曜営業
定休日
無休",東京都品川区東五反田2-1-1 JR五反田駅高架下,https://tabelog.com/tokyo/A1316/A131603/13285988/
ラーメン,さつまっ子 荏原店,,東京都品川区荏原2-3-4,https://tabelog.com/tokyo/A1317/A131712/13018528/
ラーメン,元祖博多 中洲屋台ラーメン 一竜 大井町東口店,"営業時間
営業時間月～木・日：11:00～翌3:00金・土：11:00～翌4:00
日曜営業
定休日
無休",東京都品川区東大井5-3-9,https://tabelog.com/tokyo/A1315/A131501/13200988/
ラーメン,天下一品 青物横丁店,"営業時間
11:00～22:00(L.O.21:30)
日曜営業
定休日
月曜日",東京都品川区南品川3-5-3 山崎ビル 1F,https://tabelog.com/tokyo/A1315/A131501/13252290/
ラーメン,新橋 纏 不動前店,,東京都品川区西五反田5-11-13 ゆうかりビル 1F,https://tabelog.com/tokyo/A1317/A131710/13285625/
ラーメン,煮干しNoodles Nibo Nibo Cino,"営業時間
[月～金]11:00～14:0017:00～21:00［土日祝］11:00～15:00
日曜営業
定休日
木曜日",東京都品川区旗の台2-13-14,https://tabelog.com/tokyo/A1317/A131712/13247793/
ラーメン,らーめん大森,,東京都品川区南大井3-31-15,https://tabelog.com/tokyo/A1315/A131502/13110720/
ラーメン,舎鈴 北品川店,"営業時間
11:00～22:30
日曜営業
定休日
無休",東京都品川区北品川2-15-6,https://tabelog.com/tokyo/A1314/A131405/13197050/
ラーメン,札幌味噌らーめん 葵葉 荏原中延店,"営業時間
11:00〜15:00（L.O.  14:45）17:30〜20:30（L.O.  20:15）
日曜営業
定休日
火曜日",東京都品川区中延2-8-13 荏原中延MKビル 1F,https://tabelog.com/tokyo/A1317/A131712/13265580/
ラーメン,ラーメン道楽 旗の台店,"営業時間
24時間営業
日曜営業
定休日
無休",東京都品川区旗の台2-7-4,https://tabelog.com/tokyo/A1317/A131712/13153057/
ラーメン,麺や 維新,"営業時間
11:00〜15:0018:00〜21:30(L.O.21:10)
定休日
日曜日",東京都品川区上大崎3-4-1 サンリオンビル １Ｆ,https://tabelog.com/tokyo/A1316/A131601/13161626/
ラーメン,函館らーめん 汐のや,,東京都品川区小山6-4-7,https://tabelog.com/tokyo/A1317/A131710/13202179/
ラーメン,日高屋 青物横丁店,"営業時間
［月～金］10:00～翌1:30(L.O.1:00)［土］10:00～23:00［日・祝］10:00～22:30
日曜営業
定休日
無休",東京都品川区南品川3-5-1,https://tabelog.com/tokyo/A1315/A131501/13192452/
ラーメン,博多 一鯛一,"営業時間
【月〜土】一部：11:00～15:00  二部：17:00〜3:00【日曜】一部：11:00～15:00  
日曜営業
定休日
定休日　無し　日曜の営業は11時〜15時まで",東京都品川区東五反田1-8-11 シルバープラザ五反田 1F,https://tabelog.com/tokyo/A1316/A131603/13283769/
ラーメン,呑み処 談,,東京都品川区東五反田1-17-10 ナカヤビル 1F,https://tabelog.com/tokyo/A1316/A131603/13132574/
ラーメン,らーめん えにし,"営業時間
[水～金]11:00～15:00(L.O.14:30)17:00～21:30(L.O.21:00)[土・日・祝]11:00～17:30(L.O.17:00)
日曜営業
定休日
月曜日、火曜日",東京都品川区平塚2-18-8 藤井ビル 2F,https://tabelog.com/tokyo/A1317/A131712/13003424/
ラーメン,元祖 中華つけ麺 大王 鮫洲店,"営業時間
11:00～17:00
日曜営業
定休日
土・祝",東京都品川区東大井1-13-12 クレールメゾン品川1F,https://tabelog.com/tokyo/A1315/A131501/13114910/
ラーメン,元祖ニュータンタンメン本舗 ニューみそ屋 五反田店,"営業時間
ランチ　11:30～15:00（L.O.14:45）ディナー月～木　18:30～24:00（L.O.23:30） 金　18:30～24:30（L.O.24:00） 土・祝日　18:00～22:00（L.O.21:45）
定休日
日曜日",東京都品川区東五反田1-18-14 1F,https://tabelog.com/tokyo/A1316/A131603/13216264/
ラーメン,のスた,"営業時間
11:00～14:3017:00～20:00※土日は昼営業で終わる可能性あり。※営業時間前後あるため最新の情報はTwitter参照。
日曜営業
定休日
不定休（Twitter参照）",東京都品川区東大井6-1-1,https://tabelog.com/tokyo/A1315/A131501/13248881/
ラーメン,麺場 風天,"営業時間
11：00～15：3017：00～23：00
定休日
火曜日",東京都品川区東大井5-5-8,https://tabelog.com/tokyo/A1315/A131501/13109967/
ラーメン,家系ラーメン まこと家,"営業時間
9:30～翌3:00
日曜営業
定休日
水曜日",東京都品川区南品川3-1-10 MGグレート 1F,https://tabelog.com/tokyo/A1315/A131501/13018507/
ラーメン,ゆうすけ,"営業時間
11:30～15:00／17:00～翌0:00
日曜営業
定休日
不定休（水曜休みが多い）",東京都品川区中延5-7-5 清塚ビル 1F,https://tabelog.com/tokyo/A1317/A131712/13162170/
ラーメン,中華そば 和渦 TOKYO,"営業時間
[月～土]11:00～14:3018:00～20:30(売り切れ次第終了)
定休日
日曜日",東京都品川区北品川3-2-1 MTM STUDIO 2F,https://tabelog.com/tokyo/A1314/A131405/13233678/
ラーメン,山頭火 五反田店,"営業時間
［月］ 11:00～18:00  [火〜金]11:00〜21:00［祝］11:00～20:00
定休日
土曜日　日曜日",東京都品川区西五反田2-15-10 グリンデル五反田 1F,https://tabelog.com/tokyo/A1316/A131603/13003387/
ラーメン,麺ロード 大森店,,東京都品川区南大井3丁目17-9 ベルズ大森 １Ｆ,https://tabelog.com/tokyo/A1315/A131502/13046272/
ラーメン,麺屋 彩音,"営業時間
[月・火・水・木・土]11:00～14:3018:00～21:30[金]11:00～14:3018:00～23:30
定休日
日曜日",東京都品川区西五反田2-18-3 グレイス五反田 1F,https://tabelog.com/tokyo/A1316/A131603/13250923/
ラーメン,手打ち正麺 Hachimitsu,"営業時間
[月～土］11:45～15:00　17:30～麺・スープ無くなり次第終了
定休日
日曜日",東京都品川区西五反田1-33-10 サインタワー B1F,https://tabelog.com/tokyo/A1316/A131603/13284889/
ラーメン,日高屋 西五反田1丁目店,"営業時間
10:00～23:00
日曜営業
定休日
無休",東京都品川区西五反田1-26-2 五反田サンハイツ 1F,https://tabelog.com/tokyo/A1316/A131603/13139782/
ラーメン,丸 中華そば,"営業時間
［月～金］11:30～15:00 18:00～20:00［土］11:30～15:00
定休日
日曜日、祝日",東京都品川区大井1-20-20,https://tabelog.com/tokyo/A1315/A131501/13198225/
ラーメン,江戸一,"営業時間
11:00～24:00
定休日
日曜日",東京都品川区東大井5-3-9,https://tabelog.com/tokyo/A1315/A131501/13066291/
ラーメン,味丸,"営業時間
［月～金］11:00～14:00 17:00～20:00［土・祝］11:00～15:00
定休日
日曜日、第2・4月曜日",東京都品川区北品川2-23-1 本田ビル　１Ｆ,https://tabelog.com/tokyo/A1314/A131405/13033429/
ラーメン,満腹ラーメン富田屋,"営業時間
[営業時間]10：00～20:00[出前時間]10：00～20：00
日曜営業",東京都品川区旗の台2-7-10 ドウエル旗の台　１Ｆ,https://tabelog.com/tokyo/A1317/A131712/13008383/
ラーメン,豚風。,"営業時間
11:00～24:00
日曜営業
定休日
無休",東京都品川区旗の台3-12-2,https://tabelog.com/tokyo/A1317/A131712/13265033/
ラーメン,ゆうぎ家,,東京都品川区大井1-23-2,https://tabelog.com/tokyo/A1315/A131501/13287328/
ラーメン,エース軒,"営業時間
11：00～23：00 
定休日
日曜日",東京都品川区東大井5-7-8,https://tabelog.com/tokyo/A1315/A131501/13109785/
ラーメン,ラーメン一政,"営業時間
11:30～14:00(L.O.13:30)18:00～翌3:00（L.O.翌2:00）※コロナ禍、東京都からの要請や指示で都度変動あり
定休日
日曜日、祝日",東京都品川区中延6-3-14 ＧＳハイム荏原 １Ｆ,https://tabelog.com/tokyo/A1317/A131712/13066278/
ラーメン,ザ・ラーメン スモールアックス,,東京都品川区東大井5-3-5,https://tabelog.com/tokyo/A1315/A131501/13138821/
ラーメン,井田商店,"営業時間
(火〜金)11:30〜14:30/18:00〜20:00(土日、祝日)11:30〜14:30 ランチ営業のみ
日曜営業
定休日
毎週月曜日",東京都品川区中延2-16-8,https://tabelog.com/tokyo/A1317/A131712/13091706/
ラーメン,麺屋 焔,,東京都品川区大井1-53-5,https://tabelog.com/tokyo/A1315/A131501/13154854/
ラーメン,武蔵家 大井町店,"営業時間
[月～木・日]7:00～翌2:00[金・土・祝前日]7:00～翌3:00
日曜営業
定休日
無休",東京都品川区東大井5-4-10,https://tabelog.com/tokyo/A1315/A131501/13090508/
ラーメン,中華蕎麦 無冠,,東京都品川区西五反田2-6-1 石塚ビル 1F,https://tabelog.com/tokyo/A1316/A131603/13279264/
ラーメン,喜多方ラーメン 坂内 武蔵小山店,"営業時間
11:00～22:00(L.O.21:45)
日曜営業
定休日
無休",東京都品川区小山3-15-1 パークシティ武蔵小山ザ・モール 1F,https://tabelog.com/tokyo/A1317/A131710/13249108/
ラーメン,桜田 みそら,"営業時間
[月・日・祝]11:30～15:30[火～土]11:30～15:3017:30～21:00
日曜営業
定休日
無休",東京都品川区西五反田2-30-10 セブンスターマンション五反田 1F,https://tabelog.com/tokyo/A1316/A131603/13262920/
ラーメン,麺屋 藤しろ,"営業時間
【月～土】11:00～翌1:00【日曜日】11:00〜23:00
日曜営業
定休日
無休",東京都品川区上大崎2-27-1 サンフェリスタ目黒 1F,https://tabelog.com/tokyo/A1316/A131601/13143426/
ラーメン,らーめん荏原一政,"営業時間
11:30～21:00(L.O.20:00)
定休日
日曜日",東京都品川区中延6-1-20 サンハイツ６１ １Ｆ,https://tabelog.com/tokyo/A1317/A131712/13066277/
ラーメン,はいむる,"営業時間
11:30～18:45
日曜営業
定休日
月曜日",東京都品川区小山4-9-4 1F,https://tabelog.com/tokyo/A1317/A131710/13278690/
ラーメン,丸吉飯店,"営業時間
17:00～翌1:00
定休日
日曜日",東京都品川区大井1-50-14,https://tabelog.com/tokyo/A1315/A131501/13044094/
ラーメン,麺屋お杉,"営業時間
[月～金]　11:30～14:00※材料無くなり次第、終了となります。休業等の情報はInstagramにて確認お願いします
定休日
土曜日・日曜日・祝日",東京都品川区東五反田1-23-6 ロゼビル 3F,https://tabelog.com/tokyo/A1316/A131603/13103579/
ラーメン,ラーメン二郎 品川店,"営業時間
[月～金]10:00～14:00(L.O.13:30)17:00～21:00(L.O.20:30)[土]10:00～14:00
定休日
日曜日、祝日、月2回土曜日",東京都品川区北品川1-18-5 サンサーラ品川,https://tabelog.com/tokyo/A1314/A131405/13007375/
ラーメン,真鯛らーめん 麺魚 五反田店,"営業時間
[月～日]11:00 ～ 翌6:30
日曜営業
定休日
なし",東京都品川区西五反田1-24-4 タキゲンビル 1F,https://tabelog.com/tokyo/A1316/A131603/13269289/
ラーメン,でびっと 中延本店,"営業時間
[月～金]11：00～23：00 (延長営業あり)[土]11：00〜23：00[日・祝]11：00～22：00
日曜営業
定休日
不定休",東京都品川区東中延2-10-10 Ｓｔ．中延 1Ｆ,https://tabelog.com/tokyo/A1317/A131712/13003414/
ラーメン,支那そばはせべ,"営業時間
[月～金]11:30～14:30 18:00～21:45[土・日・祝]11:30～14:30
日曜営業
定休日
無休",東京都品川区東五反田1-18-14 東五反田ビル　１Ｆ,https://tabelog.com/tokyo/A1316/A131603/13007182/
ラーメン,爆龍,"営業時間
【平日】11：30～15：3017：30～21：00【土・日・祝】11：30～15：3017：00〜20：00※入店は各閉店時間の30分前までです
日曜営業
定休日
月曜日 (祝日の場合営業、翌火曜日休業)",東京都品川区小山4-8-5,https://tabelog.com/tokyo/A1317/A131710/13178446/
ラーメン,京都拉麺 めんくら,"営業時間
11:00～23:00(L.O.22:30)",東京都品川区南品川2-7-13,https://tabelog.com/tokyo/A1315/A131501/13287386/
ラーメン,天下一品 目黒店,"営業時間
11:00～22:00
日曜営業
定休日
無休",東京都品川区上大崎2-26-5 メグロードビル　１Ｆ,https://tabelog.com/tokyo/A1316/A131601/13014644/
ラーメン,らーめん村,"営業時間
11:30～14:45(L.O.14:30)17:00～21:00(L.O.20:45)
日曜営業
定休日
日曜隔週",東京都品川区小山6-6-10,https://tabelog.com/tokyo/A1317/A131710/13066263/
ラーメン,らあめん花月嵐 不動前店,"営業時間
[店内営業時間]11:00～22:00[出前館受付時間]11:00～19:00[Uber Eats受付時間]11:00～19:00
日曜営業
定休日
無休",東京都品川区西五反田4-29-13 サン ムラカミ イーストエンド 1F,https://tabelog.com/tokyo/A1317/A131710/13162203/
ラーメン,天下一品 五反田店,"営業時間
11:00～22:30
日曜営業",東京都品川区西五反田1-11-9 司ビル　１Ｆ,https://tabelog.com/tokyo/A1316/A131603/13002034/
ラーメン,日高屋 阪急大井町ガーデン店,"営業時間
[月～日]10:00～22:30(L.O.22:00)
日曜営業
定休日
無休",東京都品川区大井1-50-5 阪急大井町ガーデン 1F,https://tabelog.com/tokyo/A1315/A131501/13127374/
ラーメン,せい家 武蔵小山店,"営業時間
[月～日]11:00～翌2:30当店のこだわり野菜や肉は新鮮な国産品水も大切な食材ですので特殊な浄水器を使用常に明るい笑顔で元気よく挨拶し毎日美味しいラーメンをご提供スープはヤケドしないようぬるめでお出ししていますが熱々が好みの方は注文時にスープ熱々とおおせください至らない点があれば何なりとお申し付けください出来ませんを言う前にやってみますの「せい家」です
日曜営業
定休日
無休",東京都品川区小山3-25-2,https://tabelog.com/tokyo/A1317/A131710/13083269/
ラーメン,らあめん工房 じらい屋,"営業時間
11:30～15:0017:30～21:00 
日曜営業
定休日
木曜日",東京都品川区小山4-4-17 1F,https://tabelog.com/tokyo/A1317/A131710/13217425/
ラーメン,らあめん花月嵐 中延店,"営業時間
[店内営業時間]11:00～22:00(L.O 21:30)
日曜営業
定休日
なし",東京都品川区中延6-3-7 ドルチェ坂本 1F,https://tabelog.com/tokyo/A1317/A131712/13055920/
ラーメン,つけめん処　けんみん,"営業時間
11:30～15:00/17:00～22:30
定休日
日曜日",東京都品川区西五反田5-12-3,https://tabelog.com/tokyo/A1317/A131710/13060758/
ラーメン,ラーメン豚39 大井町店,"営業時間
11:00～22:00（材料なくなり次第終了）
日曜営業
定休日
月曜日",東京都品川区大井1-22-18,https://tabelog.com/tokyo/A1315/A131501/13261816/
ラーメン,まるきんラーメン 中延店,"営業時間
11:30～翌4:00
日曜営業
定休日
無休",東京都品川区豊町6-24-19,https://tabelog.com/tokyo/A1317/A131712/13003416/
ラーメン,一途,"営業時間

日曜営業
定休日
無休",東京都品川区小山2-17-30,https://tabelog.com/tokyo/A1317/A131710/13161190/
ラーメン,ラーメン道楽 鮫洲店,"営業時間
毎日24時間営業年末年始も営業しております■1F24時間営業■2F[月～木]11：30～14：00　17：00～24：00[金]11：30～14：00　17：00～翌3：00[土]11：30～翌3：00[日・祝]11：30～24：00
日曜営業
定休日
年中無休",東京都品川区東大井1-21-9,https://tabelog.com/tokyo/A1315/A131501/13001872/
ラーメン,濃厚豚骨ラーメン 濱虎家,"営業時間
営業時間11:00～26:00
日曜営業
定休日
火曜日",東京都品川区東大井5-4-13,https://tabelog.com/tokyo/A1315/A131501/13148316/
ラーメン,町田商店 大崎店,"営業時間
営業時間・休業日は変更となる場合がございますので、HPにて最新情報をご確認ください
日曜営業
定休日
無休",東京都品川区大崎1-6-5 ニューシティ 2F,https://tabelog.com/tokyo/A1316/A131604/13286530/
ラーメン,日高屋 武蔵小山店,"営業時間
［月～木］10:30～23:30(L.O.23:00)［金・土］10:30～翌2:00［日・祝］11:00～23:00
日曜営業
定休日
無休",東京都品川区小山3-24-3 丸三商店 1F・2F,https://tabelog.com/tokyo/A1317/A131710/13168765/
ラーメン,風は南から,"営業時間
[月・火・木・金・土]11:00～22:45[水]11:00～16:45 18:30～22:45[日・祝]11:00～22:30※スープの状況で早めに閉店する場合あり
日曜営業
定休日
無休",東京都品川区小山4-4-2,https://tabelog.com/tokyo/A1317/A131710/13177813/
ラーメン,會津黒中華,"営業時間
[月～土]10:30～15:00(L.O.14:45)17:30～20:00(L.O.19:45)
定休日
日曜日",東京都品川区南大井3-1-17,https://tabelog.com/tokyo/A1315/A131502/13285362/
ラーメン,威風 五反田店,"営業時間
24時間営業
日曜営業
定休日
無休",東京都品川区東五反田2-3-2,https://tabelog.com/tokyo/A1316/A131603/13267037/
ラーメン,銀座 いし井 五反田店,"営業時間
11:00～22:00
日曜営業
定休日
無休",東京都品川区西五反田1-24-4,https://tabelog.com/tokyo/A1316/A131603/13159962/
ラーメン,らーめん食堂 あの小宮,"営業時間
【月～金】・ランチ11:30～14:30(L.O14:20)・ディナー17:00～22:00(L.O21:30)
定休日
土曜日、日曜日、祝日",東京都品川区西品川1-1-1 大崎ガーデンタワー 1F,https://tabelog.com/tokyo/A1315/A131501/13223913/
ラーメン,麺処 いそ平,"営業時間
11:00～14:00
定休日
日曜日・祝日",東京都品川区二葉1-10-11 北岡 1F,https://tabelog.com/tokyo/A1317/A131712/13279025/
ラーメン,武蔵小山大勝軒,"営業時間
11:30～15:00(L.O14:45)17:00～21:00(L.O20:45)
日曜営業",東京都品川区小山3‐5‐8 ローザンヌビル1F,https://tabelog.com/tokyo/A1317/A131710/13116031/
ラーメン,麺屋 幸虎,"営業時間
【月〜日】11:15〜16:00(LO10分前)17:00〜21:30(LO10分前)※営業時間、定休日変動することがございます。
日曜営業
定休日
不定休",東京都品川区西大井2-2-1 アネックスKI 102,https://tabelog.com/tokyo/A1315/A131502/13277330/
ラーメン,一風堂 五反田東口店,"営業時間
［月～金］11:00～22:00［土・日］10:30～22:00
日曜営業
定休日
無休",東京都品川区東五反田1-14-14 北原ビル 2F,https://tabelog.com/tokyo/A1316/A131603/13196452/
ラーメン,らぁ麺 貝屋の台所 匠大崎店,"営業時間
[月～土] 11:30～15:3016:30～20:00
定休日
日·祝日",東京都品川区大崎3-6-17 ニュー大崎ビル 2F,https://tabelog.com/tokyo/A1316/A131604/13262461/
ラーメン,らーめん バリ男 大森店,"営業時間
11:00～21:00
日曜営業
定休日
無休",東京都品川区南大井6-24-1,https://tabelog.com/tokyo/A1315/A131502/13259297/
ラーメン,らあめんや 楽,,東京都品川区勝島2-1-2 大井競馬場 第4スタンド3F,https://tabelog.com/tokyo/A1315/A131502/13135724/
ラーメン,どさん子 大将,"営業時間

日曜営業
定休日
月曜日",東京都品川区東大井3-21-8,https://tabelog.com/tokyo/A1315/A131501/13055708/
ラーメン,一意専心,"営業時間
[月]17:00〜翌2:00[火〜金]11:00〜14:30(L.O)
定休日
土曜日、日曜日",東京都品川区小山6-6-19 ミッテ大和屋 1F  Beer&Cuban sand Fiesta,https://tabelog.com/tokyo/A1317/A131710/13284946/
ラーメン,鳥貝一献 大崎店,,東京都品川区大崎3-6-17 ニュー大崎ビル 2F,https://tabelog.com/tokyo/A1316/A131604/13262930/
ラーメン,食堂 ニッコロガシ,"営業時間
11:00～15:00
定休日
日曜日・祝日 土曜日不定休（インスタ、店掲示にてお知らせ）",東京都品川区二葉1-7-11-101,https://tabelog.com/tokyo/A1317/A131712/13291417/
ラーメン,カニ龍,"営業時間
11:00～15:00（L.O. 14:30）17:00～22:00（L.O. 21:30）
日曜営業
定休日
月曜日",東京都品川区東品川1-1-11,https://tabelog.com/tokyo/A1314/A131405/13291163/
ラーメン,赤家 中延店,,東京都品川区豊町6-2-2 濱名ビル 1F,https://tabelog.com/tokyo/A1317/A131712/13291002/
ラーメン,ラーメン亭 ふう,,東京都品川区東大井2-22-14,https://tabelog.com/tokyo/A1315/A131501/13248167/
ラーメン,藤井屋 船堀店,"営業時間
11:00～15:00 17:00～23:00
日曜営業
定休日
火曜日",東京都江戸川区船堀1-8-19 A-6,https://tabelog.com/tokyo/A1312/A131205/13190599/
ラーメン,麺屋 清水,"営業時間
[火～土]11:30-14:30 / 18:30-23:00[日]11:30-15:00 
日曜営業
定休日
月曜(祝日の場合でも休業)",東京都江戸川区西小岩4-1-5,https://tabelog.com/tokyo/A1312/A131204/13127845/
ラーメン,一歩,"営業時間
11:30～翌1:00（日祝～0:00）",東京都江戸川区篠崎町7-19-13,https://tabelog.com/tokyo/A1312/A131205/13066064/
ラーメン,おとど食堂 葛西店,"営業時間
[全日] 11:30～24:00
日曜営業
定休日
無休",東京都江戸川区東葛西6-15-1 コウセツビル 1F,https://tabelog.com/tokyo/A1313/A131305/13187806/
ラーメン,札幌麺や 鬼てつ,,東京都江戸川区一之江5-13-12,https://tabelog.com/tokyo/A1312/A131205/13043316/
ラーメン,壱角家 葛西店,"営業時間
11:00～23:00(L.O.22:30)",東京都江戸川区中葛西3-35-3 こうや天忠ビル 1F,https://tabelog.com/tokyo/A1313/A131305/13270781/
ラーメン,こまつ屋,,東京都江戸川区南小岩7-2-1,https://tabelog.com/tokyo/A1312/A131204/13191422/
ラーメン,らーめん 北斗 一之江店,"営業時間
[月～土]11:00～25:00[日・祝]11:00～23:00 
日曜営業
定休日
不定休",東京都江戸川区一之江6-5-12,https://tabelog.com/tokyo/A1312/A131205/13057555/
ラーメン,らーめん はなぶさ,"営業時間
11:30～14:3017:30～翌2::00
日曜営業
定休日
水曜日",東京都江戸川区西葛西4-1-19,https://tabelog.com/tokyo/A1313/A131305/13066075/
ラーメン,麺家 六三四,,東京都江戸川区西小岩1-6-19,https://tabelog.com/tokyo/A1312/A131204/13214286/
ラーメン,横浜家系ラーメン 作田家,"営業時間
[月～金]12:00～13:30 18:30～20:00[土・日・祝]12:00～13:30※麺・スープが無くなり次第終了
日曜営業
定休日
火曜日",東京都江戸川区西小岩1-29-6 １Ｆ,https://tabelog.com/tokyo/A1312/A131204/13093723/
ラーメン,拉麺 生姜と肉,"営業時間
11:30～15:0018:00～21:00
日曜営業
定休日
月曜日、木曜日",東京都江戸川区平井5-14-7,https://tabelog.com/tokyo/A1312/A131202/13286988/
ラーメン,珍来 小岩店,"営業時間
11:00～翌2:00
日曜営業
定休日
無休",東京都江戸川区南小岩7-28-9,https://tabelog.com/tokyo/A1312/A131204/13037250/
ラーメン,宝来軒,"営業時間
営業時間【平日】11:30〜14:30【金曜夜の営業】17:30～20:00 【土日(祝日の営業日)】11:30～15:00
日曜営業
定休日
月曜・火曜(祝日・年末年始は変更あり。詳しくは宝来軒 公式Facebook 公式Twitterをご覧ください)",東京都江戸川区中葛西2-22-9,https://tabelog.com/tokyo/A1313/A131305/13003081/
ラーメン,赤丸,"営業時間

日曜営業
定休日
火曜・水曜",東京都江戸川区松島3-15-6,https://tabelog.com/tokyo/A1312/A131204/13194632/
ラーメン,ラーメン トンボーン,"営業時間
10:00～14:30(L.O.)
日曜営業
定休日
不定休(公式Instagramで要確認)",東京都江戸川区南小岩8-11-14,https://tabelog.com/tokyo/A1312/A131204/13270493/
ラーメン,ラーメンインター,"営業時間
[月～土]11:00～18:00
定休日
日・祝　他大型連休時は平日と土曜日も休みあり",東京都江戸川区一之江5-13-11,https://tabelog.com/tokyo/A1312/A131205/13066055/
ラーメン,らーめん大 平井店,,東京都江戸川区平井5-12-5,https://tabelog.com/tokyo/A1312/A131202/13109067/
ラーメン,威風 南葛西店,"営業時間
24時間営業
日曜営業
定休日
無休",東京都江戸川区南葛西3-24-19,https://tabelog.com/tokyo/A1313/A131305/13268375/
ラーメン,江戸川ヌードル 悪代官,"営業時間
[火～土]11:30～15:00(L.O.14:30)18:00～23:00(L.O.22:30)[日]11:30～15:00(L.O.14:30)18:00～22:00(L.O.21:30)
日曜営業
定休日
月曜日",東京都江戸川区南小岩5-3-16 平山ビル 1F,https://tabelog.com/tokyo/A1312/A131204/13113396/
ラーメン,日高屋 平井南口店,"営業時間
10:00～21:00(L.O.20:30)
日曜営業
定休日
無休",東京都江戸川区平井3-30-6,https://tabelog.com/tokyo/A1312/A131202/13105842/
ラーメン,味仙館,"営業時間
11:00～15:0017:00～翌1:00 
日曜営業
定休日
第1・3水曜日",東京都江戸川区南葛西3-22-19,https://tabelog.com/tokyo/A1313/A131305/13115768/
ラーメン,開聞,"営業時間
ランチ　11時～14時ディナー　17時～24時
日曜営業
定休日
不定休",東京都江戸川区南葛西3-15-20,https://tabelog.com/tokyo/A1313/A131305/13264132/
ラーメン,東東,"営業時間
11：00～14：0017：00～21：00
日曜営業
定休日
水曜日",東京都江戸川区平井5-32-11,https://tabelog.com/tokyo/A1312/A131202/13066104/
ラーメン,スパイス・ラー麺 卍力 西葛西店,"営業時間
[月・火・木・金]11:00～15:0017:30～21:00[土・日]11:00～21:00
日曜営業
定休日
水曜日",東京都江戸川区西葛西3-16-5 スワームマンションⅡ 1F,https://tabelog.com/tokyo/A1313/A131305/13168253/
ラーメン,喜多方食堂 磯崎,"営業時間
[月～金]7:00～14:00
定休日
土曜・日曜",東京都江戸川区北葛西2-23-19 1F,https://tabelog.com/tokyo/A1312/A131205/13253266/
ラーメン,香味屋,,東京都江戸川区東小松川3-36-11,https://tabelog.com/tokyo/A1312/A131205/13050817/
ラーメン,らあめん花月嵐 西葛西メトロセンター店,"営業時間
[店内営業時間]月曜日〜土曜日　11:00〜26:00日曜日　11:00〜22:00
日曜営業
定休日
なし",東京都江戸川区西葛西6-14-2 西葛西メトロセンター１番街 1F,https://tabelog.com/tokyo/A1313/A131305/13049638/
ラーメン,小岩豚骨 らーめん 頃場,"営業時間
[月〜土]11:00〜翌2:00(L.O 1:45)[日]11:00〜翌1:00(L.O 0:45)
日曜営業
定休日
不定休",東京都江戸川区南小岩6-30-11 村越ビル 1F,https://tabelog.com/tokyo/A1327/A132701/13267442/
ラーメン,さつまっ子 春江町店,"営業時間
11:00～27:00 月曜日のみ11:00～22:00
日曜営業
定休日
無休",東京都江戸川区春江町2-37-13,https://tabelog.com/tokyo/A1312/A131205/13112232/
ラーメン,三都屋,"営業時間
11:30～13:3018:00～23:00
日曜営業
定休日
月曜日",東京都江戸川区北小岩3-1-15,https://tabelog.com/tokyo/A1312/A131204/13008085/
ラーメン,麺屋 武士道 本店,"営業時間
11：00～翌1：00
定休日
無休",東京都江戸川区南小岩7-26-18,https://tabelog.com/tokyo/A1312/A131204/13188444/
ラーメン,喜多方ラーメン 坂内 小岩店,"営業時間
［月～土］10:30～22:00(L.O.21:45)［日・祝］10:30～21:00(L.O.20:45)
日曜営業
定休日
無休",東京都江戸川区南小岩6-29-12 MKビル 1F,https://tabelog.com/tokyo/A1312/A131204/13195136/
ラーメン,芙蓉,"営業時間
11:00~14:30  17:00~20:30
日曜営業
定休日
火曜日",東京都江戸川区東小岩3-20-5,https://tabelog.com/tokyo/A1312/A131204/13066091/
ラーメン,たかし屋  西葛西店,,東京都江戸川区西葛西6-15-20 アイビーハイツ 1F,https://tabelog.com/tokyo/A1313/A131305/13148685/
ラーメン,麺屋 五十六 瑞江駅前店,"営業時間
[月～木] 11:30~14:3018:00～翌4:00(L.O.翌3:00) [金・土]11:30~14:3017:00～翌4:00(L.O.翌3:00) [日・祝] 11:30~14:3017:00～翌24:00(L.O.23:00)(土日祝の3連休の場合は中日は通常営業になります。)
日曜営業
定休日
定休日無",東京都江戸川区瑞江2-2-3 第2ストークビル 2F,https://tabelog.com/tokyo/A1312/A131205/13227042/
ラーメン,ラーメン ばんだい,"営業時間
10:00～24:00",東京都江戸川区篠崎町7-1-19,https://tabelog.com/tokyo/A1312/A131205/13268844/
ラーメン,光そば,"営業時間
[月・火・水・木・日]11:30～14:00 [金・土］11:30～14:00 19:00～21:00(無くなり次第終了)
日曜営業
定休日
不定休",東京都江戸川区東瑞江1-36-8,https://tabelog.com/tokyo/A1312/A131205/13242727/
ラーメン,幸楽苑 江戸川篠崎店,"営業時間
[月～金]10:00～22:00[土・日]9:00～22:00
定休日
無休",東京都江戸川区篠崎町1-260,https://tabelog.com/tokyo/A1312/A131205/13138514/
ラーメン,壱角家 平井店,"営業時間
[月～日]11:00～翌2:00
日曜営業
定休日
無休",東京都江戸川区平井5-15-8 平井駅前ビル 1F,https://tabelog.com/tokyo/A1312/A131202/13174733/
ラーメン,耶曼牛肉面,"営業時間
11:00～15:00 17:00～23:00
日曜営業
定休日
無休",東京都江戸川区南小岩7-20-10,https://tabelog.com/tokyo/A1312/A131204/13230781/
ラーメン,味噌一 一之江店,"営業時間
［月・火・水・金・土・日］11:00～翌5:00［木］11:00～22:00
日曜営業
定休日
無休",東京都江戸川区一之江4-10-11,https://tabelog.com/tokyo/A1312/A131205/13022808/
ラーメン,らぁ麺 ばら乃,,東京都江戸川区西葛西6-15-24 アパホテルTKP東京西葛西,https://tabelog.com/tokyo/A1313/A131305/13276603/
ラーメン,麺屋 敬 京成小岩店,,東京都江戸川区北小岩6-16-8,https://tabelog.com/tokyo/A1312/A131204/13277858/
ラーメン,麺屋 雄,"営業時間
[月・火・木・金]11:30～14:0018:00～23:00[土]11:30～15:0018:00～23:00[日]11:30～15:0018:00～22:00
日曜営業
定休日
水曜・第4木曜",東京都江戸川区一之江4-9-13 Ｓフラット　１Ｆ－Ｂ,https://tabelog.com/tokyo/A1312/A131205/13009558/
ラーメン,ラーメン二郎 小岩店,"営業時間
10:30～麺切れまで
定休日
月曜日、日曜日、祝日",東京都江戸川区西小岩3-31-13,https://tabelog.com/tokyo/A1312/A131204/13021952/
ラーメン,二代目TATSU,"営業時間
昼の部　11:30～14:30(L.O14:00)夜の部　18:00～24:00(L.O23:30)新型コロナウイルス感染対策のため入店、来店時は検温とマスクの着用をご協力ください。
日曜営業
定休日
月曜(祝日の場合営業、翌火曜休み)",東京都江戸川区東葛西5-33-8 ラ・エスキーナ 1F,https://tabelog.com/tokyo/A1313/A131305/13050771/
ラーメン,ラーメンマルイチ,"営業時間

日曜営業
定休日
水曜日",東京都江戸川区一之江3-10-13,https://tabelog.com/tokyo/A1312/A131205/13261773/
ラーメン,らーめん とうかんや,"営業時間
[月～金] ※第2・4・5月曜日除く11:00～14:3018:00～売り切れ次第終了[土・祝]11:00～15:00(売り切れ次第終了)緊急事態宣言中は夜の営業休止の場合あり営業日時変更の場合はSNSにて告知
定休日
日曜日、第2・4・5月曜日",東京都江戸川区西一之江1-12-7,https://tabelog.com/tokyo/A1312/A131205/13260623/
ラーメン,麺屋永吉 花鳥風月,"営業時間
[平日]11:30～１４：0０（ＬＯ）18:00～２1：００（ＬＯ）[土曜日］11:30～14:30（ＬＯ）18:00～21:00（ＬＯ）［日 ・ 祝 ］11:30～14:30  （ L  O ）18:00～20:00  （ L  O ）全日スープ売り切れ次第 ・終了
日曜営業
定休日
     お待たせしました マハラジャまぜそば 復活しました ！  月曜～水曜日の昼まで連休          水曜日の夜～日曜日の夜まで営業",東京都江戸川区中葛西3-30-11 ハピネスコート１０２,https://tabelog.com/tokyo/A1313/A131305/13125202/
ラーメン,麺や慶,"営業時間
[月～金]18:00～翌3:00[日・祝]18:00～翌2:00
日曜営業
定休日
土曜日",東京都江戸川区北小岩6-11-6 エスカイヤ北小岩,https://tabelog.com/tokyo/A1312/A131204/13233515/
ラーメン,大勝軒,,東京都江戸川区東葛西6-1-5 キャピタルコートVI 1F,https://tabelog.com/tokyo/A1313/A131305/13136806/
ラーメン,中華料理 喜利来,,東京都江戸川区松江3-15-5,https://tabelog.com/tokyo/A1312/A131205/13216838/
ラーメン,036,,東京都江戸川区北小岩2-22-14 コーポ橋本 1F,https://tabelog.com/tokyo/A1312/A131204/13174738/
ラーメン,とんぼ亭,"営業時間
11:00～14:5017:00～20:50(L.O.閉店10分前)
日曜営業
定休日
月曜日",東京都江戸川区宇喜田町1364-11-103,https://tabelog.com/tokyo/A1312/A131205/13054912/
ラーメン,日高屋 小岩南口店,"営業時間
10:00～23:00
日曜営業",東京都江戸川区南小岩7-23-9 第1島田ビル 1F,https://tabelog.com/tokyo/A1312/A131204/13210524/
ラーメン,大島,"営業時間
[火～土] 11:00～15:00、17:00～20:30(LO)[日・祝] 11:00～16:00、17:00～20:00※いずれもスープ無くなり次第終了
日曜営業
定休日
月(祝日の場合翌日休)　 12月の定休日　12/4、12/7、12/11、12/18、12/25　※12/31は昼のみ営業、12/7は店舗メンテナンスのため休業",東京都江戸川区船堀6-7-13,https://tabelog.com/tokyo/A1312/A131205/13155875/
ラーメン,豚骨一燈 アリオ葛西,"営業時間
【営業時間】10:00～21:00・20:00 デリバリーご注文 ラストオーダー・20:30 店内ご飲食、テイクアウト ラストオーダー
日曜営業
定休日
アリオ葛西に準ずる",東京都江戸川区東葛西9-3-3 1F,https://tabelog.com/tokyo/A1313/A131305/13218526/
ラーメン,アカシヤ,"営業時間
11:00～14:3017:00～21:00
日曜営業
定休日
火曜日",東京都江戸川区南小岩3-26-10,https://tabelog.com/tokyo/A1312/A131204/13066095/
ラーメン,自家製麺 ご藤,"営業時間
11:00～15:00",東京都江戸川区南小岩7-25-16,https://tabelog.com/tokyo/A1312/A131204/13282002/
ラーメン,らーめん 鶏の一,"営業時間
[火～土]11:00～23:00[月]11:00～15:00
定休日
日曜日",東京都江戸川区船堀2-11-16 1F,https://tabelog.com/tokyo/A1312/A131205/13286025/
ラーメン,ヨシベー 西葛西,"営業時間
11:30～23:00
日曜営業
定休日
無休",東京都江戸川区西葛西5-6-24 エンゼルハイム　１Ｆ,https://tabelog.com/tokyo/A1313/A131305/13118392/
ラーメン,麺 えどや,"営業時間
11:30～15:3018:00～
日曜営業
定休日
火曜日",東京都江戸川区南小岩6-30-6,https://tabelog.com/tokyo/A1312/A131204/13045131/
ラーメン,やなか草,,東京都江戸川区平井5-20-13,https://tabelog.com/tokyo/A1312/A131202/13007961/
ラーメン,ラーメン若,,東京都江戸川区西葛西3-15-11 第二江の本ビル 1F,https://tabelog.com/tokyo/A1313/A131305/13211952/
ラーメン,寿限無,,東京都江戸川区西小岩4-1-19,https://tabelog.com/tokyo/A1312/A131204/13066084/
ラーメン,日高屋 西葛西北口店,"営業時間
[月～金]10:00～23:00(L.O.22:30)[土・日]10:00～22:00(L.O.21:30)
日曜営業
定休日
無休",東京都江戸川区西葛西5-1-3 第6山秀ビル1F,https://tabelog.com/tokyo/A1313/A131305/13132513/
ラーメン,ちりめん亭 中葛西店,"営業時間
水〜月 11:00〜15:00 17:30〜22:00中休み15:00〜17:30
日曜営業
定休日
火曜日",東京都江戸川区中葛西5丁目15-9,https://tabelog.com/tokyo/A1313/A131305/13120010/
ラーメン,めん屋 そら 江戸川中央店,,東京都江戸川区中央2-30-9 宮崎コーポ 1F,https://tabelog.com/tokyo/A1312/A131204/13187684/
ラーメン,鼈,"営業時間
[水～月]11:00～15:30 (L.O.15:20)17:30～22:30 (L.O.22:20)
日曜営業
定休日
火曜日",東京都江戸川区南小岩7-27-7,https://tabelog.com/tokyo/A1312/A131204/13138997/
ラーメン,麦処 八と丁,"営業時間
11:30～14:3018:00～21:00(スープなくなり次第終了の場合あり)
日曜営業
定休日
不定休",東京都江戸川区一之江8-2-20,https://tabelog.com/tokyo/A1312/A131205/13264518/
ラーメン,壱角家 西葛西店,"営業時間
[月～日]11:00～翌2:00
日曜営業
定休日
無休",東京都江戸川区中葛西6-3-5 第2福正ビル 1F,https://tabelog.com/tokyo/A1313/A131305/13169486/
ラーメン,日高屋  瑞江駅前店,"営業時間
11:00～翌1:00
定休日
無休",東京都江戸川区瑞江2-1-2 ラパーク瑞江,https://tabelog.com/tokyo/A1312/A131205/13107860/
ラーメン,壱角家 メトロ西葛西店,"営業時間
[月～木・日]10:30～23:00[金・土]10:30～翌1:00
日曜営業
定休日
無休",東京都江戸川区西葛西6-7-2 西葛西メトログルメ・ショッピングセンター3番街,https://tabelog.com/tokyo/A1313/A131305/13194266/
ラーメン,だるま家,"営業時間
[月～日]11:00～24:00
日曜営業
定休日
無休",東京都江戸川区北葛西1-22-19,https://tabelog.com/tokyo/A1312/A131205/13155202/
ラーメン,駅ラーメン 深だし中華そば,"営業時間
11:00～15:00(L.O.14:45)17:30～23:00(L.O.22:45)",東京都江戸川区平井3-30-35,https://tabelog.com/tokyo/A1312/A131202/13275934/
ラーメン,ラーメン味ノ仙 新小岩,"営業時間
11:00～22:00",東京都江戸川区松島1-42-15,https://tabelog.com/tokyo/A1312/A131204/13207848/
ラーメン,みそ膳 葛西店,"営業時間
[日～土]11:30～翌01:00(L.O.00:30）
定休日
年中無休",東京都江戸川区中葛西5丁目19-17,https://tabelog.com/tokyo/A1313/A131305/13026234/
ラーメン,ちばき屋,"営業時間
[月～金] 11:30～14:4517:00～22:00[土・日・祝]11:30～22:00
日曜営業
定休日
無休",東京都江戸川区東葛西6-15-2,https://tabelog.com/tokyo/A1313/A131305/13003074/
ラーメン,ひろや,"営業時間
[月～日]11:00～22:30
日曜営業
定休日
年末年始",東京都江戸川区東葛西5-1-17,https://tabelog.com/tokyo/A1313/A131305/13054269/
ラーメン,麺家大勝軒 葛西店,"営業時間
[月～土・祝]11:00～24:00  [日]11:00～24:00
日曜営業
定休日
無休",東京都江戸川区中葛西1-31-5,https://tabelog.com/tokyo/A1313/A131305/13115227/
ラーメン,舎鈴 小岩北口店,"営業時間
11:00～23:00(LO 22:45)
日曜営業",東京都江戸川区西小岩1-21-20 坂牧ビル 102,https://tabelog.com/tokyo/A1312/A131204/13196433/
ラーメン,ラーメン魁力屋 一之江店,"営業時間
11:00～24:00
日曜営業
定休日
年中無休",東京都江戸川区一之江2-1-1,https://tabelog.com/tokyo/A1312/A131205/13163194/
ラーメン,貝だしらぁ麺と鶏白湯らぁ麺 ふじを,"営業時間
11:00〜22:00（L.O.21:30）
日曜営業
定休日
無休",東京都江戸川区東葛西8-28-11 ノーブル東葛西 1F,https://tabelog.com/tokyo/A1313/A131305/13264945/
ラーメン,舎鈴 西葛西店,"営業時間
11:00～22:30
日曜営業
定休日
無休",東京都江戸川区西葛西5-1-1 第20山秀ビル 1F,https://tabelog.com/tokyo/A1313/A131305/13163042/
ラーメン,麺や むこうぶち 船堀店,"営業時間
日～木11:00～翌1:30金・土11:00～翌3:30L.O.は15分前11-1430と18-21は禁煙
定休日
年中無休",東京都江戸川区船堀1-7-17,https://tabelog.com/tokyo/A1312/A131205/13184631/
ラーメン,かづ,,東京都江戸川区松本2-40-1,https://tabelog.com/tokyo/A1312/A131204/13142600/
ラーメン,ラーメン　リバーサイド,,東京都江戸川区西葛西8-15-44,https://tabelog.com/tokyo/A1313/A131305/13054043/
ラーメン,麺屋 五十六,"営業時間
[月～土]11:30～15:00/ 17:30～22:00号[日・祝]11:30～15:00/17:00〜21:30ラストオーダーは大体30分前となります。
日曜営業
定休日
月曜日定休",東京都江戸川区江戸川1-48-1 ゴトウハイツ 1F,https://tabelog.com/tokyo/A1312/A131205/13209014/
ラーメン,らーめんチャーハン 関関,"営業時間

日曜営業
定休日
木曜日",東京都江戸川区南篠崎町1-14-12 メゾン・テルピア 102,https://tabelog.com/tokyo/A1312/A131205/13228364/
ラーメン,だるま家２ 葛西店,,東京都江戸川区東葛西5-1-4 篠原ビル１F,https://tabelog.com/tokyo/A1313/A131305/13178049/
ラーメン,中谷商店,"営業時間

日曜営業
定休日
月曜日",東京都江戸川区篠崎町7-23-1,https://tabelog.com/tokyo/A1312/A131205/13287975/
ラーメン,無尽蔵 こいわ家,"営業時間
24時間営業※月曜日のみ22:00〜営業
日曜営業
定休日
無休",東京都江戸川区南小岩7-26-10,https://tabelog.com/tokyo/A1312/A131204/13026186/
ラーメン,舎鈴 葛西臨海公園店,"営業時間
11:00〜19:00（L.O.18:30）",東京都江戸川区臨海町6-3-4 葛西臨海公園駅高架下Fｆ 1F,https://tabelog.com/tokyo/A1313/A131305/13282882/
ラーメン,まる政,"営業時間
11:00～14:00
定休日
日曜日",東京都江戸川区平井6-43-3,https://tabelog.com/tokyo/A1312/A131202/13115740/
ラーメン,らーめん勝,"営業時間
[月～土]17:00～23:00
定休日
日曜日",東京都江戸川区篠崎町7-13-20,https://tabelog.com/tokyo/A1312/A131205/13008094/
ラーメン,ラーメンみなみ,"営業時間
11:00～14:0018:00～21:00
日曜営業
定休日
月曜日",東京都江戸川区中葛西2-19-15 越川ビル 1F,https://tabelog.com/tokyo/A1313/A131305/13290840/
ラーメン,◯信,,東京都江戸川区南小岩8-11-2,https://tabelog.com/tokyo/A1312/A131204/13188921/
ラーメン,若竹,,東京都江戸川区西小岩5-1-20,https://tabelog.com/tokyo/A1312/A131204/13008044/
ラーメン,マルシンラーメン,,東京都江戸川区一之江8-17-3,https://tabelog.com/tokyo/A1312/A131205/13066056/
ラーメン,麺処 八木屋,"営業時間
[火]11:30～14:30(ランチのみ)[木～月]11:30～14:30 19:00～22:00
日曜営業
定休日
水曜日",東京都江戸川区松島3-42-13,https://tabelog.com/tokyo/A1312/A131204/13066467/
ラーメン,鶏節麺 かびら,,東京都江戸川区中央4-21-13,https://tabelog.com/tokyo/A1312/A131204/13266194/
ラーメン,ラーメン二郎 環七一之江店,"営業時間
［月・火・木・金］10:30～14:0017:30～20:30［土・日・祝］9:00～14:00
日曜営業
定休日
水曜日",東京都江戸川区一之江8-3-4,https://tabelog.com/tokyo/A1312/A131205/13010385/
ラーメン,萬来,"営業時間
10:30～13:0016:30～19:00
日曜営業
定休日
月曜日",東京都江戸川区松島2-16-17,https://tabelog.com/tokyo/A1312/A131204/13066073/
ラーメン,吟麺,,東京都江戸川区西小岩3-11-19 遠田ビル 1F,https://tabelog.com/tokyo/A1312/A131204/13237330/
ラーメン,ラーメンの王様 本店,"営業時間
[火～日]6:00～22:00
日曜営業
定休日
月曜日(月曜が祝日の場合も定休日)、偶数月第3火曜日",東京都江戸川区西葛西1-11-24,https://tabelog.com/tokyo/A1313/A131305/13050563/
ラーメン,麺や えいちつー,"営業時間
［月・水・木・金・土］11:30～14:30 17:00～21:00［日］11:30～18:00
日曜営業
定休日
火曜日、第1・3月曜日",東京都江戸川区西葛西5-5-13,https://tabelog.com/tokyo/A1313/A131305/13237774/
ラーメン,ラーメン魁力屋 篠崎店,"営業時間
11:00～24:00
日曜営業
定休日
無休",東京都江戸川区鹿骨2-232-1,https://tabelog.com/tokyo/A1312/A131205/13189020/
ラーメン,くるまやラーメン 宇喜田店,"営業時間
11:00～21:00
日曜営業
定休日
火曜日",東京都江戸川区宇喜田町1125,https://tabelog.com/tokyo/A1312/A131205/13057022/
ラーメン,だるまのめ  西葛西店,"営業時間
11:00～翌5:00
日曜営業
定休日
無休（年末年始休）",東京都江戸川区中葛西6-3-5 第２福正ビル,https://tabelog.com/tokyo/A1313/A131305/13048810/
ラーメン,福福中華そば,"営業時間
17:00～22:00
日曜営業
定休日
月曜日、金曜日",東京都江戸川区南小岩6-28-8,https://tabelog.com/tokyo/A1312/A131204/13018170/
ラーメン,巓,,東京都江戸川区東葛西2-26-12,https://tabelog.com/tokyo/A1313/A131305/13153971/
ラーメン,チドリ,"営業時間
11:00～14:3018:00～21:30
日曜営業
定休日
水曜日",東京都江戸川区平井5-25-6,https://tabelog.com/tokyo/A1312/A131202/13207068/
ラーメン,町田商店 小岩店,"営業時間
営業時間・休業日は変更となる場合がございますので、HPにて最新情報をご確認ください
日曜営業
定休日
無休",東京都江戸川区北小岩1-18-12,https://tabelog.com/tokyo/A1312/A131204/13255392/
ラーメン,東京タンメン トナリ 西葛西店,"営業時間
10:30～22:00（L.O.22:00）
日曜営業
定休日
不定休",東京都江戸川区西葛西6-15-18,https://tabelog.com/tokyo/A1313/A131305/13210748/
ラーメン,ハッスルラーメンホンマ 篠崎店,"営業時間
11:00～翌3:00年中無休
日曜営業
定休日
なし",東京都江戸川区谷河内2-10-5,https://tabelog.com/tokyo/A1312/A131205/13094915/
ラーメン,ビックらーめん,"営業時間
[火～土]18:00～24:00[日・祝]18:00～23:00
日曜営業
定休日
月曜日",東京都江戸川区西小岩5-1-22,https://tabelog.com/tokyo/A1312/A131204/13066085/
ラーメン,煮干しらーめん ゲン,"営業時間
［月～土］11:00～15:0018:00～22:00［日・祝］11:00～15:0017:00～21:00",東京都江戸川区西葛西6-14 西葛西メトロセンター 1番街,https://tabelog.com/tokyo/A1313/A131305/13280946/
ラーメン,麵屋 下かまた村,,東京都江戸川区東瑞江1-29-3 1F,https://tabelog.com/tokyo/A1312/A131205/13245177/
ラーメン,麺屋 辛じろう,"営業時間
11:30～15:00 18:00～22:30
日曜営業
定休日
月曜日",東京都江戸川区平井5-12-2,https://tabelog.com/tokyo/A1312/A131202/13205776/
ラーメン,らーめん朝日堂,"営業時間
ランチ　11:30～15:00  (L.O14:30)ディナー17:00〜翌5:00  (L.O4:00)
日曜営業
定休日
年末年始",東京都江戸川区西葛西5-6-11 第2坪井ビル 1F,https://tabelog.com/tokyo/A1313/A131305/13034849/
ラーメン,らーめん からしや 葛西本店,"営業時間
11:30～22:00
日曜営業
定休日
木曜日",東京都江戸川区中葛西3-26-6 セントラルコーポ 1F,https://tabelog.com/tokyo/A1313/A131305/13166893/
ラーメン,珍来 平井店,"営業時間
１１：００～翌朝５：００
日曜営業
定休日
今の所無し",東京都江戸川区平井2-21-9,https://tabelog.com/tokyo/A1312/A131202/13073697/
ラーメン,味噌らーめん 仙,"営業時間
[月～土]11:45～15:00　18:00～翌1:00[日・祝]11:45～15:00　18:00～24:00
日曜営業
定休日
火曜日",東京都江戸川区西小岩1-22-8 第３当金ビル　１F,https://tabelog.com/tokyo/A1312/A131204/13059319/
ラーメン,中華そば 亜熱帯,"営業時間
11:30〜14:00/18:00〜23:00月曜は昼営業のみとなります
日曜営業
定休日
火曜定休
2019/10/1より営業時間が変更になりました
月曜は昼営業のみとなります",東京都江戸川区東小岩1-4-5-101,https://tabelog.com/tokyo/A1312/A131204/13197963/
ラーメン,濃厚こってりラーメン つばめ,,東京都江戸川区平井5-21-2 朝日生命平井ビル1F,https://tabelog.com/tokyo/A1312/A131202/13170116/
ラーメン,らーめん ほくしん  江戸川大杉店,"営業時間
11:00～24:00
日曜営業",東京都江戸川区大杉5-34,https://tabelog.com/tokyo/A1312/A131205/13050392/
ラーメン,心の味製麺 平井店,"営業時間
平日：11：00～15：00/17：00～23：00土日祝日：11：00～23：00
日曜営業
定休日
無休",東京都江戸川区平井5-30-4,https://tabelog.com/tokyo/A1312/A131202/13170919/
ラーメン,幸楽苑 島忠ホームズ葛西店,"営業時間
10:00～20:00
日曜営業
定休日
無休",東京都江戸川区東葛西9-3-6,https://tabelog.com/tokyo/A1313/A131305/13215033/
ラーメン,節骨麺 たいぞう 葛西店,"営業時間
11:00～(売り切れ次第終了)
定休日
無休",東京都江戸川区中葛西5-19-18 ニューステージ葛西 1F,https://tabelog.com/tokyo/A1313/A131305/13216640/
ラーメン,麺や 多久味,"営業時間
［平日］11:30～14:3018:00～22:00（L.O.21:45）［土・日］11:30～22:00（L.O.21:45）
日曜営業
定休日
水曜日",東京都江戸川区東小松川4-42-14 リバーサイド藤井　１０１,https://tabelog.com/tokyo/A1312/A131205/13008432/
ラーメン,中華料理 やまだ,,東京都江戸川区船堀7-6-18,https://tabelog.com/tokyo/A1312/A131205/13209084/
ラーメン,らーめん殿,,東京都江戸川区北小岩6-11-13 リッツビル1F,https://tabelog.com/tokyo/A1312/A131204/13135304/
ラーメン,葫,"営業時間
【ランチ】11:30～14:00 (土・日・祝11：30～15：00)【ディナー】18:00～22:30
日曜営業
定休日
月曜日（祝日の場合は営業します）／第1・第3火曜日",東京都江戸川区東葛西5-5-1,https://tabelog.com/tokyo/A1313/A131305/13173702/
ラーメン,麺屋 三田郎,"営業時間
[月・火・木・金・土・日]11:00～14:0018:00～22:00
日曜営業
定休日
水曜日",東京都江戸川区上一色1-8-21,https://tabelog.com/tokyo/A1312/A131204/13289169/
ラーメン,東麺房 環七大杉店,,東京都江戸川区大杉5-35-11,https://tabelog.com/tokyo/A1312/A131205/13127399/
ラーメン,中華そば あさ田,"営業時間
[土・日]21:30頃～24:00
日曜営業",東京都江戸川区西小岩1-19-26 岩瀬ビル 1F,https://tabelog.com/tokyo/A1312/A131204/13281517/
ラーメン,らあめん工房,"営業時間
10:00～22:00
日曜営業
定休日
無休",東京都江戸川区小松川3-12-1 リバーウェストB館,https://tabelog.com/tokyo/A1312/A131202/13286674/
ラーメン,ラーメン居酒屋 麺や八福,"営業時間
12:00～21:00
日曜営業
定休日
月曜日",東京都江戸川区船堀4-8-1 2F,https://tabelog.com/tokyo/A1312/A131205/13244145/
ラーメン,中華チャイナ,,東京都江戸川区江戸川4-5-20,https://tabelog.com/tokyo/A1312/A131205/13205334/
ラーメン,ボンルア,"営業時間
[月～金]11:00～15:00 17:00～23:00[土・日・祝]11:00～23:00
日曜営業",東京都江戸川区西葛西6-12-9,https://tabelog.com/tokyo/A1313/A131305/13272026/
ラーメン,北海ラーメン,,東京都江戸川区春江町3-8-14,https://tabelog.com/tokyo/A1312/A131205/13066065/
ラーメン,雄一,,東京都江戸川区松島3-15-13 メゾン新名 1F,https://tabelog.com/tokyo/A1312/A131204/13274211/
ラーメン,北海らーめん　かのう,"営業時間
17:00～翌1:00",東京都江戸川区船堀3-14-16,https://tabelog.com/tokyo/A1312/A131205/13120459/
ラーメン,横浜家系ラーメン 武石家,"営業時間
[火～日]11:00～15:0017:00～23:00（L.O.22:30）
日曜営業
定休日
月曜日",東京都江戸川区本一色3-41-7,https://tabelog.com/tokyo/A1312/A131204/13267808/
ラーメン,りんすず食堂 江戸川香取神社前店,,東京都江戸川区中央4-25-22 エトワールK 1F,https://tabelog.com/tokyo/A1312/A131204/13280470/
ラーメン,ラーメンショップ,,東京都江戸川区大杉3-10-4,https://tabelog.com/tokyo/A1312/A131204/13247982/
ラーメン,麺処 靖哲,"営業時間
11:30～15:0016:00～21:30(L.O.20:30)
定休日
日曜日",東京都江戸川区東小岩5-19-6,https://tabelog.com/tokyo/A1312/A131204/13270943/
ラーメン,軽食 伊し田,,東京都江戸川区西瑞江5-19-36,https://tabelog.com/tokyo/A1312/A131205/13267898/
ラーメン,としのや,,東京都江戸川区船堀4-12-21,https://tabelog.com/tokyo/A1312/A131205/13066087/
ラーメン,らうめんなな&ジェリーズポップコーンほわいとすまいる,"営業時間
2022年5月11:00～14:00 16:00～22:00
日曜営業
定休日
不定休",東京都江戸川区東葛西8-36-19,https://tabelog.com/tokyo/A1313/A131305/13256618/
ラーメン,一忠,"営業時間
[月〜土]11:30～15:00 17:00～24:00 ラストオーダー30分前
定休日
日曜日",東京都江戸川区南小岩5-2-5,https://tabelog.com/tokyo/A1312/A131204/13155796/
ラーメン,屋台料理 台南 小岩南口店,"営業時間
［月～土］11:00〜23:00[日・祝]11:00〜22:00",東京都江戸川区南小岩7-24-20 2F,https://tabelog.com/tokyo/A1312/A131204/13287703/
ラーメン,麺屋もちづき,"営業時間
11:00～14:00 17:00～20:00(L.O.19:30)
日曜営業
定休日
火曜日",東京都江戸川区南小岩1-6-18,https://tabelog.com/tokyo/A1312/A131204/13106064/
ラーメン,山久 松江店,"営業時間
11：00～21：00
日曜営業
定休日
火曜日",東京都江戸川区松江5-11-6,https://tabelog.com/tokyo/A1312/A131205/13092618/
ラーメン,鴨出汁中華蕎麦 麺屋yoshiki,"営業時間
【日～土】昼10:00～14:00夜18:00～20:00(臨時休業、臨時営業等、ＳＮＳご確認下さい。)
日曜営業
定休日
木曜日",東京都葛飾区東新小岩1-3-7,https://tabelog.com/tokyo/A1312/A131204/13242295/
ラーメン,喜多方ラーメン 坂内 亀有店,"営業時間
11:00～22:00（L.O.21:45）
日曜営業",東京都葛飾区亀有5-28-12,https://tabelog.com/tokyo/A1324/A132403/13271262/
ラーメン,長門,"営業時間
11:00～15:0017:00～21:00
日曜営業
定休日
月曜日",東京都葛飾区堀切3-9-9,https://tabelog.com/tokyo/A1324/A132403/13066040/
ラーメン,下町ら～めん,"営業時間
11:00～15:00 17:30～21:00
日曜営業
定休日
不定休",東京都葛飾区東金町1-17-7,https://tabelog.com/tokyo/A1324/A132403/13239863/
ラーメン,純鶏soba煌,"営業時間
11:00～14:3018:00～21:00
定休日
日曜日",東京都葛飾区青戸2-7-1,https://tabelog.com/tokyo/A1324/A132403/13215250/
ラーメン,メンヤ シモヤマ,"営業時間
11:00～15:00
日曜営業
定休日
月曜日、火曜日",東京都葛飾区奥戸2-32-10,https://tabelog.com/tokyo/A1324/A132403/13229641/
ラーメン,中華料理 五十番 新小岩,"営業時間
11:30～20:00
日曜営業
定休日
水曜日",東京都葛飾区新小岩2-13-4 1F,https://tabelog.com/tokyo/A1312/A131204/13129282/
ラーメン,肉玉そば おとど 亀有店,"営業時間
[全日]11:30～翌27:00（通し営業）
日曜営業
定休日
無し",東京都葛飾区亀有5-49-6,https://tabelog.com/tokyo/A1324/A132403/13142035/
ラーメン,ラーメンショップ 堀切店,"営業時間
コロナ禍　暫くの間7:00～15:00
定休日
日曜・木曜・祝日",東京都葛飾区堀切7-3-1,https://tabelog.com/tokyo/A1324/A132403/13239653/
ラーメン,よし麺屋,"営業時間
[火～金]11:00～15:00 17:00～翌1:00[土]11:00～翌1:00[日・祝]11:00～22:00
日曜営業
定休日
月曜日",東京都葛飾区亀有3-40-5,https://tabelog.com/tokyo/A1324/A132403/13282398/
ラーメン,ツボミ,"営業時間
11:30～15:00 17:00～23:30",東京都葛飾区東金町1-21-15,https://tabelog.com/tokyo/A1324/A132403/13275948/
ラーメン,鶏白湯らーめん自由が丘蔭山 アリオ亀有店,"営業時間
[全日]10:00～22:00(L.O.21:30)
日曜営業
定休日
施設の営業に従う",東京都葛飾区亀有3-49-3 アリオ亀有1階,https://tabelog.com/tokyo/A1324/A132403/13232934/
ラーメン,JOMA,,東京都葛飾区青戸5丁目4-6,https://tabelog.com/tokyo/A1324/A132403/13113471/
ラーメン,麺道六善,"営業時間
定休日月曜日営業時間火曜日〜土曜日11:00〜14:3022:00〜25:30日曜日11:00〜14:30
日曜営業
定休日
月曜日",東京都葛飾区亀有2-68-5 105,https://tabelog.com/tokyo/A1324/A132403/13275765/
ラーメン,鳳龍軒,"営業時間
［ランチ］10:30～15:30［ディナー］15:30～翌2:00",東京都葛飾区高砂5-44-10,https://tabelog.com/tokyo/A1324/A132403/13235014/
ラーメン,らあめん花月嵐 お花茶屋店,"営業時間
[店内営業時間]11：00～22：00（LO21：45）[テイクアウト販売時間]11:00～21:00[出前館受付時間]11:00～21:00[Uber Eats受付時間]11:00～21:00
日曜営業
定休日
なし",東京都葛飾区お花茶屋1-16-10,https://tabelog.com/tokyo/A1324/A132403/13109057/
ラーメン,ラーメン 魁力屋 葛飾南水元店,"営業時間
10:30～20:00
日曜営業
定休日
なし",東京都葛飾区南水元2-21-7,https://tabelog.com/tokyo/A1324/A132403/13257319/
ラーメン,宣,,東京都葛飾区柴又5-10-2,https://tabelog.com/tokyo/A1324/A132403/13171401/
ラーメン,つけ麺 陽,"営業時間
[月・火・金]11:30～14:0018:30～21:00[水]11:30～14:00[土・祝]11:30～14:3018:30～21:00[日]11:30～14:30
日曜営業
定休日
木曜日",東京都葛飾区堀切4-57-15,https://tabelog.com/tokyo/A1324/A132403/13210991/
ラーメン,中華そば 一辰,"営業時間

日曜営業
定休日
水曜日",東京都葛飾区亀有3-30-1,https://tabelog.com/tokyo/A1324/A132403/13286871/
ラーメン,ラーメン大 堀切店,,東京都葛飾区堀切4-57-14,https://tabelog.com/tokyo/A1324/A132403/13023113/
ラーメン,麺屋なごみ,"営業時間
2018年6月より営業時間が変更になりました。平日 11：30-15：00/18:30-22:00（スープなくなり次第終了）土曜 11:30-15:30定休日 日曜、祝日
定休日
2014年2月から、日曜・祝日(毎月お休みが貼り出されます。日曜・祝日以外の休みもあります)",東京都葛飾区青戸3-33-16,https://tabelog.com/tokyo/A1324/A132403/13111400/
ラーメン,栄光軒,,東京都葛飾区亀有5-47-4-103,https://tabelog.com/tokyo/A1324/A132403/13066014/
ラーメン,竜の家,,東京都葛飾区高砂2-37-4,https://tabelog.com/tokyo/A1324/A132403/13135427/
ラーメン,らーめん 志,"営業時間
11：00～15：0018：00～21：00
定休日
日曜定休（2022/10/4より）",東京都葛飾区亀有5-15-14 田邑ビル 1F,https://tabelog.com/tokyo/A1324/A132403/13230503/
ラーメン,舎鈴 Beans亀有店,"営業時間
10:00～22:00(L.O.21:30)",東京都葛飾区亀有3-25 Beans亀有,https://tabelog.com/tokyo/A1324/A132403/13278262/
ラーメン,北海道らーめん　ひむろ 綾瀬店,"営業時間
月〜土曜日　11時〜翌3時30分日・祝日　11時〜翌2時
定休日
無休",東京都葛飾区小菅4-10-1,https://tabelog.com/tokyo/A1324/A132404/13127847/
ラーメン,麺・粥 けんけん,,東京都葛飾区立石1-14-4 クボタビル,https://tabelog.com/tokyo/A1324/A132403/13018195/
ラーメン,らーめん弁慶 堀切店,"営業時間
11:00～翌3:00
日曜営業
定休日
月曜日(祝日の場合は火曜日)",東京都葛飾区小菅2-21-13,https://tabelog.com/tokyo/A1324/A132403/13010809/
ラーメン,金町商店,"営業時間
営業時間・休業日は変更となる場合がございますので、HPにて最新情報をご確認ください
定休日
なし",東京都葛飾区東金町1-45-5,https://tabelog.com/tokyo/A1324/A132403/13177759/
ラーメン,らあめん花月嵐 新小岩北口店,"営業時間
[店内営業時間]月～土　11：00～24:00(L.O 23:30)日曜日　11:00～23:00（LO22:30）[出前館受付時間]11:00～21:00[Uber Eats受付時間]11:00～22:00
日曜営業
定休日
無休",東京都葛飾区西新小岩1-10-2,https://tabelog.com/tokyo/A1312/A131204/13118719/
ラーメン,麺心 國もと,"営業時間
11:00～15:0018:00～22:00
定休日
土曜日、日曜日",東京都葛飾区高砂5-36-10 植村ビル1Ｆ,https://tabelog.com/tokyo/A1324/A132403/13134181/
ラーメン,ポッポ 四つ木店,"営業時間
［月～金］10:00～21:00［土・日・祝］9:00～21:00
日曜営業
定休日
不定休(イトーヨーカドー四つ木店に準ずる)",東京都葛飾区四つ木2-21-1 イトーヨーカドー四つ木店 B1F,https://tabelog.com/tokyo/A1324/A132403/13187872/
ラーメン,麺座でん カツシカン！,"営業時間
11:00～15:0018:00～22:00
日曜営業
定休日
水曜日",東京都葛飾区東金町1-16-2 五番街ビル 1F,https://tabelog.com/tokyo/A1324/A132403/13137863/
ラーメン,麺屋一燈,"営業時間
【月～日】11:00～15:00／18:00～21:00
日曜営業
定休日
年末年始・夏季休業・設備点検のための臨時休業あり",東京都葛飾区東新小岩1-4-17,https://tabelog.com/tokyo/A1312/A131204/13111737/
ラーメン,豪麺 マルコ,"営業時間
【営業時間】11:30～20:00※材料切れの場合、早仕舞い有り
定休日
日曜日",東京都葛飾区東金町1-21,https://tabelog.com/tokyo/A1324/A132403/13160714/
ラーメン,こちとら立石麺豚酒場 粋な豚,"営業時間
［月〜金］11:15～14:0017:30～21:30［土・祝］11:15～14:0017:30〜20:30
定休日
日曜日",東京都葛飾区立石1-20-1,https://tabelog.com/tokyo/A1324/A132403/13267654/
ラーメン,夢玄 新小岩,"定休日
無休",東京都葛飾区新小岩1-46-9 三田ビル 1F,https://tabelog.com/tokyo/A1312/A131204/13262766/
ラーメン,麺道わがまんま,"営業時間
11:30～14:3017:30～22:00
日曜営業
定休日
火曜日",東京都葛飾区東金町1-39-1 グリーンハイツ金町 1F,https://tabelog.com/tokyo/A1324/A132403/13235825/
ラーメン,オカモトモノガタリ,"営業時間
11:30～14:3018:00～20:00
定休日
不定休",東京都葛飾区金町5-24-16,https://tabelog.com/tokyo/A1324/A132403/13283135/
ラーメン,四つ木5丁目ラーメン,"営業時間
11:30～14:00前頃 19:00～22:00※緊急事態宣言中は夜休業
日曜営業
定休日
月曜日",東京都葛飾区四つ木5-4-11,https://tabelog.com/tokyo/A1324/A132403/13189026/
ラーメン,つけ麺 道,"営業時間
[水～日]11:30～(スープなくなり次第終了)だいたい18:00～19:00頃※特記事項水～日でも営業変更でらーめん道の塩の営業となる
日曜営業
定休日
月～火(らーめん道の塩の営業日が定休日)",東京都葛飾区亀有5-28-17,https://tabelog.com/tokyo/A1324/A132403/13094595/
ラーメン,麺屋 綴,"営業時間
ランチ　11:30～15:00（L.O 14:45）ディナー　17:30～22:00（L.O 21:45）
日曜営業
定休日
不定休",東京都葛飾区東金町1-13-11,https://tabelog.com/tokyo/A1324/A132403/13254917/
ラーメン,せきぐちラーメン 末広店,"営業時間
11:30～14:3017:00～20:30
定休日
月曜日(不定休に近い)",東京都葛飾区金町4丁目25-3,https://tabelog.com/tokyo/A1324/A132403/13053756/
ラーメン,日高屋 金町北口店,"営業時間
［月～木］5:00～翌2:00［金・土］24時間営業［日・祝］～23:00
日曜営業
定休日
無休",東京都葛飾区東金町1-45-3 ワカナ堂ビル 1F,https://tabelog.com/tokyo/A1324/A132403/13164417/
ラーメン,日高屋 亀有南口店,,東京都葛飾区亀有3-7-11,https://tabelog.com/tokyo/A1324/A132403/13073654/
ラーメン,麺屋 いち,"営業時間
【月〜水・金・土】11：30〜14：30   18：00〜翌1：00(L,O  0：30)【日】11：30〜14：30         18：00〜21：00
日曜営業
定休日
木曜日",東京都葛飾区小菅3-19-19,https://tabelog.com/tokyo/A1324/A132404/13158840/
ラーメン,こってりらーめん せきやけ,"営業時間
11:00～翌3:00",東京都葛飾区西新小岩1-9-1,https://tabelog.com/tokyo/A1312/A131204/13203303/
ラーメン,自家製麺 啜乱会,,東京都葛飾区新小岩1-50-12,https://tabelog.com/tokyo/A1312/A131204/13203495/
ラーメン,ラーメン 三浦家,"営業時間
11:00～17:00
定休日
日曜日",東京都葛飾区金町6-5-1 ベルトーレ金町 1F,https://tabelog.com/tokyo/A1324/A132403/13261888/
ラーメン,麺屋 神工,"営業時間
［火～土］11:00～15:0018:00～21:00［日］11:00～15:00
定休日
月曜日",東京都葛飾区金町5-24-17,https://tabelog.com/tokyo/A1324/A132403/13283822/
ラーメン,せきぐちラーメン 東金町店,"営業時間
［水〜日］11:30～14:30　昼のみ
日曜営業
定休日
月·火曜日",東京都葛飾区東金町6-13-11,https://tabelog.com/tokyo/A1324/A132403/13053759/
ラーメン,一力,,東京都葛飾区立石7-7-11,https://tabelog.com/tokyo/A1324/A132403/13209228/
ラーメン,ファミリー亭,"営業時間
11:00～21:00
日曜営業
定休日
水曜日",東京都葛飾区四つ木4-30-29,https://tabelog.com/tokyo/A1324/A132403/13134851/
ラーメン,鶏白湯そば ひまり,"営業時間
ランチ　11:00～15:00（L.O 15:00）ディナー　18:00～21:00（L.O 21：00）
日曜営業
定休日
無休",東京都葛飾区お花茶屋1-12-8,https://tabelog.com/tokyo/A1324/A132403/13255861/
ラーメン,らーめん　えびす亭,,東京都葛飾区宝町2-34-28,https://tabelog.com/tokyo/A1324/A132403/13183271/
ラーメン,日高屋 新小岩店,"営業時間
24時間営業
日曜営業
定休日
無休",東京都葛飾区新小岩1-48-9 桜ビル1F,https://tabelog.com/tokyo/A1312/A131204/13132522/
ラーメン,道の塩,,東京都葛飾区亀有5-28-17,https://tabelog.com/tokyo/A1324/A132403/13141074/
ラーメン,らーめん 馬鹿珍,"営業時間
11:30～14:3018:00～23:30
日曜営業
定休日
火曜",東京都葛飾区宝町2-23-4,https://tabelog.com/tokyo/A1324/A132403/13107869/
ラーメン,ラーメン むねや,"営業時間
［火～金］18:00～24:00［土］11:00～15:0017:00～24:00［日］11:00～20:00",東京都葛飾区新小岩4-10-1,https://tabelog.com/tokyo/A1312/A131204/13025943/
ラーメン,くるまやラーメン 奥戸店,"営業時間
午前11:00～翌2:00
日曜営業
定休日
火曜日・年末年始 12/31-1/1",東京都葛飾区奥戸6-5-4,https://tabelog.com/tokyo/A1312/A131204/13039500/
ラーメン,成竜,,東京都葛飾区東新小岩1-14-5,https://tabelog.com/tokyo/A1312/A131204/13022596/
ラーメン,らーめん 弁慶 新小岩店,"営業時間
11:00～翌4:00
日曜営業",東京都葛飾区新小岩2-7-2,https://tabelog.com/tokyo/A1312/A131204/13282639/
ラーメン,和歌山ラーメン まる岡,"営業時間
＊暫くの間営業時間を平日/土日祝日 11:00~20:00（通し営業）とさせていただきます！但しスープがなくなり次第終了【月～金】　11:30～21:30【土日祝】　11:30～20:00但しスープがなくなり次第終了
日曜営業
定休日
火曜日　定休日が祝日の場合振替え営業致します※臨時休業日あり",東京都葛飾区亀有5-20-13,https://tabelog.com/tokyo/A1324/A132403/13232213/
ラーメン,らーめん 味噌ガッツ,"営業時間
[火～土]11:30～14:30 17:00～22:20[日・祝]11:30～14:30 17:00～20:30
日曜営業
定休日
月曜日",東京都葛飾区宝町2-36-15 フラワティーハウス1F,https://tabelog.com/tokyo/A1324/A132403/13183715/
ラーメン,仙臺自家製麺こいけ屋 分店 綠栽,"営業時間
11:00～15:00（L.O.14:30）
日曜営業
定休日
水曜日",東京都葛飾区新小岩2-13-4 佐藤マンション 1F,https://tabelog.com/tokyo/A1312/A131204/13270018/
ラーメン,成竜 平和橋通り店,"営業時間
[月～土]12:00～翌2:00[日･祝]12:00～翌1:00
日曜営業
定休日
無休",東京都葛飾区西新小岩5-26-15,https://tabelog.com/tokyo/A1312/A131204/13098830/
ラーメン,麺屋 とく世い,"営業時間
[月～土]11:30～14:30 18:00～23:15[日]11:30～15:00[祝]11:30～14:30 18:00～22:00
日曜営業",東京都葛飾区新小岩1-46-7,https://tabelog.com/tokyo/A1312/A131204/13183700/
ラーメン,まんまる,"営業時間
11:30～15:0018:00～23:00
日曜営業
定休日
無休",東京都葛飾区四つ木1-30-3 デュー四つ木　１Ｆ,https://tabelog.com/tokyo/A1324/A132403/13022598/
ラーメン,純,"営業時間
［月〜土］11:00～20:30(L.O) 通し営業［日］11:00～14:30(L.O)※祝日も曜日通りの営業
日曜営業
定休日
祝日も営業しています　※年末年始休みあり",東京都葛飾区立石8-3-6 1F,https://tabelog.com/tokyo/A1324/A132403/13235903/
ラーメン,ramen club トトノエ,"営業時間
11:00～15:30
日曜営業
定休日
月曜日",東京都葛飾区東金町1-20-14 吉六ビル 1F,https://tabelog.com/tokyo/A1324/A132403/13283386/
ラーメン,横浜らーめん 一品家,,東京都葛飾区青戸3-32-1 武藤ビル 1F,https://tabelog.com/tokyo/A1324/A132403/13189715/
ラーメン,幸楽苑 葛飾南水元店,"営業時間
［月～金］10:00～23:00［土・日］9:00～23:00
日曜営業
定休日
無休",東京都葛飾区南水元4-18-14,https://tabelog.com/tokyo/A1324/A132403/13150586/
ラーメン,麺工房ぜん,,東京都葛飾区青戸3-35-12 守ビル　１Ｆ,https://tabelog.com/tokyo/A1324/A132403/13047322/
ラーメン,めん処 倖佳,,東京都葛飾区立石4-30-14,https://tabelog.com/tokyo/A1324/A132403/13210703/
ラーメン,日高屋 青砥店,"営業時間
10:30～21:00(L.O.20:30)
日曜営業
定休日
無休",東京都葛飾区青戸3-37-2,https://tabelog.com/tokyo/A1324/A132403/13105835/
ラーメン,旭屋,,東京都葛飾区柴又1-24-3,https://tabelog.com/tokyo/A1324/A132403/13151246/
ラーメン,麺屋 つる,,東京都葛飾区お花茶屋1-20-13,https://tabelog.com/tokyo/A1324/A132403/13262964/
ラーメン,中華料理 祥和,,東京都葛飾区青戸3-33-13,https://tabelog.com/tokyo/A1324/A132403/13235754/
ラーメン,麺道 六善 お花茶屋店,"営業時間
[火～土]11:00～20:00[日]11:00～14:30
日曜営業
定休日
月曜日",東京都葛飾区お花茶屋1-15-9,https://tabelog.com/tokyo/A1324/A132403/13288283/
ラーメン,麺席 一番鶏,"営業時間
[月～土]11:30～14:3017:00～22:30
定休日
日曜・祝日",東京都葛飾区堀切4-8-11 パステル堀切 1F,https://tabelog.com/tokyo/A1324/A132403/13264716/
ラーメン,たいせい,"営業時間
[水～金]11:30～14:0018:00〜22:30（L.O22:00）[土・日]11:30～22:30（L.O.22:00）※祝日は営業
日曜営業
定休日
月曜、火曜",東京都葛飾区亀有5-47-1 菅井ビル 1F,https://tabelog.com/tokyo/A1324/A132403/13047375/
ラーメン,一風堂 亀有店,"営業時間
［月・火・水・木・日］10:00～20:00［金・土］10:00～21:00
日曜営業
定休日
無休",東京都葛飾区亀有5-34-13 インベスト亀有 1F,https://tabelog.com/tokyo/A1324/A132403/13256952/
ラーメン,ラーメン　○菅,"営業時間
11：30～15：0018：00～22：00（麺切れ次第終了）
日曜営業
定休日
火曜日",東京都葛飾区亀有5-45-8,https://tabelog.com/tokyo/A1324/A132403/13106018/
ラーメン,ラーメン燈郎,"営業時間
【月～日】11:30～15:00／18:00～22:00
日曜営業
定休日
年末年始・夏季休業",東京都葛飾区東新小岩1-1-1,https://tabelog.com/tokyo/A1312/A131204/13128244/
ラーメン,焼豚ラーメン 三條 葛飾店,,東京都葛飾区堀切4-57-14,https://tabelog.com/tokyo/A1324/A132403/13279186/
ラーメン,あろま,,東京都葛飾区堀切3-3-8 1F,https://tabelog.com/tokyo/A1324/A132403/13035159/
ラーメン,超ごってり麺 ごっつ 新小岩店,"営業時間
11:00～翌4:00
日曜営業
定休日
無休",東京都葛飾区東新小岩1-2-2,https://tabelog.com/tokyo/A1312/A131204/13164662/
ラーメン,らー麺 まるいち,,東京都葛飾区堀切5-4-1,https://tabelog.com/tokyo/A1324/A132403/13253820/
ラーメン,横浜家系ラーメン 赤家,,東京都葛飾区お花茶屋1-20-12,https://tabelog.com/tokyo/A1324/A132403/13267495/
ラーメン,中華そば 敦,"営業時間
11:30～14:30　18:00～21:00 頃※麺が売り切れると早く閉店する事が有ります。
定休日
毎週水曜定休日　※月に数回、水曜日以外がお休みになる事があるため、お店のfacebook や twitter で最新情報をご確認下さい。",東京都葛飾区亀有5-41-4,https://tabelog.com/tokyo/A1324/A132403/13153745/
ラーメン,元祖ニュータンタンメン本舗 新小岩店,"営業時間
11:00～14:3017:30～23:30
日曜営業
定休日
水曜日",東京都葛飾区新小岩1-42-10 MIWAビル 1F,https://tabelog.com/tokyo/A1312/A131204/13217682/
ラーメン,幸楽苑 葛飾新宿店,"営業時間
［月～金］9:00～22:00［土・日］8:30～22:00
日曜営業
定休日
無休",東京都葛飾区新宿3-16-13,https://tabelog.com/tokyo/A1324/A132403/13180974/
ラーメン,つけ麺 一滴,"営業時間
[月・火・木・金・土]11:00～14:30 17:30～21:00[日]11:00～15:00
日曜営業
定休日
水曜日",東京都葛飾区東金町1-11-4,https://tabelog.com/tokyo/A1324/A132403/13286104/
ラーメン,壱角家 亀有北口店,"営業時間
[月～日]10:30～翌3:00
日曜営業
定休日
無休",東京都葛飾区亀有5-31-9 亀有鞠子ビル 1F,https://tabelog.com/tokyo/A1324/A132403/13173356/
ラーメン,中華そば 一颯,,東京都葛飾区新小岩2-39-4 矢作マンション 1F,https://tabelog.com/tokyo/A1312/A131204/13171070/
ラーメン,日高屋 亀有北口店,,東京都葛飾区亀有5-32-10,https://tabelog.com/tokyo/A1324/A132403/13105827/
ラーメン,かいざん 新小岩店,"営業時間
9:00～24:30
日曜営業
定休日
無休",東京都葛飾区新小岩2-1-26,https://tabelog.com/tokyo/A1312/A131204/13202583/
ラーメン,札幌ラーメン　どさん子 亀有南口店,"営業時間
[日～水]18:00～翌2:00[金・土]18:00～翌3:00
日曜営業
定休日
木曜",東京都葛飾区亀有3-4-12,https://tabelog.com/tokyo/A1324/A132403/13098024/
ラーメン,つけめん。福倉,"営業時間
[月・火・木～土]11:30～14:3018:30～21:00
定休日
水曜日、日曜日、祝日",東京都葛飾区柴又6-13-3,https://tabelog.com/tokyo/A1324/A132403/13143571/
ラーメン,鶏白湯らあめん ハイカラ,"営業時間
11:30～15:00(L.O.14:00)17:00～翌2:00（1：00L.O)はからあげバルハイカラ 新小岩店が営業中です！
定休日
土曜･日曜･祝日",東京都葛飾区東新小岩1-2-14,https://tabelog.com/tokyo/A1312/A131204/13178926/
ラーメン,越後屋,"営業時間
11:30～14:0017:30～23:00
日曜営業
定休日
木曜",東京都葛飾区西新小岩4-37-8,https://tabelog.com/tokyo/A1312/A131204/13066027/
ラーメン,かどや,,東京都葛飾区南水元1-26-12,https://tabelog.com/tokyo/A1324/A132403/13147605/
ラーメン,栄林,,東京都葛飾区西水元2-21-13,https://tabelog.com/tokyo/A1324/A132404/13066028/
ラーメン,水香,,東京都葛飾区西水元5-16-15 1F,https://tabelog.com/tokyo/A1324/A132404/13277638/
ラーメン,麺将 BUSHI,,東京都葛飾区立石1-9-16,https://tabelog.com/tokyo/A1324/A132403/13289577/
ラーメン,丸源ラーメン 金町店,,東京都葛飾区東金町1-11-3,https://tabelog.com/tokyo/A1324/A132403/13291403/
ラーメン,大清軒,"営業時間
11:00〜15:0017:00〜19:45
日曜営業
定休日
毎週月曜日",東京都葛飾区新宿4-19-18,https://tabelog.com/tokyo/A1324/A132403/13066023/
ラーメン,麺酒 はら澤,"営業時間
17:00～翌2:00
日曜営業
定休日
水曜日",東京都葛飾区立石1-21-1,https://tabelog.com/tokyo/A1324/A132403/13259080/
ラーメン,みとや,,東京都葛飾区南水元1-26-4,https://tabelog.com/tokyo/A1324/A132403/13066034/
ラーメン,博多魂ラーメン お花茶屋店,"営業時間
11:00～15:0018:30～翌1:00
日曜営業
定休日
無休",東京都葛飾区お花茶屋1-23-12,https://tabelog.com/tokyo/A1324/A132403/13221259/
ラーメン,中華料理 かどや,"営業時間
11:00～15:00 17:00～20:00
日曜営業
定休日
火曜日",東京都葛飾区水元4-6-2,https://tabelog.com/tokyo/A1324/A132403/13230250/
ラーメン,食堂 たいちゃん,"営業時間
11:00～15:0017:00～22:30
日曜営業
定休日
水曜日",東京都葛飾区柴又1-43-15 1F,https://tabelog.com/tokyo/A1324/A132403/13288591/
ラーメン,麺や縁,"営業時間
平日11：30～15：00（L.O14：30）      17：00～22：00（L.Oフード21：30）土日祝11：30～22：00（Ｌ.Oフード21：30）
日曜営業
定休日
木曜日",東京都葛飾区東立石3-11-6,https://tabelog.com/tokyo/A1324/A132403/13240495/
ラーメン,Asian Noodle HASHI,,東京都葛飾区お花茶屋1-13-8,https://tabelog.com/tokyo/A1324/A132403/13255758/
ラーメン,ラーメン居酒屋 けんちゃん,"営業時間
[月～金]11:30～15:0017:00～翌0:30[土・日・祝]11:30～翌0:30
日曜営業
定休日
不定休",東京都葛飾区堀切5-1-3 サン.ヨシダビル 1F,https://tabelog.com/tokyo/A1324/A132403/13265086/
ラーメン,ふ～ママ,,東京都葛飾区東金町2-19-3 101,https://tabelog.com/tokyo/A1324/A132403/13171269/
ラーメン,和風ラーメン 鈴華,,東京都葛飾区細田1-17-10,https://tabelog.com/tokyo/A1312/A131204/13243497/
ラーメン,とんちん軒,,東京都葛飾区堀切5-4-1,https://tabelog.com/tokyo/A1324/A132403/13289969/
ラーメン,のんきや,"営業時間
[月～日]10:30～15:30
日曜営業
定休日
不定休",東京都西多摩郡奥多摩町原368-4,https://tabelog.com/tokyo/A1330/A133004/13021295/
ラーメン,大橋屋,"営業時間

日曜営業
定休日
不定休",東京都西多摩郡奥多摩町棚沢402-1,https://tabelog.com/tokyo/A1330/A133004/13113176/
ラーメン,らぁめん 和尚,"営業時間

日曜営業
定休日
不定休",東京都西多摩郡奥多摩町氷川1423-2,https://tabelog.com/tokyo/A1330/A133004/13275892/
ラーメン,麺処しんすけ,,東京都西多摩郡奥多摩町氷川1420,https://tabelog.com/tokyo/A1330/A133004/13288451/
ラーメン,MACHIKADO,"営業時間
11:30～15:00(L.O.14:30)17:00～23:00(L.O.22:00)
日曜営業
定休日
月曜日",東京都渋谷区恵比寿4-8-10,https://tabelog.com/tokyo/A1303/A130302/13282878/
ラーメン,Don Carlos Ramen,"営業時間
【LUNCH】11:30〜14:30【DINNER】17:30〜22:00(21:30L.O.）
日曜営業
定休日
月曜日",東京都板橋区舟渡1-13-10 アイタワー 104,https://tabelog.com/tokyo/A1323/A132305/13288331/
ラーメン,日高屋 板橋駅西口店,"営業時間
11:00～23:00(L.O.22:30)",東京都板橋区板橋1-14 6蕃ビル 1F,https://tabelog.com/tokyo/A1322/A132201/13211314/
ラーメン,七福本店,"営業時間
［月〜土］11:00〜15:0017:30〜23:00
定休日
日曜日",東京都板橋区高島平7-26-4 グランデ'85 １Ｆ,https://tabelog.com/tokyo/A1322/A132205/13097801/
ラーメン,天慶,"営業時間
19:00～24:00
定休日
日曜日",東京都板橋区上板橋3-11-2,https://tabelog.com/tokyo/A1322/A132203/13017498/
ラーメン,熊ぼっこ  前野町店,,東京都板橋区前野町3-23-5-106,https://tabelog.com/tokyo/A1322/A132203/13056423/
ラーメン,大山ラーメン・つけ麺,,東京都板橋区大山金井町54-15 サンライズ大山マンション 1F,https://tabelog.com/tokyo/A1322/A132203/13195496/
ラーメン,龍神,,東京都板橋区南常盤台1-27-4,https://tabelog.com/tokyo/A1322/A132203/13175199/
ラーメン,麺庵 小島流 板橋本町本店,"営業時間
[月・水～金]11:30～14:0018:00～22:00(フードL.O.21:00/アルコールL.O.21:30)[土・日・祝]11:30～14:3018:00～22:00(フードL.O.21:00/アルコールL.O.21:30)
日曜営業
定休日
火曜・第1,3水曜",東京都板橋区本町32-12 サンハイツ本町101,https://tabelog.com/tokyo/A1322/A132205/13171680/
ラーメン,元祖まぐろラーメン 本店,"営業時間
[火～日]11:30〜14:00 17:00〜20:00テイクアウト2021.9月現在
日曜営業
定休日
月曜日※祝祭日、年末年始に変更あり店舗にお問い合わせください",東京都板橋区大和町23-2,https://tabelog.com/tokyo/A1322/A132205/13008890/
ラーメン,らあめん みそはち,,東京都板橋区蓮根3-1-5,https://tabelog.com/tokyo/A1322/A132205/13216941/
ラーメン,下頭橋ラーメン,"営業時間
12:00～20:00
定休日
水曜日、木曜日",東京都板橋区常盤台3-10-3,https://tabelog.com/tokyo/A1322/A132203/13015790/
ラーメン,白くま,,東京都板橋区東新町1-11-2,https://tabelog.com/tokyo/A1322/A132203/13008881/
ラーメン,博龍,,東京都板橋区弥生町57-8,https://tabelog.com/tokyo/A1322/A132203/13151543/
ラーメン,蒙古タンメン中本 上板橋本店,"営業時間
10:00～23:00
日曜営業
定休日
年末年始",東京都板橋区常盤台4-33-3-201 浅香ビル 2F,https://tabelog.com/tokyo/A1322/A132203/13004380/
ラーメン,神むら,"営業時間
11:00～15:0017:00～22:00※スープなくなり次第終了
日曜営業
定休日
無休",東京都板橋区高島平7-14-4,https://tabelog.com/tokyo/A1322/A132205/13135954/
ラーメン,舎鈴 大山駅前店,"営業時間
11:00〜22:00（L.O 22:30）",東京都板橋区大山東町59-2 江口ビル 1F,https://tabelog.com/tokyo/A1322/A132203/13285175/
ラーメン,武蔵家 成増店,"営業時間
10:00～翌2:00
日曜営業
定休日
無休",東京都板橋区成増2-17-21,https://tabelog.com/tokyo/A1322/A132204/13044414/
ラーメン,支那ソバ おさだ,"営業時間
[火・木・金]11:00～14:3018:00～20:00[月・日]11:00～16:00
日曜営業
定休日
水曜日、土曜日",東京都板橋区大山金井町38-1,https://tabelog.com/tokyo/A1322/A132203/13266841/
ラーメン,丸福,"営業時間
11：30～15：0017：00～22：00
日曜営業
定休日
水曜日",東京都板橋区志村2-22-9,https://tabelog.com/tokyo/A1322/A132205/13104176/
ラーメン,あさひ町内会,"営業時間
11:00～15:0017:00～20:30(L.O.)
日曜営業
定休日
月曜日(祝日は営業)",東京都板橋区板橋3-5-1 リビオタワー板橋 1F,https://tabelog.com/tokyo/A1322/A132205/13244535/
ラーメン,北海道らーめん みそ熊 板橋店,"営業時間
11:00〜23:00
日曜営業
定休日
定休日なし",東京都板橋区板橋2-62-8,https://tabelog.com/tokyo/A1322/A132205/13267724/
ラーメン,食撃の琥煌,"営業時間
11:00～15:0017:00～20:00(売り切れ次第終了)",東京都板橋区大山町25-7,https://tabelog.com/tokyo/A1322/A132203/13285145/
ラーメン,中華そば うめ川,"営業時間
11:00～14:30(L.O.14:20)17:00～20:00(緊急事態宣言の詳細が更新され次第、都度更新します）
日曜営業
定休日
火曜日(祝日の場合は翌日)",東京都板橋区板橋3-44-6,https://tabelog.com/tokyo/A1322/A132205/13246465/
ラーメン,日高屋 ときわ台北口店,"営業時間
10:30～21:00(お酒L.O.20:00 料理L.O.20:30)
日曜営業
定休日
無休",東京都板橋区常盤台2-6-5,https://tabelog.com/tokyo/A1322/A132203/13073649/
ラーメン,武蔵家 大山,,東京都板橋区大山東町22-5 第2山根ビル 1F,https://tabelog.com/tokyo/A1322/A132203/13181073/
ラーメン,太麺 太郎,"営業時間
[火〜土]11:30～15:00、17:30～24:00[日]11:30～15:00、17:30～22:00[月]定休日
日曜営業
定休日
月曜日",東京都板橋区東山町49,https://tabelog.com/tokyo/A1322/A132203/13116227/
ラーメン,いのこ 赤塚店,"営業時間
11:30～22:00（L.O.）
日曜営業
定休日
火曜日",東京都板橋区赤塚新町3-8-25,https://tabelog.com/tokyo/A1322/A132204/13185474/
ラーメン,東京ラーメン大番  桜川店,"営業時間
全日/11：00～23：30（ＬＯ）
日曜営業
定休日
無休",東京都板橋区桜川3-13-10 武田ビル１Ｆ,https://tabelog.com/tokyo/A1322/A132203/13117054/
ラーメン,喜多方屋 本店,"営業時間
11:30～13:30 17:30～20:30
定休日
日曜日",東京都板橋区板橋3-27-3,https://tabelog.com/tokyo/A1322/A132205/13022991/
ラーメン,味噌一 大原店,"営業時間
11:00～21:00
日曜営業
定休日
無休",東京都板橋区大原町31-2,https://tabelog.com/tokyo/A1322/A132205/13021033/
ラーメン,まつおぶし,"営業時間
11:30～14:0017:30～21:00
定休日
日曜日",東京都板橋区弥生町36-7,https://tabelog.com/tokyo/A1322/A132203/13212609/
ラーメン,ヌードル亭 ショパン,"営業時間
11:30〜14:00(14時前でもスープがなくなり次第終了)祭日20時まで営業
定休日
水曜日、土曜日、日曜日(営業日の場合あり)",東京都板橋区本町39-1 2F,https://tabelog.com/tokyo/A1322/A132205/13245069/
ラーメン,麺屋 喜楽明人,"営業時間
[月・火・水]6:30～8:3011:30～14:0018:00～21:00[木・金・土]6:30～8:3011:30～14:0018:00～23:30[日]11:30～14:0018:00～21:00",東京都板橋区東新町1-8-10,https://tabelog.com/tokyo/A1322/A132203/13278499/
ラーメン,香味屋,"営業時間
12:00～翌2:00(翌1:30)
日曜営業
定休日
月末の最終月曜日",東京都板橋区本町11-5 本町マンション　１０６,https://tabelog.com/tokyo/A1322/A132205/13009073/
ラーメン,町田商店 板橋四葉店,"営業時間
営業時間・休業日は変更となる場合がございますので、HPにて最新情報をご確認ください
日曜営業
定休日
無休",東京都板橋区四葉2-5-16,https://tabelog.com/tokyo/A1322/A132205/13264161/
ラーメン,光,,東京都板橋区板橋1-48-6,https://tabelog.com/tokyo/A1322/A132201/13160246/
ラーメン,煮干し中華そば にいぼし,,東京都板橋区上板橋3-23-5,https://tabelog.com/tokyo/A1322/A132203/13234581/
ラーメン,麺屋宗 肉そば総本店,"営業時間
11:30～16;0018:00〜22:00（現在短縮営業中）
日曜営業
定休日
無休",東京都板橋区常盤台1-5-6 KAZAN常盤台101,https://tabelog.com/tokyo/A1322/A132203/13114593/
ラーメン,麺工房 大番 上板橋店,"営業時間
11:30～15:00 17:00～21:00
定休日
日曜日",東京都板橋区常盤台4-32-3,https://tabelog.com/tokyo/A1322/A132203/13032188/
ラーメン,麺屋 海道,"営業時間
[火～金]11:30～14:3017:30～22:00頃[土]11:30～16:00※材料がなくなり次第終了
定休日
日曜、月曜、臨時休業あり(Twitterの確認お願い致します)",東京都板橋区板橋1-52-8 石徳ビル 1F,https://tabelog.com/tokyo/A1322/A132201/13225495/
ラーメン,龍一郎,,東京都板橋区赤塚新町1-24-2 般若ビル 1F,https://tabelog.com/tokyo/A1322/A132204/13221604/
ラーメン,麺屋 松どり,"営業時間
11:00～14:00(L.O.)17:00～22:00(L.O.)
日曜営業
定休日
不定休",東京都板橋区大山東町38-4 1F,https://tabelog.com/tokyo/A1322/A132205/13287103/
ラーメン,中華SOBA 惠ばら,"営業時間
[月・火・水・木・土]11:00～15:0017:30～20:30[日]11:00～15:00
日曜営業
定休日
金曜日",東京都板橋区赤塚2-2-4,https://tabelog.com/tokyo/A1322/A132204/13257994/
ラーメン,麺処 みかほ,,東京都板橋区小豆沢2-20-5,https://tabelog.com/tokyo/A1322/A132205/13265459/
ラーメン,花木流味噌 成増総本店,"営業時間

日曜営業",東京都板橋区成増2-20-2 1F,https://tabelog.com/tokyo/A1322/A132204/13255136/
ラーメン,三養軒,,東京都板橋区赤塚6-21-10,https://tabelog.com/tokyo/A1322/A132204/13152536/
ラーメン,六麓 豚らーめん,"営業時間
[月・火・木・金・土・日]11:30～14:3017:00～22:00
日曜営業
定休日
水曜日",東京都板橋区常盤台4-31-14,https://tabelog.com/tokyo/A1322/A132203/13289499/
ラーメン,さっぽろラーメン 熊田鉄男,"営業時間
［水～土］11:00～14:30 18:00～21:00［日］11:00～14:30
日曜営業
定休日
月曜日、火曜日",東京都板橋区東山町34-5,https://tabelog.com/tokyo/A1322/A132203/13280329/
ラーメン,麺や 河野,"営業時間
[水～日]12:00～15:0018:00～21:00[月]12:00～15:00
日曜営業
定休日
火曜日",東京都板橋区赤塚新町2-2-13,https://tabelog.com/tokyo/A1322/A132204/13223680/
ラーメン,麺屋 いさぎ,"営業時間
11:30～13:30(L.O.) 17:30～20:00(L.O.)
日曜営業
定休日
月曜日",東京都板橋区成増1-14-16,https://tabelog.com/tokyo/A1322/A132204/13281876/
ラーメン,百麺 中山道店,"営業時間
[火～金]11:30～15:0017:30～21:30[土・日・祝]11:30～21:00
日曜営業
定休日
月曜日",東京都板橋区板橋2-61-14,https://tabelog.com/tokyo/A1322/A132205/13004325/
ラーメン,らあめん こそっと,"営業時間
月曜火曜金曜　 11:00～14:30 18:00～21:00水曜木曜　11:00～14:30土曜日、日曜日、祝日 11:00～14:30 18:00～21:00
日曜営業
定休日
水、木の夜営業",東京都板橋区上板橋3-9-4,https://tabelog.com/tokyo/A1322/A132203/13160211/
ラーメン,頑者製麺所 エキア成増店,"営業時間
11:00～23:00(L.O.22:30)",東京都板橋区成増2-13-1 EQUiA成増 1Ｆ,https://tabelog.com/tokyo/A1322/A132204/13193629/
ラーメン,濱虎家 成増店,"営業時間

日曜営業",東京都板橋区成増2-15-10,https://tabelog.com/tokyo/A1322/A132204/13261126/
ラーメン,福しん 大山駅前店,"営業時間
10：00～翌03：00
定休日
年末年始 他、臨時休業有り",東京都板橋区大山町3-8,https://tabelog.com/tokyo/A1322/A132203/13113541/
ラーメン,博多ラーメン長浜や 新板橋店,,東京都板橋区板橋1-51,https://tabelog.com/tokyo/A1322/A132201/13225411/
ラーメン,博多とんこつラーメン わ蔵  板橋本店,"営業時間
[月～土]11:30～翌2:00[日]1130～23:00
日曜営業
定休日
無休",東京都板橋区板橋1-48-11,https://tabelog.com/tokyo/A1322/A132201/13037919/
ラーメン,せい家 大山店,"営業時間
11:00～翌2:30",東京都板橋区大山町5-10 第78東京ビル 1F,https://tabelog.com/tokyo/A1322/A132203/13147990/
ラーメン,ラーメン武蔵家 HANARE,,東京都板橋区成増2-17-19,https://tabelog.com/tokyo/A1322/A132204/13272103/
ラーメン,はちどり,"営業時間
［月］11:00～14:00［水・木・金・土・日］11:00～14:0017:30～21:00
日曜営業
定休日
火曜日",東京都板橋区板橋3-14-2,https://tabelog.com/tokyo/A1322/A132205/13180663/
ラーメン,めんや宮田,"営業時間
11:30～売り切れまで
日曜営業
定休日
水曜日",東京都板橋区双葉町7-14,https://tabelog.com/tokyo/A1322/A132203/13009075/
ラーメン,福しん 中板橋店,"営業時間
11：00～翌02：00（日曜・祝日、夜23：00まで）
日曜営業
定休日
年末年始 他、臨時休業有り",東京都板橋区中板橋21-2,https://tabelog.com/tokyo/A1322/A132203/13113542/
ラーメン,新 無極,,東京都板橋区高島平1-77-13 伏見ビル 1F,https://tabelog.com/tokyo/A1322/A132205/13204887/
ラーメン,つけそば 周,"営業時間
11:00～14:3017:30～21:00(スープ終了まで）2019年8月15日から18日まで夏季休業
定休日
日曜日",東京都板橋区板橋2-63-4 グローリア初穂板橋 1F,https://tabelog.com/tokyo/A1322/A132205/13126465/
ラーメン,ジロー’S テーブル 東武練馬南口店,"営業時間
10:30～24:00
日曜営業
定休日
無休",東京都板橋区徳丸2-2-7,https://tabelog.com/tokyo/A1322/A132203/13022872/
ラーメン,めん屋 かみいた,,東京都板橋区上板橋2-31-12,https://tabelog.com/tokyo/A1322/A132203/13244442/
ラーメン,麺屋 叶,,東京都板橋区舟渡3-13-18 ヤマトビル 1F,https://tabelog.com/tokyo/A1323/A132305/13268756/
ラーメン,東京ラーメン大番 下赤塚店,"営業時間
11:30～14:4517:30～24:00頃
日曜営業
定休日
水曜日",東京都板橋区赤塚新町1-22,https://tabelog.com/tokyo/A1322/A132204/13032161/
ラーメン,味噌一 常盤台店,"営業時間
［月～日］11:00～翌5:00
日曜営業
定休日
無休",東京都板橋区常盤台1-60-2 林ビル　１Ｆ,https://tabelog.com/tokyo/A1322/A132203/13002407/
ラーメン,自家製麺 No11,"営業時間
【月・水・木・金・土】11:00~15:00 / 17:30~22:00 L.O.【火曜日】17:00~22:00 L.O.【日曜日】11:00~16:00 L.O.※※※※※※※※※※※※※※※※2022年12月より火曜も営業（夜のみ）ご来店の際は店主Twitterをチェックしてください。※臨時休業、特別営業などはSNSで告知・店主Twitter:@masamix111
日曜営業
定休日
なし",東京都板橋区大山金井町14-12,https://tabelog.com/tokyo/A1322/A132201/13236620/
ラーメン,中華 みんみん,,東京都板橋区高島平6-1-5 中央卸売市場,https://tabelog.com/tokyo/A1322/A132205/13146457/
ラーメン,究極ジェイズラーメン,"営業時間
7:00～翌4:00
日曜営業
定休日
無休",東京都板橋区高島平1-76-14 ルボワ平喜 1F,https://tabelog.com/tokyo/A1322/A132205/13042149/
ラーメン,拉麺 アイオイ,"営業時間
[月火木金]11:00～14:30(L.O.14:00)18:00～21:30(L.O.21:00)[水・土]11:00～14:30(L.O.14:00)
定休日
日曜日",東京都板橋区志村3-9-4,https://tabelog.com/tokyo/A1322/A132205/13262946/
ラーメン,さい。,"営業時間
[月～土・祝]11:00～22:00[日]11:00～20:30※スープがなくなり次第終了
日曜営業
定休日
水曜(祝日の場合営業)",東京都板橋区大山町8-6,https://tabelog.com/tokyo/A1322/A132203/13097328/
ラーメン,板橋とんこつ ばしっこ,"営業時間
[火～日]11:00～14:3018:00～22:00
日曜営業
定休日
月曜日",東京都板橋区南常盤台1-26-9,https://tabelog.com/tokyo/A1322/A132203/13278466/
ラーメン,らうめん 麺坊,,東京都板橋区蓮沼町26-1,https://tabelog.com/tokyo/A1322/A132205/13025674/
ラーメン,とんこつラーメン 金太郎,"営業時間
［月〜金］09:00〜19:00［土］09:00〜15:00
定休日
日曜日、祝日",東京都板橋区志村3-27 メトロード志村三丁目,https://tabelog.com/tokyo/A1322/A132205/13231609/
ラーメン,寿製麺 よしかわ 西台駅前店,"営業時間
[月～土]11時〜21時(L.O.20:30)[日・祝祭日]11時～２０時（LO19：30）
日曜営業
定休日
水曜日",東京都板橋区蓮根3-8-14,https://tabelog.com/tokyo/A1322/A132205/13228611/
ラーメン,らあめん花月嵐 成増店,"営業時間
[店内営業時間]11:00～23:00(22:30ラストオーダー)
日曜営業
定休日
なし",東京都板橋区成増2-17-20,https://tabelog.com/tokyo/A1322/A132204/13055927/
ラーメン,ラーメン 豚翔,"営業時間
［火・木・土・日］11:30～15:00頃 17:00頃～24:00［水・金］17:00頃～24:00
日曜営業
定休日
月曜日",東京都板橋区蓮沼町45-8,https://tabelog.com/tokyo/A1322/A132205/13196285/
ラーメン,麺屋雷神 東武練馬店,"営業時間
【ランチ】平日　11：30～15：00（L.O.15：00）土日祝　11：00～15：00（L.O.15：00）【ディナー】平日・土日祝17：00～0：00（L.O.23：55）
日曜営業
定休日
無",東京都板橋区徳丸2-3-1 徳丸スクエア 1F,https://tabelog.com/tokyo/A1322/A132203/13214354/
ラーメン,リトルチャイナ 西台店,,東京都板橋区西台4-1-1,https://tabelog.com/tokyo/A1322/A132203/13153950/
ラーメン,家系ラーメン 丸武家,"営業時間
11:00～23:00【休憩時間15:00～17:00】
日曜営業
定休日
毎月 第１・第３ 火曜日",東京都板橋区徳丸2-3-14 サンファミリーマンション 1F,https://tabelog.com/tokyo/A1322/A132203/13234505/
ラーメン,らーめん 安べえ,"営業時間
11:30～14:30
定休日
月曜・日曜・祝日
暫く火曜日もお休",東京都板橋区坂下1-39-2,https://tabelog.com/tokyo/A1322/A132205/13042973/
ラーメン,剛力ダルマ家,"営業時間
11:30～14:0017:00～23:00(なくなり次第終了)
日曜営業
定休日
不定休",東京都板橋区泉町6-12,https://tabelog.com/tokyo/A1322/A132205/13226931/
ラーメン,麺や 武,"営業時間
11:00～16:0017:00～21:00
日曜営業
定休日
月曜日",東京都板橋区中台1-38-12,https://tabelog.com/tokyo/A1322/A132203/13282700/
ラーメン,まるよし,"営業時間
11：30〜14:00
定休日
日曜日、月曜日",東京都板橋区大山東町31-1,https://tabelog.com/tokyo/A1322/A132205/13062777/
ラーメン,つけめん　雷神,,東京都板橋区仲宿53-9,https://tabelog.com/tokyo/A1322/A132205/13136761/
ラーメン,つけ麺 らーめん 春樹 上板橋店,"営業時間
11:00～24:00",東京都板橋区常盤台4-33-3 浅香ビル 1F,https://tabelog.com/tokyo/A1322/A132203/13163379/
ラーメン,らーめん 琴海 赤塚店,"営業時間
[平日]11:00～24:00[日・祝]11:00～20:00それぞれ３０分前ラストオーダー営業時間短縮期間中は平日が22:00までの営業12/30-1/3まではお休みさせていただきます
日曜営業
定休日
正月お盆時期、定期休業あり。",東京都板橋区赤塚新町1-24-11 アミーゴビル 1F,https://tabelog.com/tokyo/A1322/A132204/13243858/
ラーメン,時ちゃんラーメン,,東京都板橋区大谷口上町8-6,https://tabelog.com/tokyo/A1322/A132203/13041390/
ラーメン,らーめん 松信 志村坂上駅前店,"営業時間
当面の間10:00（都合により遅れる事があります）～14:00（材料なくなり次第終了）
日曜営業
定休日
火曜日、水曜日、第二木曜日",東京都板橋区小豆沢2-19-5,https://tabelog.com/tokyo/A1322/A132205/13255833/
ラーメン,つるや,"営業時間
[火～土]11:00～14:3018:00～20:30(L.O.20:00)[日]11:00～14:30
日曜営業
定休日
月曜日",東京都板橋区常盤台4-30-2,https://tabelog.com/tokyo/A1322/A132203/13242005/
ラーメン,愚直,"営業時間
[月・土]12:00～15:00 [火・水・金・日]12:00～14:3019:00～21:00 
日曜営業
定休日
木曜日",東京都板橋区大谷口北町12-7 セブンマンション　１Ｆ,https://tabelog.com/tokyo/A1322/A132203/13043552/
ラーメン,魂の中華そば,"営業時間
[火〜金]11:30〜14:3018:00〜21:00[土・日・祝]11:00〜15:3018:00〜20:00※まん延防止期間20:00まで
日曜営業
定休日
月曜日（祝日の場合は翌火曜日）、時々火曜",東京都板橋区上板橋1-25-10 JTプラザ上板橋 1F,https://tabelog.com/tokyo/A1322/A132203/13190096/
ラーメン,喰麺家 冬馬,,東京都板橋区小豆沢4-5-3,https://tabelog.com/tokyo/A1322/A132205/13214746/
ラーメン,モリス,"営業時間
【月・火】11:00～15:00【木・金・土・日】11:00～20:00
日曜営業
定休日
水曜（祝日の場合は翌日）",東京都板橋区大山東町28-8 コンフォールT　１F,https://tabelog.com/tokyo/A1322/A132203/13054812/
ラーメン,ラーメン慶次郎 本店,"営業時間
[月・水・木・金・土・日・祝］11:30～15:0017:00～21:00
日曜営業
定休日
火曜日、第2・4水曜日",東京都板橋区本町14-14,https://tabelog.com/tokyo/A1322/A132205/13108087/
ラーメン,日高屋 成増北口店,"営業時間
10:00～21:00(L.O.20:30)
日曜営業
定休日
無休",東京都板橋区成増3-11-3 アクト1 1F,https://tabelog.com/tokyo/A1322/A132204/13105834/
ラーメン,中華めん処 道頓堀,"営業時間
11:00～14:00頃／17:30～20:00頃（昼夜とも、スープがなくなり次第終了）
日曜営業
定休日
水曜・木曜 ただし第2木曜日・第4木曜日の昼のみ営業",東京都板橋区成増2-17-2,https://tabelog.com/tokyo/A1322/A132204/13003812/
ラーメン,日高屋 東武練馬店,"営業時間
10:30～翌4:00
日曜営業",東京都板橋区徳丸2-3-3 東武練馬ムラ清ビル 1F・2F,https://tabelog.com/tokyo/A1322/A132203/13112612/
ラーメン,中華そば 武川,"営業時間
[火～日]11:30～14:00 18:00～22:00スープ売切れの場合早仕舞い
日曜営業
定休日
月曜日",東京都板橋区南常盤台1-29-3,https://tabelog.com/tokyo/A1322/A132203/13245279/
ラーメン,きころく 成増,"営業時間
月曜定休日平日11:00-15:00/17:00-23:00土祝11:00-20:00日11:00-15:00ラストオーダー各10-15分前【売り切れ次第終了】
日曜営業
定休日
月曜定休日",東京都板橋区成増2-10-7 ドールボナール 1F,https://tabelog.com/tokyo/A1322/A132204/13165236/
ラーメン,リッキーズ,"営業時間
火〜金　11:30〜14:30、17:00〜21:00 (売り切れ終了)土・日　11:30〜15:00、17:00〜21:00(売り切れ終了)
日曜営業
定休日
月曜・祝日",東京都板橋区宮本町67-9,https://tabelog.com/tokyo/A1322/A132205/13204116/
ラーメン,一笑らーめん,"営業時間
［月・火・木・金・土・日・祝］11:00～23:00（L.O 22:45）［水］11:00～15:00（L.O 14:45）
日曜営業
定休日
定休日なし",東京都板橋区赤塚新町2-6-4 豊ビル　１Ｆ,https://tabelog.com/tokyo/A1322/A132204/13019255/
ラーメン,鯛塩そば 縁,"営業時間
＝＝店内営業時間＝＝【平日】11:30-14:30 17:00-21:00（木曜日はランチ営業のみ）【土曜日】11:30 - 21:00【日曜/祝日】11:00 - 20:00※ラストオーダーはそれぞれ15分前になります。
定休日
木曜日はランチのみの営業",東京都板橋区板橋1-19-1,https://tabelog.com/tokyo/A1322/A132201/13212158/
ラーメン,徳丸家,"営業時間
［月～金］10:00～翌1:30［日］10:00～20:00
日曜営業
定休日
無休",東京都板橋区徳丸3-1-26,https://tabelog.com/tokyo/A1322/A132203/13260503/
ラーメン,ラーメン 豚嵐,"営業時間
[月・水・木・土・日]11:00～14:0017:30～20:00[金］17:30～20:00※材料がなくなり次第終了
日曜営業
定休日
火曜日",東京都板橋区蓮根3-3-2 ジュエシュピレーン蓮根 1F,https://tabelog.com/tokyo/A1322/A132205/13266833/
ラーメン,丸源ラーメン 高島平店,"営業時間
月〜日10:30〜翌01:00
日曜営業
定休日
なし",東京都板橋区高島平1-13-6,https://tabelog.com/tokyo/A1322/A132205/13140568/
ラーメン,焼きあご醤油ラーメンあらい イオンスタイル板橋前野町店,"営業時間
11:00~21：00（ラストオーダー20時）
日曜営業
定休日
無休",東京都板橋区前野町4-21-22 イオンスタイル板橋前野町 1F,https://tabelog.com/tokyo/A1322/A132205/13265173/
ラーメン,ハートレストラン 安ざわ家,"営業時間
[月～金]11:30～14:30[土]11:30～15:0017:00～20:00[祝]11:30～15:00
定休日
日曜日",東京都板橋区上板橋3-20-8 MODEビル1F,https://tabelog.com/tokyo/A1322/A132203/13247427/
ラーメン,ラーメン二郎 西台駅前店,"営業時間
[月・火・木・金]11:00～13:3017:30～20:30[水]11:30～13:30[土]9:30～12:30
定休日
日曜日、祝日",東京都板橋区蓮根3-9-7,https://tabelog.com/tokyo/A1322/A132205/13112690/
ラーメン,欣家,"営業時間
［月、火、水、日］11:00～15:00［金］11:00～15:0018:00～21:00［土］11:00～15:001800～21:00
日曜営業
定休日
木曜日",東京都板橋区高島平1-62-6 第２コーポ荒井 101,https://tabelog.com/tokyo/A1322/A132205/13003808/
ラーメン,福しん 下赤塚北口店,"営業時間
[月～土]11:00～翌2:00[日・祝]11:00～22:00
日曜営業
定休日
無休",東京都板橋区赤塚2-2-5,https://tabelog.com/tokyo/A1322/A132204/13204204/
ラーメン,麺処 きらく,"営業時間
11:30～14:50 18:00～22:50
日曜営業
定休日
火曜日",東京都板橋区徳丸1-43-4,https://tabelog.com/tokyo/A1322/A132203/13231726/
ラーメン,ジロー's テーブル 東武練馬イオン前店,,東京都板橋区徳丸3-1-22 1F,https://tabelog.com/tokyo/A1322/A132203/13240040/
ラーメン,らあめん花月嵐 志村店,"営業時間
[店内営業時間]11:00～23:00（ラストオーダー22:30）[出前館受付時間]11:00～21:00[Uber Eats受付時間]11:00～21:00
日曜営業
定休日
年末年始",東京都板橋区志村3-31-15,https://tabelog.com/tokyo/A1322/A132205/13044903/
ラーメン,中華ソバ 伊吹,"営業時間
[火～土]11:45～14:30（スープ終了次第閉店。約65杯）18:40～20:35（スープ終了次第閉店。約45杯)※提供杯数やスープ終了の情報、臨時休業等は随時ホームページに記載されますので、ご来店予定の方はぜひ事前にチェックする事をおすすめいたします。
定休日
日曜日、月曜日",東京都板橋区前野町4-58-10 見次パークマンション 1F,https://tabelog.com/tokyo/A1322/A132205/13163874/
ラーメン,らあめん 元,"営業時間
[火～金]11:30～14:30(L.O14:20)18:00～21:30(L.O21:20)[土・日・祝]11:30～14:30(L.O14:20)18:00〜20:30(L.O20:20)
日曜営業
定休日
月曜日",東京都板橋区坂下2-16-11,https://tabelog.com/tokyo/A1322/A132205/13090786/
ラーメン,麺屋しらかわ はなれ 中板橋店,"営業時間
11:00～15:00/17:00～21:00
定休日
火曜日",東京都板橋区中板橋23-11,https://tabelog.com/tokyo/A1322/A132203/13288163/
ラーメン,まるげん,,東京都板橋区蓮沼町20-16,https://tabelog.com/tokyo/A1322/A132205/13148943/
ラーメン,麺処 さとう,"営業時間
11:00～15:0018:00～23:00※スープなくなり次第終了
日曜営業
定休日
定休日なし   年末年始お休み   臨時休業あり",東京都板橋区蓮沼町22-6,https://tabelog.com/tokyo/A1322/A132205/13150197/
ラーメン,らーめん せい家 高島平店,,東京都板橋区高島平8-4-1 篠本ビル 1F,https://tabelog.com/tokyo/A1322/A132205/13162485/
ラーメン,中華そば なりたや,"営業時間
[月・水・木・金・土・日]11:00～17:00
日曜営業
定休日
火曜日",東京都板橋区仲宿47-9,https://tabelog.com/tokyo/A1322/A132205/13270430/
ラーメン,つけ麺　きくちゃん,"営業時間
[火～日]11:00～15:0017:00～21:00
日曜営業
定休日
月曜日",東京都板橋区板橋3-6-10,https://tabelog.com/tokyo/A1322/A132205/13095897/
ラーメン,オカモト★タンメン  板橋店,"営業時間
11:00～15:00(L.O.14:30)17:00～23:00(L.O.22:30)
日曜営業
定休日
月曜日",東京都板橋区板橋1-50-7,https://tabelog.com/tokyo/A1322/A132201/13282455/
ラーメン,ラーメン龍の家 板橋大山店,"営業時間
現在、時短営業中11:00～22:00(22時までご入店いただけます)通常11:00～24:00(オーダーストップ23:30)
日曜営業
定休日
毎週火曜日(祝日は営業)※年末年始､GW､お盆期間などは変更あり",東京都板橋区大山東町22-5,https://tabelog.com/tokyo/A1322/A132203/13215893/
ラーメン,gonzy noodle(仮),"定休日
不定休",東京都板橋区蓮沼町20-13,https://tabelog.com/tokyo/A1322/A132205/13280046/
ラーメン,麺や天鳳 中板橋店,"営業時間
11:30～15:0018:00～20:30
日曜営業
定休日
木曜日",東京都板橋区中板橋25-7 田中ビル 1F,https://tabelog.com/tokyo/A1322/A132203/13119228/
ラーメン,モモジロウショウテン,,東京都板橋区大山東町28-8 コンフォールT 1F,https://tabelog.com/tokyo/A1322/A132203/13236615/
ラーメン,宮本太郎。,"営業時間
1100-15:0017:00-22:00
日曜営業
定休日
月",東京都板橋区上板橋3-10-1,https://tabelog.com/tokyo/A1322/A132203/13161796/
ラーメン,長崎ちゃんぽん ぽんた,"営業時間
11:30～14:0018:00～22:30
定休日
日曜日、祝日",東京都板橋区板橋4-7-10,https://tabelog.com/tokyo/A1322/A132201/13199888/
ラーメン,武蔵家 板橋店,"営業時間
[月〜日]18:00～翌5:00 ラストオーダー4:40
日曜営業
定休日
無休",東京都板橋区常盤台1-63-9 メゾン･ド･北斗　１Ｆ,https://tabelog.com/tokyo/A1322/A132203/13042165/
ラーメン,ラーメン緑山,"営業時間
11:00～14:00(オーダーストップ13:50) 17:00～21:00(オーダーストップ20:50) 
日曜営業
定休日
月曜日、木曜日",東京都板橋区西台2-39-5 石田ビル 1F,https://tabelog.com/tokyo/A1322/A132205/13261797/
ラーメン,舎鈴 イオン板橋店,"営業時間
9:00～21:30
日曜営業
定休日
無休",東京都板橋区徳丸2-6-1 イオン板橋ショッピングセンター 3F フードコート内,https://tabelog.com/tokyo/A1322/A132203/13228174/
ラーメン,珍珍珍 高島通り店,"営業時間
[月～土]11:00～24:00[日・祝]11:00～21:00
日曜営業
定休日
無休",東京都板橋区坂下2-30-17,https://tabelog.com/tokyo/A1322/A132205/13038335/
ラーメン,さっぽろラーメン 桑名 常盤台店,"営業時間
11:30～20:00(スープがなくなり次第終了)
日曜営業
定休日
水曜",東京都板橋区常盤台1-46-4 浜ビル 1F,https://tabelog.com/tokyo/A1322/A132203/13215862/
ラーメン,麺や 宝龍,"営業時間
11:30～15:0018:00～23:00
定休日
日曜日",東京都板橋区東坂下2-4-3 あずさわグランドハウス 1F,https://tabelog.com/tokyo/A1322/A132205/13043250/
ラーメン,無添加 らぁ麺 奏,"営業時間

日曜営業
定休日
火曜日、水曜日",東京都板橋区大和町6-12,https://tabelog.com/tokyo/A1322/A132205/13283110/
ラーメン,えび豚骨拉麺 春樹 大山店,,東京都板橋区大山町24-8 アーケードヒルズ大山 1F,https://tabelog.com/tokyo/A1322/A132203/13278503/
ラーメン,麺処 古武士 板橋前野町店,"営業時間
金曜日、土曜日 11:15～15:00、17:30～22:00日曜日 、祝日11:15～15:00、17:30～21:00
定休日
月曜日、火曜日、水曜日、木曜日",東京都板橋区前野町4-2-6,https://tabelog.com/tokyo/A1322/A132205/13285149/
ラーメン,無極,"営業時間
11:00～翌1:30
日曜営業
定休日
無休",東京都板橋区泉町5-14,https://tabelog.com/tokyo/A1322/A132205/13286964/
ラーメン,中華そば 西やん,"営業時間

日曜営業
定休日
無休",東京都板橋区仲宿55-10,https://tabelog.com/tokyo/A1322/A132205/13256367/
ラーメン,モトキ,,東京都板橋区大原町6-10,https://tabelog.com/tokyo/A1322/A132205/13282180/
ラーメン,楽々軒,"営業時間
11:00~21:00
日曜営業
定休日
月曜",東京都板橋区中台1-36-6,https://tabelog.com/tokyo/A1322/A132203/13065929/
ラーメン,こうちゃん,,東京都板橋区大山町36-9,https://tabelog.com/tokyo/A1322/A132203/13228386/
ラーメン,ラーメンショップぷりてぃべあ,,東京都板橋区若木1-8-21,https://tabelog.com/tokyo/A1322/A132203/13065916/
ラーメン,板橋鶏白湯らぁ麺 みかほ,"営業時間
11:30～14:3018:00～23:00",東京都板橋区大山東町28-10,https://tabelog.com/tokyo/A1322/A132203/13287429/
ラーメン,らーめん 勇人,"営業時間
11:30～15:00(L.O.14:30)17:30～22:00(L.O.21:30)
日曜営業
定休日
水曜日、ほか不定休",東京都板橋区高島平9-1-9 メトロード 3番館,https://tabelog.com/tokyo/A1322/A132205/13282336/
ラーメン,しんちゃん,,東京都板橋区大谷口北町35-4,https://tabelog.com/tokyo/A1322/A132203/13153902/
ラーメン,天竜,"営業時間
17:00～24:00夜のみの営業になりました。
日曜営業
定休日
水曜日",東京都板橋区大山西町58-13,https://tabelog.com/tokyo/A1322/A132203/13062771/
ラーメン,麺屋 願月,,東京都板橋区南常盤台2-1-1,https://tabelog.com/tokyo/A1322/A132203/13280048/
ラーメン,豚骨ラーメン 藤,"営業時間
［月～金]11:00～21:00
定休日
土曜日、日曜日",東京都板橋区板橋1-36-10 富塚ビル 1F,https://tabelog.com/tokyo/A1322/A132201/13277943/
ラーメン,喰麺家 冬馬 小豆沢店,"営業時間
[月・水～日・祝日・祝前日] 11:00～21:00 （L.O. 21:00）
定休日
火曜日",東京都板橋区小豆沢4-5-4,https://tabelog.com/tokyo/A1322/A132205/13226978/
ラーメン,中華食堂 日高屋 上板橋北口店,"営業時間
11:30～20:00（L.O.19:40）
日曜営業
定休日
無休",東京都板橋区常盤台4-33-15 タカノビル,https://tabelog.com/tokyo/A1322/A132203/13260261/
ラーメン,めん処 羽鳥,"営業時間
[月～土]昼：11:00～15:00  夜：17:30～21:00 [日・祝]昼：11:00～15:30夜：17:30～20:00スープなくなり次第閉店となります。
日曜営業
定休日
木曜日　夏休暇　年末年始
12/12(火)の夜営業はお休み致します。",東京都荒川区西日暮里2-28-8,https://tabelog.com/tokyo/A1311/A131105/13152229/
ラーメン,らーめん　雲,,東京都荒川区西尾久3-21-10,https://tabelog.com/tokyo/A1323/A132303/13136963/
ラーメン,えどもんど,"営業時間
11:00～14:3017:30～21:00※材料切れ次第営業終了
日曜営業
定休日
定休日なし",東京都荒川区西日暮里5-31-9,https://tabelog.com/tokyo/A1311/A131105/13253804/
ラーメン,北珍,"営業時間
月、水ー日11:00ー14:0017:00ー20:00
日曜営業
定休日
火曜日",東京都荒川区西尾久4丁目1-11,https://tabelog.com/tokyo/A1323/A132301/13059656/
ラーメン,けん太,"営業時間
[月～土]11:00～14:0017:00～21:00※スープがなくなり次第終了
定休日
日曜日",東京都荒川区東日暮里5-51-14 石畑ビル 1F,https://tabelog.com/tokyo/A1311/A131105/13111986/
ラーメン,しばらく 町屋店,"営業時間
［月～土］11:30～13:0018:00～24:00
定休日
日曜日",東京都荒川区荒川6-2-7,https://tabelog.com/tokyo/A1324/A132401/13098481/
ラーメン,らあめん花月嵐 東尾久店,"営業時間
[店内営業時間]11：00～23：00
日曜営業
定休日
年中無休",東京都荒川区東尾久1-37-5,https://tabelog.com/tokyo/A1324/A132401/13161905/
ラーメン,富士松,"営業時間
11:00～15:0018:00～21:00 
日曜営業
定休日
水曜日",東京都荒川区西尾久7-19-6 ベルメゾンヤスダ 104,https://tabelog.com/tokyo/A1323/A132303/13188858/
ラーメン,中華ランラン,"営業時間
11:00～21:00
日曜営業
定休日
月曜日、火曜日",東京都荒川区町屋4-10-5,https://tabelog.com/tokyo/A1324/A132401/13155062/
ラーメン,Ramen にじゅうぶんのいち,"営業時間
【火・水・金】11:30～14:30【土・日】11:30〜15:00※売り切れ次第閉店
日曜営業
定休日
月曜・木曜・祝日",東京都荒川区東尾久2-19-10,https://tabelog.com/tokyo/A1324/A132401/13147594/
ラーメン,旭川らあめん泰斗,"営業時間
11:00～23:00
定休日
サンポップ マチヤに準ずる",東京都荒川区荒川7-50-9 サンポップ マチヤ B1,https://tabelog.com/tokyo/A1324/A132401/13125388/
ラーメン,日高屋 町屋店,"営業時間
11:00～翌2:00",東京都荒川区荒川6-5-2 ツジビル　１Ｆ,https://tabelog.com/tokyo/A1324/A132401/13117342/
ラーメン,横濱家系ラ－メン 馬場壱家 風の陣,,東京都荒川区西日暮里5-21-3,https://tabelog.com/tokyo/A1311/A131105/13184208/
ラーメン,えび豚骨拉麺 泰和,,東京都荒川区東日暮里1-5-13,https://tabelog.com/tokyo/A1324/A132401/13281218/
ラーメン,長浜や 日暮里店,"営業時間
11:00～翌1:00
日曜営業
定休日
無休",東京都荒川区西日暮里2-17-8 細川ビル,https://tabelog.com/tokyo/A1311/A131105/13173419/
ラーメン,町屋大勝軒 孤珀,"営業時間
●[月・水～日]11:30～14:3017:45～20:45スープがなくなり次第終了
日曜営業
定休日
火曜日",東京都荒川区町屋2-17-2 いずみマンション 1F,https://tabelog.com/tokyo/A1324/A132401/13047026/
ラーメン,ラーメン ヤミーマーゴ,"営業時間
［火曜〜日曜］11:30〜15:00(14:30L.O)17:00～21:00(20:30L.O)※材料切れにより早仕舞いの場合があります
日曜営業
定休日
月曜日 、他数日（店頭やSNSで事前に告知いたします）",東京都荒川区町屋6-19-14 1F,https://tabelog.com/tokyo/A1324/A132401/13289807/
ラーメン,天元,"営業時間
11:00〜23:00
日曜営業
定休日
無休",東京都荒川区町屋2-4-18,https://tabelog.com/tokyo/A1324/A132401/13019254/
ラーメン,町屋商店,"営業時間
営業時間・休業日は変更となる場合がございますので、HPにて最新情報をご確認ください
日曜営業
定休日
無休",東京都荒川区町屋1-2-11 町屋駅前一番館ビル 1F,https://tabelog.com/tokyo/A1324/A132401/13173322/
ラーメン,日高屋 南千住店,"営業時間
11:00～翌3:00
日曜営業",東京都荒川区南千住7-1-1 アクレスティ南千住1F,https://tabelog.com/tokyo/A1324/A132401/13117639/
ラーメン,濃厚つけそば・中華そば のぶ良し,"営業時間
11:30～14:3017:00～21:30
定休日
木曜日、日曜日",東京都荒川区西尾久1-31-5,https://tabelog.com/tokyo/A1323/A132303/13285555/
ラーメン,永新,"営業時間
11:30～14:3017:30～21:00
日曜営業
定休日
木曜日、不定休があるのでインスタグラムで要確認",東京都荒川区西尾久2-1-15,https://tabelog.com/tokyo/A1323/A132303/13065902/
ラーメン,麺酒処 ぶらり,"営業時間
［平日］11:30～14:3016:00～22:00［土・祝］11:30～22:00
定休日
日曜日",東京都荒川区東日暮里5-52-5,https://tabelog.com/tokyo/A1311/A131105/13041644/
ラーメン,ラーメン屋 トイ・ボックス,"営業時間
［火曜〜金曜］11:00～15:00 18:00〜21:00［土日祝日］11:00〜15:00（材料切れにより早仕舞いの場合があります）※毎月第二火曜定休
日曜営業
定休日
月曜日（祝日の場合は、翌日の火曜日に振替）・第2火曜日",東京都荒川区 東日暮里1-1-3 1階,https://tabelog.com/tokyo/A1324/A132401/13162973/
ラーメン,天心ラーメン 日暮里店,,東京都荒川区東日暮里6-15-1,https://tabelog.com/tokyo/A1324/A132401/13150483/
ラーメン,松ちゃん,,東京都荒川区西日暮里5-5-1,https://tabelog.com/tokyo/A1311/A131105/13106052/
ラーメン,日高屋 日暮里南口店,"営業時間
11:00～翌2:30 （L.O. 翌2:00）
日曜営業",東京都荒川区東日暮里5-50-10 ザオービル １Ｆ,https://tabelog.com/tokyo/A1311/A131105/13143785/
ラーメン,裏サブロン,,東京都荒川区東日暮里5-1-2,https://tabelog.com/tokyo/A1311/A131105/13174975/
ラーメン,ラーメン 尹善栄の店,"営業時間
[月〜土]11：00〜14：3017：00〜21：00(LO 20:45)
定休日
日曜日",東京都荒川区西日暮里5-11-1,https://tabelog.com/tokyo/A1311/A131105/13280527/
ラーメン,春樹 日暮里店,"営業時間
11:00～23:00
日曜営業
定休日
ほぼ無休",東京都荒川区東日暮里5-50-10 ザオービル 1Ｆ,https://tabelog.com/tokyo/A1311/A131105/13144619/
ラーメン,らーめんごっこ,,東京都荒川区東尾久2-49-5,https://tabelog.com/tokyo/A1324/A132401/13148852/
ラーメン,中華そば 光,,東京都荒川区南千住1-32 2F,https://tabelog.com/tokyo/A1324/A132401/13201117/
ラーメン,横浜家系ラーメン檜家 町屋店,,東京都荒川区荒川7-39-2 三豊ビル 1F,https://tabelog.com/tokyo/A1324/A132401/13183230/
ラーメン,自家製麺 毘舎利,"営業時間
［火～日］11:00～15:0017:00～22:00
日曜営業
定休日
月曜日",東京都荒川区町屋2-2-3,https://tabelog.com/tokyo/A1324/A132401/13272403/
ラーメン,中華そば 虎桜,"営業時間
11:00～14:30 17:30～21:00
定休日
日曜日の午後営業、月曜日",東京都荒川区荒川6-20-12 岸ハイツ1F,https://tabelog.com/tokyo/A1324/A132401/13187458/
ラーメン,ラーメン シェルター,"営業時間
11:30～14:0018:00～21:00
日曜営業
定休日
金曜日",東京都荒川区西尾久5-3-24,https://tabelog.com/tokyo/A1323/A132303/13251783/
ラーメン,つけ麺屋　あら田,"営業時間
[平日]11:30〜15:0017:00～22:45(L.O)[土・日・祝]11:30～21:45(L.O)
日曜営業
定休日
水曜日",東京都荒川区荒川6-3-1,https://tabelog.com/tokyo/A1324/A132401/13116166/
ラーメン,天心ラーメン,,東京都荒川区東尾久1-21-8,https://tabelog.com/tokyo/A1324/A132401/13129938/
ラーメン,まる文,"営業時間
[火～日]11:30～14:45    18:00～21:00
日曜営業
定休日
月曜日",東京都荒川区東尾久2-49-9,https://tabelog.com/tokyo/A1324/A132401/13177353/
ラーメン,らーめん三極志,"営業時間
11:00～15:00 18:00～20:00
日曜営業
定休日
火曜日",東京都荒川区東日暮里 6-10-1 東日暮里十番コープ 1F,https://tabelog.com/tokyo/A1324/A132401/13228015/
ラーメン,コッテリの塩ラーメン専門店 MANNISH 日暮里,"営業時間
11:00～15:0017:00～21:00[日]11:00～15:0017:00～20:30
日曜営業",東京都荒川区西日暮里2-40-3 日神パレス日暮里 1F,https://tabelog.com/tokyo/A1311/A131105/13274701/
ラーメン,日高屋 西日暮里東口店,"営業時間
10:30～翌2:00(L.O.翌1:30)",東京都荒川区西日暮里5-13-11,https://tabelog.com/tokyo/A1311/A131105/13208852/
ラーメン,ラーメン 三ノ輪家,,東京都荒川区南千住1-12-7,https://tabelog.com/tokyo/A1324/A132401/13241733/
ラーメン,宗家一条流 がんこラーメン 南千住店,"営業時間
[月～土]11:30～14:3018:00～22:00
定休日
日曜日、祝日",東京都荒川区南千住7-5-1,https://tabelog.com/tokyo/A1324/A132401/13240202/
ラーメン,麺家 千祥,"営業時間

日曜営業
定休日
水曜日",東京都荒川区町屋1-2-7 ヴェルデセゾン 1F,https://tabelog.com/tokyo/A1324/A132401/13234960/
ラーメン,中華そば つけそば 伊蔵八本店,,東京都荒川区西日暮里5-21-2,https://tabelog.com/tokyo/A1311/A131105/13237884/
ラーメン,中国手打拉麺 馬賊 日暮里店,"営業時間
11:00～23:30
日曜営業
定休日
無休",東京都荒川区西日暮里2-18-2 伊藤ビル 1F,https://tabelog.com/tokyo/A1311/A131105/13003513/
ラーメン,タナカタロウ,"営業時間
(火)～(土)1130～14301730～2100(日)（祝）1130～1430
日曜営業
定休日
(月)定休日、（日）（祝）不定休",東京都荒川区町屋8-4-8 藤和シティコープ町屋2 1F,https://tabelog.com/tokyo/A1324/A132401/13233129/
ラーメン,麺屋 愛心 町屋店,"営業時間
11:00～15:00 17:30～22:00
日曜営業
定休日
火曜日",東京都荒川区荒川7-39-3 シティハイム町屋 1F,https://tabelog.com/tokyo/A1324/A132401/13220662/
ラーメン,とんこつ 昇,"営業時間
11:00～15:0017:00～23:00
日曜営業
定休日
火曜日",東京都荒川区西日暮里2-20-1 ステーションポートタワー 3F,https://tabelog.com/tokyo/A1311/A131105/13289616/
ラーメン,原価堂,"営業時間
[水・木・土・日]11:30～14:00 18:00～21:00
日曜営業
定休日
月曜・火曜・金曜",東京都荒川区町屋3-8-16,https://tabelog.com/tokyo/A1324/A132401/13012287/
ラーメン,日高屋 日暮里東口店,"営業時間
[月～金]11:00～23:00(L.O.22:30)[土・日・祝]11:00～21:00(L.O.20:30)
日曜営業
定休日
無休",東京都荒川区西日暮里2-25-1,https://tabelog.com/tokyo/A1311/A131105/13105841/
ラーメン,みよし,,東京都荒川区南千住3-35-11,https://tabelog.com/tokyo/A1324/A132401/13065905/
ラーメン,香り家,"営業時間
11:30～14:00
日曜営業
定休日
不定休",東京都荒川区西尾久2-28-6 イーグルテラス 1F,https://tabelog.com/tokyo/A1323/A132303/13234713/
ラーメン,麺食堂 一真亭 南千住店,"営業時間
[火～金]11:30～14:0017:30～21:00(L.O.20:00)[土]11:30～21:00(L.O.20:00)
定休日
月曜・日曜・祝日",東京都荒川区南千住7-26-4,https://tabelog.com/tokyo/A1324/A132401/13217532/
ラーメン,丸源ラーメン 瑞穂店,"営業時間
10:30～24:00(L.O.23:40)",東京都西多摩郡瑞穂町殿ケ谷822-1,https://tabelog.com/tokyo/A1330/A133002/13279102/
ラーメン,松屋,"営業時間
11:30～14:00(売り切れ次第営業終了)
日曜営業
定休日
不定休",東京都西多摩郡瑞穂町箱根ヶ崎258,https://tabelog.com/tokyo/A1330/A133002/13124282/
ラーメン,中華そば専門店 びんびん亭 瑞穂店,"営業時間
11:00～23:00
定休日
無休",東京都西多摩郡瑞穂町駒形富士山126-1,https://tabelog.com/tokyo/A1330/A133002/13251104/
ラーメン,山岡家 瑞穂店,"営業時間
24時間営業
日曜営業
定休日
なし",東京都西多摩郡瑞穂町武蔵205-1,https://tabelog.com/tokyo/A1330/A133002/13019546/
ラーメン,舎鈴 ジョイフル本田瑞穂店,"営業時間
9:00～20:00(L.O.19:30)
日曜営業
定休日
無休",東京都西多摩郡瑞穂町殿ケ谷442 ジョイフル本田瑞穂店 2F,https://tabelog.com/tokyo/A1330/A133002/13270740/
ラーメン,湘南乃家,"営業時間
[月～水・金～日]11:00〜24:00(L.O.23:30)
日曜営業
定休日
無休",東京都西多摩郡瑞穂町駒形富士山130-1,https://tabelog.com/tokyo/A1330/A133002/13053151/
ラーメン,天芯ラーメン 瑞穂店,"営業時間
[終日]11:00～22:00[定休日]火曜日
日曜営業
定休日
火曜",東京都西多摩郡瑞穂町箱根ケ崎1324-8,https://tabelog.com/tokyo/A1330/A133002/13116782/
ラーメン,麺や しむら,"営業時間
11:00～15:00(L.O) 17:30～20:30(L.O)
定休日
日曜",東京都西多摩郡瑞穂町長岡1-36-15,https://tabelog.com/tokyo/A1330/A133002/13044483/
ラーメン,瑞穂大和家,"営業時間
[月～日]11:00～24:00
日曜営業
定休日
無休",東京都西多摩郡瑞穂町むさし野3-11-3,https://tabelog.com/tokyo/A1330/A133002/13177838/
ラーメン,蔵出し味噌 麺場壱歩 武蔵村山店,,東京都西多摩郡瑞穂町殿ヶ谷788-5,https://tabelog.com/tokyo/A1330/A133002/13185178/
ラーメン,麺処 田ぶし 高円寺本店,"営業時間
11:30～23:30※12/30まで通常営業※1/2〜通常営業
日曜営業
定休日
無休　（12/31、元日のみ休業）",東京都杉並区高円寺北3-2-17 ゆとりすとK5 1F,https://tabelog.com/tokyo/A1319/A131904/13004214/
ラーメン,我流宮,"営業時間
[月～金]11:00～22:00[土・日・祝]11:00～21:00
日曜営業
定休日
無し",東京都杉並区高円寺南2-13-1 岡村ハイツ B1F,https://tabelog.com/tokyo/A1319/A131904/13282914/
ラーメン,とんこつ拉麺 漣,"営業時間
11:00～16:00 17:00～23:00
定休日
不定休",東京都杉並区高円寺南3-58-26,https://tabelog.com/tokyo/A1319/A131904/13281283/
ラーメン,貝出汁と牛 麺処リュウグウ,"営業時間
[平日]11:00‐2３:00[土日祝］11:00‐22:0０
日曜営業
定休日
年中無休",東京都杉並区阿佐谷北2-13-2 パサージュ阿佐ヶ谷 1F,https://tabelog.com/tokyo/A1319/A131905/13268828/
ラーメン,あぶら～亭,"営業時間
通常営業11:00 ～ 翌2:30売り切れによる早じまい有
日曜営業
定休日
火曜日",東京都杉並区下高井戸1-22-9,https://tabelog.com/tokyo/A1318/A131809/13006577/
ラーメン,味噌一 高円寺本店,"営業時間
11:00～翌5:00
日曜営業
定休日
無休",東京都杉並区高円寺南2-35-15 三晃ビル　１Ｆ,https://tabelog.com/tokyo/A1319/A131904/13004327/
ラーメン,麺屋 かむい,,東京都杉並区高円寺南4-25-1,https://tabelog.com/tokyo/A1319/A131904/13256265/
ラーメン,自家製麺 火の鳥73,"営業時間
11:30～15:00(L.O.)19:00～22:30(L.O.)
定休日
日曜日、第3月曜日",東京都杉並区高円寺南4-25-9,https://tabelog.com/tokyo/A1319/A131904/13118567/
ラーメン,だしと麺 遊泳,"営業時間
【木•金】17:00～20:30 L.O【土•日】11:30〜15:30 L.O
日曜営業
定休日
月•火•水",東京都杉並区高円寺南1-6-5 高円寺サマリヤマンション 1F,https://tabelog.com/tokyo/A1319/A131904/13287534/
ラーメン,荻窪 武茂,,東京都杉並区上荻1-5-10 アクトワールド 1F,https://tabelog.com/tokyo/A1319/A131906/13276626/
ラーメン,手もみラーメン 十八番,"営業時間
[月～土]18:00～24:30[日・祝]18:00～23:30
日曜営業
定休日
無休",東京都杉並区上荻1-4-10,https://tabelog.com/tokyo/A1319/A131906/13001114/
ラーメン,中華そば つけ麺 甲斐,,東京都杉並区久我山2-27-1,https://tabelog.com/tokyo/A1318/A131806/13038404/
ラーメン,麺や　与一,"営業時間
11:30〜22:30
定休日
月曜日（月が祝日の場合は翌日）",東京都杉並区浜田山3-35-1,https://tabelog.com/tokyo/A1318/A131805/13051121/
ラーメン,新橋 纏 八幡山店,"営業時間

日曜営業",東京都杉並区上高井戸1-1-11 京王リトナード八幡山,https://tabelog.com/tokyo/A1318/A131809/13278565/
ラーメン,鶏白湯専門店 つけ麺 まるや 高円寺北口店,"営業時間

日曜営業
定休日
月曜日",東京都杉並区高円寺北2-22-6 楓ビル 1F,https://tabelog.com/tokyo/A1319/A131904/13287740/
ラーメン,麺屋まいど,"営業時間
［火～金］11:30～15:15（L.O.15:00）18:00～24:00（L.O.23:45）［土日祝］11:30～15:15（L.O.15:00）18:00～22:15（L.O.22:00）
日曜営業
定休日
月曜日",東京都杉並区阿佐谷北2-1-1,https://tabelog.com/tokyo/A1319/A131905/13207810/
ラーメン,函館塩ラーメン 五稜郭,"営業時間
11:30～16:00（売り切れ次第終了）
日曜営業
定休日
月曜日・火曜日（祝日は営業）",東京都杉並区天沼3-28-7,https://tabelog.com/tokyo/A1319/A131906/13154596/
ラーメン,誠屋 八幡山店,"営業時間
11:30～24:00
日曜営業
定休日
無休",東京都杉並区上高井戸1-5-17 エントピア五月園　１Ｆ,https://tabelog.com/tokyo/A1318/A131809/13019952/
ラーメン,麺処 鳴神,"営業時間
11:00～翌0:00（スープ切れ次第終了）
日曜営業
定休日
無休",東京都杉並区天沼3-4-11,https://tabelog.com/tokyo/A1319/A131906/13122625/
ラーメン,拉麺 麺くま,,東京都杉並区久我山5-7-19 1階,https://tabelog.com/tokyo/A1318/A131806/13205402/
ラーメン,麺処 源玄,"営業時間
11:45～15:00
日曜営業
定休日
木曜",東京都杉並区阿佐谷南2-17-3 長谷ビル 1F,https://tabelog.com/tokyo/A1319/A131905/13244298/
ラーメン,壱角家  阿佐ヶ谷駅前店,"営業時間
[月～日]11:00～翌2:00
日曜営業
定休日
無休",東京都杉並区阿佐ヶ谷北2-1-10,https://tabelog.com/tokyo/A1319/A131905/13168272/
ラーメン,三田製麺所 阿佐ヶ谷店,"営業時間
11:00～23:00",東京都杉並区阿佐谷北2-13-2 阿佐谷北口駅前ビル,https://tabelog.com/tokyo/A1319/A131905/13251338/
ラーメン,らーめん一蔵,"営業時間
［月～土］11:00～翌1:00［日］11:00～23::00
日曜営業
定休日
無休",東京都杉並区高円寺南4-23-1,https://tabelog.com/tokyo/A1319/A131904/13004178/
ラーメン,横濱ラーメン あさが家,"営業時間
11:00～翌1:00『16:00〜17:00はスープの仕込み休憩です。』スープなくなり次第終了。
日曜営業
定休日
年中無休",東京都杉並区阿佐谷北1-26-5 1F,https://tabelog.com/tokyo/A1319/A131905/13248941/
ラーメン,てっぺん,"営業時間
[月～日]11:30～24:00
定休日
無休",東京都杉並区上井草3-31-16 クイーンレジェンド 1F,https://tabelog.com/tokyo/A1321/A132105/13244178/
ラーメン,日高屋 西荻窪南口店,"営業時間
10:00～21:00(L.O.20:40)
日曜営業
定休日
無休",東京都杉並区西荻南3-9-11,https://tabelog.com/tokyo/A1319/A131907/13073664/
ラーメン,日高屋 新高円寺店,"営業時間
10:00～23:00
日曜営業
定休日
無休",東京都杉並区梅里2-1-16 オオミウエスト,https://tabelog.com/tokyo/A1319/A131904/13226172/
ラーメン,タンタン,"営業時間
[水～月]20:00～翌3:00
日曜営業
定休日
火曜日",東京都杉並区高円寺北3-35-24,https://tabelog.com/tokyo/A1319/A131904/13099184/
ラーメン,ラーメン 十味や,"営業時間
［月～木・土］11:00～14:4517:30～21:30［金］11:00～14:30［日］11:00～14:4517:30～21:00
日曜営業
定休日
無休",東京都杉並区桃井4-4-19,https://tabelog.com/tokyo/A1319/A131907/13233174/
ラーメン,春木屋 荻窪本店,"営業時間
11:00～21:00
日曜営業
定休日
年中無休（年末年始及び施設メンテナンスの為の休業有り）",東京都杉並区上荻1-4-6,https://tabelog.com/tokyo/A1319/A131906/13001099/
ラーメン,DRIED SARDIN BROTHERS,"営業時間
[月～土]11:30～22:00(L.O.21:45)[日]11:30～21:00(L.O.20:45)(スープ無くなり次第閉店)
日曜営業
定休日
不定休",東京都杉並区高円寺北3-22-8 大一市場内,https://tabelog.com/tokyo/A1319/A131904/13261164/
ラーメン,荻窪らーめん 菊池,"営業時間
【平日】11:30～15:0017:00～23:00【土日祝】11:00～21:00
日曜営業
定休日
木曜日",東京都杉並区上荻1-10-3,https://tabelog.com/tokyo/A1319/A131906/13045662/
ラーメン,萬龍軒,"営業時間
11:30～15:3018:00～24:00
定休日
日曜日",東京都杉並区上荻1-6-1,https://tabelog.com/tokyo/A1319/A131906/13039464/
ラーメン,中華そば つるや,"営業時間
[月]11:30～15:00 [水～日] 11:30～15:00 18:00～20:30
日曜営業
定休日
火曜日",東京都杉並区浜田山3-25-16,https://tabelog.com/tokyo/A1318/A131805/13256683/
ラーメン,千日紅,"営業時間
【月~金】11:00～15:00 17:00～22:00 (L.O21:30)
定休日
日",東京都杉並区阿佐谷南1-14-12,https://tabelog.com/tokyo/A1319/A131905/13256364/
ラーメン,麺処 一笑,,東京都杉並区阿佐谷南1-9-5,https://tabelog.com/tokyo/A1319/A131905/13190790/
ラーメン,和佐家,"営業時間
11:30～19:30
定休日
日曜日",東京都杉並区阿佐谷南3-10-2,https://tabelog.com/tokyo/A1319/A131905/13042136/
ラーメン,沖縄島系らーめん よな島,"営業時間
11:30～14:00 17:00～翌1:00",東京都杉並区和田1-1-15,https://tabelog.com/tokyo/A1319/A131902/13282031/
ラーメン,純手打ち だるま,"営業時間
11:30〜15:00
定休日
不定休‘（備考欄の営業カレンダー参照）",東京都杉並区和田1-18-3,https://tabelog.com/tokyo/A1319/A131903/13218715/
ラーメン,春木家本店,"営業時間
11:00～15:0017:00～21:00
日曜営業
定休日
木曜日",東京都杉並区天沼2-5-24,https://tabelog.com/tokyo/A1319/A131906/13013582/
ラーメン,アサガキタ,"営業時間
[月・木・金・土]11:00～14:30[日]　　　　　　11:00～14:3017:30～20:00
日曜営業
定休日
火曜日、水曜日",東京都杉並区阿佐谷北2-11-1,https://tabelog.com/tokyo/A1319/A131905/13286786/
ラーメン,ひつじそば 人と羊,"営業時間
18:00～21:00
定休日
月曜日、日曜日",東京都杉並区天沼3-30-42,https://tabelog.com/tokyo/A1319/A131906/13279456/
ラーメン,濃厚海老らーめん Shrimpreme 東高円寺,"営業時間
年内は12/29まで通常通り営業致します。＜ランチ＞11:00～15:30（LO 15:10）＜ディナー＞17:00～22:00（LO 21:40）※スープ無くなり次第終了
日曜営業
定休日
火曜日",東京都杉並区和田3-58-7 グランドール寿 1F,https://tabelog.com/tokyo/A1319/A131904/13274091/
ラーメン,らーめん 笑和,"営業時間
11:30～14:30 18:00～24:00
日曜営業
定休日
元日",東京都杉並区久我山2-16-23,https://tabelog.com/tokyo/A1318/A131806/13009193/
ラーメン,麺屋 賢太郎,"営業時間
12:00～13:30／18:00～翌1:30
定休日
月曜日",東京都杉並区高円寺北3-22-7 プラザ高円寺 1F,https://tabelog.com/tokyo/A1319/A131904/13042139/
ラーメン,支那そば たんたん亭,"営業時間
11:00～20:30(完売次第閉店)
日曜営業
定休日
無休",東京都杉並区浜田山3-31-4,https://tabelog.com/tokyo/A1318/A131805/13000705/
ラーメン,中華そば 丸福 荻窪本店,"営業時間
[月・水～日]11:00～15:00
日曜営業
定休日
火曜日・他不定休あり",東京都杉並区上荻1-6-1,https://tabelog.com/tokyo/A1319/A131906/13001100/
ラーメン,大慶 阿佐ヶ谷店,,東京都杉並区阿佐ヶ谷北4-4-8,https://tabelog.com/tokyo/A1319/A131905/13192497/
ラーメン,萬福本舗,"営業時間
［月～金］11:30～14:30［土］11:30～19:00
定休日
日曜日",東京都杉並区阿佐谷南3-2-3,https://tabelog.com/tokyo/A1319/A131905/13006947/
ラーメン,荻窪商店,"営業時間
営業時間・休業日は変更となる場合がございますので、HPにて最新情報をご確認ください
日曜営業
定休日
無休",東京都杉並区上荻1-6-11,https://tabelog.com/tokyo/A1319/A131906/13168851/
ラーメン,鯛塩そば 灯花 ルミネ荻窪店,"営業時間
11:00～21:00(ラストオーダー:20:30)		
日曜営業
定休日
施設に準ずる",東京都杉並区上荻1-7-1 ルミネ荻窪店 5F,https://tabelog.com/tokyo/A1319/A131906/13257485/
ラーメン,味噌っ子 ふっく,"営業時間
[月・水・木・金]昼11:00～15:00夜18:00～21:00[土・日・祝]昼11:00～15:00夜17:00～21:00(売り切れ次第終)
日曜営業
定休日
火曜日",東京都杉並区上荻2-40-11 四面道ビル 1F,https://tabelog.com/tokyo/A1319/A131906/13226777/
ラーメン,らぁ麺 ふじ田 荻窪店,"営業時間
《月・水～日》　　　11:30～15:00、17:00～23:00(LO22:45)《金・土・祝前日》11:30～15:00、17:00～23:00(LO22:45)【年末年始営業時間】12/31、1/1→11:30～15:00、17:00～22:001/9、1/10→休業
日曜営業
定休日
火曜日/※1/9、1/10は休業",東京都杉並区荻窪5-30-8 香寿美ビル 1F,https://tabelog.com/tokyo/A1319/A131906/13270917/
ラーメン,世界の龍ちゃんよしき坊,,東京都杉並区和泉1-3-15,https://tabelog.com/tokyo/A1318/A131808/13056569/
ラーメン,博多ラーメン ばりこて,"営業時間
［火～土］11:00～22:00［日］11:00～21:00
日曜営業
定休日
月曜日",東京都杉並区高円寺南1-30-15,https://tabelog.com/tokyo/A1319/A131904/13009232/
ラーメン,コタンの笛,,東京都杉並区阿佐谷南3-12-2,https://tabelog.com/tokyo/A1319/A131905/13062428/
ラーメン,らあめん花月嵐 荻窪西口店,"営業時間
[店内営業時間]11:00～26:00
日曜営業
定休日
なし",東京都杉並区上荻1-10-7,https://tabelog.com/tokyo/A1319/A131906/13026468/
ラーメン,熊本ラーメン ひごもんず 西荻窪店,"営業時間
[月～日]11:00～翌2:00（L.O1:30)
日曜営業
定休日
無休",東京都杉並区西荻北3-19-13,https://tabelog.com/tokyo/A1319/A131907/13000650/
ラーメン,九千坊,"営業時間
11:30～14:0019:00～23:00
日曜営業
定休日
水曜日",東京都杉並区和泉4-40-28,https://tabelog.com/tokyo/A1319/A131903/13054395/
ラーメン,あいはらや,"営業時間
11:00～翌1:00
日曜営業
定休日
無休",東京都杉並区高円寺南3-3-3 土田ビル　１Ｆ,https://tabelog.com/tokyo/A1319/A131904/13006599/
ラーメン,中華そば 麺壁九年,"営業時間
11:00～14:3018:00～21:00食材とお並びの状況次第では閉店時間早まります。
日曜営業
定休日
不定休（SNSでお知らせしております）",東京都杉並区上井草1-24-22 小山ビル 1F,https://tabelog.com/tokyo/A1321/A132105/13245329/
ラーメン,壱角家 新高円寺店,"営業時間
11:00～翌3:00
日曜営業
定休日
不定休",東京都杉並区梅里1-6-8 新高円寺駅前第2富士ビル 1F,https://tabelog.com/tokyo/A1319/A131904/13174331/
ラーメン,狸小路サッポロラーメン,,東京都杉並区大宮1-1-2,https://tabelog.com/tokyo/A1319/A131903/13065851/
ラーメン,スタ麺 あひる,"営業時間
11:00～14:3017:00～24:00",東京都杉並区下高井戸5-10-16,https://tabelog.com/tokyo/A1318/A131809/13289676/
ラーメン,吾ガ輩ハネコ,"営業時間
[火・金・土]11:30〜14:00[水・木]11:30〜14:0017:00〜19:00※緊急事態宣言解除後は変わるかもしれません
定休日
日曜日、月曜日",東京都杉並区成田東5-19-5 エイワビル 1F,https://tabelog.com/tokyo/A1319/A131905/13242307/
ラーメン,支那そば たなか,,東京都杉並区阿佐谷北5-18-7,https://tabelog.com/tokyo/A1319/A131905/13205998/
ラーメン,六九麺,"営業時間
平日 11時半～翌2時金土祝前日 11時半～翌3時日  11時半～24時スープなくなり次第終了特別営業あり
日曜営業
定休日
不定休",東京都杉並区高円寺南4-7-1 コーポカトレヤビル 102,https://tabelog.com/tokyo/A1319/A131904/13229152/
ラーメン,のど黒らぁ麺 永屋,"営業時間
10:00～16:00[土](変動あり)10:00～16:0018:00～22:00",東京都杉並区梅里1-7-14 シャトー新高円寺 B1F barRISE,https://tabelog.com/tokyo/A1319/A131904/13287044/
ラーメン,らーめん 一兆 阿佐ヶ谷店,"営業時間
[月・水・木・金]11:30～15:3018:00～22:00[火]18:00～22:00[土・日・祝]　11:30～22:00　
日曜営業
定休日
無休",東京都杉並区阿佐谷南3-44-1,https://tabelog.com/tokyo/A1319/A131905/13047206/
ラーメン,中華蕎麦 はる,"営業時間
11:30～14:30（L.O.）17:30～20:30（L.O.）
日曜営業
定休日
水曜日、第3木曜日",東京都杉並区下井草3-30-14,https://tabelog.com/tokyo/A1321/A132104/13205221/
ラーメン,タロー軒,"営業時間
24時間
日曜営業
定休日
無休",東京都杉並区高円寺南2丁目16番13号,https://tabelog.com/tokyo/A1319/A131904/13026578/
ラーメン,三神森,"営業時間
ランチ　11:00～16:00ディナー　17:00～
日曜営業
定休日
無",東京都杉並区高円寺北2-9-8,https://tabelog.com/tokyo/A1319/A131904/13195059/
ラーメン,大公,"営業時間
4:00～15:00
日曜営業
定休日
毎週金曜日の夜",東京都杉並区高円寺南5-21-7,https://tabelog.com/tokyo/A1319/A131904/13065842/
ラーメン,佐々木製麺所,"営業時間
11:00～15:00
定休日
月曜・日曜",東京都杉並区西荻窪北4-26-10 山愛コーポラス 104,https://tabelog.com/tokyo/A1319/A131907/13210641/
ラーメン,じもん,"営業時間
月　　11:00-26:00火　　11:00-26:00水　　木　　11:00-26:00金　　11:00-26:00土　　10:00-26:00日祝　10:00-24:00※スープ、麺が無くなり次第営業終了となります。
日曜営業
定休日
水曜  ※祝日の場合は営業します。",東京都杉並区高円寺南4-7-13 仲野ビル 1F,https://tabelog.com/tokyo/A1319/A131904/13145826/
ラーメン,じゃぐら,"営業時間
［月～金］11:30～16:00／18:00～22:00（L.O.21:30）［土・日・祝］11:30～21:00（L.O.20:30）
日曜営業
定休日
不定休（詳細はTwitterにてお知らせ）",東京都杉並区高円寺南2-21-7 千代田ビル,https://tabelog.com/tokyo/A1319/A131904/13096250/
ラーメン,百汁番,,東京都杉並区荻窪2-31-10,https://tabelog.com/tokyo/A1319/A131906/13065831/
ラーメン,舎鈴 西荻窪駅前店,"営業時間
11:00～22:30
日曜営業",東京都杉並区西荻北3-19-2 西荻富士ビル 1F,https://tabelog.com/tokyo/A1319/A131907/13285571/
ラーメン,支那そば いしはら,,東京都杉並区西荻北3-22-22,https://tabelog.com/tokyo/A1319/A131907/13032582/
ラーメン,めん屋桔梗 阿佐ヶ谷店,,東京都杉並区阿佐谷南1-11-2 メゾン永井 1F,https://tabelog.com/tokyo/A1319/A131905/13135349/
ラーメン,せい家  高円寺店,"営業時間
11:00～翌2:30
日曜営業
定休日
無休",東京都杉並区高円寺北3-24-6 フォーラム高円寺1F,https://tabelog.com/tokyo/A1319/A131904/13026547/
ラーメン,麺屋 えん寺,"営業時間
11:30～22:00（L.O.）　※スープ無くなり次第終了
日曜営業
定休日
水曜日定休日",東京都杉並区高円寺南1-6-11 共栄ハイツ東高円寺 1F,https://tabelog.com/tokyo/A1319/A131904/13057274/
ラーメン,麺や天鳳 高円寺店,,東京都杉並区梅里2-9-10,https://tabelog.com/tokyo/A1319/A131904/13011753/
ラーメン,麺屋 寛,"営業時間
11:00～15:00 17:00～20:00
日曜営業
定休日
月曜日(祝日の場合は火曜日)",東京都杉並区荻窪1-5-19,https://tabelog.com/tokyo/A1318/A131806/13280855/
ラーメン,博多らーめん　一心堂,"営業時間
火曜日定休日水曜日～月曜日11:00～22:00
日曜営業
定休日
火曜日",東京都杉並区梅里2-3-7,https://tabelog.com/tokyo/A1319/A131904/13223679/
ラーメン,八荻家,,東京都杉並区上荻4-25-16,https://tabelog.com/tokyo/A1319/A131907/13032576/
ラーメン,ラーメン久保田,,東京都杉並区上荻1-4-3,https://tabelog.com/tokyo/A1319/A131906/13135388/
ラーメン,マツマル,"営業時間
［月～金］11:30～14:3017:00～23:00［土・日］11:30～23:00
日曜営業
定休日
無休",東京都杉並区荻窪5-22-11,https://tabelog.com/tokyo/A1319/A131906/13013589/
ラーメン,setouchi noodle ねいろ屋,"営業時間
最新の情報はTwitterをご覧ください。[月～金]11:30～20:30[土・日・祝]11:30〜20:30
日曜営業
定休日
無し",東京都杉並区天沼3-6-24,https://tabelog.com/tokyo/A1319/A131906/13137420/
ラーメン,天下一品 高円寺店,"営業時間
11:00～22:00(L.O.21:45)
日曜営業
定休日
木曜日(1/1・臨時休業除く 祝祭日の兼合いで変更になる場合がございます)",東京都杉並区高円寺南4-7-1 1F,https://tabelog.com/tokyo/A1319/A131904/13011752/
ラーメン,天下一品 八幡山店,"営業時間
[月・火・水・木・日・祝]11:00～22:00(L.O.)[金・土]11:00～翌2:30(L.O.)
日曜営業
定休日
無休",東京都杉並区上高井戸1-9-2,https://tabelog.com/tokyo/A1318/A131809/13000654/
ラーメン,えのけんラーメン,"営業時間
11:00～翌1:00
定休日
日曜日、祝日",東京都杉並区成田東4-34-12 池田ビル　１Ｆ,https://tabelog.com/tokyo/A1319/A131905/13037265/
ラーメン,らあめん花月嵐 永福町店,"営業時間
[店内営業時間]11:00～26:00
日曜営業
定休日
なし",東京都杉並区永福4-4-3,https://tabelog.com/tokyo/A1318/A131805/13055924/
ラーメン,らーめん 鳥繁,"営業時間
[月・火・金・土]12:00～14:30(L.O.14:15)
定休日
水曜日、木曜日、日曜日",東京都杉並区上荻1-6-2,https://tabelog.com/tokyo/A1319/A131906/13270626/
ラーメン,煮干し中華そば 麺屋 銀星 高円寺,"営業時間
［月～土］11:30～16:00／18:00～翌3:00［日］11:30～17:00
日曜営業
定休日
不定休",東京都杉並区高円寺南4-7-1 コーポカトレヤビル 1F,https://tabelog.com/tokyo/A1319/A131904/13191150/
ラーメン,煮干中華と担々麺 山もと,"営業時間
11:30～13:30
定休日
火曜日、木曜日、土曜日、日曜日、祝日",東京都杉並区阿佐ヶ谷北1-27-7,https://tabelog.com/tokyo/A1319/A131905/13268018/
ラーメン,麺屋十王,,東京都杉並区上高井戸1-1-9,https://tabelog.com/tokyo/A1318/A131809/13129466/
ラーメン,日高屋 方南町駅前店,"営業時間
11:00～翌2:00(L.O.1:30)",東京都杉並区方南2-21-4,https://tabelog.com/tokyo/A1319/A131903/13280459/
ラーメン,ことぶき食堂,"営業時間
11:30～15:00(L.O.14:30)
定休日
水曜日、日曜日",東京都杉並区桃井1-13-16,https://tabelog.com/tokyo/A1319/A131906/13065853/
ラーメン,らぁうめん酉の,"営業時間
[水～日]11:30～14:00  ※スープ無くなり次第終了
日曜営業
定休日
月曜日・火曜日",東京都杉並区上荻1-6-11 2F,https://tabelog.com/tokyo/A1319/A131906/13284381/
ラーメン,中華そば 丸信,"営業時間
[月・火・木・金]11:00～17:00[土・祝]11:00～15:00
定休日
水曜日、日曜日、第3木曜日",東京都杉並区上荻1-24-22,https://tabelog.com/tokyo/A1319/A131906/13037961/
ラーメン,野方ホープ 荻窪店,"営業時間
11:00～翌4:00(3:30　ラストオーダー）
日曜営業
定休日
無し",東京都杉並区天沼3-29-12,https://tabelog.com/tokyo/A1319/A131906/13034767/
ラーメン,らぁめん 山と樹,"営業時間
11:30～16:00
日曜営業
定休日
月曜日",東京都杉並区高円寺南5-21-7 高円寺マンション 107,https://tabelog.com/tokyo/A1319/A131904/13204607/
ラーメン,あんくるてい,"営業時間
【火、水、木、金、土、日】経営環境の急激な変化に伴いまして当面のあいだ営業時間を午前11:00~午後16:00とさせていただきます。スープがなくなり予定より早く閉店することがあります。
日曜営業
定休日
月",東京都杉並区下井草5-22-17 1F ルメゾン井荻,https://tabelog.com/tokyo/A1321/A132105/13218309/
ラーメン,つけ麺 大和 高円寺本店,"営業時間
[土]12:00～15:00(L.O)
日曜営業
定休日
不定期",東京都杉並区高円寺北2-41-15 2F,https://tabelog.com/tokyo/A1319/A131904/13274376/
ラーメン,らーめん大 高円寺店,"営業時間
[月〜土]11:00〜15:00 17:00〜翌1:30[日・祝]11:00〜24:00
日曜営業
定休日
無休",東京都杉並区高円寺南4-7-1 コーポカトレアビル 1F,https://tabelog.com/tokyo/A1319/A131904/13059063/
ラーメン,日高屋 荻窪南口店,"営業時間
10:00～21:00(L.O.20:40)
日曜営業
定休日
無休",東京都杉並区荻窪5-30-7,https://tabelog.com/tokyo/A1319/A131906/13105824/
ラーメン,混ぜそば みなみ,"営業時間
11:00～23:30(L.O)
日曜営業
定休日
無休",東京都杉並区高円寺南4-7-5 久万乃ビル 103,https://tabelog.com/tokyo/A1319/A131904/13183104/
ラーメン,らーめん 天の道,"営業時間
[火～金]11:30～15:30(L.O.15:15) 18:30～20:00(L.O.19:30)[土・日・祝]11:30～20:00(L.O.19:30)
日曜営業
定休日
月曜日",東京都杉並区今川4-8-5,https://tabelog.com/tokyo/A1321/A132105/13040449/
ラーメン,日高屋 下井草駅前店,"営業時間
11:00～翌1:20(L.O.翌1:00)
日曜営業
定休日
無休",東京都杉並区下井草2-40-12,https://tabelog.com/tokyo/A1321/A132104/13195985/
ラーメン,三ちゃん,,東京都杉並区荻窪5-29-20,https://tabelog.com/tokyo/A1319/A131906/13013610/
ラーメン,西永福の煮干箱,"営業時間
[月～土]11:30～15:0018:00～21:00[日]11:30～15:00",東京都杉並区永福3-55-3,https://tabelog.com/tokyo/A1318/A131805/13263789/
ラーメン,麺屋 とんぼ,"営業時間
11:00～14:0017:30～21:30",東京都杉並区下高井戸1-20-5,https://tabelog.com/tokyo/A1318/A131809/13286505/
ラーメン,草むら,"営業時間
［月・水～日］11:00～15:00
日曜営業
定休日
火曜日",東京都杉並区大宮1-1-1,https://tabelog.com/tokyo/A1318/A131805/13058306/
ラーメン,華月,"営業時間
［月］18:00～23:00［火～土］11:30～14:0018:00～23:00
定休日
日曜・祝日 年末年始•お盆休み",東京都杉並区浜田山3-26-27 富貴ビル１Ｆ,https://tabelog.com/tokyo/A1318/A131805/13000674/
ラーメン,つけ麺 らーめん おおくぼ,"営業時間
11:30～翌1:00
定休日
日曜日、年末年始",東京都杉並区高井戸西2-10-9 藤ハイム　１Ｆ,https://tabelog.com/tokyo/A1318/A131806/13048374/
ラーメン,中華蕎麦 蘭鋳,"営業時間
12：00～14：00※材料切れの場合早期終了
定休日
日曜日・祝日 ・土曜日（第1第3第5） ・月曜日（第2第4第5）",東京都杉並区堀ノ内2-13-13,https://tabelog.com/tokyo/A1319/A131903/13113532/
ラーメン,大勝軒 まるいち 西荻窪店,"営業時間
11:00～16:00 18:00～23:00
日曜営業
定休日
無休",東京都杉並区西荻南3-10-8 土屋ビル 1F,https://tabelog.com/tokyo/A1319/A131907/13234200/
ラーメン,ボニートスープヌードルライク,"営業時間
[火～土]11:30～15:00 18:00～21:30[日]11:30～15:00
日曜営業
定休日
月曜日",東京都杉並区大宮1-2-3,https://tabelog.com/tokyo/A1318/A131805/13183147/
ラーメン,恵礼香,"営業時間
11:00～14:50
日曜営業
定休日
水曜日",東京都杉並区方南2-12-31,https://tabelog.com/tokyo/A1319/A131903/13062502/
ラーメン,HANABI,"営業時間
11:00～15:00
日曜営業
定休日
月曜日",東京都杉並区下井草4-32-18 粟飯原ビル 1F,https://tabelog.com/tokyo/A1321/A132104/13239049/
ラーメン,コタン,"営業時間
月・火・木－日　12:00-14:00、18:00-24:00
日曜営業
定休日
水曜日",東京都杉並区西荻北3-22-20-101,https://tabelog.com/tokyo/A1319/A131907/13065850/
ラーメン,らーめん 高尾,"営業時間
［月～火］［木～日］11：00～14：0017：00～21：00※日曜日は味噌らーめんもあります
日曜営業
定休日
第二火曜・水曜定休",東京都杉並区荻窪5-9-17,https://tabelog.com/tokyo/A1319/A131906/13264662/
ラーメン,味丸,"営業時間
11:00～翌3:00 
日曜営業
定休日
定休日なし",東京都杉並区阿佐谷南2-16-6 第二芝仁ビル 1F,https://tabelog.com/tokyo/A1319/A131905/13129622/
ラーメン,らーめん処 くろ助,"営業時間
[平日］12:00～15:00　17:00～25:00（L.O.24:30）[土日祝]11:30～15:00　17:00～21:00
日曜営業
定休日
月曜日",東京都杉並区阿佐谷南3-34-15 フォレストⅡ 1F,https://tabelog.com/tokyo/A1319/A131905/13285071/
ラーメン,なないろ,,東京都杉並区天沼3-1-5,https://tabelog.com/tokyo/A1319/A131906/13172120/
ラーメン,博多らーめん 一心堂,"営業時間
[月~金]11:00~15:3018:00~25:00[金.土.祝日]11:00～25:00
日曜営業
定休日
無休",東京都杉並区井草1-2-1,https://tabelog.com/tokyo/A1321/A132104/13213044/
ラーメン,中華そば 東京ぐれっち,"営業時間
ざっくりですが、『日曜日は昼だけ、金曜日は夜だけ』と覚えて頂けると幸いです。[火～木]12:00～14:0018:00～23:00[金]18:00～23:00[土]12:00～14:0018:00～22:00[日曜日]12:00～15:00品切れ等による早仕舞い有
定休日
不定休  (主に月曜日)",東京都杉並区阿佐谷北2-3-3,https://tabelog.com/tokyo/A1319/A131905/13111656/
ラーメン,青梅街道 大勝軒 杉並,"営業時間
11：00～21：00
日曜営業
定休日
無休",東京都杉並区上荻2-42-12 加藤ビル 1F,https://tabelog.com/tokyo/A1319/A131906/13193089/
ラーメン,YAMAちゃん,,東京都杉並区上荻4-21-11 西荻国際第一マンション 1F,https://tabelog.com/tokyo/A1319/A131907/13010831/
ラーメン,ラーメン ○幸,,東京都杉並区西荻北3-4-1 日向マンション 1F,https://tabelog.com/tokyo/A1319/A131907/13187562/
ラーメン,豚山 荻窪店,"営業時間
営業時間・休業営業時間・休業日は変更となる場合がございますので、HPにて最新情報をご確認ください
日曜営業
定休日
無休",東京都杉並区上萩1-5-9 1F,https://tabelog.com/tokyo/A1319/A131906/13249867/
ラーメン,麺屋 正路,"営業時間
[月～金]11:30～15:0018:00～21:30[土・日・祝]11:30～15:0018:00～20:30麺が無くなり次第終了
日曜営業
定休日
無休",東京都杉並区上荻1-9-1 慶仁ビル 2F,https://tabelog.com/tokyo/A1319/A131906/13186362/
ラーメン,モモヤ,,東京都杉並区上高井戸1-1-12,https://tabelog.com/tokyo/A1318/A131809/13246351/
ラーメン,ラーメン トリコ,"営業時間
11:30～15:00(L.O.14:30)17:30～22:30(L.O.22:00)
日曜営業
定休日
火曜日",東京都杉並区下井草3-41-7,https://tabelog.com/tokyo/A1321/A132104/13236106/
ラーメン,中華蕎麦 たか乃,,東京都杉並区阿佐谷北2-15-2,https://tabelog.com/tokyo/A1319/A131905/13284004/
ラーメン,ラーメン二郎 荻窪店,"営業時間
営業時間[月～土]11:30～14:15頃18:00～21:45頃※材料無くなり次第終了
定休日
日曜日、祝日",東京都杉並区荻窪4-33-1,https://tabelog.com/tokyo/A1319/A131906/13006060/
ラーメン,らーめんてつや 東京高円寺店,"営業時間
［月・火・木・金］11:00～15:0018:00～22:00［土日祝］11:00～16:0017:00～22:00
日曜営業
定休日
水曜日",東京都杉並区梅里1-22-23,https://tabelog.com/tokyo/A1319/A131904/13026593/
ラーメン,高円寺 ともちんラーメン,"営業時間
12/6(水)の営業時間に関して臨時休業お客様にはご迷惑をおかけいたしますが、ご理解の程よろしくお願いいたします。月〜金　10:00～22:00土　　8:00～22:00日　　8:00～21:00※第4木曜日のみ、18時までの営業となります。※祝日は曜日に合わせた営業時間となります。
日曜営業
定休日
なし",東京都杉並区高円寺北2-21-4,https://tabelog.com/tokyo/A1319/A131904/13259484/
ラーメン,もみじ屋,"営業時間
[月～金]11:30～14:30(L.O.14:00)17:00～20:00(L.O.19:30)
定休日
土曜日、日曜日、祝日",東京都杉並区和泉2-9-21,https://tabelog.com/tokyo/A1318/A131804/13116365/
ラーメン,大慶 下井草店,"営業時間
[月・火・木・金・土]11:00～翌4:00[日・祝]11:00～翌3:00
日曜営業
定休日
水曜日",東京都杉並区下井草1-23-8,https://tabelog.com/tokyo/A1319/A131905/13006964/
ラーメン,丸福中華そば 西荻店,"営業時間
11:30～22:00(L.O.21:30)
定休日
日曜日",東京都杉並区西荻南3-25-7,https://tabelog.com/tokyo/A1319/A131907/13011823/
ラーメン,中華料理 八龍,"営業時間
12:00～15:0017:30～22:00
日曜営業
定休日
水曜日　木曜日",東京都杉並区西荻南2-22-3,https://tabelog.com/tokyo/A1319/A131907/13110408/
ラーメン,二代目 げんこつ屋 阿佐ヶ谷南口店,"営業時間
11:00～22:00
日曜営業
定休日
不定休",東京都杉並区阿佐谷南1-35-2,https://tabelog.com/tokyo/A1319/A131905/13266019/
ラーメン,二葉 上荻店,"営業時間
[月]基本的には定休(Instagram参照下さい)[火～金]11:00～15:00（LOは14:45）17:00～20:00（LOは20:45）[土]11:00～20:00（通し営業）（LOは19:45）[日]11:00～16:00（LOは15:45）※売り切れ次第閉店
日曜営業
定休日
基本は月曜定休　※ Instagram に最新情報はUP",東京都杉並区上荻1-16-14,https://tabelog.com/tokyo/A1319/A131906/13036265/
ラーメン,風風ラーメン 高円寺南口店,"営業時間
11:00～翌5:00
日曜営業",東京都杉並区高円寺南4-24-2 春口ビル 1F,https://tabelog.com/tokyo/A1319/A131904/13101842/
ラーメン,阿佐谷ホープ軒,"営業時間
11:30〜15:30、17:30～21:00
日曜営業
定休日
月曜日",東京都杉並区阿佐谷南2-17-5,https://tabelog.com/tokyo/A1319/A131905/13011718/
ラーメン,新潟発祥ラーメン なおじ 上井草店,"営業時間
[月～日]11:00～15:0017:00～22:00
日曜営業
定休日
不定休",東京都杉並区上井草3-33-22,https://tabelog.com/tokyo/A1321/A132105/13253627/
ラーメン,武蔵家 明大前店,,東京都杉並区永福1-1-1,https://tabelog.com/tokyo/A1318/A131804/13151143/
ラーメン,はつね,"営業時間
［火～土］11:00～16:00
定休日
月曜日、日曜日",東京都杉並区西荻南3-11-9,https://tabelog.com/tokyo/A1319/A131907/13000717/
ラーメン,there is ramen,"営業時間
平日11時-16時 18時-21時30分土日祝11時-21時30分(通し営業)
日曜営業
定休日
無し",東京都杉並区天沼3-10-16,https://tabelog.com/tokyo/A1319/A131906/13277729/
ラーメン,麺屋 小桜,"営業時間
昼12:00～15:00夜19:00～翌1:00",東京都杉並区和田3-56-13 1F,https://tabelog.com/tokyo/A1319/A131904/13209737/
ラーメン,ラスト・ボス 高円寺店,"営業時間
19:30～翌7:00(L.O.6:30)",東京都杉並区高円寺南4-22-5 クアトロビル B1F,https://tabelog.com/tokyo/A1319/A131904/13264190/
ラーメン,肉そば 千,,東京都杉並区西荻南3-7-7,https://tabelog.com/tokyo/A1319/A131907/13163969/
ラーメン,背油中華そば 福鳳,"営業時間
10:00～25:0025時まで営業中‼︎※食材が無くなり次第早仕舞いあります。
日曜営業
定休日
水曜日　※他、不定休有り",東京都杉並区高円寺北2-34-7 笠間ビル 1F,https://tabelog.com/tokyo/A1319/A131904/13278299/
ラーメン,麺処 しろくろ,,東京都杉並区上高井戸1-1-7,https://tabelog.com/tokyo/A1318/A131809/13242508/
ラーメン,れんげ食堂 Toshu 桜上水店,"営業時間
[月～金]11:00～23:00(L.O.22:45)[土・日・祝]11:00～22:30(L.O.2215)
日曜営業
定休日
無休",東京都杉並区下高井戸1-22-5,https://tabelog.com/tokyo/A1318/A131809/13214000/
ラーメン,西荻家,,東京都杉並区西荻南3-9-6,https://tabelog.com/tokyo/A1319/A131907/13160338/
ラーメン,塩そば時空,"営業時間
[～2023/12/11]11:30～(スープ売り切れまで)[2023/12/12～][火・水・金・土]11:30～14:00 18:00～20:00[木・日]昼のみ11:30～(スープ売り切れまで)
日曜営業
定休日
月曜日",東京都杉並区高井戸東4-14-7,https://tabelog.com/tokyo/A1319/A131906/13287906/
ラーメン,阿佐谷らーめん酒房 萬,"営業時間
11:00～23:00
日曜営業
定休日
不定休",東京都杉並区阿佐谷南2-20-10,https://tabelog.com/tokyo/A1319/A131905/13268008/
ラーメン,日高屋 荻窪北口店,"営業時間
10:00～翌3:30（L.O.3:00）
日曜営業
定休日
無休",東京都杉並区上荻1-8-8 興和ビル,https://tabelog.com/tokyo/A1319/A131906/13095587/
ラーメン,永福町 大勝軒,"営業時間
11時～季節や人員体制により営業時間が変更となります。最新の営業時間はホームページにてお知らせいたしますのでそちらをご確認ください。
日曜営業
定休日
不定休・お正月・（お盆）詳しくはHPをご参照ください。",東京都杉並区和泉3-5-3,https://tabelog.com/tokyo/A1318/A131805/13011769/
ラーメン,麺や 麟子鳳雛,"営業時間
[月～金]11:30～15:0018:00～21:00[土・祝]11:30～15:0017:30～21:00[日]11:30～15:0017:30～20:00
日曜営業",東京都杉並区上井草2-36-10,https://tabelog.com/tokyo/A1321/A132105/13273311/
ラーメン,麺や天鳳 方南町店,"営業時間
[月～日]11:00~23:00
日曜営業
定休日
無休",東京都杉並区方南2-18-3,https://tabelog.com/tokyo/A1319/A131903/13103424/
ラーメン,濃厚ラーメン かなや,"営業時間
[火～土]11:30～15:00(L.O.14:45)18:00～21:00(L.O.20:30)[日]11:30～15:00(L.O.14:45)※各日材料が無くなり次第営業終了
日曜営業
定休日
月曜日",東京都杉並区堀ノ内1-3-13 ライオンズプラザ方南町 1-D,https://tabelog.com/tokyo/A1319/A131903/13218139/
ラーメン,RAMEN CiQUE,"営業時間
[水～日]12:00～15:00 18:30～20:00[火]18:30～20:00
日曜営業
定休日
月曜日",東京都杉並区阿佐谷南3-10-8,https://tabelog.com/tokyo/A1319/A131905/13048520/
ラーメン,めんさいぼう 五郎左,"営業時間
[水・金]11:30～14:30[火・木]11:30～14:3018:00～20:30[土・日]11:30～15:30※完売のため、早めに終了する場合有り
日曜営業
定休日
月曜日",東京都杉並区阿佐谷南1-14-12 パティオ エルスール 1F,https://tabelog.com/tokyo/A1319/A131905/13053725/
ラーメン,らーめん大 下高井戸店,"営業時間
11:00～16:00　17:00～25:00材料がなくなり次第、閉店させていただく場合がございます。
日曜営業
定休日
無休　（３月より、と店内表示あり）",東京都杉並区下高井戸1-3-10 アポー下高井戸1F,https://tabelog.com/tokyo/A1318/A131809/13054595/
ラーメン,らあめん花月嵐 東高円寺店,"営業時間
[店内営業時間]11:00〜23:00(LO22：30)
日曜営業
定休日
年中無休",東京都杉並区高円寺南1-6-5 高円寺サマリヤマンション 1F,https://tabelog.com/tokyo/A1319/A131904/13152644/
ラーメン,麺家 龍,"定休日
月曜日",東京都杉並区荻窪4-32-8 パインマンション荻窪 1F,https://tabelog.com/tokyo/A1319/A131906/13278090/
ラーメン,麺屋 はやしまる,"営業時間
［月・火・日］10:56～17:00[金]12:00～20:30[土]10:56～20:30売切れ早仕舞い
日曜営業
定休日
水曜日、木曜日(祝日の場合営業)",東京都杉並区高円寺北2-22-11 1F,https://tabelog.com/tokyo/A1319/A131904/13006636/
ラーメン,御天 井草本店,"営業時間
［水～金］11:30～14:00／17:00～22:00［土・日・祝］11:30～22:00
日曜営業
定休日
月・火",東京都杉並区井草1-29-3,https://tabelog.com/tokyo/A1321/A132104/13000648/
ラーメン,蛤麺しちり,"営業時間
12:00～15:30(L.O.15:15)17:00～22:00(L.O.21:45)",東京都杉並区荻窪5-28-10,https://tabelog.com/tokyo/A1319/A131906/13279501/
ラーメン,らーめん いろはや,,東京都杉並区阿佐ヶ谷北6-13-1,https://tabelog.com/tokyo/A1319/A131905/13194439/
ラーメン,豚骨ラーメン シシ道,,東京都杉並区方南2-18-5,https://tabelog.com/tokyo/A1319/A131903/13270916/
ラーメン,喜多方ラーメン坂内・小法師 高円寺北口店,"営業時間
11：00～23：00
日曜営業
定休日
無休",東京都杉並区高円寺北2-7-12,https://tabelog.com/tokyo/A1319/A131904/13117152/
ラーメン,らーめん うち田,,東京都杉並区高円寺南4-4-12 アルページュ 1F,https://tabelog.com/tokyo/A1319/A131904/13253699/
ラーメン,中華蕎麦 一心,"営業時間
11:00～16:00※スープ無くなり次第終了
定休日
月曜日、不定休:日曜日",東京都杉並区高円寺北2-40-16,https://tabelog.com/tokyo/A1319/A131904/13287805/
ラーメン,大門,,東京都杉並区下井草1-1-3,https://tabelog.com/tokyo/A1319/A131905/13173791/
ラーメン,クラム＆ボニート 貝節麺ライク,"営業時間
[火～土]11:30～15:00 18:00～22:00[月・日・祝]11:30～15:00 18:00～21:00
日曜営業
定休日
無休",東京都杉並区方南2-21-21,https://tabelog.com/tokyo/A1319/A131903/13219341/
ラーメン,桜上水 船越,"営業時間
11:00～15:00(土・祝は16:30～20:00の変則営業の場合も有り)
定休日
水曜日、日曜日",東京都杉並区下高井戸1-21-10 1F,https://tabelog.com/tokyo/A1318/A131809/13281101/
ラーメン,益荒男,"営業時間
11:00～22:00
日曜営業
定休日
木曜日",東京都杉並区荻窪5-23-12,https://tabelog.com/tokyo/A1319/A131906/13257478/
ラーメン,福しん 阿佐ヶ谷店,"営業時間
［月～土］11:00～翌2:00［日・祝］11:00～23:00
日曜営業
定休日
無休　（年末年始など、臨時休業あり）",東京都杉並区阿佐ヶ谷南1-36-15 JR阿佐ヶ谷駅 南口パールセンター,https://tabelog.com/tokyo/A1319/A131905/13123237/
ラーメン,らあめん花月嵐 方南町店,"営業時間
[店内営業時間]火曜～土曜：11:00～25:00日曜・祝日：11:00～23:00
日曜営業
定休日
月曜",東京都杉並区和泉4-47-25,https://tabelog.com/tokyo/A1319/A131903/13055929/
ラーメン,濃菜麺 井の庄 荻窪店,"営業時間
10:00～23:00
日曜営業
定休日
無休",東京都杉並区上荻1-18-3 第2亀屋酒販ビル 1F,https://tabelog.com/tokyo/A1319/A131906/13222147/
ラーメン,幸楽苑 杉並高井戸店,"営業時間
[月～金]10:00～22:00[土・日]9:00～22:00",東京都杉並区高井戸西2-12-25,https://tabelog.com/tokyo/A1318/A131806/13188637/
ラーメン,ラーメンいっぽ,"営業時間
11:30～15:0017:00～23:00
日曜営業
定休日
木曜日",東京都杉並区高円寺北3-22-8 大一市場,https://tabelog.com/tokyo/A1319/A131904/13268766/
ラーメン,横浜家系ラーメン 中野家 下井草店,,東京都杉並区下井草2-44-8,https://tabelog.com/tokyo/A1321/A132104/13239187/
ラーメン,エビタンタンメンやぼ,"営業時間
11:00～15:00",東京都杉並区高円寺北3-22 大一市場,https://tabelog.com/tokyo/A1319/A131904/13279158/
ラーメン,屋台らぁ麺 よしの,"営業時間
［土・日］11:30～16:00
日曜営業
定休日
月曜日、火曜日、水曜日、木曜日、金曜日",東京都杉並区高円寺北3-35-24,https://tabelog.com/tokyo/A1319/A131904/13275093/
ラーメン,ラーメン華族,"営業時間
[火～日]11:30～13:45(L.O.)17:30～22:00
日曜営業
定休日
月曜・第1日曜",東京都杉並区方南2-12-26 コリンズ38 1F,https://tabelog.com/tokyo/A1319/A131903/13135804/
ラーメン,ラスト・ボス 西荻窪店,,東京都杉並区松庵3-38-14 尾崎ダイヤビル 1F,https://tabelog.com/tokyo/A1319/A131907/13281807/
ラーメン,横浜家系ラーメン 中野家 中野富士見町店,,東京都杉並区和田1-1-15 千石ビル 1F,https://tabelog.com/tokyo/A1319/A131902/13248358/
ラーメン,鶏そば 焼き鳥 くろじ,"営業時間
[火～日]11:30～14:3017:00～21:00
日曜営業
定休日
月曜日",東京都杉並区下井草5-11-10,https://tabelog.com/tokyo/A1321/A132105/13268527/
ラーメン,お茶の水、大勝軒 BRANCHING,"営業時間
午前11時～午後10時
定休日
日曜日",東京都千代田区神田神保町3-10,https://tabelog.com/tokyo/A1310/A131003/13210920/
ラーメン,麺屋のろし,"営業時間
平日◆ランチ：11:00～15:00（LO14:30）◆ディナー：17:00～21:00（LO20:30）※平日夜は比較的スムーズにご案内できる可能性が高いです。土日・祝日11：00～21：00（LO20:30）★営業時間・定休日は変更となる場合がございますので、ご来店前にHPやSNSでご確認ください★
日曜営業
定休日
なし",東京都千代田区神田和泉町2-8 須永ビル 1F,https://tabelog.com/tokyo/A1310/A131001/13167124/
ラーメン,由丸 八重洲店,"営業時間
[月～金]11:00～23:00 [土]11:00～22:00 ※ラストオーダーは30分前
定休日
日曜日、祝日",東京都千代田区丸の内1-9-2 グラントウキョウサウスタワー B1F,https://tabelog.com/tokyo/A1302/A130201/13279698/
ラーメン,東京スタイル みそらーめん ど・みそ キッテグランシェ店,"営業時間
[月～金]11:00～21:45(L.O)[土・日・祝]11:00～20:30(L.O)※社会状況次第で変更等が御座いますがご理解の程宜しくお願い致します。
日曜営業
定休日
元日・法令点検日(※詳しくはお問合せください。)",東京都千代田区丸の内2-7-2 KITTE丸の内 B1F ラーメン激戦区 東京・丸の内,https://tabelog.com/tokyo/A1302/A130201/13232094/
ラーメン,塩生姜らー麺専門店 MANNISH 淡路町本店,"営業時間
[月～金]11:00～22:30[土・日・祝]11:00～21:30",東京都千代田区神田司町2-2-8 マガザン神田 1F,https://tabelog.com/tokyo/A1310/A131002/13231004/
ラーメン,極や 麹町店,,東京都千代田区麹町3-5-13 麹町AKビル 1F・2F,https://tabelog.com/tokyo/A1308/A130803/13163280/
ラーメン,舎鈴 有楽町新東京ビル店,"営業時間
11:00～21:00
定休日
土曜日、日曜日、祝日",東京都千代田区丸の内3-3-1 新東京ビル B1F,https://tabelog.com/tokyo/A1301/A130102/13211664/
ラーメン,麺屋武蔵 武仁,"営業時間
11:00～22:30
日曜営業
定休日
無休",東京都千代田区神田佐久間町2-18-5 アークビル1Ｆ,https://tabelog.com/tokyo/A1310/A131001/13093460/
ラーメン,ひらさわ,,東京都千代田区神田三崎町2-16-10,https://tabelog.com/tokyo/A1310/A131003/13168346/
ラーメン,桐梓林,"営業時間
月曜日〜木曜日11：30〜14:30材料無くなり次第終了となります。
定休日
金土日曜日定休日",東京都千代田区六番町4-11 六番町マンション 1F,https://tabelog.com/tokyo/A1309/A130904/13257468/
ラーメン,ラーメン大戦争 神田店,"営業時間
11:00～22:00
日曜営業
定休日
不定休",東京都千代田区鍛冶町1-3-1,https://tabelog.com/tokyo/A1310/A131002/13267232/
ラーメン,ラーメン 天山,"営業時間
[月～土]11:00～20:45[日・祝]11:00～20:00",東京都千代田区外神田3-4-1,https://tabelog.com/tokyo/A1311/A131101/13289983/
ラーメン,神田ラーメン わいず,"営業時間
[月～金］10:30～24:00[土・祝］10:30～翌1:00
定休日
日曜日",東京都千代田区内神田3-9-6 大熊ビル 1Ｆ,https://tabelog.com/tokyo/A1310/A131002/13004111/
ラーメン,王道家直系 IEKEI TOKYO,"営業時間
[火～土]11:00～14:5015:30～翌1:00[日]11:00～14:5015:30～24:00※Twitterにて当日の時間更新あり。（要確認） 
日曜営業
定休日
月曜日",東京都千代田区外神田5-2-7 外神田下村ビル 1F,https://tabelog.com/tokyo/A1311/A131101/13261243/
ラーメン,金澤味噌ラーメン 神仙,"営業時間
［月～土］11:00～22:00(L.O.21:30)［日］11:00～18:00(L.O.17:30)
日曜営業
定休日
無休",東京都千代田区内幸町1-7-24 日比谷グルメゾン,https://tabelog.com/tokyo/A1301/A130101/13248459/
ラーメン,三馬路 東京店,"営業時間
[月～金]12:00～15:0018:00～21:00(スープがなくなり次第終了)[土・祝]12:00～15:00(スープがなくなり次第終了) 
定休日
日曜日",東京都千代田区内神田2-9-6 祥司ビル 1F,https://tabelog.com/tokyo/A1310/A131002/13266565/
ラーメン,カイテイエン,"営業時間
[月、水、金]11:45〜2:00閉店[月〜金]17:00〜25時閉店[土]11:45〜18:00※詳細はツイッターにてご確認ください
定休日
日曜日",東京都千代田区神田須田町1-18-2 須田町パークビル 1F,https://tabelog.com/tokyo/A1310/A131002/13249463/
ラーメン,麺屋 周郷 神田店,"営業時間
[月～金]11:00～15:00(L.O.14:30)17:00～21:00(L.O.20:30)[土]11:00～15:00(L.O.14:30)
定休日
日曜日",東京都千代田区内神田2-9‐11,https://tabelog.com/tokyo/A1310/A131002/13288886/
ラーメン,つけ麺屋 やすべえ 秋葉原店,"営業時間
日～木／11:00〜24:00金、土／11:00〜25:00麺、スープ無くなり次第閉店
日曜営業
定休日
無休（年末年始を除く）",東京都千代田区外神田1-15-11 秋葉原西川ビル Ｂ１Ｆ,https://tabelog.com/tokyo/A1310/A131001/13109716/
ラーメン,だるまのめ 秋葉原店,"営業時間
[月～金]11:00～23:00[土]10:00～23:00[日・祝]10:00～22:00
日曜営業
定休日
無休（年末年始除く）",東京都千代田区外神田1-9-8,https://tabelog.com/tokyo/A1310/A131001/13000363/
ラーメン,金魚ヌードル,"営業時間
[月～金]11:30～15:0017:00～22:00[土]17:00～22:00
定休日
日曜日",東京都千代田区神田司町2-16-10 至誠堂ビル B1F,https://tabelog.com/tokyo/A1310/A131002/13243411/
ラーメン,秋葉原ラーメン天神屋,"営業時間
【月～金】11:00～15:00【土】11:00～15:00
定休日
日曜・祝日",東京都千代田区神田佐久間町3-28 星野ビル 1F,https://tabelog.com/tokyo/A1310/A131001/13046422/
ラーメン,くまめん 神田店,"営業時間
11:30～14:30(L.O.14:15)17:30～22:30(L.O.22:00)
定休日
日曜日",東京都千代田区内神田1‐11‐12,https://tabelog.com/tokyo/A1310/A131002/13287521/
ラーメン,恋し鯛,"営業時間
●平日11:00-15:00(l.o14:30) /17:00-22:00(l.o21:30)●土日祝11:00〜21:00(l.o20:30)
日曜営業
定休日
12/12、30、31は休業日",東京都千代田区神田三崎町3-1-18 MH水道橋ビル 1F,https://tabelog.com/tokyo/A1309/A130906/13247829/
ラーメン,博多風龍 秋葉原総本店,"営業時間
AM11:00～翌AM2:00※日曜はAM11:00～20:00但し月曜日が祝日の場合、日曜の営業時間は翌2:00まで、月曜が20:00までとなります。
日曜営業
定休日
なし",東京都千代田区外神田3-15-6,https://tabelog.com/tokyo/A1311/A131101/13096267/
ラーメン,つじ田 神田御茶ノ水店,"営業時間
[月～金]11:00～23:00（売り切れ次第終了）[土・日・祝]11:00～21:00（売り切れ次第終了）
日曜営業
定休日
不定休",東京都千代田区神田小川町1-4 和田ビル 1F,https://tabelog.com/tokyo/A1310/A131002/13020599/
ラーメン,東京油組総本店 市ヶ谷組,"営業時間
月～土曜：AM11:00～PM23:00日曜日　：AM11:00～PM21:00　※麺がなくなり次第終了
日曜営業
定休日
なし",東京都千代田区四番町4-13,https://tabelog.com/tokyo/A1309/A130904/13159215/
ラーメン,らぁ麺 貝と煮干し、時々濃厚,"営業時間
11:00～22:00
定休日
日曜日",東京都千代田区大手町1-6-1 大手町ビル B2F,https://tabelog.com/tokyo/A1302/A130201/13273169/
ラーメン,横浜家系ラーメン 春樹 神田店,"営業時間
[平日]11:00～23:00[土・日・祝]11:00〜18:00
日曜営業
定休日
なし",東京都千代田区鍛冶町1-5-1,https://tabelog.com/tokyo/A1310/A131002/13279055/
ラーメン,こってりらーめん せきやけ 水道橋店,"営業時間
11:00～22:00",東京都千代田区神田三崎町2-11-11 タカギビル 1F,https://tabelog.com/tokyo/A1310/A131003/13254320/
ラーメン,九州じゃんがららあめん 秋葉原本店,"営業時間
[月～日・祝]11:00～22:00(L.O.21:45)
日曜営業
定休日
無休",東京都千代田区外神田3-11-6,https://tabelog.com/tokyo/A1310/A131001/13000344/
ラーメン,らーめん ほん田,,東京都千代田区神田錦町1-14 市村ビル 1F,https://tabelog.com/tokyo/A1310/A131002/13006535/
ラーメン,麺屋 二二一,,東京都千代田区神田神保町2-2-38,https://tabelog.com/tokyo/A1310/A131003/13290194/
ラーメン,松戸富田麺絆,"営業時間
[月～金]11:00～22:00[土・日・祝]11:00～21:00(L.O.20:30)
日曜営業",東京都千代田区丸の内2-7-2 KITTE丸の内 B1F,https://tabelog.com/tokyo/A1302/A130201/13232095/
ラーメン,家系ラーメン 武将家,"営業時間
11:00～22:00
日曜営業
定休日
12/31～1/2",東京都千代田区外神田4-2-7 1F,https://tabelog.com/tokyo/A1310/A131001/13232321/
ラーメン,徳福 神田店,"営業時間
11：00～24：00（L.O.23：30）
定休日
無休",東京都千代田区内神田3-21-8 神田駅北口合同ビル 1F,https://tabelog.com/tokyo/A1310/A131002/13181027/
ラーメン,ラーメン 雷 東京本丸店,"営業時間
［月～土］8:00～21:30［日・祝］8:00～20:30
日曜営業
定休日
無休",東京都千代田区丸の内1-9-1 グランスタ東京 1F,https://tabelog.com/tokyo/A1302/A130201/13249452/
ラーメン,本場博多ラーメン せまかっちゃん,"営業時間
11:00～23:00
定休日
日曜日",東京都千代田区内神田2-11-3 みまさかビル 1F,https://tabelog.com/tokyo/A1310/A131002/13257226/
ラーメン,つじ田 飯田橋店,"営業時間
【通常】［月～金］11:00～22:30［土・日・祝］11:00～21:00 （スープ終わり次第営業終了致）
日曜営業
定休日
不定休",東京都千代田区飯田橋4-8-14 1F,https://tabelog.com/tokyo/A1309/A130905/13058429/
ラーメン,田中そば店 秋葉原店,"営業時間
11:00～21:00
日曜営業
定休日
無休",東京都千代田区外神田3-8-3 第1針谷ビル 1F,https://tabelog.com/tokyo/A1311/A131101/13137336/
ラーメン,夕焼けラーメン,,東京都千代田区神田錦町1-14-7,https://tabelog.com/tokyo/A1310/A131003/13280562/
ラーメン,大勝軒 飯田橋,"営業時間
11:00～15:3017:00～19:30
定休日
土曜日、日曜日、祝日",東京都千代田区富士見2-12-16 富士見フラワーホーム　１Ｆ,https://tabelog.com/tokyo/A1309/A130905/13010807/
ラーメン,花臨蘭州牛肉麺,"営業時間
10:30~22:00
日曜営業
定休日
年末年始",東京都千代田区神田三崎町3-4-8,https://tabelog.com/tokyo/A1310/A131003/13287589/
ラーメン,人形町 麺や わたる 大手町パークビルディング店,,東京都千代田区大手町1-1-1 大手町パークビルB1F よいまち,https://tabelog.com/tokyo/A1302/A130201/13205684/
ラーメン,神座飲茶樓 グランスタ八重洲店,"営業時間
10:00～23:00(L.O.22:30)
日曜営業
定休日
不定休(東京駅グランルーフに準ずる)",東京都千代田区丸の内1-9-1 グランスタ八重洲 B1F,https://tabelog.com/tokyo/A1302/A130201/13160389/
ラーメン,用心棒,"営業時間
[月～金]11:00～15:00 (L.O.)17:00～21:00 (L.O.)[土・祝]11:00～15:45 (L.O.)
定休日
日曜日",東京都千代田区神田神保町2-2-21 土田ビル １Ｆ,https://tabelog.com/tokyo/A1310/A131003/13085246/
ラーメン,博多新風 ラーメンアベニュー店,"営業時間
［月～土］11:00～22:00(L.O.21:30)［日］11:00～18:00(L.O.17:30)
日曜営業
定休日
無休",東京都千代田区内幸町1-7-24,https://tabelog.com/tokyo/A1301/A130101/13248460/
ラーメン,威風 飯田橋店,"営業時間
[月～日]10:30～23:30
日曜営業
定休日
無休",東京都千代田区飯田橋4-9-9 河田ビル 1F,https://tabelog.com/tokyo/A1309/A130905/13261958/
ラーメン,馬子禄 牛肉面 神保町店,"営業時間
昼の部：11：00～15：00（L.O.）夜の部：17：00～20：30（閉店）
日曜営業
定休日
なし　※お盆期間・年末年始も通常通り営業いたします。",東京都千代田区神田神保町1-3-18,https://tabelog.com/tokyo/A1310/A131003/13212190/
ラーメン,日高屋 神田南口店,"営業時間
［月～木］10:00～翌4:00（L.O.翌3:00）［金］10:00～翌5:00（L.O.翌4:00）［土］10:30～翌3:00（L.O.翌2:00）［日･祝］10:30～23:00（L.O.22:00）
日曜営業
定休日
無休",東京都千代田区鍛冶町2-1-14 赤尾興産ビル 1F,https://tabelog.com/tokyo/A1310/A131002/13100997/
ラーメン,ごっつ 秋葉原店,"営業時間
11:00～翌4:00
日曜営業
定休日
年中無休",東京都千代田区神田松永町18-1 ビオレ秋葉原 1F,https://tabelog.com/tokyo/A1310/A131001/13145958/
ラーメン,生姜正油ラーメン専門店 たかの,"営業時間
11:00～15:0017:00～21:00
日曜営業
定休日
施設に準ずる",東京都千代田区神田須田町1-25-4 マーチエキュート神田万世橋 1F S8区画,https://tabelog.com/tokyo/A1310/A131002/13274451/
ラーメン,麺屋 しのだ,,東京都千代田区平河町1-8-8 桔梗ライオンズマンション平河町 1F,https://tabelog.com/tokyo/A1308/A130803/13290536/
ラーメン,花秀,"営業時間
［月〜金］昼11時～15時(L.O14時30分)　夜17時～21時(L.O20時30分)　［土］11時～17時(L.O16時30分)　
定休日
日曜日",東京都千代田区神田小川町3-22 小川町細野ビル 1F,https://tabelog.com/tokyo/A1310/A131003/13279490/
ラーメン,由丸 九段下店,"営業時間
［月～金］11:00～23:00［土］11:00～22:00
定休日
日曜日、祝日",東京都千代田区九段北1-4-6 九段河合ビル 1F,https://tabelog.com/tokyo/A1309/A130906/13168757/
ラーメン,金椋,"営業時間
【月～金・祝】11：30～24：00【土・日】定休日/武道館イベント開催時は営業あり
日曜営業
定休日
無休",東京都千代田区九段北1-4-4 高橋ビル 1F,https://tabelog.com/tokyo/A1309/A130906/13140868/
ラーメン,とろ肉つけ麺 魚とん,"営業時間
金曜日	11時00分～15時00分土曜日	定休日日曜日	定休日月曜日	11時00分～15時00分火曜日	11時00分～15時00分　                17時00分～21時00分水曜日	11時00分～15時00分木曜日	11時00分～15時00分　                17時00分～21時00分　
定休日
土曜日、日曜日、祝日",東京都千代田区神田小川町1-7 神田小川町ハイツ １Ｆ,https://tabelog.com/tokyo/A1310/A131002/13093915/
ラーメン,麺好獅子團,"営業時間
[月～金]11:30～15:0018:00～20:00[土・祝]11:30～15:00
定休日
日曜日",東京都千代田区神田小川町1-7 神田小川町ハイツ,https://tabelog.com/tokyo/A1310/A131002/13278391/
ラーメン,元祖博多 中洲屋台ラーメン 一竜 御茶ノ水北店,"営業時間
11:00～22:30",東京都千代田区外神田2-19-3 御茶ノ水木村ビル 1F,https://tabelog.com/tokyo/A1310/A131002/13203175/
ラーメン,麺徳,"営業時間
［月～土］11:00～23:00［日・祝］11:00～20:00
定休日
無休",東京都千代田区飯田橋2-5-1 SNビル 1F,https://tabelog.com/tokyo/A1309/A130905/13048321/
ラーメン,博多 一風堂 Marunouchi,"営業時間
11:00～21:00(L.O.20:40)[土]11:00～17:00
定休日
日曜日",東京都千代田区丸の内2-6-1 丸の内ブリックスクエア B1F,https://tabelog.com/tokyo/A1302/A130201/13096392/
ラーメン,ラーメンハウス 東福舎,,東京都千代田区飯田橋2-8-6,https://tabelog.com/tokyo/A1309/A130905/13232413/
ラーメン,つじ田 秋葉原店,"営業時間
11:00～20:00
日曜営業
定休日
無休",東京都千代田区外神田1-9-5 第1ナガシマビル 1F,https://tabelog.com/tokyo/A1310/A131001/13259210/
ラーメン,釜利家 大手町店,,東京都千代田区大手町1-3-2 大手町カンファレンスセンター B1F,https://tabelog.com/tokyo/A1302/A130201/13182819/
ラーメン,神保町 可以,"営業時間
[月～日]11:00～20:00
日曜営業
定休日
無休",東京都千代田区神田神保町2-2-12 サンエスビル １Ｆ,https://tabelog.com/tokyo/A1310/A131003/13105204/
ラーメン,甘蘭牛肉麺 東京神保町店,"営業時間
11:00～23:00
日曜営業
定休日
なし",東京都千代田区神田神保町1‐42‐4,https://tabelog.com/tokyo/A1310/A131003/13285687/
ラーメン,らーめん影武者 本館,,東京都千代田区外神田3-4-16 1F,https://tabelog.com/tokyo/A1311/A131101/13253881/
ラーメン,らーめん 紬麦,"営業時間
[月〜木]11:30〜14:3018:00〜20:00(L.O.19:40)[金・土]11:30〜14:30(L.O.14:10)2023お盆期間中の営業について８月１２日、１４日〜１７日までの間昼のみの営業材料がなくなり次第終了
定休日
日曜・祝日　第2・第4土曜日",東京都千代田区神田平河町1 第三東ビル B1F,https://tabelog.com/tokyo/A1310/A131001/13120606/
ラーメン,ゴル麺。 秋葉原店,"営業時間
10:00～24:00
日曜営業
定休日
無休",東京都千代田区外神田5-1-14 三幸ビル 1F,https://tabelog.com/tokyo/A1311/A131101/13256733/
ラーメン,田中そば店 Otemachi One店,"営業時間
[月～金]11:00～21:00※まん延防止等重点措置期間中は20:00まで[土]11:00～15:00
定休日
日曜日・祝日",東京都千代田区大手町1-2-1 Otemachi One B1F,https://tabelog.com/tokyo/A1302/A130201/13247967/
ラーメン,東京煮干し らーめん玉 東京駅店,"営業時間
営業時間8時30分～23時（ラストオーダー22時30分）
日曜営業
定休日
無休（元日を除く）",東京都千代田区丸の内1-9-1 東京駅一番街 B1F 東京ラーメンストリート,https://tabelog.com/tokyo/A1302/A130201/13227565/
ラーメン,新潟発祥 なおじ 御茶ノ水店,"営業時間
11:00～23:00
日曜営業
定休日
無休",東京都千代田区神田駿河台4-5-2,https://tabelog.com/tokyo/A1310/A131002/13212651/
ラーメン,真鯛らーめん 麺魚 秋葉原UDX秋葉原拉麺劇場店,"営業時間
月～土　11：00－22：30日曜日　11：00－21：30
日曜営業
定休日
ビルに準ずる",東京都千代田区外神田4-14-1 秋葉原UDX 2F,https://tabelog.com/tokyo/A1310/A131001/13281674/
ラーメン,栄屋 ミルクホール,"営業時間
11:00～14:0015:00～17:00",東京都千代田区神田多町2-2-2,https://tabelog.com/tokyo/A1310/A131002/13268855/
ラーメン,大手町ラーメン,"営業時間
[月～金]11:00～14:4518:00～21:00(L.O.20:30)※売り切れ閉店有り。
定休日
土曜・日曜・祝日",東京都千代田区大手町2-5-18,https://tabelog.com/tokyo/A1302/A130201/13037990/
ラーメン,舎鈴 東京サンケイビル店,"営業時間
［月～金］11:00～22:00(L.O.21:30)［土］11:00～15:00(L.O.15:00)
定休日
日曜日、祝日",東京都千代田区大手町1-7-2 東京サンケイビル B1F,https://tabelog.com/tokyo/A1302/A130201/13206350/
ラーメン,博多風龍 秋葉原2号店,"営業時間
[月～土]11:00～翌2:00[日]11:00～20:00
日曜営業
定休日
無休",東京都千代田区外神田4-3-11,https://tabelog.com/tokyo/A1310/A131001/13147140/
ラーメン,本家 第一旭 神保町店,"営業時間
[月～土]11:00～22:00[日]11:00～18:00
定休日
年始年末",東京都千代田区神田神保町2-48-2,https://tabelog.com/tokyo/A1310/A131003/13265043/
ラーメン,らぁ麺 ドゥエイタリアン 秋葉原テラス店,,東京都千代田区神田淡路町2-105 ワテラスアネックスビル 1F,https://tabelog.com/tokyo/A1310/A131002/13288493/
ラーメン,春日亭  秋葉原店,"営業時間
[月～土]11:00～22:45[日・祝日]11:00～21:00
日曜営業
定休日
無休",東京都千代田区外神田3-1-12 大石ビル 1F,https://tabelog.com/tokyo/A1310/A131002/13158697/
ラーメン,横浜家系ラーメン 星家,"営業時間
11:00〜20:00",東京都千代田区岩本町2-16-9 大和橋ビル 1F,https://tabelog.com/tokyo/A1310/A131002/13262897/
ラーメン,喜多方ラーメン 坂内 内幸町ガード下店,"営業時間
[月～金］11:00～22:00(L.O.21:45)[土・日・祝］11:00～20:00(L.O.19:45)
日曜営業
定休日
無休",東京都千代田区内幸町1-6-5,https://tabelog.com/tokyo/A1301/A130103/13233175/
ラーメン,二代目 谷瀬家,"営業時間
7:00～10:0011:00～23:00
定休日
無休",東京都千代田区内神田3-8-6,https://tabelog.com/tokyo/A1310/A131002/13279903/
ラーメン,三田製麺所 神田店,"営業時間
［月～水］10:00～24:00(L.O.23:30)［木・金・祝前］10:00～翌3:00(L.O.翌2:30)［土・日・祝］10:00～22:30(L.O.22:00)
日曜営業
定休日
無休",東京都千代田区内神田3-12-10 神田西口NSビル 1F,https://tabelog.com/tokyo/A1310/A131002/13099364/
ラーメン,つじ田 味噌の章 飯田橋店,"営業時間
［月～金］11:00～23:00（売切次第終了）［土・日・祝］11:00～21:00（売切次第終了）
日曜営業
定休日
不定休",東京都千代田区飯田橋4-8-14,https://tabelog.com/tokyo/A1309/A130905/13174562/
ラーメン,野郎ラーメン 秋葉原店,"営業時間
[日~土]11：00~23：00
日曜営業
定休日
年中無休",東京都千代田区外神田3-2-11,https://tabelog.com/tokyo/A1310/A131001/13145362/
ラーメン,銀座 篝 大手町店,"営業時間
［月～金］11:00～21:00［土］11:00～14:30",東京都千代田区大手町1-9-2 大手町フィナンシャルシティグランキューブ B1F,https://tabelog.com/tokyo/A1302/A130201/13195336/
ラーメン,横浜家系ラーメン 麺家 福増,"営業時間
10:00～23:30
定休日
第4日曜日",東京都千代田区神田神保町2-14-9,https://tabelog.com/tokyo/A1310/A131003/13287049/
ラーメン,麺ダイニング ととこ,"営業時間
【月〜土】11:00～23:00(L.O.22:30)【日】11:00〜15:00※しばらくの間【月〜土】11:00～22:30(L.O.22:00)【日】11:00〜15:00
日曜営業
定休日
年中無休",東京都千代田区神田小川町3-10-9 斉藤ビル 1F,https://tabelog.com/tokyo/A1310/A131003/13144370/
ラーメン,ラーメン 豚の子,"営業時間
[月～金]11:00～22:00[土・日・祝]11:00～21:00
日曜営業
定休日
無休",東京都千代田区神田西福田町4-6 神田紺屋町ビル 1F,https://tabelog.com/tokyo/A1310/A131002/13289811/
ラーメン,日高屋 御茶ノ水聖橋店,"営業時間
[月～金]10:00～翌3:00[土]11:00～翌2:00[日・祝]11:00～23:30
日曜営業",東京都千代田区神田駿河台4-5-2 友利ビル Ｂ１～１Ｆ,https://tabelog.com/tokyo/A1310/A131002/13056957/
ラーメン,らーめん まとい,"営業時間
11:30～14:0017:30～21:00
定休日
土曜日、日曜日、祝日",東京都千代田区神田小川町1-4 三谷ビル １Ｆ,https://tabelog.com/tokyo/A1310/A131002/13024446/
ラーメン,よかろう 日比谷店,"営業時間
［月～金］11:00～21:00［土］11:00～14:00
定休日
日曜日",東京都千代田区内幸町2-1-1 飯野ビル B1F,https://tabelog.com/tokyo/A1308/A130802/13014382/
ラーメン,らうめん とくや,"営業時間
11:00～15:00 17:30～20:00(L.O.19:30)
定休日
土曜・日曜・祝日",東京都千代田区神田駿河台3-1-7 烏山お茶の水ビル 1F,https://tabelog.com/tokyo/A1310/A131002/13011627/
ラーメン,超多加水自家製手揉み麺 きたかた食堂,"営業時間
【平日】　11:00～21:00【土日祝】11:00～20:00
日曜営業
定休日
無休",東京都千代田区神田神保町1-6 神保町サンビルディング 1F,https://tabelog.com/tokyo/A1310/A131003/13200849/
ラーメン,らあめん花月嵐 神田店,"営業時間
[店内営業時間][月～土]11:00～23:00[日]11:00～21:00[出前館受付時間]11:00～21:00[Uber Eats受付時間]11:00～21:00
日曜営業",東京都千代田区内神田2-13-3,https://tabelog.com/tokyo/A1310/A131002/13055953/
ラーメン,谷ラーメン,"営業時間
11:00～14:00(L.O) 17:00～20:00
定休日
土曜・日曜・祝日",東京都千代田区丸の内3-7-11,https://tabelog.com/tokyo/A1301/A130102/13022529/
ラーメン,由丸 丸の内店,"営業時間
[月～金] 11:00～23:00(L.O.22:30) [土] 11:00～22:00(L.O.21:30)
定休日
日曜日・祝日",東京都千代田区丸の内3-1-1 国際ビル B1F,https://tabelog.com/tokyo/A1301/A130102/13184339/
ラーメン,横浜家系ラーメン 魂心家 飯田橋店,"営業時間
11:00～23:00
定休日
日曜日",東京都千代田区富士見2-2-7 鏑木ビル 1F,https://tabelog.com/tokyo/A1309/A130905/13165900/
ラーメン,東京味源 神田駅前店,"営業時間
［月～土］11:00～15:0018:00～23:00
日曜営業
定休日
日曜日",東京都千代田区鍛冶町2-13-7,https://tabelog.com/tokyo/A1310/A131002/13006359/
ラーメン,みそ膳 丸の内店,"営業時間
月～金 11:00～23:00(L.O.22:30)土・日・祝 11:00～15:00
定休日
無休",東京都千代田区丸の内1-4-5 三菱UFJ信託銀行本店ビル B1F,https://tabelog.com/tokyo/A1302/A130201/13006201/
ラーメン,壱角家 秋葉原店,"営業時間
[月～金]10:30～20:00[土・日・祝]10:00～20:00
日曜営業
定休日
無休",東京都千代田区外神田1-9-8 秋葉原ダイヤモンドビル 1F,https://tabelog.com/tokyo/A1310/A131001/13167128/
ラーメン,つじ田 Otemachi One店,"営業時間
[月～金]11:00～20:00[土]11:00～14:30
定休日
日曜日",東京都千代田区大手町1-2-1 Otemachi One B1F,https://tabelog.com/tokyo/A1302/A130201/13247862/
ラーメン,つじ田  水道橋店,"営業時間
[月～金]11：00～23：00[土・日・祝]11：00～21：00
日曜営業
定休日
不定休",東京都千代田区神田三崎町2-14-2 川口屋ビル1F,https://tabelog.com/tokyo/A1310/A131003/13223413/
ラーメン,厳選煮干しらーめん 初代 にぼ助,"営業時間
11：00～22：00
日曜営業
定休日
無休",東京都千代田区神田駿河台2-10-6 御茶ノ水Sビル 1F,https://tabelog.com/tokyo/A1310/A131002/13229354/
ラーメン,横浜家系ラーメン 明豊家 神田小川町店,,東京都千代田区神田小川町2-14-3,https://tabelog.com/tokyo/A1310/A131002/13261749/
ラーメン,トーキョーニューミクスチャーヌードル 八咫烏 CHIKARABO,"営業時間
［月～金]11:00～15:00(L.O.14:45)18:00～21:00(L.O.20:45)［土]11:00～15:00(L.O.14:45)
定休日
日曜日、祝日",東京都千代田区神田三崎町3-7-13 三大ビル B1F,https://tabelog.com/tokyo/A1310/A131003/13276447/
ラーメン,自家製麺 伊藤 神田駅前店,"営業時間
［月～金］11:00～24:00［土・日・祝］11:00～20:00
日曜営業
定休日
無休",東京都千代田区鍛冶町2-12-13,https://tabelog.com/tokyo/A1310/A131002/13250872/
ラーメン,たいよう軒,"営業時間
11:00～15:00
定休日
日曜日、祝日",東京都千代田区神田神保町3-12 山瀬ビル 1F,https://tabelog.com/tokyo/A1310/A131003/13065794/
ラーメン,五ノ神水産,"営業時間
11:00～15:00 17:00～21:00
定休日
日曜（水曜日も暫くお休みとの事）",東京都千代田区神田多町2-9-6 田中ビル別館 1F,https://tabelog.com/tokyo/A1310/A131002/13163444/
ラーメン,威風 秋葉原店,"営業時間
24時間営業
日曜営業
定休日
無休",東京都千代田区神田佐久間町1-20,https://tabelog.com/tokyo/A1310/A131001/13011834/
ラーメン,俺式 純,"営業時間
8:00～23:00(L.O.22:30)
日曜営業
定休日
年中無休",東京都千代田区丸の内1-9-1 東京駅一番街 東京ラーメンストリート,https://tabelog.com/tokyo/A1302/A130201/13160396/
ラーメン,ソラノイロ ARTISAN NOODLES,"営業時間
［月～金］11:00～15:30（L.O.）17:30〜20:30  (L.O.) ［祝日］11:00～14:30（L.O.）※スープ切れによる早仕舞い有※臨休は店頭カレンダー・SNS（Twitter）などで告知
定休日
土日",東京都千代田区平河町1-3-10 ブルービル本館1B,https://tabelog.com/tokyo/A1308/A130803/13126816/
ラーメン,満鶏軒 秋葉原UDX秋葉原拉麺劇場店,"営業時間
月～土　11：00－22：30日曜日　11：00－21：30
日曜営業
定休日
ビルに準ずる",東京都千代田区外神田4-14-1 秋葉原UDX 2F,https://tabelog.com/tokyo/A1310/A131001/13278063/
ラーメン,麺屋いまむら 半蔵門店,,東京都千代田区一番町4-40 桔梗ハイツ,https://tabelog.com/tokyo/A1308/A130803/13209171/
ラーメン,ヌードル マイスター 源九,"営業時間
[月～金]11:00～22:00(L.O.)[土・日・祝]11:00～15:00
日曜営業",東京都千代田区九段北1-8-3 カサイビルII 1F,https://tabelog.com/tokyo/A1309/A130906/13221885/
ラーメン,秋葉原つけ麺 油そば 楽,"営業時間
11:00～21:00
日曜営業
定休日
不定休（年末・年始は休みます。ホームページ等でご確認ください。）",東京都千代田区外神田3-8-7 神栄ビル 1F,https://tabelog.com/tokyo/A1311/A131101/13130451/
ラーメン,中華そば 春,"営業時間
平日11:00～20:00土・祝日11:00〜16:00※祝日が日曜の場合はお休み
定休日
日曜日",東京都千代田区麹町1-6-6 プルミエ麹町ビル B1F,https://tabelog.com/tokyo/A1308/A130803/13286513/
ラーメン,謝謝ラーメン,,東京都千代田区有楽町1-3-8,https://tabelog.com/tokyo/A1301/A130102/13015075/
ラーメン,神田 とりそば なな蓮,"営業時間
月～金11:30～14:00/18:00～23:00土曜日　不定期ディナーのみ営業　17:00～22:00日曜日　定休
定休日
日曜日",東京都千代田区鍛冶町1-7-1,https://tabelog.com/tokyo/A1310/A131002/13191287/
ラーメン,芳蘭,"営業時間
[月～土] 11:00～翌2:00 [日・祝] 11:00～24:00
日曜営業
定休日
無休",東京都千代田区有楽町1-2-9 TS日比谷ビル　Ｂ１Ｆ,https://tabelog.com/tokyo/A1301/A130102/13002736/
ラーメン,ラーメン ドゥエ エド ジャパン,"営業時間
[月～金] 11:00～15:0017:00～22:00 (L.O 21:30)※15:00～17:00は準備中
定休日
土日・祝日",東京都千代田区内幸町2-1-6 日比谷パークフロント B1F,https://tabelog.com/tokyo/A1308/A130802/13210045/
ラーメン,町田商店 水道橋店,"営業時間
営業時間・休業日は変更となる場合がございますので、HPにて最新情報をご確認ください
日曜営業
定休日
無休",東京都千代田区神田三崎町2-22-18,https://tabelog.com/tokyo/A1310/A131003/13259349/
ラーメン,中華そば ふくもり 日比谷ラーメンアベニュー店,"営業時間
[月～土]11:00～22:00(L.O.21:30)[祝]11:00～18:00(L.O.17:30)
定休日
日曜日",東京都千代田区内幸町町1-7 日比谷グルメゾン内,https://tabelog.com/tokyo/A1301/A130101/13248452/
ラーメン,田中そば店 九段下店,"営業時間
［月～金］11:00～16:00 17:00～22:00［土・日・祝］11:00～16:00 17:00～21:00
日曜営業
定休日
無休",東京都千代田区九段北1-4-4 九段伊東ビル 1F,https://tabelog.com/tokyo/A1309/A130906/13225268/
ラーメン,鶏ポタラーメンTHANK お茶の水,"営業時間
[月～金] 11:30～15:00 18:00～22:00 [土・日] 11:30～15:00
日曜営業
定休日
土・日曜の夜",東京都千代田区神田錦町1-14-7 紅雪ビル 1F,https://tabelog.com/tokyo/A1310/A131003/13184393/
ラーメン,ラーメン 盛太郎,"営業時間
11：00～24：00（L..O.20分前）
日曜営業
定休日
無",東京都千代田区内神田3-17-10 中島ビル1F,https://tabelog.com/tokyo/A1310/A131002/13183612/
ラーメン,喜多方ラーメン 坂内 大手町店,"営業時間
[月～金]10:30～23:00(L.O.22:30)[土]11:00～20:00(L.O.19:30)
定休日
日曜日、祝日",東京都千代田区大手町1-9-5 大手町フィナンシャルシティ ノースタワー B1F,https://tabelog.com/tokyo/A1302/A130201/13148684/
ラーメン,舎鈴 御茶ノ水ソラシティ店,"営業時間
［月～金］11:00～22:30［土・日・祝］11:00～16:30
日曜営業
定休日
無休",東京都千代田区神田駿河台4-6 御茶ノ水ソラシティ B1F,https://tabelog.com/tokyo/A1310/A131002/13199721/
ラーメン,ぽっぽっ屋 水道橋店,"営業時間
［月～金］11:00～15:30／17:00～22:00［土・日・祝］11:00～17:00
日曜営業
定休日
なし",東京都千代田区神田三崎町2-21-11 ゑびすビル １Ｆ,https://tabelog.com/tokyo/A1310/A131003/13041752/
ラーメン,天下一品 秋葉原店,"営業時間
［月～木］11:00～翌2:00［金・土・祝前］11:00～翌3:00［日・祝］11:00～23:00
日曜営業
定休日
無休",東京都千代田区外神田3-16-15,https://tabelog.com/tokyo/A1311/A131101/13221043/
ラーメン,だしと麺kiti,"営業時間
11:00～13:45",東京都千代田区飯田橋3-11-30 千代田街ビル 1F,https://tabelog.com/tokyo/A1309/A130905/13290975/
ラーメン,横浜ラーメン 武蔵家 御茶ノ水店,,東京都千代田区神田駿河台1-8-4,https://tabelog.com/tokyo/A1310/A131002/13208977/
ラーメン,俺の創作らぁめん 極や 神田 神保町店,,東京都千代田区神田神保町1-4-6 クロサワビル １Ｆ,https://tabelog.com/tokyo/A1310/A131003/13132295/
ラーメン,無銘,,東京都千代田区神田東松下町49-8,https://tabelog.com/tokyo/A1310/A131002/13151994/
ラーメン,家系ラーメン 革新家 TOKYO,"営業時間
10:30～23:00(L.O.22:30)",東京都千代田区丸の内1-9-1 東京駅一番街 B1F,https://tabelog.com/tokyo/A1302/A130201/13290625/
ラーメン,青島食堂 秋葉原店,"営業時間
11:00～17:00（スープ売切れ次第閉店！）
日曜営業
定休日
火曜",東京都千代田区神田佐久間町3-20-1,https://tabelog.com/tokyo/A1310/A131001/13094776/
ラーメン,由丸 大手町店,"営業時間
11:00～22:45(LO.22:00)
定休日
土曜・日曜・祝日",東京都千代田区大手町1-5-1 大手町ファーストスクエア B1F,https://tabelog.com/tokyo/A1302/A130201/13140520/
ラーメン,つけそば 神田 勝本,"営業時間
10:00～17:00※スープが無くなり次第、営業終了とさせていただきます。※月曜日は不定休となります。
定休日
日曜日、月曜日（不定休）※不定休日の最新情報は、twitterをご覧ください。",東京都千代田区神田猿楽町1-2-4,https://tabelog.com/tokyo/A1310/A131003/13192433/
ラーメン,舎鈴 丸の内店,"営業時間
[月～金］11:00～23:00 (L.O.22:30)[土]11:00～15:30 (L.O.15:00)
定休日
日曜・祝日※店舗により異なる場合があります。",東京都千代田区丸の内1-4-1 丸の内永楽ビルディング　iiyo!!（イーヨ!!） B1F,https://tabelog.com/tokyo/A1302/A130201/13136013/
ラーメン,つじ田 味噌の章,"営業時間
[月～金]11:00～23:00[土・日・祝]11:00～21:00
日曜営業
定休日
不定休",東京都千代田区神田小川町1-1 イルヴィアーレ神田小川町ビル 1F,https://tabelog.com/tokyo/A1310/A131002/13085224/
ラーメン,市ヶ家,"営業時間
平日    11:00～24:00（L.O.23:30）土日祝 11:00～22:00（L.O.21:30）
日曜営業
定休日
無休",東京都千代田区九段北4-2-15 市ヶ谷プラザ 1F,https://tabelog.com/tokyo/A1309/A130904/13171859/
ラーメン,長尾中華そば  神田店,"営業時間
[月～金]11:00～21:00(L.O.20:50)[土]11:00～15:00(最終入店15:00)
定休日
日曜日、祝日",東京都千代田区神田小川町1-7 神田小川町ハイツ108,https://tabelog.com/tokyo/A1310/A131002/13224374/
ラーメン,麺屋33,,東京都千代田区神田神保町1-44 竹本ビル １Ｆ,https://tabelog.com/tokyo/A1310/A131003/13097807/
ラーメン,神田小松屋,,東京都千代田区外神田2-19-2,https://tabelog.com/tokyo/A1310/A131002/13024215/
ラーメン,めん徳 二代目 つじ田   麹町店,"営業時間
［月～金］11:00～22:00（スープが無くなり次第終了）［土・祝］11:00～21:00（スープが無くなり次第終了）
定休日
日曜日",東京都千代田区平河町1-4-11 はらだビル １Ｆ,https://tabelog.com/tokyo/A1308/A130803/13002402/
ラーメン,生姜醤油ラーメン ひのてつ,"営業時間
[月～木]11:30～15:0016:00～21:00[金]11:30～15:0016:00～翌1:00
定休日
土曜日、日曜日",東京都千代田区神田神保町1-2-6,https://tabelog.com/tokyo/A1310/A131003/13285929/
ラーメン,中華そば 青葉 飯田橋店,"営業時間
11:00～20:00
定休日
日曜日",東京都千代田区富士見2-12-16,https://tabelog.com/tokyo/A1309/A130905/13000287/
ラーメン,東京じゃんがら 秋葉原店,"営業時間
［月～金］11:00～22:00［土・日］11:00～21:00
日曜営業
定休日
無休",東京都千代田区外神田1-17-6 JR秋葉原駅,https://tabelog.com/tokyo/A1310/A131001/13189992/
ラーメン,豚骨らーめん 福の軒 秋葉原店,"営業時間
11：00～23：00
日曜営業
定休日
年中無休",東京都千代田区神田佐久間町1-19,https://tabelog.com/tokyo/A1310/A131001/13128418/
ラーメン,鶏そば かぐら屋,"営業時間
【月〜土】11:00～23:00【日】11:00〜22:00
日曜営業
定休日
年中無休",東京都千代田区神田三崎町2-16-8 ハギワラビル 1F,https://tabelog.com/tokyo/A1310/A131003/13231071/
ラーメン,本田麺業 神田西口駅前店,"営業時間
[月～日]11:00～22:00
日曜営業
定休日
無し",東京都千代田区内神田3-7-8 サトウハウスビル 1F,https://tabelog.com/tokyo/A1310/A131002/13281110/
ラーメン,麺屋武蔵 神山,"営業時間
[月～金]11:00～22:30[土・日・祝]11:00～22:00
日曜営業
定休日
無休",東京都千代田区内神田3-8-7 グラン・フォークス神田ビル,https://tabelog.com/tokyo/A1310/A131002/13061115/
ラーメン,ラーメン二郎 神田神保町店,"営業時間
11:00～17:30  売り切れ終了
定休日
日曜日、祝日",東京都千代田区神田神保町1-21-4,https://tabelog.com/tokyo/A1310/A131003/13216512/
ラーメン,トナリ 丸の内店,"営業時間
10:30～21:45(L.O.)
日曜営業
定休日
無休",東京都千代田区丸の内2-7-3 東京ビルTOKIA B1F,https://tabelog.com/tokyo/A1302/A130201/13111899/
ラーメン,関取ラーメン 竜軒,"営業時間
11:00～21:00
日曜営業
定休日
月曜日(月曜日祝日の場合は営業し翌日休業)",東京都千代田区外神田4-3-12,https://tabelog.com/tokyo/A1310/A131001/13006331/
ラーメン,家系ラーメン 武将家 外伝,,東京都千代田区神田松永町16,https://tabelog.com/tokyo/A1310/A131001/13246676/
ラーメン,極上中華そば 福味 東京駅　KITTE店,"営業時間
［月～金］11:00～21:45［土・日］11:00～2030
日曜営業
定休日
無休",東京都千代田区丸の内2-7-2 JPタワーB1F キッテグランシェ,https://tabelog.com/tokyo/A1302/A130201/13231657/
ラーメン,らーめん平太周 神保町店,"営業時間
11:00～21:45ラストオーダー(月～金）11:00～21:30ラストオーダー(土日祝）閉店はラストオーダー30分後となります。
日曜営業
定休日
12月31日、1月1‐3日",東京都千代田区神田神保町1-12-1 富田ビル 1F,https://tabelog.com/tokyo/A1310/A131003/13254417/
ラーメン,鳥藤 とりそばスタンド グランスタ東京店,"営業時間
8:00～22:00(L.O.21:30)",東京都千代田区丸の内1-9-1 東京駅 グランスタ,https://tabelog.com/tokyo/A1302/A130201/13270998/
ラーメン,雪あかり 霞ヶ関店,"営業時間
11:00～21:00(L.O.20:30)
定休日
日曜日、祝日",東京都千代田区霞が関3-2-6 東京倶楽部ビルディング 1F,https://tabelog.com/tokyo/A1308/A130802/13258562/
ラーメン,天雷軒 麹町店,"営業時間
[月～金]11:00～15:0017:30～22:00(21:30L.O.)[第2第4第5土・祝] 11:30～16:00
定休日
日曜日、第1第3土曜日",東京都千代田区二番町3-4 阿保日興ロイヤルパレス二番町 1F,https://tabelog.com/tokyo/A1308/A130803/13246221/
ラーメン,伊峡,,東京都千代田区神田神保町1-17,https://tabelog.com/tokyo/A1310/A131003/13235797/
ラーメン,中華そば 勝本,"営業時間
11:00~22:00（L.O.21:45）月曜のみ11:00～21:00（L.O.20:45）※スープが無くなり次第、営業終了とさせていただきます。
定休日
日曜日※最新情報は、twitterをご覧ください。",東京都千代田区神田三崎町2-15-5 三崎町SSビル 1F,https://tabelog.com/tokyo/A1310/A131003/13179757/
ラーメン,日高屋 飯田橋東口店,"営業時間
［月～木］10:45～23:00(L.O.22:30)[金]10:45～翌3:30［土・日・祝］10:45～22:00
日曜営業
定休日
無休",東京都千代田区飯田橋4-9-9 第7田中ビル 1F,https://tabelog.com/tokyo/A1309/A130905/13213230/
ラーメン,二階堂,"営業時間
[月～金]11:00～15:00／18:00〜20:30[土]11:30～15:00スープ・材料が無くなり次第終了
定休日
日曜",東京都千代田区九段北1-9-14,https://tabelog.com/tokyo/A1309/A130906/13271673/
ラーメン,かね田,"営業時間
［平日］11:00～22:00（L.O.21:30）［土日祝］11:00～21:00（L.O.20:30）
日曜営業
定休日
KITTEの休館日と同じ",東京都千代田区丸の内2-7-2 JPタワー B1F,https://tabelog.com/tokyo/A1302/A130201/13269797/
ラーメン,日高屋 秋葉原駅南店,"営業時間
[月～日]10:00～23:30(L.O.23:00)
日曜営業
定休日
無休",東京都千代田区神田佐久間町1-15 川初ビル 1F,https://tabelog.com/tokyo/A1310/A131001/13155874/
ラーメン,龍岡,,東京都千代田区神田錦町1-4,https://tabelog.com/tokyo/A1310/A131002/13011596/
ラーメン,たけろくらーめん 大手町店,"営業時間
11:00～22:00
定休日
無休",東京都千代田区大手町2-3-1 大手町プレイス ウエストタワー 1F,https://tabelog.com/tokyo/A1302/A130201/13269513/
ラーメン,萬馬軒 九段下店,,東京都千代田区九段南2-3-22 アーバンセカンドビル 1F,https://tabelog.com/tokyo/A1309/A130906/13253186/
ラーメン,そらのいろ ニッポン,"営業時間
9:00～23:00(L.O.22:30)朝営業、ランチ営業、夜10時以降入店可、日曜営業
日曜営業
定休日
無休",東京都千代田区丸の内1-9-1 東京駅一番街 B1F,https://tabelog.com/tokyo/A1302/A130201/13183558/
ラーメン,RaMen TOMO TOKYO,"営業時間
11:00～15:0017:30～21:0012月9,17,30,31日は休業日、2,3,8,10,14,15,16,23,24,29日はランチ営業のみになります。最新情報はInstagramを参照下さい。
日曜営業
定休日
12月9,17,30,31日は休業日、2,3,8,10,14,15,16,23,24,29日はランチ営業のみになります。 最新情報はInstagramを参照下さい。",東京都千代田区九段北1-9-2 エクセレントビル九段 1F,https://tabelog.com/tokyo/A1309/A130906/13282114/
ラーメン,天下一品 水道橋店,"営業時間
［月～木］11:00～翌3:00（L.O.翌2:50）［金］11:00～翌4:00（L.O.翌3:50）［土・日・祝］11:00～24:00（L.O.23:50）
日曜営業
定休日
無休",東京都千代田区神田三崎町3-7-13 田中ビル 1F,https://tabelog.com/tokyo/A1310/A131003/13019265/
ラーメン,麺処 神田,"営業時間
平日 11:00〜22:00土 11:00~17:00日 11:00〜17:00
日曜営業
定休日
なし",東京都千代田区内神田3-20-6 Kanda ex 1F,https://tabelog.com/tokyo/A1310/A131002/13288962/
ラーメン,中華そば 高はし,"営業時間
［月～金］11:30～14:0017:00～売り切れ次第終了［土］11:30～18:00
定休日
日曜・祝日",東京都千代田区飯田橋3-11-30 千代田街ビル　１Ｆ,https://tabelog.com/tokyo/A1309/A130905/13000289/
ラーメン,麺屋 武一  秋葉原店,"営業時間
[日～木]11:00～21:00[金・土]11:00～22:00
日曜営業
定休日
不定休",東京都千代田区外神田3-13-5,https://tabelog.com/tokyo/A1310/A131001/13158800/
ラーメン,マルショーラーメン,"営業時間
11:00～22:00 
日曜営業
定休日
なし（施設に準ずる）",東京都千代田区神田花岡町1-1 ヨドバシカメラマルチメディアAkiba 8F,https://tabelog.com/tokyo/A1310/A131001/13289597/
ラーメン,元祖 牛肉そばつけ麺 為セバ成ル。,"営業時間
[月～土]11:00～15:0017:00～20:00(L.O.19:30)",東京都千代田区神田須田町1-2-3 山勝ビル 1F,https://tabelog.com/tokyo/A1310/A131002/13288793/
ラーメン,つけ麺 青桜,"営業時間
11:00～15:0017:00～23:00
日曜営業
定休日
不定休",東京都千代田区岩本町3-3-1 1F,https://tabelog.com/tokyo/A1310/A131002/13270979/
ラーメン,家家家 飯田橋店,"営業時間
[月～金]11:00～翌1:30(L.O.翌1:00)[土・日・祝]11:00～23:30(L.O.23:00)
日曜営業
定休日
無休(年末年始を除く)",東京都千代田区富士見2-7-2 プラーノモールC棟 1F,https://tabelog.com/tokyo/A1309/A130905/13098742/
ラーメン,ラーメンBar 青,"営業時間
[月～金]11:30～15:00（L.O.) 18:00～22:00(L.O.)[土]11:30～15：00（L.O)＜スープ無くなり次第終了＞
定休日
日曜日、他不定休あり",東京都千代田区神田小川町3-8 メアリヒト御茶ノ水ビル B1F,https://tabelog.com/tokyo/A1310/A131003/13179856/
ラーメン,中華蕎麦 仁香,"営業時間
11:00〜14:3017:00〜20:00
定休日
日曜日",東京都千代田区神田神保町3-1-19,https://tabelog.com/tokyo/A1310/A131003/13285267/
ラーメン,三田製麺所 ヨドバシAkiba店,"営業時間
11:00～22:30(L.O.22:00)
日曜営業
定休日
無休",東京都千代田区神田花岡町1-1 ヨドバシAkiba 8F,https://tabelog.com/tokyo/A1310/A131001/13189417/
ラーメン,博多天神 お茶の水１号店,"営業時間
10:00～翌3:00
日曜営業
定休日
無休",東京都千代田区神田駿河台2-6-15 １Ｆ,https://tabelog.com/tokyo/A1310/A131002/13022340/
ラーメン,鶏王けいすけ 秋葉原店,"営業時間
[月～日]11:00～21:00(L.O.20:45)
日曜営業
定休日
無休",東京都千代田区外神田1-3-4 第3ナガシマビル 1F,https://tabelog.com/tokyo/A1310/A131001/13152221/
ラーメン,豚山 神保町店,"営業時間
営業時間・休業営業時間・休業日は変更となる場合がございますので、HPにて最新情報をご確認ください。
日曜営業
定休日
無休",東京都千代田区神田小川町3-10-37,https://tabelog.com/tokyo/A1310/A131003/13257631/
ラーメン,中華そば 三光園,"営業時間
[月～金]11:00～14:30 16:00～21:00(L.O.20:30)[土]11:00～14:00
定休日
日曜・祝日",東京都千代田区富士見2-2-9,https://tabelog.com/tokyo/A1309/A130905/13123383/
ラーメン,日高屋 秋葉原駅前店,"営業時間
[月～水・日] 10:00～23:00(L.O.22:30) [木～土] 10:00～翌4:00(L.O.翌3:30)
日曜営業
定休日
無休",東京都千代田区神田松永町4-7 ＥＩＷＡ秋葉原ビル 1F,https://tabelog.com/tokyo/A1310/A131001/13059603/
ラーメン,九段下 中路,"営業時間
[月～木]11:00～15:3017:00～21:00[金]11:00～15:3017:00～22:00[土・日]11:00～15:30
日曜営業
定休日
無し",東京都千代田区九段北1-7-3,https://tabelog.com/tokyo/A1309/A130906/13270872/
ラーメン,麺や べらぼう,"営業時間
【月～土】11:30〜15:0017:30〜20:30（Ⅼ.O)またはスープが無くなり次第終了
定休日
日曜日、祝日",東京都千代田区富士見2-10-2 飯田橋サクラテラス 3F,https://tabelog.com/tokyo/A1309/A130905/13264370/
ラーメン,成光,"営業時間
[月～金]11:15～15:00 17:00～21:30[土]11:15～15:00
定休日
日曜日、祝日",東京都千代田区神田神保町2-23,https://tabelog.com/tokyo/A1310/A131003/13011355/
ラーメン,らーめん  忍者,"営業時間
月～土11:00～22:45（ＬＯ）日・祝11:00～21:30（ＬＯ）
日曜営業
定休日
無し",東京都千代田区神田松永町17-3 秋葉原妙見屋ビル1F,https://tabelog.com/tokyo/A1310/A131001/13192368/
ラーメン,覆麺 智,"営業時間
[月・火・木・金・土】9:00～14:00[水]※会員制9:00～14:00※スープ無くなり次第終了
定休日
日曜日",東京都千代田区神田神保町2-2-12,https://tabelog.com/tokyo/A1310/A131003/13054078/
ラーメン,横浜家系ラーメン 田中,"営業時間
[月～金]10:30～22:00(L.O.21:55)[土・日・祝]10:30～18:30(L.O.18:25)※営業時間変更の場合があります。事前にSNSで告知していますのでご確認下さい。
日曜営業
定休日
無休(年末年始休みあり)",東京都千代田区神田三崎町3-1-10 水道橋ビル  1F,https://tabelog.com/tokyo/A1310/A131003/13019056/
ラーメン,鶏ラーメン TOKU,,東京都千代田区神田錦町1-14-3 ウキガイビル 1F,https://tabelog.com/tokyo/A1310/A131002/13180765/
ラーメン,らーめん影武者 外伝,,東京都千代田区外神田3-4-1,https://tabelog.com/tokyo/A1311/A131101/13253971/
ラーメン,ひるがお 東京駅店,"営業時間
[月～日]9:45～23:00(L.O.22:30) 
日曜営業
定休日
無休",東京都千代田区丸の内1-9-1 東京駅一番街 B1F 東京ラーメンストリート内,https://tabelog.com/tokyo/A1302/A130201/13093048/
ラーメン,横浜家系ラーメン 魂心家 御茶ノ水店,"営業時間
［月～土］11:00～23:30(L.O.23:00)［祝日］11:00～22:00
定休日
日曜日",東京都千代田区神田駿河台4-5-2,https://tabelog.com/tokyo/A1310/A131002/13158445/
ラーメン,肉汁麺ススム,"営業時間
11:00〜20:45
日曜営業
定休日
年中無休",東京都千代田区外神田3-7-12 イサミヤ第8ビル 1F,https://tabelog.com/tokyo/A1311/A131101/13194689/
ラーメン,札幌タンメン ベジ達 市ヶ谷店,"営業時間
[月～金]11:00～15:00(L.O.14:30)17:00～22:30(L.O.22:00)[土]11:00～14:30(L.O.14:00)
定休日
日曜日、祝日",東京都千代田区九段北4-2-11 第2星光ビル 1F,https://tabelog.com/tokyo/A1309/A130904/13284741/
ラーメン,一向,"営業時間
［月～金］11:00～15:0017:30～21:00［土・祝］11:00～15:00
定休日
日曜日",東京都千代田区神田神保町2-4-11 松好ビル 1F,https://tabelog.com/tokyo/A1310/A131003/13249534/
ラーメン,めん屋 桔梗,"営業時間
月〜金 11:00〜22:00土、日、祝 11:00〜21:00
日曜営業
定休日
不定休",東京都千代田区三番町30-6,https://tabelog.com/tokyo/A1309/A130904/13119607/
ラーメン,らぁめん 舎鈴,"営業時間
11:30～13:30(L.O.)",東京都千代田区内神田2-2-5 光正ビル 1F,https://tabelog.com/tokyo/A1310/A131002/13257488/
ラーメン,TSUKEMEN zuppa,"営業時間
[月～土]11:30～23:00
定休日
日曜日",東京都千代田区神田三崎町2-17-8 ドメス水道橋ビル 1F,https://tabelog.com/tokyo/A1310/A131003/13276536/
ラーメン,風来居 神田秋葉原店,"営業時間
11:00～23:00( 通し営業 )
日曜営業
定休日
無休",東京都千代田区神田須田町1-5 翔和須田町ビル 1F,https://tabelog.com/tokyo/A1310/A131002/13166609/
ラーメン,支那そば とも,"営業時間
［月～土］11:30～15:0017:00～22:00(L.O.21:30)
定休日
日曜日、祝日",東京都千代田区飯田橋1-6-8,https://tabelog.com/tokyo/A1309/A130905/13287280/
ラーメン,六厘舎,"営業時間
7:30～9:45（L.O.9:30）10:00～23:00（L.O.22:30）
日曜営業
定休日
年中無休",東京都千代田区丸の内1-9-1 東京駅一番街 B1F 東京ラーメンストリート内,https://tabelog.com/tokyo/A1302/A130201/13093047/
ラーメン,炭火焼濃厚中華そば 海富道,"営業時間
[月～金]　11:00～15:30 (L.O 15:20)17:00～22:00 (L.O 21:45)（16時～17時は準備時間です。お気をつけください）[土日祝]　10:30～15:30 (L.O 15:20)17:00～21:00 (L.O 20:45)
日曜営業
定休日
全日営業",東京都千代田区神田鍛冶町3-3-2 床屋3ビル 1F,https://tabelog.com/tokyo/A1310/A131002/13258496/
ラーメン,味噌麺処 花道庵,"営業時間
10:30～23:00(L.O.22:30)",東京都千代田区丸の内1-9-1 東京駅一番街 東京ラーメンストリート,https://tabelog.com/tokyo/A1302/A130201/13290575/
ラーメン,麺屋 一楽,"営業時間
［月～金］11:00～24:00［土］11:00～20:00「日」11:00〜18:00 [祝]  11:00~20：00
日曜営業
定休日
なし",東京都千代田区富士見2-3-14,https://tabelog.com/tokyo/A1309/A130905/13157453/
ラーメン,黄金の塩らぁ麺 ドゥエイタリアン 市ヶ谷本店,"営業時間
[月～金]11:00~23:00(L.O.22:30)[土・日・祝]11:00～22:00(L.O.21:30)
日曜営業
定休日
なし",東京都千代田区九段南4-7-17,https://tabelog.com/tokyo/A1309/A130904/13093887/
ラーメン,東京駅 斑鳩,"営業時間
10:00～22:30(L.O.22:00)
日曜営業
定休日
無休",東京都千代田区丸の内1-9-1 東京駅一番街 B1F,https://tabelog.com/tokyo/A1302/A130201/13124609/
ラーメン,三田製麺所 有楽町店,"営業時間
11:00～23:00(L.O.22:30)",東京都千代田区有楽町1-3-7,https://tabelog.com/tokyo/A1301/A130102/13112448/
ラーメン,麺場 さかきや 水道橋店,"営業時間
[月]11:00～14:00(Lo.14:00)[火～土]11:00～15:00(Lo.14:30)17:30～21:00(Lo.21:00)
定休日
日曜日",東京都千代田区神田三崎町3-3-17 ABリバー水道橋 B1F,https://tabelog.com/tokyo/A1310/A131003/13282417/
ラーメン,麺処 景虎 秋葉原UDX店,"営業時間
11:00～22:30(L.O.22:00）
日曜営業
定休日
ビルに準ずる",東京都千代田区外神田4-14-1 秋葉原UDX 2F,https://tabelog.com/tokyo/A1310/A131001/13267856/
ラーメン,中華そば 辻,,東京都千代田区飯田橋3-3-10,https://tabelog.com/tokyo/A1309/A130905/13285360/
ラーメン,ごくうらーめん大千元,"営業時間
10時30分～22時00分まで（お店の人談）
定休日
土曜日",東京都千代田区隼町3-12,https://tabelog.com/tokyo/A1308/A130803/13065801/
ラーメン,東京豚骨拉麺 ばんから 秋葉原店,"営業時間
[平日・日]10:30～翌1:00（L.O.24:30）[金・土・祝日前]10:30～翌2:00（L.O.1:30）
日曜営業
定休日
年中無休",東京都千代田区外神田4-4-7 MTビル　１Ｆ,https://tabelog.com/tokyo/A1310/A131001/13110363/
ラーメン,どさん子 大手町店,"営業時間
[月～金]11:00～22:30（L.O.22:00）※緊急事態宣言中は20:00（L.O.19:40）まで[土]11:00～15:00（L.O.14:30）
定休日
日曜・祝日",東京都千代田区大手町1-6-1 大手町ビル B2F,https://tabelog.com/tokyo/A1302/A130201/13240354/
ラーメン,輝道家 水道橋駅前店,"営業時間
11:00～21:00",東京都千代田区神田三崎町2-20-10 勝又ビル 1F,https://tabelog.com/tokyo/A1310/A131003/13284657/
ラーメン,どうとんぼり神座 グランスタ八重北店,"営業時間
11:00～23:00(L.O.22:30)",東京都千代田区丸の内1-9-1 東京駅 グランスタ 1F,https://tabelog.com/tokyo/A1302/A130201/13253583/
ラーメン,ラーメン大戦争TOKYO,"営業時間
11:00～22:00（L.O22：00）
日曜営業
定休日
無休",東京都千代田区神田三崎町2-17-9,https://tabelog.com/tokyo/A1310/A131003/13270848/
ラーメン,ニッポン ラーメン 凛 トウキョウ,"営業時間
[月・火・水・木・金・土]10:00～22:00[日・祝]10:00～21:00
日曜営業
定休日
無休",東京都千代田区丸の内1-9-1 グランスタ東京 B1F,https://tabelog.com/tokyo/A1302/A130201/13249397/
ラーメン,らーめん 一郎家,"営業時間
11：00～21：00
日曜営業
定休日
無休",東京都千代田区神田神保町1-13-3 2F,https://tabelog.com/tokyo/A1310/A131003/13261091/
ラーメン,麺巧 潮,"営業時間
火〜金 11:00〜21:00土日月 11:00～19:00（スープなくなり次第終了）
日曜営業
定休日
不定休(年末年始など)",東京都千代田区神田淡路町2-4-4 アール神田淡路町 B1F,https://tabelog.com/tokyo/A1310/A131002/13147387/
ラーメン,らーめん宣ノ土,,東京都千代田区有楽町1-3-8 MJ有楽町1.3ビル 1F,https://tabelog.com/tokyo/A1301/A130102/13287012/
ラーメン,幸楽苑 平河町店,"営業時間
8:00〜23:00(L.O.22:30)
日曜営業",東京都千代田区神田平河町4番地,https://tabelog.com/tokyo/A1310/A131001/13025346/
ラーメン,五福 秋葉原店,"営業時間
【ランチ】11:00～15:00【ディナー】16:00～23:30
日曜営業
定休日
無休",東京都千代田区神田佐久間町1-21 あつみ薬品ビル B1F,https://tabelog.com/tokyo/A1310/A131001/13285541/
ラーメン,新福菜館 秋葉原店,"営業時間
11:00～15:00(LO  14:30)17:30〜23:00(LO  22:30)
日曜営業
定休日
無休（2017年3月より年末年始のみ）",東京都千代田区神田和泉町1-3-17 1F,https://tabelog.com/tokyo/A1310/A131001/13185998/
ラーメン,石黒商店 みそとスパイス,"営業時間
18:00～24:00",東京都千代田区神保町2-24,https://tabelog.com/tokyo/A1310/A131003/13283755/
ラーメン,鯛塩そば 灯花 KITTE丸の内店,"営業時間
[月～土・祝前]11:00～23:00 [日・祝]11:00～22:00
日曜営業",東京都千代田区丸の内2-7-2 KITTE丸の内 5F,https://tabelog.com/tokyo/A1302/A130201/13287967/
ラーメン,麺処 ほん田 秋葉原本店,"営業時間
[火・木・金・土・日]11:30～15:0018:00～21:30[月]11:30～15:00
日曜営業
定休日
水曜日",東京都千代田区神田花岡町1-19,https://tabelog.com/tokyo/A1310/A131001/13246285/
ラーメン,鶏白湯 洞窟,"営業時間
11:00～16:00",東京都千代田区飯田橋3-3-11 斉藤ビル 1F,https://tabelog.com/tokyo/A1309/A130905/13275196/
ラーメン,ちえちゃんラーメン,"営業時間
10/30(月)の営業時間に関して16:00～18:00　臨時休業上記時間は一時営業を停止いたします。ご迷惑をおかけいたしますが、よろしくお願い申し上げます。月　　　10:00-5:00　　　　火～木　8:00-5:00金　　　8:00ｰ6:00土　　　8:00-6:00日・祝　11:00-22:00
日曜営業
定休日
なし(年末年始除く)",東京都千代田区鍛冶町2-13-7,https://tabelog.com/tokyo/A1310/A131002/13247410/
ラーメン,博多麺房 赤のれん 丸ビル店,"営業時間
[月～金]11:00～22:30L.O.22:00)[土]11:00～22:00(L.O.21:30)[日・祝]11:00～21:00(L.O.20:30)
日曜営業",東京都千代田区丸の内2-4-1 丸の内ビルディング 6F,https://tabelog.com/tokyo/A1302/A130201/13010547/
ラーメン,壱角家 秋葉原東口店,"営業時間
[月～金]10:00～翌3:00[土日祝]10:00～23:00
定休日
日曜日",東京都千代田区神田佐久間町1-27 石鍋ビル,https://tabelog.com/tokyo/A1310/A131001/13184340/
ラーメン,日高屋 神田西口店,"営業時間
10：30～深夜3：00(金・祝前日は翌朝4：00) 
日曜営業
定休日
無休",東京都千代田区内神田3-7-6 江戸正ビル1と2F,https://tabelog.com/tokyo/A1310/A131002/13115689/
ラーメン,海老丸らーめん,"営業時間
平日ランチ11:30～15:00　ディナー18:00〜22:30(L.O22:00)土日祝日11:30〜20:00(L.O19:30)※並び次第で早めに終了する場合があります。
日曜営業
定休日
月曜日は不定休でお休みを頂く場合があります。Googleの営業日を確認頂き、ご来店ください。",東京都千代田区西神田2-1-13 十勝ビル 1F,https://tabelog.com/tokyo/A1310/A131003/13212911/
ラーメン,秋葉原ラーメン わいず,"営業時間
10:30～22:15※ スープなくなり次第終了
日曜営業
定休日
なし",東京都千代田区外神田3-7-9,https://tabelog.com/tokyo/A1311/A131101/13178061/
ラーメン,麺屋武蔵 巌虎,"営業時間
11:00～22:00
日曜営業
定休日
無休",東京都千代田区外神田1-3-9 木倉ビル 1F,https://tabelog.com/tokyo/A1310/A131001/13108635/
ラーメン,Tokyo Style Noodle ほたて日和,"営業時間
[月・火・木・金]11:00～15:0017:30～20:00[土・日・祝]11:00～15:00
日曜営業
定休日
水曜日",東京都千代田区神田佐久間町2-25,https://tabelog.com/tokyo/A1310/A131001/13280086/
ラーメン,孫鈴舎,"営業時間
[月～金]7:00～10:30(朝ラーメンのみ)10:30～22:00(L.O.22:00)[土]11:00～15:00(L.O15:00)
定休日
日曜・祝日",東京都千代田区丸の内1-10-9,https://tabelog.com/tokyo/A1302/A130201/13243959/
ラーメン,百年本舗 秋葉原総本店,"営業時間
11:00～22:00
日曜営業
定休日
年中無休",東京都千代田区外神田3-8-9 昌徳ビル1Ｆ,https://tabelog.com/tokyo/A1311/A131101/13199049/
ラーメン,新潟発祥 なおじ 有楽町店,"営業時間
11:00～15:00
日曜営業
定休日
無休",東京都千代田区丸の内3-6-8 JR高架下 居酒屋ヒノマル食堂,https://tabelog.com/tokyo/A1301/A130102/13263193/
ラーメン,日高屋 九段下店,"営業時間
［月・水・木・土・日］10:30～23:00(L.O.22:30)［火・金］10:30～翌4:00
日曜営業
定休日
無休",東京都千代田区九段北1-3-1,https://tabelog.com/tokyo/A1309/A130906/13173190/
ラーメン,中華そば 糸,,東京都千代田区神田松永町16 内尾松永ビル 1F,https://tabelog.com/tokyo/A1310/A131001/13255654/
ラーメン,つけめん金龍,"営業時間
昼の部 11：00〜15：00夜の部 17：00〜20：30ラストオーダー※20:30までに列に並んでいただければ最後までご提供出来ます
定休日
【2023年1２月の休業日】12/1〜15は休まず営業します！！！※16(土)以降は台湾イベント出張がある為、未定です。改めてお知らせいたします。",東京都千代田区神田司町2-15-16 サトウビル 1F,https://tabelog.com/tokyo/A1310/A131002/13259807/
ラーメン,めんめん かめぞう,"営業時間
11:30～19:00
定休日
日曜日",東京都千代田区西神田2-1-1,https://tabelog.com/tokyo/A1310/A131003/13049895/
ラーメン,スタミナラーメンのかた,"営業時間
17:00～21:00
日曜営業
定休日
施設休業日に準ずる",東京都千代田区神田須田町1-25-4 マーチエキュート神田万世橋 1F,https://tabelog.com/tokyo/A1310/A131002/13283758/
ラーメン,ラーメン 盛太郎 神保町店,"営業時間
11:00～22:00
日曜営業
定休日
無休",東京都千代田区神田小川町3-20-7,https://tabelog.com/tokyo/A1310/A131003/13235542/
ラーメン,つけ麺 素家,"営業時間
11:15～15:00 18:00～20:30",東京都千代田区飯田橋2-11-1,https://tabelog.com/tokyo/A1309/A130905/13232525/
ラーメン,カラシビ味噌らー麺 鬼金棒 神田本店,"営業時間
【月〜土】　11:00～21:30【日】　　　11:00〜16:00
日曜営業
定休日
無休",東京都千代田区鍛冶町2-10-9,https://tabelog.com/tokyo/A1310/A131002/13097205/
ラーメン,屋台らーめん 雪虎 水道橋東口,,東京都千代田区神田三崎町2-22,https://tabelog.com/tokyo/A1310/A131003/13194696/
ラーメン,どうとんぼり神座 ヨドバシAkiba店,"営業時間
11:00～23:00(L.O.22:30)
日曜営業
定休日
不定休",東京都千代田区神田花岡町1-1 ヨドバシAkiba,https://tabelog.com/tokyo/A1310/A131001/13271111/
ラーメン,甘蘭牛肉麺 東京飯田橋店,"営業時間
11:00～23:00
日曜営業
定休日
なし",東京都千代田区飯田橋1-9-7 池谷ビル 1F,https://tabelog.com/tokyo/A1309/A130905/13281676/
ラーメン,麺屋ひょっとこ 交通会館店,"営業時間
[月～金]11:00～20:00[土・祝]11:00～19:00
定休日
日曜日",東京都千代田区有楽町2-10-1 東京交通会館 B1F,https://tabelog.com/tokyo/A1301/A130102/13046637/
ラーメン,壱角家 有楽町店,"営業時間
10:00～翌3:00
日曜営業",東京都千代田区有楽町2-8-3 1F・2F,https://tabelog.com/tokyo/A1301/A130102/13290756/
ラーメン,まこ屋,,東京都千代田区富士見2-2-12,https://tabelog.com/tokyo/A1309/A130905/13255668/
ラーメン,しょっつる塩らー麺 SIBATA,"営業時間
[月～金]7:00～9:00
定休日
土曜日、日曜日、祝日",東京都千代田区神田司町2-2-8 マガザン神田 1F,https://tabelog.com/tokyo/A1310/A131002/13291817/
ラーメン,ゆきかげ 神田店,,東京都千代田区神田司町2-17-14 TATE神田 1F,https://tabelog.com/tokyo/A1310/A131002/13288608/
ラーメン,こうじまち,,東京都千代田区平河町1-6-11 エクシール平河町 B1F,https://tabelog.com/tokyo/A1308/A130803/13261338/
ラーメン,ラーメン パ郎,,東京都千代田区神田佐久間町2-10,https://tabelog.com/tokyo/A1310/A131001/13221677/
ラーメン,壱角家 秋葉原総本店,,東京都千代田区外神田1-10-9 TY2ビル 1F,https://tabelog.com/tokyo/A1310/A131001/13289221/
ラーメン,花房,,東京都千代田区内幸町1-7-1,https://tabelog.com/tokyo/A1301/A130101/13134510/
ラーメン,覇王,,東京都千代田区神田須田町2-12-5,https://tabelog.com/tokyo/A1310/A131002/13274632/
ラーメン,舎鈴 市ヶ谷,"営業時間
[月～金]11:00～22:00(L.O.)[土]11:00～16:30(L.O.)[日・祝]休業",東京都千代田区九段南3-9-11,https://tabelog.com/tokyo/A1309/A130904/13289685/
ラーメン,東京煮干屋本舗 中野本店,"営業時間
[月曜日〜土曜日]通常営業11:00～0:00テイクアウト営業11:00〜0:00
定休日
日曜日",東京都中野区新井2-1-1 オリーブガーデンアネックス 1F,https://tabelog.com/tokyo/A1319/A131902/13155269/
ラーメン,麺家 たいせい,"営業時間
11:00～20:00
日曜営業
定休日
なし",東京都中野区中央2-2-1 ベル中野坂上,https://tabelog.com/tokyo/A1319/A131903/13282456/
ラーメン,麺匠 ようすけ,"営業時間
全日11:30～16:00（LO15:45）18:00～21:30（LO21:15）
日曜営業
定休日
なし",東京都中野区中野5-57-2 アミューズ中野ビル 1F,https://tabelog.com/tokyo/A1319/A131902/13225401/
ラーメン,野方ホープ 野方本店,"営業時間
11:00～翌4:00（L.O.翌3:30）
日曜営業
定休日
無休　（年末年始休みあり）",東京都中野区野方2-58-4,https://tabelog.com/tokyo/A1321/A132104/13001089/
ラーメン,まぜそば 田なか 東中野店,"営業時間
11:00～15:0017:00～21:00
日曜営業
定休日
木曜日",東京都中野区東中野1-58-15 更丸ビル 1F,https://tabelog.com/tokyo/A1319/A131901/13279250/
ラーメン,あら井商店,"営業時間
[月・火・木・金]11:30～13:30 18:00～22:00（L.O.21:00）[土・日]11:30～15:00（L.O.14:30）
日曜営業
定休日
水曜・祝日",東京都中野区江原町2-3-3,https://tabelog.com/tokyo/A1321/A132101/13252923/
ラーメン,麺彩房 中野本店,"営業時間
[火～金、土、日、祝日]11:00～15:0017:30～21:00　[祝日を除く毎週月曜]11:00～15:00
日曜営業
定休日
祝日を除く毎週月曜夜。",東京都中野区新井3-6-7 コート II トリイ １Ｆ,https://tabelog.com/tokyo/A1321/A132104/13006931/
ラーメン,中洲屋台長浜ラーメン初代 健太 東京高円寺本店,"営業時間
12:00～15:00
日曜営業
定休日
月曜日",東京都中野区大和町1-66-6,https://tabelog.com/tokyo/A1319/A131904/13183596/
ラーメン,赤坂屋,,東京都中野区中央3-33-5,https://tabelog.com/tokyo/A1319/A131902/13001076/
ラーメン,哲ちゃん,"営業時間
11:00～19:45",東京都中野区松が丘2-32-18 哲学堂ヴィラ 1F,https://tabelog.com/tokyo/A1321/A132101/13065811/
ラーメン,箕輪家 中野旗艦店,"営業時間
[月・火・水・木・日]12:00～15:0018:00～22:30(L.O.)[金・土]12:00～15:0018:00～翌1:30(L.O.)
日曜営業",東京都中野区中野5-53-2,https://tabelog.com/tokyo/A1319/A131902/13278084/
ラーメン,イッツシュリンプ,,東京都中野区中野5-60-3,https://tabelog.com/tokyo/A1319/A131902/13149014/
ラーメン,ラストボス 中野店,,東京都中野区中野5-56-15,https://tabelog.com/tokyo/A1319/A131902/13245714/
ラーメン,艶まる,"営業時間
ランチ / ディナー10:30～翌4:00
日曜営業
定休日
無休",東京都中野区中野5-61-7 ユニットビル　１Ｆ,https://tabelog.com/tokyo/A1319/A131902/13074422/
ラーメン,ただいま変身中,"営業時間
【月曜～日曜】＜ランチ＞11:00～15:30（LO 15 :10）＜ディナー＞17:00～21:15（LO 21:00）【祝日】＜ランチ＞11:00～15:30（LO 15:10）＜ディナー＞17:00～20:00（LO 19:40）
定休日
無休（年に何回か不定休あり）",東京都中野区中野5-53-3 松本ビル 101,https://tabelog.com/tokyo/A1319/A131902/13239323/
ラーメン,三番,"営業時間
11:30〜14:00
定休日
日・祝",東京都中野区中央4-6-9,https://tabelog.com/tokyo/A1319/A131902/13062401/
ラーメン,らーめん 汁なし 兄貴んち,"営業時間

日曜営業
定休日
月曜・火曜",東京都中野区江原町3-5-10,https://tabelog.com/tokyo/A1321/A132101/13273656/
ラーメン,らーめん くまくら,,東京都中野区丸山2-20-3 パレドール中野第5,https://tabelog.com/tokyo/A1321/A132104/13216490/
ラーメン,らぁめん ご恩,"営業時間
11:00～15:00※スープ売り切れ次第終了
日曜営業
定休日
火曜・第２第４水曜",東京都中野区大和町1-13-7,https://tabelog.com/tokyo/A1321/A132104/13269170/
ラーメン,中野 邦ちゃんラーメン,"営業時間
[月・水～土]10:00～15:00 17:00～22:00[火]10:00~15:00[日・祝]10:00～15:00 17:00～21:00
日曜営業
定休日
不定休",東京都中野区中野2-28-8,https://tabelog.com/tokyo/A1319/A131902/13283168/
ラーメン,東京中野 大成軒,"営業時間
［火・水・木・土・日］11:00～14:0017:00～23:00［金］17:00～23:00
日曜営業
定休日
月曜日",東京都中野区中野5-63-4,https://tabelog.com/tokyo/A1319/A131902/13279153/
ラーメン,覆めん 花木,"営業時間
[平日・土]11:00～14:30　17:00～19:45[日曜日・祝日]11:00～17:00
日曜営業
定休日
月曜日",東京都中野区東中野1-31-8 井上ビル 1F,https://tabelog.com/tokyo/A1319/A131901/13252274/
ラーメン,ラーメン 雪だるま,,東京都中野区中野1-27-1 1F,https://tabelog.com/tokyo/A1319/A131902/13157827/
ラーメン,らーめん 北国,"営業時間
11:30〜22:00
日曜営業
定休日
月曜",東京都中野区中野2-13-26 岡ビル 1F,https://tabelog.com/tokyo/A1319/A131902/13105978/
ラーメン,ラーメン豚力,"営業時間
昼の部11：30～15：00　夜の部18：00～22：00
日曜営業
定休日
無休（12/31～1/3を除く）",東京都中野区上鷺宮5-8-8,https://tabelog.com/tokyo/A1321/A132102/13116959/
ラーメン,竹麓輔らーめん創作工房 竹麓らーめん,"営業時間
11:00～23:00(L.O.22:30)
日曜営業
定休日
無休",東京都中野区中野3-33-12,https://tabelog.com/tokyo/A1319/A131902/13230405/
ラーメン,華蔵,,東京都中野区野方6-23-11 ハイムSKM 101,https://tabelog.com/tokyo/A1321/A132104/13177043/
ラーメン,福籠叉焼,"営業時間
11:30～15:0017:30～21:00",東京都中野区新井1-14-14,https://tabelog.com/tokyo/A1319/A131902/13283134/
ラーメン,じゃぐら 野方本店,,東京都中野区野方5-25-2,https://tabelog.com/tokyo/A1321/A132104/13161083/
ラーメン,麺匠 鶏吟,,東京都中野区沼袋1-37-6,https://tabelog.com/tokyo/A1321/A132104/13202267/
ラーメン,鵺,"営業時間
［水曜～土曜］11：30 ～ 14：3018：00〜23：30（ラストオーダー23：00）［日曜・祝日］11：30 ～ 14：30（ランチのみ）
日曜営業
定休日
月曜・火曜",東京都中野区中野5-36-14,https://tabelog.com/tokyo/A1319/A131902/13181185/
ラーメン,ラーメン 武蔵家 中野本店,"営業時間
11:00～翌2:00
日曜営業
定休日
無休",東京都中野区中央4-4-1 藤晃ビル　１Ｆ,https://tabelog.com/tokyo/A1319/A131902/13013524/
ラーメン,一蘭 中野店,"営業時間
11:00～22:00(L.O.21:45)※営業時間は変更になる場合がございますので、最新情報は公式HPをご確認ください
日曜営業
定休日
年中無休",東京都中野区中野5-65-5 S・K中野ビル B1F,https://tabelog.com/tokyo/A1319/A131902/13201776/
ラーメン,らーめん蔵芸 島忠ホームズ中野本店,"営業時間
10:00～20:00",東京都中野区南台5-24-13 島忠ホームズ中野本店　Ｂ１Ｆ,https://tabelog.com/tokyo/A1319/A131903/13103346/
ラーメン,牛こくラーメン まる勝,"営業時間
「お昼限定にて営業中」11:00～16:00
日曜営業
定休日
木曜日",東京都中野区中央4-19-14,https://tabelog.com/tokyo/A1319/A131902/13171566/
ラーメン,めん屋 桔梗 沼袋店,"営業時間
11:00～翌5:00
日曜営業
定休日
無休",東京都中野区江古田4-6-3,https://tabelog.com/tokyo/A1321/A132104/13225409/
ラーメン,支那そば あまちゃん,,東京都中野区野方5-18-13,https://tabelog.com/tokyo/A1321/A132104/13189316/
ラーメン,麺汁食膳 好日,"営業時間
11:30～14:30 17:30～20:30
定休日
月曜日、日曜日",東京都中野区東中野1-53-7 ＭＫハウス 1Ｆ,https://tabelog.com/tokyo/A1319/A131901/13001033/
ラーメン,福しん 鷺ノ宮店,"営業時間
［月～土］11:00～翌2:00（L.O.1:45）［日・祝］11:00～23:00（L.O.22:45）
日曜営業
定休日
ほぼ無休（年始休み他、臨時休業あり）",東京都中野区鷺ノ宮4-1-14,https://tabelog.com/tokyo/A1321/A132104/13113550/
ラーメン,龍吟軒,,東京都中野区鷺宮3-15-3,https://tabelog.com/tokyo/A1321/A132104/13198498/
ラーメン,らぁ麺 なとり,"営業時間
[月～土]11:30～15:00(L.O.14:45) 17:00～翌1:00(L.O.24:45)[日・祝]11:30～15:00(L.O.14:45) 17:00～21:00（20:45）
日曜営業",東京都中野区中央2-5-3 中野坂上アムフラット 1F,https://tabelog.com/tokyo/A1319/A131903/13288954/
ラーメン,麺屋 どうげんぼうず,"営業時間
[火～土]11:30～15:0018:00～22:00[日]11:30～15:0018:00～21:00
日曜営業
定休日
月曜日(祝日の場合は翌日が振替休業)",東京都中野区本町4-30-11 アーク新中野 1F,https://tabelog.com/tokyo/A1319/A131902/13174732/
ラーメン,つけめん・らーめん かもん,,東京都中野区本町2-48-9,https://tabelog.com/tokyo/A1319/A131903/13048740/
ラーメン,横浜家系ラーメン春樹 野方店,"営業時間
11:00～23:00
日曜営業
定休日
無休",東京都中野区野方6-12-7 パレ・ドール中野第3,https://tabelog.com/tokyo/A1321/A132104/13191369/
ラーメン,楓家,"営業時間
11:00～23:00
日曜営業
定休日
無休",東京都中野区東中野1-50-1,https://tabelog.com/tokyo/A1319/A131901/13020727/
ラーメン,麺屋 越,"営業時間
11:00～15:3017:00～21:00
定休日
月曜日",東京都中野区野方3-22-8,https://tabelog.com/tokyo/A1321/A132104/13286824/
ラーメン,味噌麺処 花道庵,"営業時間
9:30～22:45(L.O.)
日曜営業",東京都中野区野方6-23-12,https://tabelog.com/tokyo/A1321/A132104/13055183/
ラーメン,日高屋 中野店,"営業時間
10:00～21:00(L.O.20:30)
日曜営業
定休日
無休",東京都中野区中野5-65-10 中野サンモール濱口ビル 1F,https://tabelog.com/tokyo/A1319/A131902/13044636/
ラーメン,三田製麺所 中野店,"営業時間
［月～木］10:00～翌2:00［金・土・祝前］10:00～翌3:00［日・祝］10:00～23:00
日曜営業
定休日
無休",東京都中野区中野4-2-13,https://tabelog.com/tokyo/A1319/A131902/13155711/
ラーメン,横浜家系らーめん 二代目武道家,"営業時間
10:00～翌2:00",東京都中野区中野3-34-32 凱旋ビル 1F,https://tabelog.com/tokyo/A1319/A131902/13090963/
ラーメン,点心拉満,"営業時間
11:00～翌3:00",東京都中野区中野5-50-7 菅原ビル1F,https://tabelog.com/tokyo/A1319/A131902/13094637/
ラーメン,家系ラーメン まるみ家,,東京都中野区中野5-57-4,https://tabelog.com/tokyo/A1319/A131902/13287188/
ラーメン,食堂七彩,"営業時間
11:30～15:0018:00～22:00
定休日
不定休",東京都中野区鷺宮3-1-12,https://tabelog.com/tokyo/A1321/A132104/13145418/
ラーメン,メンドコロ 天鳳,,東京都中野区中央2-30-5 ハイムタカラ 1F,https://tabelog.com/tokyo/A1319/A131903/13277105/
ラーメン,かしわぎ,"営業時間
[水～土] 11:30～15:00 18:00～22:00[月・日] 11:30～15:00
日曜営業
定休日
火曜日",東京都中野区東中野1-36-7,https://tabelog.com/tokyo/A1319/A131901/13209326/
ラーメン,中華そば 仙道,"営業時間
11:30～23:00(L.O.22:30)",東京都中野区中野3-33-15 KHTビル 1F,https://tabelog.com/tokyo/A1319/A131902/13277193/
ラーメン,粉麺小屋,"営業時間
［平日］11:30～14:30（L.O.14:15）18:00～なくなり次第終了［土曜］11:30～14:30（L.O.14:15）
定休日
不定休",東京都中野区本町3-32-17,https://tabelog.com/tokyo/A1319/A131902/13247529/
ラーメン,花の華 中野店,"営業時間
［月〜日］ 10:30～4:00現在営業時間は都の要請に準じます
日曜営業
定休日
年末年始休みあり",東京都中野区中野3-33-18 中野五叉路ビル 1F,https://tabelog.com/tokyo/A1319/A131902/13091684/
ラーメン,横浜家系ラーメン 中野家,,東京都中野区中野5-51-1,https://tabelog.com/tokyo/A1319/A131902/13178251/
ラーメン,豚山 中野店,"営業時間
営業時間・休業営業時間・休業日は変更となる場合がございますので、HPにて最新情報をご確認ください
日曜営業
定休日
無休",東京都中野区中野5-54-4,https://tabelog.com/tokyo/A1319/A131902/13235889/
ラーメン,菜華,"営業時間
[火〜木]11:30〜15:00／18:00〜22:00[土•日•祝]11:30〜16:00／18:00～23:00　※売り切れ次第終了           現在21：30閉店Lo15分前
日曜営業
定休日
月曜日",東京都中野区中野5-55-3,https://tabelog.com/tokyo/A1319/A131902/13013574/
ラーメン,一富士,,東京都中野区本町4-1-1,https://tabelog.com/tokyo/A1319/A131903/13200051/
ラーメン,えどもんど 中野,"営業時間
11:00～14:3017:30～21:00（売り切れ早仕舞いあり）
定休日
水曜",東京都中野区中野5-56-12,https://tabelog.com/tokyo/A1319/A131902/13283099/
ラーメン,生姜は文化 中野店,"営業時間
[月～日]11:00～20:00
日曜営業
定休日
無休",東京都中野区新井1-23-22,https://tabelog.com/tokyo/A1319/A131902/13284043/
ラーメン,ラーメンの店 ホープ軒 環七丸山店,"営業時間
24時間営業
日曜営業
定休日
無休",東京都中野区野方4-22-4,https://tabelog.com/tokyo/A1321/A132104/13237495/
ラーメン,田舎っぺラーメン,,東京都中野区中野1-32-7 第3新栄ビル 1F,https://tabelog.com/tokyo/A1319/A131902/13021463/
ラーメン,麺処 次男房,"営業時間
［火～土］11:00～15:00 18:00～21:00［祝］11:00～15:30 18:00～21:00
定休日
日曜・月曜・不定休",東京都中野区野方6-3-4,https://tabelog.com/tokyo/A1321/A132104/13159409/
ラーメン,麺尊RAGE 中野 腕刀,"営業時間
[月～日]11:30～14:30(L.O.14:25) 17:00～23:00(L.O.22:55) 
日曜営業
定休日
無休",東京都中野区中野5-55-3,https://tabelog.com/tokyo/A1319/A131902/13270574/
ラーメン,麺家 ばく,"営業時間
11:00～翌3:00
日曜営業
定休日
無休",東京都中野区東中野4-4-3 山内ビル 1F,https://tabelog.com/tokyo/A1319/A131901/13049677/
ラーメン,スーパー ラーメン マジック,"営業時間
[月・水～日]11:00～15:00(L.O.14:30)
日曜営業
定休日
火曜日",東京都中野区東中野4-9-1 第一元太ビル 2F,https://tabelog.com/tokyo/A1319/A131901/13241449/
ラーメン,淳之助製麺所,"営業時間
11:00〜25:00(24:30L.O)
日曜営業",東京都中野区上鷺宮4-16-6,https://tabelog.com/tokyo/A1321/A132102/13268533/
ラーメン,麺屋 はし本,"営業時間
11:30～18:00(売り切れ次第終了)[土・祝]11:30～15:00(売り切れ次第終了)
定休日
水曜日、日曜日",東京都中野区新井1-25-4 中野ニューハウジング 1F,https://tabelog.com/tokyo/A1319/A131902/13205769/
ラーメン,博多ラーメン 一匠 中野店,,東京都中野区中野2-29-4 1F,https://tabelog.com/tokyo/A1319/A131902/13252021/
ラーメン,仙鳥ラーメン 沼袋店,,東京都中野区沼袋1-38-3,https://tabelog.com/tokyo/A1321/A132104/13188660/
ラーメン,横浜家系ラーメン 赤家 新井薬師前店,"定休日
無休",東京都中野区上高田3-40-5,https://tabelog.com/tokyo/A1321/A132104/13282872/
ラーメン,天下一品 中野店,"営業時間
11:00～23:00(L.O.22:45)
日曜営業
定休日
火曜日(1/1・臨時休業除く 祝祭日の兼合いで変更になる場合がございます)",東京都中野区新井1-9-3 グレースヒルTMY 1F,https://tabelog.com/tokyo/A1319/A131902/13253244/
ラーメン,らあめん花月嵐 鷺宮店,"営業時間
[店内営業時間]11:00～24:00
日曜営業
定休日
月曜日",東京都中野区鷺宮4-44-9,https://tabelog.com/tokyo/A1321/A132104/13055954/
ラーメン,澤神,"営業時間
[月～金] 11:00～14:30／18:00～21:00[日・祝｣11:00～15:00※いずれも、麺・スープ切れ次第終了
日曜営業
定休日
土曜日",東京都中野区中央5-15-4 錦ビル　１F,https://tabelog.com/tokyo/A1319/A131902/13090671/
ラーメン,中華そば 青葉 中野本店,"営業時間
10:30～21:00
日曜営業
定休日
無休",東京都中野区中野5-58-1 なかのまるひる 1F,https://tabelog.com/tokyo/A1319/A131902/13001092/
ラーメン,麺や天鳳 中野坂上総本店,"営業時間
月～土　11:30～25:00日・祝・祭日　11:30～24:00
日曜営業
定休日
無休",東京都中野区本町3-30-10 キクエイパレス中野坂上 1F,https://tabelog.com/tokyo/A1319/A131903/13006915/
ラーメン,らーめん山小屋,,東京都中野区弥生町4-6-11,https://tabelog.com/tokyo/A1319/A131903/13155873/
ラーメン,ゴマ,"営業時間
17:00～24:00
定休日
日曜日、3の付く日",東京都中野区沼袋1-44-10,https://tabelog.com/tokyo/A1321/A132104/13006927/
ラーメン,三代目 やっとこ 六天魔,"営業時間
[火～日]11:30～16:30(L.O16:00)17:30～23:00(L.O22:30)
定休日
月曜日",東京都中野区中央2-47-4,https://tabelog.com/tokyo/A1319/A131903/13226059/
ラーメン,麺々,"営業時間
11:00～14:45(L.O.)17:30～21:00(L.O.20:45)
日曜営業
定休日
木曜日、金曜日",東京都中野区鷺宮4-3-19,https://tabelog.com/tokyo/A1321/A132104/13026286/
ラーメン,スパイスラーメン やるき,"営業時間
11:30～14:00 17:00～21:00
定休日
日曜日",東京都中野区本町4-36-7 2F,https://tabelog.com/tokyo/A1319/A131902/13261529/
ラーメン,つけ麺 しろぼし,"営業時間
[火・水・金・土] 11:00～14:00[木・日・祝] 11:00～15:00(L.O.14:30)※スープ、材料なくなり次第終了となります。
日曜営業
定休日
月曜日(月曜日が祝日の場合は営業し、翌日が休み)",東京都中野区東中野5-6-8 三和マンション 1F,https://tabelog.com/tokyo/A1319/A131901/13175897/
ラーメン,勝楽,"営業時間
10:30～14:00 18:00～20:00
定休日
日曜日",東京都中野区本町5-42-4,https://tabelog.com/tokyo/A1319/A131903/13062422/
ラーメン,豚味,,東京都中野区弥生町2-27-10,https://tabelog.com/tokyo/A1319/A131903/13208930/
ラーメン,豚野郎,"営業時間
【火～日】11:30～14:3018.00～21:30※スープが無くなり次第で閉店。
日曜営業
定休日
月曜日 ※月曜日が祝日は営業します！",東京都中野区中野1-41-45,https://tabelog.com/tokyo/A1319/A131902/13155159/
ラーメン,味噌の大将 江古田店,,東京都中野区江原町3-39-4,https://tabelog.com/tokyo/A1321/A132101/13235999/
ラーメン,大勝軒 中野,"営業時間
10:30～19:00
日曜営業
定休日
水曜",東京都中野区中野3-33-13 第２ビル　１Ｆ,https://tabelog.com/tokyo/A1319/A131902/13001080/
ラーメン,味七,"営業時間
[火～日]11:30～20:00
日曜営業
定休日
月曜※月曜が祝日時は火曜がお休み",東京都中野区中野5-56-13,https://tabelog.com/tokyo/A1319/A131902/13001094/
ラーメン,麺や天鳳 東中野店,,東京都中野区東中野3-14-21 GSビル 1F,https://tabelog.com/tokyo/A1319/A131901/13108607/
ラーメン,輝道家,,東京都中野区野方5-24-6 松金ビル 1F,https://tabelog.com/tokyo/A1321/A132104/13221750/
ラーメン,らーめん大 中野店,,東京都中野区新井2-10-9 窪寺工業ビル １Ｆ,https://tabelog.com/tokyo/A1321/A132104/13139722/
ラーメン,福しん 新井薬師店,,東京都中野区新井5-26-7,https://tabelog.com/tokyo/A1321/A132104/13246288/
ラーメン,究極のにぼし味噌らーめん 人間ばんざい,"営業時間
11:30～15:00 18:00～22:00(L.O.21:45)
日曜営業
定休日
不定休",東京都中野区東中野4-30-16 ライオンズマンション中野東 1F,https://tabelog.com/tokyo/A1321/A132104/13205405/
ラーメン,らあめん花月嵐 中野坂上店,"営業時間
[店内営業時間]11:00～23:00(L.O 22:30)
日曜営業
定休日
なし",東京都中野区中央2-2-9,https://tabelog.com/tokyo/A1319/A131903/13231298/
ラーメン,野方ホープ 中野店,"営業時間
[日～木]11:00～翌2:00[金・土・祝前]11:00～翌4:00
日曜営業
定休日
無休（年末年始のみ休み）",東京都中野区新井2-2-1 1F,https://tabelog.com/tokyo/A1319/A131902/13188693/
ラーメン,麺屋けんゆう 中野新橋店,"営業時間
11:00～翌1:00
日曜営業
定休日
無休",東京都中野区弥生町2-10-11 バード・パークホリ　１Ｆ,https://tabelog.com/tokyo/A1319/A131903/13122251/
ラーメン,玉 バラそば屋 中野店,"営業時間
営業時間11:00～21:00
日曜営業
定休日
無休",東京都中野区中野5-59-14,https://tabelog.com/tokyo/A1319/A131902/13185780/
ラーメン,ホロトン 東中野駅前店,"営業時間
11:30～24:00
日曜営業
定休日
月曜日",東京都中野区東中野4-2-2,https://tabelog.com/tokyo/A1319/A131901/13236941/
ラーメン,煮干しそば 虎愼,"営業時間
［月～金］11:30～15:0017:00～20:00(L.O.19:45)［土・日・祝］11:30～20:00(L.O.19:45)
日曜営業
定休日
無休",東京都中野区弥生町3-17-2,https://tabelog.com/tokyo/A1319/A131903/13148908/
ラーメン,日高屋 沼袋北口店,"営業時間
10:30～23:00(L.O.22:30)
日曜営業
定休日
無休",東京都中野区沼袋1-36-5,https://tabelog.com/tokyo/A1321/A132104/13190370/
ラーメン,どうとんぼり神座 中野サンモール店,"営業時間
11:00～23:00(L.O.22:30)",東京都中野区中野5-60-9,https://tabelog.com/tokyo/A1319/A131902/13291264/
ラーメン,幸楽,"営業時間
11:45〜20:45
日曜営業
定休日
木曜・年末年始",東京都中野区野方6-25-14,https://tabelog.com/tokyo/A1321/A132104/13065824/
ラーメン,むかん,"営業時間
営業時間やメニューは日によって変わりますのでX（旧Twitter）にて確認お願い致しますX（旧Twitter）から予約宜しくお願いいたします
定休日
水曜日、日曜日",東京都中野区中央2-2-24 大江戸コーポ 1F,https://tabelog.com/tokyo/A1319/A131903/13271524/
ラーメン,Burning noodle Tokyo,"営業時間
11:00～15:0017:00～23:00
定休日
日曜日",東京都中野区中央1-33-7 山田ビル 1F,https://tabelog.com/tokyo/A1319/A131903/13288178/
ラーメン,二代目えん寺,"営業時間
［月～金］11:30～16:00／17:30～22:00［土・日・祝］11:30～22:00
日曜営業
定休日
年中無休",東京都中野区中野5-62-7,https://tabelog.com/tokyo/A1319/A131902/13115487/
ラーメン,博多風らーめん 潤 中野本店,,東京都中野区中野5-23-13,https://tabelog.com/tokyo/A1319/A131902/13253381/
ラーメン,横浜家系ラーメン 極家,,東京都中野区沼袋1-34-23,https://tabelog.com/tokyo/A1321/A132104/13212175/
ラーメン,麺酒場ひかる,"営業時間
【月～木曜日、祝前日】11:30～24:30（ラストオーダー24:00）【金、土曜日】11:30〜3:00（ラストオーダー2:30）【日・祝日】※金、土曜日が祝日の場合を除く。11:30～23:30（ラストオーダー23:00）※基本、昼休憩なしで通し営業中！昼呑み可能！！※店内メンテナンス(床清掃等)で変更になる場合あり。ご了承ください。
日曜営業
定休日
年中無休※但し年末年始休みあり、臨時社員研修店休あり",東京都中野区東中野4-4-5 東中野アパートメンツ B1F,https://tabelog.com/tokyo/A1319/A131901/13046630/
ラーメン,ラーメン つぶらや,"営業時間
12:00～14:00 17:00～24:00(L.O.23:45)
日曜営業
定休日
水曜",東京都中野区鷺宮4-2-18 こおせい荘 1F,https://tabelog.com/tokyo/A1321/A132104/13044553/
ラーメン,繁華亭,"営業時間
11:00～13:30
定休日
日曜日、祝日",東京都中野区中野5-56-13,https://tabelog.com/tokyo/A1319/A131902/13017426/
ラーメン,大門,"営業時間
10:00〜翌4:00
日曜営業
定休日
無休","東京都中野区中野5-64-8 乙女屋ビル1,2階",https://tabelog.com/tokyo/A1319/A131902/13101178/
ラーメン,三幸軒,,東京都中野区上高田5-40-11,https://tabelog.com/tokyo/A1321/A132104/13158721/
ラーメン,藤丸,"営業時間
〔月～金〕11:00～15:00（L.O14:50）17:30～21:30（L.O21:20)〔土・祝〕11:00～15:00（L.O14:50）17:30～20:30（L.O20:20）
定休日
日曜日",東京都中野区中野5-42-5,https://tabelog.com/tokyo/A1319/A131902/13094317/
ラーメン,五丁目ハウス,"営業時間
[月～日]11:30～15:00 17:00～20:00
日曜営業
定休日
不定休(twitterに詳細あり)",東京都中野区中野5-56-15,https://tabelog.com/tokyo/A1319/A131902/13219393/
ラーメン,博多らーめん 一心堂 新中野店,"営業時間
11:00～翌1:30
日曜営業",東京都中野区本町4-44-15 1F,https://tabelog.com/tokyo/A1319/A131902/13215154/
ラーメン,味噌が一番,"営業時間
11：00-24：00（L.O24:00）
定休日
なし",東京都中野区中野5-65-11 筑紫ビル　B1F,https://tabelog.com/tokyo/A1319/A131902/13188053/
ラーメン,メンドコロ キナリ,"営業時間
【木～火】11:30～14:30(L.O.)18:00～21:00(L.O.20:30) 
日曜営業
定休日
水曜",東京都中野区東中野1-51-4 大総ビル 1F,https://tabelog.com/tokyo/A1319/A131901/13221001/
ラーメン,ラーメン博香,,東京都中野区若宮3-58-26 佐々木荘 1F,https://tabelog.com/tokyo/A1321/A132104/13284649/
ラーメン,ラーメン 文多,,東京都中野区弥生町3-7-10,https://tabelog.com/tokyo/A1319/A131903/13153103/
ラーメン,ラーメン居酒屋 麺屋 Cage,"営業時間
[月]17:00～翌2:00[火～土]24:00～翌7:00
定休日
日曜日",東京都中野区中野5-60-3,https://tabelog.com/tokyo/A1319/A131902/13247535/
ラーメン,一番館,,東京都中野区本町2-27-10,https://tabelog.com/tokyo/A1319/A131903/13062417/
ラーメン,春日亭,,東京都中野区中野5-60-2,https://tabelog.com/tokyo/A1319/A131902/13227842/
ラーメン,四季の香り 日和,"営業時間
[月]11:30～14:30[火]17:00～23:00[水～日]11:30～14:30 17:00～23:00
日曜営業",東京都中野区弥生町4-5-10 鈴木マンション 1F,https://tabelog.com/tokyo/A1319/A131903/13291701/
ラーメン,ねぎラーメン,,東京都中野区中野1-4-2,https://tabelog.com/tokyo/A1319/A131903/13280130/
ラーメン,さくら,,東京都中野区上高田3-38-6 YLビル B1F,https://tabelog.com/tokyo/A1321/A132104/13024378/
ラーメン,拉麺居酒屋 渦巻き鳥,"営業時間
21:00〜翌5:00
日曜営業
定休日
木曜日、第1水曜日",東京都中野区白鷺1-30-7 1F,https://tabelog.com/tokyo/A1321/A132104/13231737/
ラーメン,ど・みそ 八丁堀店,"営業時間
通常営業時間[月～金]11:00～22:30(22:30L.O）[土・日･祝]11:00～21:00(21:00L.Ｏ) 各材料がなくなり次第終了
日曜営業
定休日
無休",東京都中央区八丁堀3-9-6,https://tabelog.com/tokyo/A1302/A130203/13108681/
ラーメン,東京スタイルみそらーめん ど・みそ  京橋本店,"営業時間
【月〜金】10:30〜22:30【土.日.祝】10:30〜21:00
日曜営業
定休日
無休",東京都中央区京橋3-4-3 千成ビル　１Ｆ,https://tabelog.com/tokyo/A1301/A130101/13031470/
ラーメン,麺や 久,"営業時間
月〜金11:30〜15:00(14:30LO)18:00〜22:30(22:00LO)土曜11:30〜15:00(14:30LO)
定休日
日曜日　祝日",東京都中央区日本橋茅場町3-3-9,https://tabelog.com/tokyo/A1302/A130203/13228403/
ラーメン,ウミノイロ マグロ卸のマグロ丼とラーメンの店,"営業時間
[火〜土]昼の部11:00〜14:30[火～金]夜の部17:00～20:00
定休日
日・月",東京都中央区銀座4-13-3 渡辺ビル 1F,https://tabelog.com/tokyo/A1301/A130101/13246318/
ラーメン,東京油組総本店 銀座組,"営業時間
[月～土]11:00～翌4:00[日･祝]11:00～21:00※麺がなくなり次第終了
日曜営業
定休日
無休(ただし、年末年始は休業)",東京都中央区銀座6-12-16 片桐ビルⅡ　１F,https://tabelog.com/tokyo/A1301/A130101/13107693/
ラーメン,横浜家系ラーメン 明豊家 築地店,,東京都中央区築地2-12-15,https://tabelog.com/tokyo/A1313/A131301/13245863/
ラーメン,麺屋優光 銀座店,"営業時間
月〜土　11:00～15:00、17:00～翌4:00 日・祝　10:00～15:00ランチタイムL.O.　14:45ディナータイムL.O.　翌3:30
日曜営業
定休日
無休",東京都中央区銀座7-3-13 ニューギンザビル1号館,https://tabelog.com/tokyo/A1301/A130101/13267778/
ラーメン,ハッスルラーメン ホンマ 浜町店,"営業時間
[月～日]11:00～22:00ランチ11：00～18：00
日曜営業
定休日
無休",東京都中央区日本橋浜町3-3-1 トルナーレビル1F,https://tabelog.com/tokyo/A1302/A130204/13042212/
ラーメン,北海道らーめん みそ熊 築地店,"営業時間
10:30～翌4:00
日曜営業
定休日
無休",東京都中央区築地6-10-5,https://tabelog.com/tokyo/A1313/A131301/13215103/
ラーメン,ひるがお 人形町店,"営業時間
11:00～21:00
定休日
日曜日",東京都中央区日本橋人形町3-6-7 共同ビル 1F,https://tabelog.com/tokyo/A1302/A130204/13220477/
ラーメン,壱角家 築地店,"営業時間
[月～日]11:00〜翌3:00
日曜営業
定休日
無休",東京都中央区築地6-9-7 松岡築地第2ビル 1F,https://tabelog.com/tokyo/A1313/A131301/13174157/
ラーメン,めでたい屋,,東京都中央区新川1-21 石田ビル 1F,https://tabelog.com/tokyo/A1302/A130203/13164971/
ラーメン,麺処 にぼし香,"営業時間
11:00～15:00(L.O.14:30)
日曜営業
定休日
無休",東京都中央区蛎殻町2-2-2 山口ビル 1F,https://tabelog.com/tokyo/A1302/A130204/13290632/
ラーメン,えびそば 一幻 八重洲地下街店,"営業時間
11:00～22:00(L.O.21:00)
日曜営業
定休日
不定休",東京都中央区八重洲2-1 八重洲地下街 外堀地下2番通り,https://tabelog.com/tokyo/A1302/A130201/13208370/
ラーメン,らーめん 佐々舟,"営業時間
[月・水・金] 11:00～14:00 17:30～23:00[火・木]11:00～14:00
定休日
日曜",東京都中央区日本橋人形町2-22-6 佐々舟ビル １Ｆ,https://tabelog.com/tokyo/A1302/A130204/13035293/
ラーメン,銀座 八五,"営業時間
11:00～ 当日の並び順でのご案内※当日分のスープがなくなり次第受付を終了いたします。12:30～ ご予約者様のご案内
日曜営業
定休日
月曜日、火曜日（不定休）※定休日の最新情報は、twitterをご覧ください。",東京都中央区銀座3-14-2 第一はなぶさビル 1F,https://tabelog.com/tokyo/A1301/A130101/13228602/
ラーメン,中華ラーメン うえだ,,東京都中央区月島3-14-11 1F,https://tabelog.com/tokyo/A1313/A131302/13218226/
ラーメン,東京餃子楼 京橋店,"営業時間
［月～金］11:00～22:00(L.O.21:30)［土］11:00～21:45(L.O.21:00)［日・祝］11:00～20:45(L.O.20:00)
日曜営業
定休日
無休",東京都中央区京橋2-2-1 京橋エドグラン B1F,https://tabelog.com/tokyo/A1302/A130202/13203070/
ラーメン,ロースの虎,"営業時間
11:00～15:0017:30～21:00",東京都中央区日本橋人形町3-9-2,https://tabelog.com/tokyo/A1302/A130204/13290066/
ラーメン,拉麺 はま家,"営業時間
[月～土]11:30～14:30 17:00～20:30
定休日
日曜日",東京都中央区日本橋小伝馬町8-5,https://tabelog.com/tokyo/A1302/A130204/13286404/
ラーメン,松富,"営業時間
[月～金]11:00～15:00　17:00～4:00[土]11:00～15:00　18:00～22:00[日・祝]定休日
定休日
日曜祝日",東京都中央区銀座6-4-16 花椿ビル　１Ｆ,https://tabelog.com/tokyo/A1301/A130101/13000573/
ラーメン,桔梗 人形町店,,東京都中央区日本橋堀留町1-5-7,https://tabelog.com/tokyo/A1302/A130204/13166460/
ラーメン,鶴の恩がえし 銀座店,"営業時間
月〜土曜日　11:00〜22:00日曜日　11:00〜21:00
日曜営業
定休日
なし",東京都中央区湊3-1-3 村山ビル 1F,https://tabelog.com/tokyo/A1313/A131301/13262743/
ラーメン,博多ラーメン しばらく 日本橋店,"営業時間
[月～金]11:00～22:30[土・日・祝]11:00～19:30
日曜営業
定休日
無休",東京都中央区日本橋蛎殻町2-14-4,https://tabelog.com/tokyo/A1302/A130204/13008065/
ラーメン,一風堂 銀座店,"営業時間
11:00～22:00
日曜営業
定休日
無休",東京都中央区銀座4-10-3 セントラルビル 1F,https://tabelog.com/tokyo/A1301/A130101/13002381/
ラーメン,長浜屋台 やまちゃん 銀座店,"営業時間
11:00～翌4:00(L.O.翌3:30)[祝]11:00～23:00(L.O.22:30)
定休日
日曜日、年末年始",東京都中央区銀座3-11-10,https://tabelog.com/tokyo/A1301/A130101/13004982/
ラーメン,日本橋 朱鷺,"営業時間
[月～金]11:30～15:00(L.O.14:45)17:30～21:00(L.O.20:45)[土・日・祝]11:30～16:00(L.O.15:45)
日曜営業
定休日
無休",東京都中央区日本橋小伝馬町8-2,https://tabelog.com/tokyo/A1302/A130204/13283883/
ラーメン,Homemade Ramen 麦苗 COREDO室町店,"営業時間
11:00～21:00(L.O.20:30)",東京都中央区日本橋室町2-3-1 COREDO室町2 B1F,https://tabelog.com/tokyo/A1302/A130202/13283979/
ラーメン,らぁ麺 吉井,"営業時間
※平日【昼の部】11:30～15:00【夜の部】17:00〜22:00lastorder21:45※土曜日11:30〜22:00last order21:45※日曜日、祝日11:30〜21:00last order20:45
日曜営業
定休日
月曜定休(祝日の月曜は営業日。翌日火曜が店休となります)",東京都中央区勝どき1-7-1 勝どきサンスクェア 2F,https://tabelog.com/tokyo/A1313/A131302/13252206/
ラーメン,ABCらーめん,"営業時間
[月～金]11:00～翌0:30[土]11:30～22:40[日・祝]11:00～22:00
日曜営業
定休日
無休",東京都中央区銀座3-5-5 南風ビル　Ｂ１Ｆ,https://tabelog.com/tokyo/A1301/A130101/13014912/
ラーメン,日本橋 製麺庵 なな蓮,"営業時間
当店では手作りにこだわり、お客様にご満足いただける商品を心がけております。そのため一日にご提供できる量に限りがございます。商品の品質を維持するため営業時間の変更をさせていただきます。ご理解のほど宜しくお願い致します。月～金曜11:30～14:0018:00〜21:00中休みは致しません。土、日、祝日11:00～スープ終了まで※ご心配な方はお電話にて確認下さい。
日曜営業
定休日
不定休",東京都中央区日本橋室町1-8-7 東信室町ビル 1F,https://tabelog.com/tokyo/A1302/A130202/13162497/
ラーメン,しなそば家,"営業時間
平日: 11:30-15:00 / 18:00-22:00(L.O.21:30)土: 11:00-15:00 （お昼のみ営業）
定休日
日曜日",東京都中央区勝どき3-5-14,https://tabelog.com/tokyo/A1313/A131302/13065856/
ラーメン,日本橋 札幌や,,東京都中央区日本橋3-3-5 丸十ビルB1F,https://tabelog.com/tokyo/A1302/A130201/13041971/
ラーメン,香味徳  銀座店,"営業時間
11:00～23:00（L.O.22:20）
日曜営業
定休日
なし",東京都中央区銀座1-13-6 ヤマトビル　1F,https://tabelog.com/tokyo/A1301/A130101/13112492/
ラーメン,博多とんこつらーめん 一心堂,,東京都中央区新川1-9-9,https://tabelog.com/tokyo/A1302/A130203/13258115/
ラーメン,元祖札幌や,"営業時間
11:00～13:4017:30～22:00(L.O.21:00)
定休日
日曜日、祝日",東京都中央区日本橋2-2-3 リッシュビル 1F,https://tabelog.com/tokyo/A1302/A130202/13065864/
ラーメン,豚山 東京ラーメン横丁店,"営業時間
営業時間・休業営業時間・休業日は変更となる場合がございますので、HPにて最新情報をご確認ください
日曜営業
定休日
無休",東京都中央区八重洲2-1 八重洲地下街,https://tabelog.com/tokyo/A1302/A130201/13273195/
ラーメン,麺処　帯笑,"営業時間
[月～金]11:00～14:00 17:00～20:00スープ終了次第閉店
定休日
土曜・日曜・祝日",東京都中央区新富1-16-4 佐藤ビル1階,https://tabelog.com/tokyo/A1313/A131301/13093154/
ラーメン,昆布の塩らー麺専門店 MANNISH 東日本橋店,"営業時間
［月～土］11:00～22:00［日・祝］11:00～20:00
日曜営業
定休日
不定休",東京都中央区東日本橋3-8-5,https://tabelog.com/tokyo/A1302/A130204/13256365/
ラーメン,いと井 東京ラーメン横丁店,"営業時間
営業時間・休業営業時間・休業日は変更となる場合がございますので、HPにて最新情報をご確認ください
日曜営業
定休日
無休",東京都中央区八重洲2-1 地下街北1,https://tabelog.com/tokyo/A1302/A130201/13273620/
ラーメン,松田家 日本橋室町店,"営業時間
10:00～（L.O.翌1:00）
日曜営業
定休日
無休",東京都中央区日本橋室町1-6-14,https://tabelog.com/tokyo/A1302/A130202/13166188/
ラーメン,らーめん　八坪屋,"営業時間
[月～金]11:00～15:0017:30～21:30[土]11:00～14:30
定休日
日曜・祝日",東京都中央区日本橋本町2-3-6 協同ビル 1F,https://tabelog.com/tokyo/A1302/A130202/13092146/
ラーメン,鯛塩そば 灯花 コレド室町テラス店,"営業時間
11:00～23:00（L.O.22:30）
日曜営業
定休日
無休",東京都中央区日本橋室町3-2-1 コレド室町テラス B1F,https://tabelog.com/tokyo/A1302/A130202/13275507/
ラーメン,京都銀閣寺 ますたに 日本橋本店,"営業時間
[月～金]10:30～22:30[土・日・祝]10:30～22:00[第1日]10:30～15:00
日曜営業
定休日
無休",東京都中央区日本橋2-10-3 エグゼトゥール日本橋 1F,https://tabelog.com/tokyo/A1302/A130202/13253228/
ラーメン,日高屋 馬喰町西口店,"営業時間
[月～金]10:00～22:30[土・日]10:30～20:30
日曜営業
定休日
無休",東京都中央区日本橋馬喰町1-5-10 林ビル,https://tabelog.com/tokyo/A1302/A130204/13156315/
ラーメン,東龍軒 日本橋箱崎店,"営業時間
［月～金］11:00～21:30(L.O.21:15)［土］11:00～15:00
定休日
日曜日",東京都中央区日本橋箱崎町5-15,https://tabelog.com/tokyo/A1302/A130204/13169975/
ラーメン,太陽のトマト麺 晴海トリトン店,"営業時間
11:00～21:00(L.O.20:30)",東京都中央区晴海1-8-16 晴海トリトンスクエア1F,https://tabelog.com/tokyo/A1313/A131302/13288999/
ラーメン,双葉,"営業時間
17:00～20:00
定休日
土・日・祝日",東京都中央区日本橋人形町3-4-8,https://tabelog.com/tokyo/A1302/A130204/13100253/
ラーメン,竹岡式ラーメン まる竹,"営業時間
[火～日]11:00～15:00
日曜営業
定休日
月曜日",東京都中央区日本橋浜町2-35-4 日本橋浜町パークビル 1F,https://tabelog.com/tokyo/A1302/A130204/13269208/
ラーメン,九州じゃんがららあめん 銀座店,"営業時間
11:00～22:00(L.O.21:45)
日曜営業
定休日
無休",東京都中央区銀座6-12-17 銀座片桐ビル　１Ｆ,https://tabelog.com/tokyo/A1301/A130101/13000570/
ラーメン,つじ田  銀座店,"営業時間
11:00～22:00［土・日・祝］11:00～21:00
日曜営業",東京都中央区銀座3-8-12 銀座ヤマトビル 1F,https://tabelog.com/tokyo/A1301/A130101/13277614/
ラーメン,中華そば 三浦,,東京都中央区日本橋小網町13-8,https://tabelog.com/tokyo/A1302/A130204/13167259/
ラーメン,らーめん豊樹,,東京都中央区日本橋人形町3-3-13 CICビル 1F,https://tabelog.com/tokyo/A1302/A130204/13195601/
ラーメン,喜多方ラーメン 坂内 京橋店,"営業時間
[月～金]11:00～（L.O.22:00）[土]11:00～（L.O.20:00）
定休日
日曜日",東京都中央区京橋2-11-5 パインセントラルビル　１Ｆ,https://tabelog.com/tokyo/A1302/A130202/13014785/
ラーメン,銀座 月や,"営業時間
11:00～16:00（L.O.15:30）17:00～23:00（L.O.22:00）",東京都中央区銀座6-10-1 GINZA SIX 6F,https://tabelog.com/tokyo/A1301/A130101/13284308/
ラーメン,月島ロック,,東京都中央区佃2-16-7,https://tabelog.com/tokyo/A1313/A131302/13060374/
ラーメン,日高屋 水天宮前店,"営業時間
10:30～22:30(L.O.22:00)[土・日・祝]10:30～21:00
日曜営業
定休日
無休",東京都中央区日本橋蛎殻町2-5-7 シャンポール日本橋 1F,https://tabelog.com/tokyo/A1302/A130204/13059435/
ラーメン,日高屋 人形町店,"営業時間
[月～土]10:30～02:00[日・祝]11:00～23:00
日曜営業
定休日
無休",東京都中央区日本橋人形町3-7-9,https://tabelog.com/tokyo/A1302/A130204/13115282/
ラーメン,銀座らぁ麺 しら石,"営業時間
[月～金]11:30～翌6:00
定休日
土曜日、日曜日、祝日",東京都中央区銀座8-6-8 銀座片桐ビルⅣ 1F,https://tabelog.com/tokyo/A1301/A130103/13287878/
ラーメン,麺屋一,,東京都中央区日本橋箱崎町31-5,https://tabelog.com/tokyo/A1302/A130204/13142953/
ラーメン,由丸 茅場町店,"営業時間
[月～金]11:00～23:00[土]11:00～22:00
定休日
日曜・祝日",東京都中央区日本橋茅場町2-10-10,https://tabelog.com/tokyo/A1302/A130203/13023471/
ラーメン,火の豚 人形町駅前店,"営業時間
[月～土]11:00～21:00(L.O.20:45)[日]11:00～15:00(L.O.14:45)材料切れの早仕舞い有り
日曜営業
定休日
無休",東京都中央区人形町3-7-14,https://tabelog.com/tokyo/A1302/A130204/13218617/
ラーメン,一刀家 茅場町店,"営業時間
[月〜土]11:00〜24:00※スープ切れのため早期閉店の場合あり※詳細は店舗までお問い合わせください
定休日
日曜日・祝日（その他、不定休）",東京都中央区日本橋茅場町2-3-9,https://tabelog.com/tokyo/A1302/A130203/13163653/
ラーメン,麺や 紀茂登,"営業時間
11:30~
日曜営業
定休日
不定休",東京都中央区日本橋茅場町1-12-6 FF日本橋茅場町 1F,https://tabelog.com/tokyo/A1302/A130203/13287964/
ラーメン,POPUPラーメン,"営業時間
11:00～23:00(L.O.22:30)",東京都中央区八重洲2-2-1 東京ミッドタウン八重洲 2F,https://tabelog.com/tokyo/A1302/A130201/13282891/
ラーメン,博多流斗樹 八丁堀店,"営業時間
[月～土]11:00～15:00(ランチタイム）15:00～翌1:00(ディナータイム）[２階]17:00～L.O.23:00
日曜営業
定休日
無",東京都中央区新富1‐19‐2 仲ノ橋ビル１F,https://tabelog.com/tokyo/A1302/A130203/13108017/
ラーメン,室壱羅麺,"営業時間
[月～金]11:00～16:00／17:30～21:30[土]11:00～15:00[祝祭日]11:00〜16:00／17:30〜20:00
定休日
日曜日",東京都中央区日本橋室町1-12-12 水島ビル 1F,https://tabelog.com/tokyo/A1302/A130202/13091594/
ラーメン,舎鈴 勝どき店,"営業時間
10:30～22:30
日曜営業
定休日
無休",東京都中央区勝どき2-4-9 リアマンション晴海 104,https://tabelog.com/tokyo/A1313/A131302/13232947/
ラーメン,駄目な隣人,"営業時間
[月～日]11:00～23:00(L.O.22:30)
日曜営業",東京都中央区日本橋人形町3–7-13 日本橋センチュリープラザ 1F,https://tabelog.com/tokyo/A1302/A130204/13255889/
ラーメン,中華そば はし本,"営業時間
[月～金]11:00～14:30 17:00～21:30[土]11:00～17:00",東京都中央区日本橋人形町1-12-11,https://tabelog.com/tokyo/A1302/A130204/13279477/
ラーメン,麺や 七彩,"営業時間
[月～金]11:00～15:0017:00～22:00[土・日・祝]11:00～15:0017:00～21:00
日曜営業
定休日
第3火曜日",東京都中央区八丁堀2-13-2,https://tabelog.com/tokyo/A1302/A130203/13184399/
ラーメン,佐野ラーメン 進る家,"営業時間
[水・木・金・土]20:00～翌2:00",東京都中央区日本橋横山町8-5 1F,https://tabelog.com/tokyo/A1302/A130204/13288185/
ラーメン,銀座 篝 本店,"営業時間
11:00～（L.O.21:30）",東京都中央区銀座6-4-12 1F,https://tabelog.com/tokyo/A1301/A130101/13230021/
ラーメン,銀座 嚆矢,"営業時間
11:00～15:00 17:00～21:30(L.O.21:00)
定休日
水曜日、日曜日",東京都中央区銀座6-4-13 浅黄ビル 1F,https://tabelog.com/tokyo/A1301/A130101/13289262/
ラーメン,麺処 銀笹,"営業時間
[月～金]11:30～15:0017:30～22:00(スープがなくなり次第営業終了)[土]11:30～15:00
定休日
日曜日、祝日",東京都中央区銀座8-15-2 藤ビル 1F,https://tabelog.com/tokyo/A1301/A130103/13119563/
ラーメン,北海道らーめん みそ熊 茅場町店,"営業時間
10:30～翌4:00",東京都中央区日本橋茅場町1-12-1,https://tabelog.com/tokyo/A1302/A130203/13280460/
ラーメン,日高屋 東銀座店,"営業時間
［火～金］24時間営業［土］～22:00［日・祝］9:00～22:00［月］～9:00",東京都中央区銀座5-13-18 日之出ビル,https://tabelog.com/tokyo/A1301/A130101/13135989/
ラーメン,久留米らーめん 金丸,"営業時間
月～金11:00～4:00 土日祝11:00～24:00
日曜営業
定休日
無休",東京都中央区銀座1-13-9 栄楽ビル1F,https://tabelog.com/tokyo/A1301/A130101/13040505/
ラーメン,銀座鴨そば 九代目けいすけ 銀座店,"営業時間
11:00～22:00(L.O.21:30)
日曜営業
定休日
無休",東京都中央区銀座6-12-15 いちご銀座612ビル 1F,https://tabelog.com/tokyo/A1301/A130101/13171787/
ラーメン,つじ田 勝どき店,"営業時間
[月～金]11:00～23:00　[土・日・祝]11:00～21:00
日曜営業
定休日
不定休",東京都中央区勝どき2-9-2,https://tabelog.com/tokyo/A1313/A131302/13216989/
ラーメン,若葉,"営業時間
［月・火・木・金・土］6:30～13:30［水・日］7:30～12:00
日曜営業
定休日
無休",東京都中央区築地4-9-11,https://tabelog.com/tokyo/A1313/A131301/13014858/
ラーメン,銀八商店,"営業時間
11:00～4:00Lo 3:30
日曜営業
定休日
不定休",東京都中央区銀座8-3-4 1Ｆ,https://tabelog.com/tokyo/A1301/A130102/13161586/
ラーメン,清味食堂,"営業時間
[月～土]11:00～15:0017:00～23:00※まん延防止等重点措置期間中は21:00閉店
定休日
日曜日",東京都中央区日本橋箱崎町21-6,https://tabelog.com/tokyo/A1302/A130204/13264660/
ラーメン,麺屋一 八丁堀店,"営業時間
11:00～15:0017:00～22:30
定休日
日曜・祭日",東京都中央区八丁堀2-1-2 水澤ビル 1F,https://tabelog.com/tokyo/A1302/A130202/13163397/
ラーメン,がっとん 東京ラーメン横丁店,"営業時間
営業時間・休業営業時間・休業日は変更となる場合がございますので、HPにて最新情報をご確認ください
日曜営業
定休日
無休",東京都中央区八重洲2-1 地下街北1,https://tabelog.com/tokyo/A1302/A130201/13273618/
ラーメン,会津 喜多方ラーメン 新川店,"営業時間
11：00～14：0017：00～23：00
定休日
日・祝日",東京都中央区新川2-17-5,https://tabelog.com/tokyo/A1302/A130203/13113627/
ラーメン,めん処 さんば,,東京都中央区日本橋兜町11-11 ニッシンビル　1F,https://tabelog.com/tokyo/A1302/A130203/13008059/
ラーメン,旭川ラーメン番外地 八重洲北口店,,東京都中央区八重洲2-1 八重洲地下街 北１号,https://tabelog.com/tokyo/A1302/A130201/13000512/
ラーメン,銀座 朧月,"営業時間
【月〜木・日】11時15分～15時30分17時30分～21時00分【金・土】11時15分～15時30分17時30分～22時00分※但しスープがなくなり次第終了
日曜営業
定休日
無休",東京都中央区銀座6-3-5 第一高橋ビル 1F,https://tabelog.com/tokyo/A1301/A130101/13118141/
ラーメン,ヌードルアートギャラリーリョータテヅカ,,東京都中央区日本橋人形町2-17-9,https://tabelog.com/tokyo/A1302/A130204/13252560/
ラーメン,笠岡らーめん TAKETONBO,"営業時間
11:00～15:30(L.O.15:00)17:00～21:30(L.O.21:00)
日曜営業
定休日
無休",東京都中央区築地2-14-3 天羽ビル 1F,https://tabelog.com/tokyo/A1313/A131301/13261094/
ラーメン,わかい,"営業時間
[月・火・木・金]11:00～15:00 17:30～22:00[水]11:00～15:00[第1・第4土曜日]11:00～14:00
定休日
日曜日、祝日、第2・第3土曜日",東京都中央区日本橋堀留町1-7-16,https://tabelog.com/tokyo/A1302/A130204/13041018/
ラーメン,めだか堂,"営業時間
11:00～21:00(L.O.20:30)
日曜営業
定休日
無休",東京都中央区日本橋本石町4-5-15,https://tabelog.com/tokyo/A1302/A130202/13286449/
ラーメン,三豊麺 茅場町店,"営業時間
11:00～24:00
日曜営業
定休日
なし",東京都中央区日本橋茅場町3-5-4,https://tabelog.com/tokyo/A1302/A130203/13275675/
ラーメン,大島ラーメン 銀座店,"営業時間
[月～金]11:00～翌3:30［土］11:00～21:00[日・祝]休業日
定休日
日祝祭日",東京都中央区銀座8-10-16,https://tabelog.com/tokyo/A1301/A130103/13040765/
ラーメン,開々亭,"営業時間
[月～金] 11:30～14:00 18:30～21:00(L.O.)[土] 11:30～14:00
定休日
日曜・祝日",東京都中央区湊2-16-26,https://tabelog.com/tokyo/A1302/A130203/13156391/
ラーメン,齋藤鶏治郎,,東京都中央区京橋1-17-12 吉住ビル 1F,https://tabelog.com/tokyo/A1302/A130202/13265011/
ラーメン,ほしみ屋 日本橋浜町店,"営業時間
[月～金] 11:00～24:00（LO.24:00）[土・日] 11:00～22:00（LO.22:00）
日曜営業
定休日
無休",東京都中央区日本橋浜町2-24-8,https://tabelog.com/tokyo/A1302/A130204/13199023/
ラーメン,つじ田 日本橋八重洲店,"営業時間
[月～金］11:00～22:30［土・日・祝］11:00～21:00
日曜営業
定休日
不定休",東京都中央区八重洲1-4-6 八重洲境井ビル 1F,https://tabelog.com/tokyo/A1302/A130202/13158035/
ラーメン,猪子家,,東京都中央区豊海5-1 豊海センタービル 1F,https://tabelog.com/tokyo/A1313/A131302/13187928/
ラーメン,crab台風。,"営業時間
11:00～15:00 17:00～21:00
日曜営業
定休日
無休",東京都中央区日本橋蛎殻町1-9-5 大鷲ビル1F,https://tabelog.com/tokyo/A1302/A130204/13222565/
ラーメン,掃部介,,東京都中央区新富1-4-5,https://tabelog.com/tokyo/A1313/A131301/13246329/
ラーメン,三吉,"営業時間
11:30～13:3017:00～19:00
定休日
土曜日・日曜日・祝日",東京都中央区銀座8-7 銀座ナイン2号館 B1F,https://tabelog.com/tokyo/A1301/A130103/13031443/
ラーメン,らーめん紫龍 東銀座店,"営業時間
ランチ　11：00～15：00ディナー　15：00～23：45（L.O.23：15）土・日・祝　22：30（L.O.22：00）
日曜営業
定休日
無",東京都中央区銀座3-10-18,https://tabelog.com/tokyo/A1301/A130101/13136682/
ラーメン,麺酒場まがり 八丁堀店,,東京都中央区八丁堀2-28-9 田中ビル1F,https://tabelog.com/tokyo/A1302/A130203/13198850/
ラーメン,油そば専門店 ぶらぶら 京橋店,"営業時間
[月～金]11：00～翌0：00[土]11：00～22：00[日・祝　]11：00～21：00
日曜営業
定休日
年末年始",東京都中央区京橋3-3-12 山京ビル 1F,https://tabelog.com/tokyo/A1301/A130101/13169822/
ラーメン,鶏匠 はしぐち 日本橋高島屋,"営業時間
物販10:30～21:00イートイン11:00～15:3017:00～21:00(L.O.20:30)
日曜営業
定休日
日本橋高島屋の営業日に準じる",東京都中央区日本橋2-5-1 日本橋タカシマヤ 新館 B1F,https://tabelog.com/tokyo/A1302/A130202/13280093/
ラーメン,麺屋 東竜,"営業時間
11：00～20：00（L.O.19:30）
定休日
日曜日",東京都中央区新川2-19-11 初穂マンションひがし京橋　１Ｆ,https://tabelog.com/tokyo/A1302/A130203/13103494/
ラーメン,ぽっぽっ屋 晴海トリトンスクエア店,"営業時間
[月～金]11:00～23:00(L.O.22.00)[土・日・祝]11:00～22:00(L.O.21:00)
日曜営業
定休日
無休",東京都中央区晴海1-8-16 晴海トリトンスクエア 3F,https://tabelog.com/tokyo/A1313/A131302/13009021/
ラーメン,熊公,"営業時間
[月・火・木・金]11:00～14:30 17:00～19:00 [水]11:00～14:30
定休日
土曜日、日曜日、祝日",東京都中央区日本橋馬喰町2-5-11,https://tabelog.com/tokyo/A1311/A131103/13022350/
ラーメン,長岡食堂 東京ラーメン横丁店,"営業時間
営業時間・休業営業時間・休業日は変更となる場合がございますので、HPにて最新情報をご確認ください
日曜営業
定休日
無休",東京都中央区八重洲2-1 八重洲地下街 東京ラーメン横丁,https://tabelog.com/tokyo/A1302/A130201/13273087/
ラーメン,麺処 直久 晴海トリトン店,"営業時間
11：00～21：00（L.O 20:30）
日曜営業
定休日
※晴海トリトンの休館日に準ずる",東京都中央区晴海1-8-16 晴海トリトンスクエア,https://tabelog.com/tokyo/A1313/A131302/13282263/
ラーメン,銀座たんめん,"営業時間
月〜木曜11:30-15:00、17:00-20:00金曜11:30-15:00
定休日
土曜、日曜",東京都中央区銀座4-14-3 銀座斉藤ビル 1F,https://tabelog.com/tokyo/A1301/A130101/13230948/
ラーメン,三田製麺所 晴海トリトン店,"営業時間
11:00～21:00（L.O.20:30）",東京都中央区晴海1-8-16 晴海トリトンスクエア 1F,https://tabelog.com/tokyo/A1313/A131302/13268909/
ラーメン,町田商店 東京ラーメン横丁店,"営業時間
営業時間・休業営業時間・休業日は変更となる場合がございますので、HPにて最新情報をご確認ください
日曜営業
定休日
無休",東京都中央区八重洲2-1 地下街北1,https://tabelog.com/tokyo/A1302/A130201/13273617/
ラーメン,大洋軒 本店,,東京都中央区日本橋茅場町1-4-2,https://tabelog.com/tokyo/A1302/A130203/13047840/
ラーメン,らぁ麺 柊,,東京都中央区日本橋人形町3-3-10 日本橋TECビル,https://tabelog.com/tokyo/A1302/A130204/13287551/
ラーメン,東京スタイル鶏らーめん ど・みそ鶏,"営業時間
※土曜、日曜日は齋藤鶏治郎の営業となります。月曜日〜金曜日 11時～22時30分(祝日11時〜21時)土曜日・日曜日11時～15時土日は二毛作営業で二郎系のらーめん齋籐鶏治郎で営業(鶏白湯の提供はありません)各材料がなくなり次第終了
日曜営業
定休日
なし",東京都中央区京橋1‐17‐12 吉住ビル 1F,https://tabelog.com/tokyo/A1302/A130202/13216576/
ラーメン,むぎとオリーブ 銀座本店,"営業時間
[月・火・木・金・土・日]11:00～15:30(L.O.)17:30～21:30(L.O.)
日曜営業
定休日
水曜日",東京都中央区銀座6-12-12 銀座ステラビル 1F,https://tabelog.com/tokyo/A1301/A130101/13164932/
ラーメン,人形町らーめん いなせ,"営業時間
  [月～木・土・祝]        　　 11:00～翌2:30［金のみ］11:00~翌4:00  [日のみ] 11:00～23:00※ 土・日・月の三連休の場合　[土・日]11:00～翌2:30　[月]　　11:00～23:00
日曜営業
定休日
無休",東京都中央区日本橋人形町2-2-3 堀口ビル 1F,https://tabelog.com/tokyo/A1302/A130204/13040849/
ラーメン,京都銀閣寺 ますたにラーメン 室町店,"営業時間
［月～金］10:30～22:30［土・日・祝］10:30～22:00［第1日］10:30～15:00
日曜営業
定休日
不定休",東京都中央区日本橋室町4-3-14 日本橋北村ビル 1F,https://tabelog.com/tokyo/A1302/A130202/13252592/
ラーメン,つじ田 日本橋人形町店,,東京都中央区日本橋人形町3-8-2 人形町ミハマビル 1F,https://tabelog.com/tokyo/A1302/A130204/13287303/
ラーメン,旭川塩らーめん すがわら 人形町店,"営業時間
[月～金]11:00～22:00(L.O.21:45)[土・日・祝]11:00～20:00(L.O.19:45)
日曜営業",東京都中央区日本橋人形町3-3-2,https://tabelog.com/tokyo/A1302/A130204/13275845/
ラーメン,游亀亭,"営業時間
［月～金］11:00～21：30［土・日・祝］10：00～20：30
日曜営業
定休日
年中無休",東京都中央区八重洲2-1 八重洲地下街1番通り,https://tabelog.com/tokyo/A1302/A130201/13057425/
ラーメン,らーめん一郎,"営業時間
平日、        11:00～23:00(L.O22:30)     土日祭日　11:00～21:00(L.O22:30）但し、スープや食材が無くなり次第、営業終了。
日曜営業
定休日
不定休都合により早閉いあり。",東京都中央区銀座3-2-13 江戸常ビルＢ1Ｆ,https://tabelog.com/tokyo/A1301/A130101/13203526/
ラーメン,SHIBIRE-NOODLES 蝋燭屋 京橋エドグラン店,"営業時間
[月〜金]11:00〜22:00(L.O.21:30)［土］11:00～21:00(L.O.20:30)
定休日
日曜日",東京都中央区京橋2-2-1 京橋エドグラン B1F,https://tabelog.com/tokyo/A1302/A130202/13259845/
ラーメン,麺屋 音 人形町店,,東京都中央区日本橋人形町2-6-12,https://tabelog.com/tokyo/A1302/A130204/13286352/
ラーメン,つけ麺隅田,"営業時間
[月～金]11：00～21：00[土曜日・祝日]11：00～15：00
定休日
日曜",東京都中央区新川1-31-4 Amiwa ビル　１Ｆ,https://tabelog.com/tokyo/A1302/A130203/13051017/
ラーメン,福しん 水天宮前T-CAT店,"営業時間
11:00～21:00
日曜営業
定休日
無休",東京都中央区日本橋箱崎町42-1 T-CAT 本館 2F,https://tabelog.com/tokyo/A1302/A130204/13245644/
ラーメン,鰯中華そば ささ木,,東京都中央区月島2-10-2 ムーンアイランドタワー B1F,https://tabelog.com/tokyo/A1313/A131302/13270870/
ラーメン,自家製麺 伊藤 銀座店,"営業時間
[月〜金]11:00～23:00[土・日・祝]11:00〜20:00※ただしどの日も材料売切れで閉店日曜営業
日曜営業
定休日
年末年始",東京都中央区銀座6-12-2 東京銀座ビルディング B1F,https://tabelog.com/tokyo/A1301/A130101/13164387/
ラーメン,共楽,"営業時間
[月～金]11:00～18:00[土]11:00～16:00
定休日
水曜日、日曜日、祝日",東京都中央区銀座2-10-12,https://tabelog.com/tokyo/A1301/A130101/13002327/
ラーメン,日本橋室町 焼豚 福の屋,"営業時間
11:00～23:00（lo.22:30）",東京都中央区日本橋室町2-2-1 コレド室町1 1F,https://tabelog.com/tokyo/A1302/A130202/13286442/
ラーメン,船見坂,"営業時間
[月～金]11:00～翌4:00（L.O 翌3:30）[土・日・祝]11:00～22:00
日曜営業
定休日
無休",東京都中央区銀座2-12-11,https://tabelog.com/tokyo/A1301/A130101/13004985/
ラーメン,ラーメン 神田店,"営業時間
［月～金］11:00～14:30 17:00～20:00［土］11:00～14:00
定休日
日曜日、祝日",東京都中央区日本橋本石町4-4-17,https://tabelog.com/tokyo/A1310/A131002/13011452/
ラーメン,ふぐだし潮 八代目けいすけ 東急プラザ店,"営業時間
［月～木・日］11:00～22:00(L.O.21:30)［金・土］11:00～22:30(L.O.22:00)
日曜営業
定休日
不定休(東急プラザ銀座に準ずる)",東京都中央区銀座5-2-1 東急プラザ銀座 B2F,https://tabelog.com/tokyo/A1301/A130101/13193770/
ラーメン,風雲児 東京ラーメン横丁店,"営業時間
営業時間・休業営業時間・休業日は変更となる場合がございますので、HPにて最新情報をご確認ください
日曜営業
定休日
無休",東京都中央区八重洲2-1 八重洲地下街 東京ラーメン横丁,https://tabelog.com/tokyo/A1302/A130201/13273045/
ラーメン,昭和,,東京都中央区日本橋茅場町3-8-12 茅場町鈴藤ビル 1F,https://tabelog.com/tokyo/A1302/A130203/13045473/
ラーメン,銀座梵天,"営業時間
11：30～24：00
日曜営業
定休日
無休",東京都中央区銀座1-9-12,https://tabelog.com/tokyo/A1301/A130101/13126793/
ラーメン,焼きあご塩らー麺たかはし 銀座店,"営業時間
11:00〜翌4:30（L.O.4:20）
日曜営業
定休日
年中無休",東京都中央区銀座5-10-10 オリジナル第一ビル1Ｆ,https://tabelog.com/tokyo/A1301/A130101/13212146/
ラーメン,らーめん 七彩飯店,"営業時間
11:00～22:00
日曜営業
定休日
無休",東京都中央区八重洲2-1 八重洲地下街 八重洲地下2番通り,https://tabelog.com/tokyo/A1302/A130201/13262726/
ラーメン,麺 やまらぁ,"営業時間
［月～金］昼11:00～15:00夜17:00～22:00［土］[日]  [祝日]11:00～15:00※食事30分前L.O.※スープ完売による閉店有り。臨時休業、時短営業のお知らせはTwitter、Instagramで行っておりますので、ご確認下さい。
日曜営業
定休日
１２月の休みは３日（日）、４日（月）です。夜営業休み、臨時休業に関してはInstagram、X（旧Twitter）にてご確認お願い致します。",東京都中央区日本橋人形町2-29-3,https://tabelog.com/tokyo/A1302/A130204/13104793/
ラーメン,中華そば たた味,"営業時間
[月～土・祝]11:30～15:0018:00～21:00※ 頻繁に営業日時の変更があるため必ずSNSを確認
定休日
日曜日、不定休",東京都中央区日本橋小伝馬町15-20,https://tabelog.com/tokyo/A1302/A130204/13257325/
ラーメン,壱角家 勝どき店,"営業時間
[月～日]10:30～3:00
日曜営業
定休日
無休",東京都中央区勝どき2-10-14 勝どき中央ロードス,https://tabelog.com/tokyo/A1313/A131302/13173357/
ラーメン,由丸 人形町店,"営業時間
［月～金］11:00～23:00［土］11:00～22:00
定休日
日曜日、祝日",東京都中央区日本橋人形町1-4-10 人形町センタービル 1F,https://tabelog.com/tokyo/A1302/A130204/13059644/
ラーメン,日高屋 八丁堀新大橋通店,"営業時間
［平日］10:30～23:00（L.O.22:30）［土日祝］11:00:21:00
日曜営業
定休日
年中無休",東京都中央区八丁堀3-21-3,https://tabelog.com/tokyo/A1302/A130202/13157795/
ラーメン,三豊麺 真 人形町店,"営業時間
[平日（月～金）]昼11:00～夜12:00[土日祝] 昼11:00～夜11:30
日曜営業
定休日
無休",東京都中央区日本橋人形町1-15-6 五番街ビル 1F,https://tabelog.com/tokyo/A1302/A130204/13160800/
ラーメン,銀座 元楽,"営業時間
[月〜金]11:00〜23:00[土・日・祝]11:00～19:00
日曜営業
定休日
お盆期間、年末年始",東京都中央区銀座4-10-12 円山ビル　１Ｆ,https://tabelog.com/tokyo/A1301/A130101/13007627/
ラーメン,神田らぁめん悠,"営業時間
[月～金]9:30～19:00[土・祝]11:00～15:00
定休日
日曜日",東京都中央区日本橋室町1-13-5,https://tabelog.com/tokyo/A1302/A130202/13266277/
ラーメン,風鈴屋,"営業時間
11:45〜13:0019:00～翌1:00
定休日
土曜・日曜・祝日",東京都中央区銀座8-5 銀座ナイン1号館 1F,https://tabelog.com/tokyo/A1301/A130103/13038280/
ラーメン,醤油豚骨ラーメン きんいろ,"営業時間
[月ー金]11:00～15:30　　　　17:00～19:45[土日祝]11:00～15:30※土日祝不定休。店舗までご確認ください。※スープの状況により早閉めあり。
日曜営業
定休日
不定休",東京都中央区東日本橋1-1-20 斎藤ビル 1F,https://tabelog.com/tokyo/A1302/A130204/13254121/
ラーメン,REGISTA 日本橋支店,"営業時間
11:00～15:00 17:00～21:00
日曜営業
定休日
土曜日",東京都中央区日本橋小伝馬町4-11 サンコービル 1F,https://tabelog.com/tokyo/A1302/A130204/13288926/
ラーメン,銀座 創龍,"営業時間
［火～土］11:00～翌3:00［月・日］11:00～23:00",東京都中央区銀座6-4-18 マキシドピアビル 1F,https://tabelog.com/tokyo/A1301/A130101/13227823/
ラーメン,東京ラーメン 鶴亀,"定休日
土日祝日",東京都中央区京橋1-17-3,https://tabelog.com/tokyo/A1302/A130202/13275920/
ラーメン,四季牛肉麵,"営業時間
［月～金］11:00～15:0017:30～20:30［土・祝］11:00～17:00
定休日
日曜日",東京都中央区箱崎町27-5 1F,https://tabelog.com/tokyo/A1302/A130204/13291048/
ラーメン,まがりのまがり,,東京都中央区八丁堀2-28-9 田中ビル 1F,https://tabelog.com/tokyo/A1302/A130203/13249379/
ラーメン,一風堂 銀座インズ店,"営業時間
11:00～23:00（L.O. 22:30）
日曜営業",東京都中央区銀座西2-2 銀座インズ2 2F,https://tabelog.com/tokyo/A1301/A130101/13290677/
ラーメン,味道,,東京都中央区日本橋人形町2-25-2 2F,https://tabelog.com/tokyo/A1302/A130204/13282190/
ラーメン,HIMIT,"営業時間
［月～水］11:30～14:30 17:00～22:00［木］11:30～14:30
定休日
金曜日、土曜日、日曜日",東京都中央区日本橋本町4-11-10 日本橋さくらビル 1F,https://tabelog.com/tokyo/A1302/A130204/13291039/
ラーメン,茅場町ラーメン,,東京都中央区日本橋茅場町3-10-2 SKKビル 1F,https://tabelog.com/tokyo/A1302/A130203/13289495/
ラーメン,築地ラーメン 築地ヒルズ店,,東京都中央区築地2-8-2 築地ヒルズ 1F,https://tabelog.com/tokyo/A1313/A131301/13244600/
ラーメン,次郎長,,東京都中央区日本橋富沢町13-11,https://tabelog.com/tokyo/A1302/A130204/13169240/
ラーメン,ラーメンBAR やきそばー HIT,"営業時間
(月)～(土)ランチ営業   11:00~14:00(月)～(木)夜の部営業   19:00~23:00(金)、(土)夜の部営業    19:00~24:30（ラストオーダー30分前）
定休日
日曜",東京都豊島区巣鴨1-17-3,https://tabelog.com/tokyo/A1323/A132301/13012396/
ラーメン,東京豚骨拉麺 ばんから 池袋東口店,"営業時間
10:30〜翌5:00
日曜営業
定休日
無休",東京都豊島区東池袋1-13-4 第一坂田ビルディング 1F,https://tabelog.com/tokyo/A1305/A130501/13019216/
ラーメン,麺屋 Hulu-lu,"営業時間
[水～土・月]11:30～15:0018:00〜21:00[日・祝]11:30～15:30毎週金曜日は「つけ麺」のみ。
日曜営業
定休日
火曜日、第2・第4月曜日",東京都豊島区池袋2-60-7,https://tabelog.com/tokyo/A1305/A130501/13136428/
ラーメン,環七土佐っ子ラーメン,"営業時間
[月～土]11:45～06:00[日・祝]11:45～05:00
日曜営業
定休日
無休",東京都豊島区西池袋1-39-4 佐久間ビル　１Ｆ,https://tabelog.com/tokyo/A1305/A130501/13016969/
ラーメン,博多風龍 池袋東口店,"営業時間
［月～土］11:00～翌2:00［日］11:00～20:00
日曜営業
定休日
無休",東京都豊島区東池袋1-8-6 浅野ビル 1F,https://tabelog.com/tokyo/A1305/A130501/13155302/
ラーメン,宍道湖しじみ中華蕎麦 琥珀 池袋店,"営業時間
11:00〜15:0018:00〜22:00（最終入店 21:30）
日曜営業
定休日
無休（臨休はTwitterにて告知 @ikebukurokohaku）",東京都豊島区池袋2-48-7 アパホテル 池袋駅北口 1F,https://tabelog.com/tokyo/A1305/A130501/13283190/
ラーメン,中華そば 青葉 池袋サンシャイン店,"営業時間
10:30～22:00(L.O.21:30)
日曜営業
定休日
サンシャインシティ休館日に準ずる(年2日)",東京都豊島区東池袋3-1 サンシャインシティアルパ　Ｂ１Ｆ,https://tabelog.com/tokyo/A1305/A130501/13018266/
ラーメン,北大塚ラーメン,"営業時間
[月～土]11:00～14:00 17:00～22:00
定休日
日曜日、祝日",東京都豊島区北大塚1-14-1,https://tabelog.com/tokyo/A1323/A132302/13113229/
ラーメン,麺吉,"営業時間
【月～土】11:30～22:30【日】定休日
定休日
日曜日",東京都豊島区北大塚2-19-10 シャローム永田 1F,https://tabelog.com/tokyo/A1323/A132302/13156336/
ラーメン,RAMEN and TSUKEMEN Number.6,"営業時間
11:00～23:00（通し営業）※スープ切れ早仕舞い有り
日曜営業
定休日
年末年始",東京都豊島区巣鴨2-1-2 ブラウンタワー 1F,https://tabelog.com/tokyo/A1323/A132301/13271114/
ラーメン,らあ麺 燕返し,"営業時間
11:00～22:00  
日曜営業
定休日
無休",東京都豊島区東池袋2-56-1,https://tabelog.com/tokyo/A1323/A132302/13059330/
ラーメン,金竜本店,"営業時間
11:30～14:30 17:30～22:00
定休日
日・祝日",東京都豊島区南大塚3-42-7 富士ビル 1F,https://tabelog.com/tokyo/A1323/A132302/13042667/
ラーメン,壱角堂 池袋西口店,"営業時間
24時間営業
日曜営業
定休日
無休",東京都豊島区西池袋1-20-4 第7ミヤケビル,https://tabelog.com/tokyo/A1305/A130501/13094552/
ラーメン,麺たつ,,東京都豊島区西巣鴨1-4-4,https://tabelog.com/tokyo/A1323/A132302/13040552/
ラーメン,ラーメン 桃源,"営業時間
[月～土]11:00～21:00
定休日
日曜",東京都豊島区南池袋1-7-1 アークステージ目白 1F,https://tabelog.com/tokyo/A1305/A130501/13094875/
ラーメン,横浜家系ラーメン 中野家 東長崎店,"営業時間
11:30～15:0017:00～23:00
日曜営業
定休日
なし",東京都豊島区南長崎5-25-14,https://tabelog.com/tokyo/A1321/A132101/13245327/
ラーメン,麺屋 清,"営業時間
［火〜日］11:30~14:30(L.O) 18:00〜23:00(L.O)  ［月曜］  定休日
日曜営業
定休日
月曜日",東京都豊島区南長崎5-16-5,https://tabelog.com/tokyo/A1321/A132101/13209962/
ラーメン,屯ちん 池袋本店,"営業時間
9：00～23：００	 
日曜営業
定休日
年中無休",東京都豊島区南池袋2-26-2,https://tabelog.com/tokyo/A1305/A130501/13003977/
ラーメン,元祖めんたい煮こみつけ麺,"営業時間
11:00-23:00（ラストオーダー22:30）※売切れ次第閉店※営業時間が変更になる場合がございますので、最新の情報は公式HPをご確認ください
日曜営業
定休日
年中無休",東京都豊島区南池袋1-21-5 第7野萩ビル 2F,https://tabelog.com/tokyo/A1305/A130501/13163083/
ラーメン,中華そば 半ざわ,"営業時間
9:00～17:00
日曜営業
定休日
木曜日",東京都豊島区西巣鴨4-13-6 西巣鴨ビル 1F,https://tabelog.com/tokyo/A1322/A132201/13246222/
ラーメン,桃の木,,東京都豊島区池袋4-36-2,https://tabelog.com/tokyo/A1322/A132201/13189252/
ラーメン,池袋商店 2号店,"営業時間
営業時間・休業日は変更となる場合がございますので、HPにて最新情報をご確認ください
日曜営業
定休日
年中無休",東京都豊島区東池袋1-7-10,https://tabelog.com/tokyo/A1305/A130501/13169118/
ラーメン,壱角家 池袋東口店,"営業時間
全日10:30～03:00
日曜営業
定休日
無休",東京都豊島区東池袋1-13-12 大石ビル 1F・2F,https://tabelog.com/tokyo/A1305/A130501/13172089/
ラーメン,進化論,"営業時間
11:00～20:00",東京都豊島区南大塚3-46-5 中島ビル 1F,https://tabelog.com/tokyo/A1323/A132302/13252713/
ラーメン,辛旨ラーメン ふじ本,"営業時間
[日～水]11:00～15:00 / 17:00～翌22:30(L.O)※以下は「竹岡式ラーメン世良」として営業しています。[木～土]11:00～15:00 / 17:00～翌22:30(L.O)※緊急事態宣言下など行政の要請などによって適宜変更になる場合がございます。
定休日
不定休",東京都豊島区駒込2-17-6,https://tabelog.com/tokyo/A1323/A132301/13253661/
ラーメン,広島つけめん まるとちび,,東京都豊島区西池袋3-26-6,https://tabelog.com/tokyo/A1305/A130501/13238343/
ラーメン,ラーメン二郎 池袋東口店,"営業時間
[火～日]10:30～16:30
日曜営業
定休日
月曜日(月曜日が祝日の場合は翌火曜日休み)",東京都豊島区南池袋2-27-17 １Ｆ,https://tabelog.com/tokyo/A1305/A130501/13003881/
ラーメン,梯子,"営業時間
19:00～24:00
日曜営業
定休日
火曜日",東京都豊島区長崎1-18-21,https://tabelog.com/tokyo/A1321/A132101/13003861/
ラーメン,麺屋ととのう。,"営業時間
11:00～15:00（L.O.14:30） 　　　　　　17:00～翌1:00（L.O.24:30） 　　
定休日
日曜日",東京都豊島区池袋3-3-2 要町SFB 1F,https://tabelog.com/tokyo/A1322/A132202/13277530/
ラーメン,元祖中洲屋台ラーメン 一竜 池袋東口店,"営業時間
24時間営業ガッツリ食べたい時にも飲み会の〆にも最適です！いつでもお越し下さい！
日曜営業
定休日
なし",東京都豊島区南池袋1-22-5 ニューナカノビル 1F・B1F,https://tabelog.com/tokyo/A1305/A130501/13200156/
ラーメン,俺の出番,"営業時間
11:30～21:00※仕込み等の関係で15:00-17:00の間にて、店を閉める場合が御座います。お気軽にお電話ください。
定休日
日休",東京都豊島区東池袋3-23-10 フジビル　１Ｆ,https://tabelog.com/tokyo/A1305/A130501/13003952/
ラーメン,池袋商店,"営業時間
営業時間・休業日は変更となる場合がございますので、HPにて最新情報をご確認ください
日曜営業
定休日
無休",東京都豊島区池袋2-13-3 佐藤ビル １Ｆ,https://tabelog.com/tokyo/A1305/A130501/13160149/
ラーメン,大阪スタ味噌ラーメンわだ 西池袋店,"営業時間
10:00～22:30(L.O..22:00)",東京都豊島区西池袋5-1-3 メトロシティ西池袋 1F,https://tabelog.com/tokyo/A1305/A130501/13283395/
ラーメン,大塚 大勝軒,,東京都豊島区北大塚1-14-6 第３０東京ビル １Ｆ,https://tabelog.com/tokyo/A1323/A132302/13128727/
ラーメン,東池 おはこ 大勝軒,"営業時間
［月木金土日祝］11：00～17：00（スープ無くなり次第終了） 
日曜営業
定休日
火曜日、水曜日",東京都豊島区南大塚1-31-21 三木ビル 1F,https://tabelog.com/tokyo/A1323/A132302/13076156/
ラーメン,麺や いま村,"営業時間
11：00～22：30（Ｌ．Ｏ）従業員不足が解消され次第もう少し延長予定と…※緊急事態宣言等、政府の指導により変わる可能性がございます。予めご了承ください。
日曜営業
定休日
不定休",東京都豊島区巣鴨1-13-3 福沢ビル 1F,https://tabelog.com/tokyo/A1323/A132301/13202793/
ラーメン,つけ麺屋 やすべえ 池袋店,"営業時間
11:00～翌3:00(LO.翌3:00)日曜　のみ　11:00～0:00(LO.0:00)麺、スープ無くなり次第閉店
日曜営業
定休日
無休（年末年始を除く）",東京都豊島区東池袋1-12-14,https://tabelog.com/tokyo/A1305/A130501/13009851/
ラーメン,武蔵家 池袋店,"営業時間
11:00～翌2:00(L.O.翌1:50)
日曜営業
定休日
年中無休",東京都豊島区西池袋3-23-8 平井ビル 1F,https://tabelog.com/tokyo/A1305/A130501/13146788/
ラーメン,麺屋 KEMURI,"営業時間
火～日ランチ 11:30～15:00 (L.O.)ディナー 17:00～22:30 (L.O.)
日曜営業
定休日
月曜日 第一、第三火曜日",東京都豊島区西池袋5-22-2 堀口ビル 1F,https://tabelog.com/tokyo/A1322/A132202/13200951/
ラーメン,ラーメンいつき,"営業時間
ランチ 11:30～15:00ディナー 18:00～22:00
日曜営業
定休日
水曜日",東京都豊島区池袋3-15-12,https://tabelog.com/tokyo/A1322/A132202/13191789/
ラーメン,ワシワシ東京,"定休日
日曜～水曜",東京都豊島区駒込2-9-11,https://tabelog.com/tokyo/A1323/A132301/13287834/
ラーメン,舎鈴 池袋南口店,"営業時間
11:00～22:30(L.O.22:30)
日曜営業
定休日
無休",東京都豊島区西池袋1-2-4 ユニコ西池袋 1F,https://tabelog.com/tokyo/A1305/A130501/13185865/
ラーメン,日高屋 池袋西口店,"営業時間

日曜営業
定休日
なし",東京都豊島区西池袋1-13-5 シーガルハウスビル1F,https://tabelog.com/tokyo/A1305/A130501/13114848/
ラーメン,日高屋 池袋北口駅前店,"営業時間
24時間営業",東京都豊島区西池袋1-28-1 第2西池ビル1F,https://tabelog.com/tokyo/A1305/A130501/13132910/
ラーメン,豚山 大塚店,"営業時間
営業時間・休業営業時間・休業日は変更となる場合がございますので、HPにて最新情報をご確認ください
日曜営業
定休日
年中無休(12/31,元日)を除く",東京都豊島区北大塚2-11-14,https://tabelog.com/tokyo/A1323/A132302/13228664/
ラーメン,龍の神 東池袋店,"営業時間
11：00～23：00
定休日
日曜日",東京都豊島区東池袋3-7-5 藤吉ビル 1F,https://tabelog.com/tokyo/A1305/A130501/13198608/
ラーメン,福しん 要町店,"営業時間
10:30～翌03：00　※土曜・日曜・祝日は10：00より営業
日曜営業
定休日
年末年始 他、臨時休業有り",東京都豊島区要町1-4-13,https://tabelog.com/tokyo/A1322/A132202/13113538/
ラーメン,ラーメン 伊勢路,"営業時間
11:30～14:30(L.O.14:00)16:00～24:00(L.O.23:30)",東京都豊島区西池袋3-26-1,https://tabelog.com/tokyo/A1305/A130501/13272555/
ラーメン,秋刀魚中華そば生粋 池袋本店,"営業時間
[平日]11:30～15:0017:30～22:00[日、祝]11:30〜15:0017:00〜21:007月31日（月曜）〜8月1日（火曜）社内研修の為お休み致します。
日曜営業
定休日
火曜日（火曜日が祝日の場合は営業致します）",東京都豊島区池袋2-12-1 大晃第二ビル １Ｆ,https://tabelog.com/tokyo/A1305/A130501/13005588/
ラーメン,つけ麺屋 やすべえ 西池袋店,"営業時間
月～土11:00～翌4:00日11:00～24:00
日曜営業
定休日
なし",東京都豊島区西池袋1-38-3,https://tabelog.com/tokyo/A1305/A130501/13196726/
ラーメン,浮浪雲,"営業時間
[月～土]11:00～21:00
定休日
日曜日",東京都豊島区南池袋3-8-3 池袋クラウンハイツ1F,https://tabelog.com/tokyo/A1305/A130501/13129017/
ラーメン,竹岡式ラーメン 世良,"営業時間
11:00～15:00 / 17:00～21:00※不定休です。※緊急事態宣言下など行政の要請に応じて適宜営業時間が変わる場合がございます。
定休日
不定休",東京都豊島区駒込2-17-6,https://tabelog.com/tokyo/A1323/A132301/13254287/
ラーメン,俺流塩らーめん 池袋東口店,"営業時間
[月～日]11:00～22:55(L.O.)
日曜営業
定休日
無休",東京都豊島区東池袋1-40-9 第89東京ビル 1F,https://tabelog.com/tokyo/A1305/A130501/13258797/
ラーメン,中華そば 喜富,"営業時間
11:00～22:00",東京都豊島区北大塚2-14-8 林ビル 1F,https://tabelog.com/tokyo/A1323/A132302/13285496/
ラーメン,広州市場 大塚店,"営業時間
[月〜土]11:00～翌4:00[日・祝]11:00～翌2:00
日曜営業
定休日
無休",東京都豊島区南大塚3-52-10 今井第五ビル 1F,https://tabelog.com/tokyo/A1323/A132302/13008978/
ラーメン,豚山 池袋西口店,"営業時間
営業時間・休業営業時間・休業日は変更となる場合がございますので、HPにて最新情報をご確認ください
日曜営業
定休日
無休",東京都豊島区西池袋5-1-10,https://tabelog.com/tokyo/A1305/A130501/13267996/
ラーメン,鯛塩そば 灯花 池袋東武店,"営業時間
11:00～22:00(ラストオーダー2１：３０)
日曜営業
定休日
無休",東京都豊島区西池袋1-1-25 東武百貨店池袋店 スパイス 13F,https://tabelog.com/tokyo/A1305/A130501/13262159/
ラーメン,横濱家系ラーメン 野中家,,東京都豊島区南大塚2-36-1,https://tabelog.com/tokyo/A1323/A132302/13289905/
ラーメン,まるえ中華そば 巣鴨,"営業時間
[月～土］11:30～16:00(L.O.15:50)　17:00～20:00(L.O.19:50)[日・祝]11:30～19:00
日曜営業
定休日
水曜日",東京都豊島区巣鴨1-14-1 プラトーサカ 1F,https://tabelog.com/tokyo/A1323/A132301/13248342/
ラーメン,らぁ麺 はやし田 池袋店,"営業時間
11:00～23:00
日曜営業
定休日
無休",東京都豊島区東池袋1-40-10 川又ビル1F,https://tabelog.com/tokyo/A1305/A130501/13226563/
ラーメン,ひろちゃんラーメン!,"営業時間
日～木11:00-23:00(L.o 22:30)金、土11:00-翌5:00(L.o 4:30)
日曜営業
定休日
無休",東京都豊島区西池袋1-39-1 宮田ビル 1F,https://tabelog.com/tokyo/A1305/A130501/13252038/
ラーメン,麺処 花田 池袋店,"営業時間
【月～土 日・祝】11:00〜22:30
日曜営業
定休日
年末年始",東京都豊島区東池袋1-23-8 東池袋ISKビル 1F,https://tabelog.com/tokyo/A1305/A130501/13109890/
ラーメン,節骨麺たいぞう 池袋総本店,"営業時間
11:00～22:30(LO22:15)
日曜営業
定休日
年中無休",東京都豊島区西池袋1-24-8 江戸半ビル　１Ｆ,https://tabelog.com/tokyo/A1305/A130501/13016954/
ラーメン,麺創庵 砂田,"営業時間
・平日（水曜日は朝昼のみ）　朝昼の部　9時〜14時（LO13時半）　夜の部　18時〜20時半（LO20時）・土日祝　朝昼の部　9時〜15時半（LO15時）
日曜営業
定休日
木曜日※ほか不定休はTwitterにて告知",東京都豊島区巣鴨4-24-6 富士ビル,https://tabelog.com/tokyo/A1322/A132201/13246362/
ラーメン,日高屋 巣鴨北口駅前店,,東京都豊島区巣鴨2-5-2 2F,https://tabelog.com/tokyo/A1323/A132301/13214061/
ラーメン,アナタゼッタイセアブラタリテナイ,"営業時間
[水・木]11:30～15:0017:00～20:00
定休日
月曜日、火曜日、金曜日、土曜日、日曜日、他不定休あり",東京都豊島区巣鴨1-14-1 プラトーサカ 1F,https://tabelog.com/tokyo/A1323/A132301/13274286/
ラーメン,巣鴨ラーメン,"営業時間
24時間営業
日曜営業
定休日
無休",東京都豊島区巣鴨2-16-5 小野ビル 1F,https://tabelog.com/tokyo/A1323/A132301/13275884/
ラーメン,麺や あかつき,,東京都豊島区駒込1-16-10 Ｒｏｕｘ　Ｂｉｌ １Ｆ,https://tabelog.com/tokyo/A1323/A132301/13101082/
ラーメン,らぁめん 福や,"営業時間
11:30～14:0018:00～21:00
定休日
日曜日、祝日",東京都豊島区南池袋1-8-4,https://tabelog.com/tokyo/A1305/A130501/13065879/
ラーメン,巣鴨家,"営業時間
[月～日]11:00～翌2:00(L.O.翌1:30)
日曜営業
定休日
無休",東京都豊島区巣鴨1-17-8 NZ1178ビル 1F,https://tabelog.com/tokyo/A1323/A132301/13175005/
ラーメン,太陽のトマト麺 大塚北口店,"営業時間
11：00～25：00（平日）   11：00～24：00（日祝）
日曜営業
定休日
無休",東京都豊島区北大塚2-8-8 北大塚ビル 1Ｆ,https://tabelog.com/tokyo/A1323/A132302/13041134/
ラーメン,天下一品 池袋西口店,"営業時間
11:00～翌3:00 (L.O.翌2:45)[日]11:00～22:30 (L.O.22:00)
日曜営業",東京都豊島区西池袋1-34-4 共栄ビル　１Ｆ・２Ｆ・３Ｆ,https://tabelog.com/tokyo/A1305/A130501/13015757/
ラーメン,極 蘭州拉麺,"営業時間
[月〜土]11:00～26:00[日・祝]17:00〜26:00
日曜営業
定休日
なし",東京都豊島区池袋2-65-17 恩田ビル 1F,https://tabelog.com/tokyo/A1305/A130501/13093156/
ラーメン,屯ちん 池袋西口店,"営業時間
24時間営業	 
日曜営業
定休日
年中無休",東京都豊島区西池袋1-27-1 1F,https://tabelog.com/tokyo/A1305/A130501/13119837/
ラーメン,日高屋 池袋東口店,"営業時間
10:00～21:00(お酒L.O.20:00 料理L.O.20:30)
日曜営業
定休日
無休",東京都豊島区東池袋1-39-7 三恵ビル 1F,https://tabelog.com/tokyo/A1305/A130501/13073667/
ラーメン,味噌専門 ラーメン味來,"営業時間
［月～土］11:00～翌1:00［日］11:00～24:00
日曜営業
定休日
無休(年末年始のみ休み)",東京都豊島区西池袋5-24-12 西池袋ローヤルコーポ 1F,https://tabelog.com/tokyo/A1322/A132202/13098295/
ラーメン,楽楽,,東京都豊島区巣鴨1-18-13,https://tabelog.com/tokyo/A1323/A132301/13247479/
ラーメン,麺舗 十六,"営業時間
［月曜］11:00〜14:00（L.O.）［火～金］11:00〜14:00（L.O.）17:30〜21:00（L.O.）［土曜］11:00〜15:00（L.O.）
定休日
日曜",東京都豊島区池袋3-6-8 第１京花荘 1F,https://tabelog.com/tokyo/A1322/A132202/13011833/
ラーメン,福しん 公会堂前店,"営業時間
11:00～22:00
定休日
年末年始 他、臨時休業有り",東京都豊島区東池袋1-17-11 パ－クハイツ池袋,https://tabelog.com/tokyo/A1305/A130501/13040028/
ラーメン,東京ラーメンショー 極み麺,"営業時間
11:00～21:00
日曜営業
定休日
無休",東京都豊島区南池袋1-24-5 楽園タウン池袋 1F,https://tabelog.com/tokyo/A1305/A130501/13259049/
ラーメン,福しん 千川店,"営業時間
11：00～翌03：00 
日曜営業
定休日
年末年始 他、臨時休業あり",東京都豊島区要町3-36-5,https://tabelog.com/tokyo/A1322/A132202/13104029/
ラーメン,らーめん 味っ子,"営業時間
11:30～19:00
日曜営業
定休日
無休",東京都豊島区巣鴨2-9-4,https://tabelog.com/tokyo/A1323/A132301/13065868/
ラーメン,にしき之中華ソバ,"営業時間
朝8:00～深夜2:00(中休みなし)(火曜日のみ朝8:00〜深夜24:00)
日曜営業
定休日
月曜日",東京都豊島区西池袋1-13-8,https://tabelog.com/tokyo/A1305/A130501/13279915/
ラーメン,都電テーブル 雑司が谷,"営業時間
11:00～15:00(L.O.14:30)17:00～22:00(L.O.21:30)
日曜営業
定休日
火曜日、第1・3月曜日",東京都豊島区雑司が谷2-21-6,https://tabelog.com/tokyo/A1305/A130502/13213508/
ラーメン,ラーショ マルミャー 池袋店,"営業時間
[月～木]11:00～14:30 18:00～21:30[金]11:00～14:30 18:00～22:00[土]11:00～14:30 17:00〜22:00[日]11:00～14:30 17:00〜20:30",東京都豊島区池袋2-22-5 東仙第2ビル 1F,https://tabelog.com/tokyo/A1305/A130501/13263209/
ラーメン,皇綱家,,東京都豊島区西池袋1-18-1 五光ビル 1F,https://tabelog.com/tokyo/A1305/A130501/13253828/
ラーメン,TOKYO豚骨BASE MADE by博多一風堂 池袋店,"営業時間
［月～金］11:00～22:00［土・日・祝］11:00～21:00
日曜営業
定休日
無休",東京都豊島区南池袋1-28-2 JR池袋駅,https://tabelog.com/tokyo/A1305/A130501/13132523/
ラーメン,由丸 アトレヴィ大塚店,"営業時間
[月～土] 11:00～23：00　　22:30（L.O) [日・祝] 11:00～22：00　　21:30(L.O)
日曜営業
定休日
不定休（アトレヴィ大塚に準ずる）",東京都豊島区南大塚3-33-1 アトレヴィ大塚 4F,https://tabelog.com/tokyo/A1323/A132302/13160495/
ラーメン,麺屋 帝旺,"営業時間
11:30～翌1:30[日・祝]12:00～24:00
定休日
不定休",東京都豊島区南大塚3-11-10 第2芙蓉ビル 1F,https://tabelog.com/tokyo/A1323/A132302/13104065/
ラーメン,横浜家系ラーメン 横浜道 池袋東口店,"営業時間
［日～木］11:00～23:00［金・土］11:00～翌3:00
日曜営業
定休日
無休",東京都豊島区東池袋1-22-14 1F,https://tabelog.com/tokyo/A1305/A130501/13212003/
ラーメン,博多天神 池袋東口店,"営業時間
10:00～翌3:30
日曜営業
定休日
無休",東京都豊島区東池袋1-40-11 東池袋ＴＹビル １Ｆ,https://tabelog.com/tokyo/A1305/A130501/13043644/
ラーメン,俺の空 池袋店,"営業時間
11:00～22:30
日曜営業
定休日
無休",東京都豊島区東池袋1-31-7 原ビル　１Ｆ,https://tabelog.com/tokyo/A1305/A130501/13021720/
ラーメン,ラーメン 西ちゃん,,東京都豊島区南長崎4-42-7,https://tabelog.com/tokyo/A1321/A132101/13205117/
ラーメン,味噌麺処 田坂屋,"営業時間
11:00～21:00
日曜営業
定休日
月曜日",東京都豊島区西池袋3-30-2 フェリース西池袋 1F,https://tabelog.com/tokyo/A1305/A130501/13282625/
ラーメン,なりたけ 池袋店,,東京都豊島区南池袋3-13-7 ビジネスヴィップ池袋 1F,https://tabelog.com/tokyo/A1305/A130501/13178631/
ラーメン,東麺房 大塚店,"営業時間
11時から25時まで
日曜営業
定休日
年中無休",東京都豊島区北大塚2-7-9 1F,https://tabelog.com/tokyo/A1323/A132302/13239219/
ラーメン,らあめん あじるく,"営業時間
1130～14:30
定休日
月曜日、日曜日",東京都豊島区北大塚1-19-1 大塚アイワハイツ 1F,https://tabelog.com/tokyo/A1323/A132302/13244364/
ラーメン,壱角家 駒込店,"営業時間
ランチ　11:00～14:00ディナー　18:00～2:00（L.O.1:30）
日曜営業
定休日
無",東京都豊島区駒込1-28-12,https://tabelog.com/tokyo/A1323/A132301/13220749/
ラーメン,豊島家,"営業時間
月～木：11:00～23:00金：11:00～翌3:00土：10:30～翌3:00日：10:30～23:00
日曜営業",東京都豊島区東池袋1-22-14,https://tabelog.com/tokyo/A1305/A130501/13218682/
ラーメン,滝野川 大勝軒,"営業時間
11:00～22:00
日曜営業
定休日
月曜日",東京都豊島区東池袋1-32-2,https://tabelog.com/tokyo/A1305/A130501/13180125/
ラーメン,博多福や,,東京都豊島区西池袋1-41-3,https://tabelog.com/tokyo/A1305/A130501/13255200/
ラーメン,旭川味噌ラーメン ばんから 池袋西口,"営業時間
[月～日・祝]１１：００～翌朝７：００(ラストオーダー翌６：３０)年中無休、始発まで営業、ランチ営業、夜12時以降入店可
日曜営業
定休日
年中無休",東京都豊島区西池袋1-34-4 1F,https://tabelog.com/tokyo/A1305/A130501/13157738/
ラーメン,Rock’anDo,"営業時間
[月火木金土]11:30～14:30(L.O)18:00～21:00(L.O)[日]11:30～14:30(L.O)※各日スープ切れ次第、早仕舞いあり
日曜営業
定休日
水曜日",東京都豊島区池袋2-23-5 サンフェニックス山田 101,https://tabelog.com/tokyo/A1322/A132202/13279224/
ラーメン,鶏の穴,"営業時間
11:00～22:00
日曜営業",東京都豊島区東池袋1-39-20 慶太ビル1F,https://tabelog.com/tokyo/A1305/A130501/13050789/
ラーメン,龍栄,"営業時間
11:30～13:30 17:30～20:00
定休日
日曜日",東京都豊島区千早1-14-16 マルコシコーポ 1F,https://tabelog.com/tokyo/A1322/A132202/13228210/
ラーメン,無極,"営業時間
11:00～24:00（スープ終わり次第）",東京都豊島区池袋3-3-6-102 パールハイツ池袋  1F,https://tabelog.com/tokyo/A1322/A132202/13111221/
ラーメン,MENYA NAKAGAWA,"営業時間
2022年12月11:00～21:00
日曜営業
定休日
無休",東京都豊島区池袋2-38-7,https://tabelog.com/tokyo/A1305/A130501/13277606/
ラーメン,木菟ラーメン,"営業時間
[月～土]11:30～21:00
定休日
日曜・祭日",東京都豊島区雑司ヶ谷3-2-6,https://tabelog.com/tokyo/A1305/A130502/13059047/
ラーメン,三ツ矢堂製麺 池袋サンシャイン60通り店,"営業時間
［日～土］11:00～23:00（L.O.22:30）
日曜営業
定休日
無休",東京都豊島区東池袋1-22-7 瑞光ビル 2F,https://tabelog.com/tokyo/A1305/A130501/13261275/
ラーメン,中華そば しながわ,,東京都豊島区西池袋4-19-14,https://tabelog.com/tokyo/A1322/A132202/13157559/
ラーメン,天下一品 池袋東口店,"営業時間
［月～金］11:00～翌3:00(L.O.翌2:45)［土・日］11:00～22:30(L.O.22:00)
日曜営業
定休日
無休",東京都豊島区東池袋1-9-7 友光ビル 1F・2F,https://tabelog.com/tokyo/A1305/A130501/13185821/
ラーメン,東池袋 大勝軒 南池袋店,"営業時間
11:00～21:00
日曜営業
定休日
火曜日",東京都豊島区南池袋2-27-16 近藤ビル　１Ｆ,https://tabelog.com/tokyo/A1305/A130501/13015752/
ラーメン,ラーメン いいかお,"営業時間
［火～土］11:00～14:30 18:00～20:00［日・祝］11:00～14:30
日曜営業
定休日
月曜日",東京都豊島区巣鴨4-35-2 岩下ビル 1F,https://tabelog.com/tokyo/A1322/A132201/13247190/
ラーメン,一金,"営業時間
【平日】 　    昼  11:30 〜 15:00 夜  17:00 〜 23:00【土、祝日】  昼  11:30 〜 15:00夜  17:30 〜 21:00【日曜日】 定休日※ラストオーダー 営業時間30分前迄※スープ無くなり次第終了いたします。
日曜営業
定休日
スープ無くなり次第終了",東京都豊島区千早1-15-10,https://tabelog.com/tokyo/A1322/A132202/13180035/
ラーメン,ハレとケ RAMEN RESTAURANT,"営業時間
［月〜金］11:00〜16:00 ［土日祝］11:00〜16:00
日曜営業
定休日
水曜日",東京都豊島区高田3-21-11,https://tabelog.com/tokyo/A1305/A130502/13282126/
ラーメン,自家製熟成麺 吉岡 目白総本店,,東京都豊島区目白3-5-13 フジヤビルM2F,https://tabelog.com/tokyo/A1305/A130502/13178865/
ラーメン,LOKAHI,"営業時間
[月・火・木・土・日]11:00～15:00（L.O.14:50）17:00～22:00（L.O.21:50）[金]11:00～15:00（L.O.14:50）17:00～23:00（L.O.22:30）
日曜営業
定休日
水曜日",東京都豊島区北大塚2-8-8 北大塚ビル 1F,https://tabelog.com/tokyo/A1323/A132302/13251157/
ラーメン,丸子家,,東京都豊島区南大塚2-36-1,https://tabelog.com/tokyo/A1323/A132302/13146211/
ラーメン,麺屋雷神,"営業時間
11:00～23:00",東京都豊島区南長崎1-17-17,https://tabelog.com/tokyo/A1321/A132101/13199052/
ラーメン,つけ麺 岡崎 池袋東口店,"営業時間
［月～金］11:00～16:00［土・日・祝］11:00～21:00（L.O.20:50）
日曜営業
定休日
不定休",東京都豊島区東池袋1-15-1 ニュー真下ビル B1F,https://tabelog.com/tokyo/A1305/A130501/13003946/
ラーメン,ジャパニーズ ラーメン 五感,"営業時間
11:30～15:00
定休日
月、火",東京都豊島区東池袋2-57-2 コスモ東池袋 101,https://tabelog.com/tokyo/A1305/A130501/13284009/
ラーメン,つじ田 池袋西口店,"営業時間
[月～金]11：00～23：00[土・日・祝]11：00～21：00
日曜営業
定休日
不定休",東京都豊島区西池袋5丁目2-10 八勝堂ビル1階,https://tabelog.com/tokyo/A1305/A130501/13230902/
ラーメン,銀座 篝 Echika池袋店,"営業時間
11:00～23:00（L.O.22:30）
日曜営業
定休日
Echika池袋に準ずる",東京都豊島区西池袋3-28-14 エチカ池袋,https://tabelog.com/tokyo/A1305/A130501/13207980/
ラーメン,俺流塩らーめん 池袋明治通り店,,東京都豊島区東池袋1-35-1,https://tabelog.com/tokyo/A1305/A130501/13262068/
ラーメン,馳走麺 狸穴,"営業時間
月曜日11:00～21:30火曜日11：00～15：30（たまにお休みを頂きます。）水曜日～土曜日11：00～21：30日曜日11：00～21：00(スープが無くなり次第終了）
日曜営業
定休日
火曜日がたまにお休みを頂きます。",東京都豊島区東池袋1-32-2 小川ビル　1F,https://tabelog.com/tokyo/A1305/A130501/13101471/
ラーメン,タンメン だいはちっこ,"営業時間
［昼の部：月〜金］11:00～15:00［夜の部：月火木金］18:00〜20:00［土］11:30〜14:30 スープ無くなり次第終了
定休日
日曜・祝日",東京都豊島区南池袋2-35-7,https://tabelog.com/tokyo/A1305/A130501/13177959/
ラーメン,駒込家,,東京都豊島区駒込1-38-5 福島ビル 1F,https://tabelog.com/tokyo/A1323/A132301/13178536/
ラーメン,塩そば専門店 桑ばら,"営業時間
[月～日]11:00～20:30
日曜営業
定休日
無休",東京都豊島区東池袋1-27-5 関口ビル 1F,https://tabelog.com/tokyo/A1305/A130501/13022925/
ラーメン,無敵家,"営業時間
10:30～翌3:30
日曜営業
定休日
無休",東京都豊島区南池袋1-17-1 崎本ビル,https://tabelog.com/tokyo/A1305/A130501/13003927/
ラーメン,舎鈴 池袋東口店,"営業時間
11:00～22:30
日曜営業",東京都豊島区南池袋1-23-11 池袋ブロンズビル 1F,https://tabelog.com/tokyo/A1305/A130501/13187510/
ラーメン,てんびん,,東京都豊島区西巣鴨4-12-2 斗七ビル １F,https://tabelog.com/tokyo/A1322/A132201/13138014/
ラーメン,つけ麺専門店 三田製麺所 池袋西口店,"営業時間
[月～木・日・祝]11:00～翌2:00（L.O)「金・土・祝前日]11:00～翌4:00(L.O)
日曜営業
定休日
無休",東京都豊島区西池袋1-40-1 大昇ビル 1F,https://tabelog.com/tokyo/A1305/A130501/13092129/
ラーメン,ヌードル ボイス,"営業時間
[月～土]11:00～22:00[日]11:00～21:00
日曜営業
定休日
無休",東京都豊島区西池袋1-3-5 青井ビル第1 1F,https://tabelog.com/tokyo/A1305/A130501/13233331/
ラーメン,中華そば とりかご,"営業時間
11:00～20:00
日曜営業
定休日
無休",東京都豊島区西池袋5-2-1,https://tabelog.com/tokyo/A1305/A130501/13290936/
ラーメン,博多ラーメン 長浜や 池袋店,"営業時間
[月～土]11:00～翌3:00[日・祝]11:00～翌2:00
日曜営業
定休日
無休（年末年始休みあり）",東京都豊島区池袋4-1-11 エージ・ヤマダビル 1F,https://tabelog.com/tokyo/A1305/A130501/13196850/
ラーメン,萬馬軒 橙 池袋店,"営業時間
12：00～16:0018:00～23:00
日曜営業
定休日
毎週月曜日、毎月第2水曜日",東京都豊島区西池袋1-24-6,https://tabelog.com/tokyo/A1305/A130501/13271084/
ラーメン,ベジポタつけ麺えん寺,"営業時間
11：30～22：00スープなくなり次第終了
日曜営業
定休日
無休",東京都豊島区池袋2-48-2 レスタージュ池袋 1F,https://tabelog.com/tokyo/A1305/A130501/13154278/
ラーメン,博多らーめん 一心堂 大塚店,"営業時間
11:00～23:30(L.O.23:15)",東京都豊島区南大塚2-36-1,https://tabelog.com/tokyo/A1323/A132302/13278781/
ラーメン,ラーメン 三原色,"営業時間
11:00～15:0017:00～22:00（L.O.21:30）
定休日
月曜・隔週火曜（その他不定休あり）",東京都豊島区池袋本町2-13-13 エスカイア池袋 1F,https://tabelog.com/tokyo/A1322/A132201/13271354/
ラーメン,麺屋武蔵 二天 池袋店,"営業時間
11:30～22:30※偶数月の第2火曜のみ20:00閉店
日曜営業
定休日
無休",東京都豊島区東池袋1-2-4 TⅡビル 1F,https://tabelog.com/tokyo/A1305/A130501/13005593/
ラーメン,Nii,"営業時間
11:00～15:0017:00～21:00",東京都豊島区南大塚3-46-5 中島第3ビル 1F,https://tabelog.com/tokyo/A1323/A132302/13235183/
ラーメン,東京豚骨拉麺ばんから 池袋本店,"営業時間
11:00〜0:00
日曜営業
定休日
年中無休",東京都豊島区南池袋1-17-3 第2南池袋I-Nビル 1Ｆ,https://tabelog.com/tokyo/A1305/A130501/13228725/
ラーメン,福しん 東長崎店,"営業時間
午前11：00～夜23：00
日曜営業
定休日
年末年始 他、臨時休業有り",東京都豊島区南長崎5-29-11,https://tabelog.com/tokyo/A1321/A132101/13113545/
ラーメン,ラーメン鷹の目 西巣鴨店,"営業時間
11:00～15:0017:00～22:00",東京都豊島区西巣鴨3-19-9,https://tabelog.com/tokyo/A1322/A132201/13279673/
ラーメン,そば～じゅ,"営業時間
[月～土]11:30～15:30(L.O.)17:30～21:30(L.O.)
定休日
日曜日",東京都豊島区南池袋2-13-10 キャッスル小林 1F,https://tabelog.com/tokyo/A1305/A130501/13286018/
ラーメン,麺処グロース,"営業時間
・11:30～15:30・＊材料切れ次第終了＊臨時休業あり(事前に店舗ブログ、Twitterにてお知らせします。)
定休日
日曜日＊臨時休業あり",東京都豊島区西池袋3-4-2,https://tabelog.com/tokyo/A1305/A130501/13119520/
ラーメン,京風らーめん＆甘味処 もも花,"営業時間
[月～土]10:00～21:00 [日・祝]10:00～20:00
日曜営業
定休日
無休",東京都豊島区南池袋1-28-1 西武池袋本店 7F,https://tabelog.com/tokyo/A1305/A130501/13242833/
ラーメン,麺屋 ごとう,,東京都豊島区駒込1-39-5 駅前Sビル B1F,https://tabelog.com/tokyo/A1323/A132301/13170227/
ラーメン,東京アンダーグラウンドラーメン 頑者,"営業時間
10:00～22:00
定休日
不定休(東武ホープセンターの営業に準ずる)",東京都豊島区西池袋1-1-30 東武ホープセンター B1F,https://tabelog.com/tokyo/A1305/A130501/13129770/
ラーメン,日高屋 池袋東口駅前店,"営業時間
[月～木]9:00～翌1:00[金・土]24時間営業[日・祝]9:00～23:30",東京都豊島区東池袋1-1-4 恩田園ビル B1F,https://tabelog.com/tokyo/A1305/A130501/13101096/
ラーメン,麺処 いっぱく,"営業時間
11:30～15:0017:30～21:00",東京都豊島区南長崎4-29-3 ロアパルム 1F,https://tabelog.com/tokyo/A1321/A132101/13179431/
ラーメン,東京油組総本店 池袋東組,"営業時間
月～土曜：AM11:00～PM23:30日曜日　：AM11:00～PM23:00※麺がなくなり次第終了
日曜営業
定休日
年中無休（年末年始を除く）",東京都豊島区東池袋1-9-10 ユタカビル B1,https://tabelog.com/tokyo/A1305/A130501/13149476/
ラーメン,麺場 らせん,"営業時間
11:30～15:0018:00～21:00ともにラストオーダー10分前日曜日のみ20時閉店品切れ情報などはTwitterご確認ください。
日曜営業
定休日
月・木",東京都豊島区長崎4-8-15,https://tabelog.com/tokyo/A1321/A132101/13236661/
ラーメン,博多 一風堂 池袋店,"営業時間
11:00～21:00(L.O.20:00)
日曜営業
定休日
無休",東京都豊島区南池袋2-26-9 アクアフォーレ南池袋　１Ｆ,https://tabelog.com/tokyo/A1305/A130501/13029778/
ラーメン,つけ麺道たけし,,東京都豊島区要町3-10-5,https://tabelog.com/tokyo/A1322/A132202/13024042/
ラーメン,日高屋 駒込東口店,"営業時間
10:30～21:00(L.O.20:30)
日曜営業
定休日
無休",東京都豊島区駒込2-15-7,https://tabelog.com/tokyo/A1323/A132301/13105829/
ラーメン,麺匠 茜ノ舞,"営業時間
[月〜日]11:00～26:00
日曜営業
定休日
不定休",東京都豊島区池袋本町2-6-2,https://tabelog.com/tokyo/A1322/A132201/13226832/
ラーメン,カラシビ味噌らー麺 鬼金棒 池袋店,"営業時間
【月〜日】　11:00～21:30
日曜営業
定休日
無休",東京都豊島区東池袋1-13-14,https://tabelog.com/tokyo/A1305/A130501/13171114/
ラーメン,九州じゃんがら 西武池袋店,"営業時間
［月～土］11:00～23:00 (L.O.22:30)［日・祝］10:30～23:00 (L.O.22:30)
日曜営業
定休日
無休",東京都豊島区南池袋1-28-1 西武池袋本店 8F,https://tabelog.com/tokyo/A1305/A130501/13126885/
ラーメン,海老豚骨拉麺 春樹 新大塚本店,"営業時間
11:00～23:00　1月1日休業をさせて頂きます。
日曜営業
定休日
無休",東京都豊島区東池袋5-52-15 丸定ビル 1F,https://tabelog.com/tokyo/A1323/A132302/13124676/
ラーメン,横浜家系ラーメン 麺屋いぶすけ,,東京都豊島区北大塚2-6-2 共同計画大塚ビル 1F,https://tabelog.com/tokyo/A1323/A132302/13255752/
ラーメン,松葉,"営業時間
11:00～15:00 16:00～20:30（日によって変動あり）
日曜営業
定休日
月曜日（祝日は営業）",東京都豊島区南長崎3-4-11 PINE LEAF 1F,https://tabelog.com/tokyo/A1321/A132101/13025247/
ラーメン,蒙古タンメン中本 東池袋店,"営業時間
■月～金　11:00～22:00 ■土、日、祝　11:00～22:00
日曜営業
定休日
年末年始",東京都豊島区東池袋1-12-15 近代グループ第二ビル 1F,https://tabelog.com/tokyo/A1305/A130501/13162702/
ラーメン,だいはち,"営業時間
[営業時間]11:00-16:0018:00-22:00[定休日]月曜日第３日曜日(変更あり)
定休日
年末年始",東京都豊島区東池袋5-7-1,https://tabelog.com/tokyo/A1305/A130501/13141066/
ラーメン,らーめん 鴨&葱,"営業時間
11月24日(木)からの営業時間【平日】　11:00～22:45(スープが無くなり次第終了)【土日祝】11:00～22:45(スープが無くなり次第終了)
日曜営業
定休日
不定休",東京都豊島区巣鴨1-11-4 スカイタワーアネックス 1F,https://tabelog.com/tokyo/A1323/A132301/13275580/
ラーメン,麺処 縁,"営業時間
11:00～22:00
日曜営業",東京都豊島区高松3-4-1 YMハイツ高松 1F,https://tabelog.com/tokyo/A1305/A130501/13289037/
ラーメン,博多長浜らーめん ぼたん 大塚本店,"営業時間
11:00～翌2:00
日曜営業
定休日
無休",東京都豊島区北大塚2-12-3 ドルミ大塚 1F,https://tabelog.com/tokyo/A1323/A132302/13008788/
ラーメン,福しん 大塚南店,"営業時間
11：00～夜23：00
日曜営業
定休日
年末年始 他、臨時休業有り",東京都豊島区南大塚2-36-1 都営南大塚2丁目アパート1号棟,https://tabelog.com/tokyo/A1323/A132302/13044800/
ラーメン,福しん サンシャインシティアルタ店,,東京都豊島区東池袋3-1-3,https://tabelog.com/tokyo/A1305/A130501/13258739/
ラーメン,志奈そば 田なか,"営業時間
［月～金］11:00～15:00／17:00～21:00［土］11:00～15:00※祝日は営業します。※営業しているかどうかの確認の電話はお控えください。※臨時休業の場合はTwitter＆Instagramにて告知しますので、先にそちらをご覧ください。
定休日
日曜日",東京都豊島区東池袋2-19-2 第2八千代マンション 102,https://tabelog.com/tokyo/A1305/A130501/13155271/
ラーメン,えび豚骨拉麺 春樹 西巣鴨店,"営業時間
11:00～22:00
日曜営業
定休日
年中無休",東京都豊島区西巣鴨3-24-7 ライオンズマンション 1F,https://tabelog.com/tokyo/A1322/A132201/13161887/
ラーメン,タマネギヘッドバッド,"営業時間
[月～金] 11:00～15:0017:00～21:00[土・日・祝] 11:00～21:00
日曜営業
定休日
無休",東京都豊島区西池袋5-26-14,https://tabelog.com/tokyo/A1322/A132202/13269356/
ラーメン,日高屋 大塚南口店,"営業時間
11:00～深夜3:00",東京都豊島区南大塚2-46-3,https://tabelog.com/tokyo/A1323/A132302/13112190/
ラーメン,つけ麺屋のぶなが,"営業時間
11:00〜23:00（L.O.22:45）※スープ切れ終了
日曜営業
定休日
水曜日",東京都豊島区西池袋1-42-8 秋福ビル 1F,https://tabelog.com/tokyo/A1305/A130501/13030772/
ラーメン,太陽のトマト麺Next サンシャインシティ,"営業時間
11:00～23:00(L.O.22:00)
日曜営業
定休日
無(サンシャインシティ　休館日あり)",東京都豊島区東池袋3-1-1 サンシャインシティアルパ 3F,https://tabelog.com/tokyo/A1305/A130501/13173818/
ラーメン,カネキッチン ヌードル,"営業時間
[木～火] 11:30～14:50(LO) 18:00～20:45(LO)21:00完全閉店水曜日定休日　定休日特別営業あり限定麺、営業情報は公式Twitter@freedam99999で確認ください※麺、スープなくなり次第閉店となります。
日曜営業
定休日
水曜日定休日(特別営業あり公式Twitter＠freedam99999で確認",東京都豊島区南長崎5-26-15 マチテラス南長崎 2F,https://tabelog.com/tokyo/A1321/A132101/13203355/
ラーメン,桂花ラーメン 池袋東口店,"営業時間
11:00～22:30",東京都豊島区東池袋1-23-9 スタック池袋 1F,https://tabelog.com/tokyo/A1305/A130501/13270084/
ラーメン,喜多方ラーメン 坂内 大塚店,"営業時間
［月～金］11:00～23:30［土］11:00～23:00［日・祝］11:00～22:00
日曜営業
定休日
無休",東京都豊島区北大塚2-13-2,https://tabelog.com/tokyo/A1323/A132302/13008793/
ラーメン,元祖ニュータンタンメン本舗 池袋東口店,"営業時間
11:30～15:00 18:00～22:30(L.O.22:15)
日曜営業
定休日
水曜日",東京都豊島区東池袋1-38-1,https://tabelog.com/tokyo/A1305/A130501/13229448/
ラーメン,麺と酒菜の店 薫,,東京都豊島区巣鴨1-21-9 林ビル 1F,https://tabelog.com/tokyo/A1323/A132301/13219148/
ラーメン,一蘭 池袋店,"営業時間
24時営業※営業時間は変更になる場合がございますので、最新情報は公式HPをご確認ください
日曜営業
定休日
年中無休",東京都豊島区東池袋1-39-11 サニーサイドビル　１Ｆ,https://tabelog.com/tokyo/A1305/A130501/13019994/
ラーメン,東池袋 大勝軒 本店,"営業時間
[月・火・木～日]11:00～21:50(L.O.)※スープ切れ早仕舞い
日曜営業
定休日
水曜日",東京都豊島区南池袋2-42-8,https://tabelog.com/tokyo/A1305/A130501/13045828/
ラーメン,オリオン食堂,"営業時間
[月～水・金～日]11:00～翌6:00[木]11:00～翌2:00毎週火曜日はチャレンジオリオン。その日限定のラーメン、つけ麺。
日曜営業
定休日
無休",東京都豊島区南長崎5-15-3,https://tabelog.com/tokyo/A1321/A132101/13003856/
ラーメン,張亮麻辣湯 池袋店,"営業時間
11:00～23:00
日曜営業
定休日
無休",東京都豊島区西池袋1-29-3 ロイヤル西池袋ビル 7F,https://tabelog.com/tokyo/A1305/A130501/13243994/
ラーメン,麺屋 二宮,"営業時間
11:00～23:00
日曜営業",東京都豊島区北大塚2-7-10,https://tabelog.com/tokyo/A1323/A132302/13287481/
ラーメン,日高屋 巣鴨地蔵通店,,東京都豊島区巣鴨3-20-17,https://tabelog.com/tokyo/A1323/A132301/13285792/
ラーメン,おがわ,,東京都豊島区長崎4-10-12,https://tabelog.com/tokyo/A1321/A132101/13212992/
ラーメン,ひろもり,"営業時間
11:00～22:00
定休日
無休",東京都豊島区上池袋1-34-16,https://tabelog.com/tokyo/A1323/A132302/13122735/
ラーメン,ペコ,,東京都豊島区駒込1-24-9 ザ・シティ駒込 2F,https://tabelog.com/tokyo/A1323/A132301/13264850/
ラーメン,彩鳳,,東京都豊島区巣鴨5-4-1 東京都中央卸売市場豊島市場,https://tabelog.com/tokyo/A1323/A132301/13277176/
ラーメン,豆天狗,,東京都豊島区南池袋1-24-5 楽園タウン池袋 1F,https://tabelog.com/tokyo/A1305/A130501/13291135/
ラーメン,日高屋 巣鴨地蔵通店,,東京都豊島区巣鴨3-20-17,https://tabelog.com/tokyo/A1323/A132301/13285793/
ラーメン,麺創房 巧家 駒込店,"営業時間
11:30～14:0018:00～23:30L.O.
定休日
日曜日",東京都豊島区駒込1-24-10 ザ・シティ駒込 4F,https://tabelog.com/tokyo/A1323/A132301/13265526/
ラーメン,R+,"営業時間
[月～土]10:00～17:00
定休日
日曜日",東京都豊島区東池袋1-29-1 サントロペ 4F,https://tabelog.com/tokyo/A1305/A130501/13291532/
ラーメン,中華そば 多繋,"営業時間
11:00～15:00夜営業は公式Xを参照
日曜営業
定休日
火曜日",東京都豊島区西池袋3-33-17,https://tabelog.com/tokyo/A1305/A130501/13291968/
ラーメン,支那そば 大陸,"営業時間
11:00～15:00／17:00～22:30
定休日
日曜日",東京都北区赤羽1-49-9 イデアコーポ 1F,https://tabelog.com/tokyo/A1323/A132305/13115242/
ラーメン,大勝軒まるいち 赤羽店,"営業時間
［平日・土］　11:00～23:00［日・祝日］11:00～22:00
日曜営業
定休日
無休",東京都北区赤羽1-5-2 スガイガーデンビル 1F,https://tabelog.com/tokyo/A1323/A132305/13049306/
ラーメン,ラーメン富士丸 神谷本店,"営業時間
[火～日]18:00～24:00
日曜営業
定休日
月曜日",東京都北区神谷3-29-11,https://tabelog.com/tokyo/A1323/A132305/13002910/
ラーメン,つけ麺 神儺祁,"営業時間
[月]11:30～14:45[水～金]11:30～14:4518:00～21:00[土・日・祝]11:30～19:45
日曜営業
定休日
火曜日",東京都北区滝野川7-46-3,https://tabelog.com/tokyo/A1322/A132201/13278493/
ラーメン,麺屋むてき,"営業時間
11:30～14:30 17:00～23:00(L.O.22:30)",東京都北区浮間3-1-38 蛯沢ビル 1F,https://tabelog.com/tokyo/A1323/A132305/13239431/
ラーメン,らーめん 玉彦,"営業時間
11：30～翌0：30
定休日
日曜日",東京都北区滝野川7-1-9,https://tabelog.com/tokyo/A1322/A132201/13120759/
ラーメン,麺処 ほん田 東十条店,"営業時間
［月・木・金・土・日］11:00～15:0018:00～22:00［火］11:00～15:00
日曜営業
定休日
水曜日",東京都北区東十条1-22-6,https://tabelog.com/tokyo/A1323/A132304/13246568/
ラーメン,中華そば 竹千代,"営業時間
[平日] 11:00〜14:00、18:00〜22:00[土日祝] 11:00〜14:30、18:00〜22:00
日曜営業
定休日
月曜日",東京都北区昭和町1-3-6,https://tabelog.com/tokyo/A1323/A132303/13233740/
ラーメン,日高屋 赤羽東口店,"営業時間
[日]4:00～23:00(L.O.22:30)[月]9:00～翌2:00(L.O.翌1:30)[火～土]4:00～翌2:00(L.O.翌1:30)",東京都北区赤羽1-1-6,https://tabelog.com/tokyo/A1323/A132305/13078818/
ラーメン,中華そば 金ちゃん,"営業時間
11:30～15:00(L.O.14:30)18:30～22:00(L.O.21:30) 
日曜営業
定休日
水曜日",東京都北区上十条2-13-1 ガーデニア B1F,https://tabelog.com/tokyo/A1323/A132304/13281939/
ラーメン,中華そば屋 伊藤,"営業時間
11:00～15:00※スープ切れの場合も営業終了。
日曜営業
定休日
不定休",東京都北区豊島4-5-3,https://tabelog.com/tokyo/A1323/A132304/13008779/
ラーメン,手打らーめん満月,"営業時間
当面の間の営業時間は平日火曜日~金曜日11:30~14:30／18:00~20:00(19:30LO).土曜日、日曜日、祭日11:30~15:00/18:00~20:00(19:30LO)(注)麺が無くなると時間前に終了する事があります。月曜日が定休日で月曜日が祭日の場合は翌日がお休みとなります。不定期ですが月に1度連休がございますのでご注意を
日曜営業
定休日
月曜 祭日の場合は翌日に振り替え",東京都北区赤羽西1-37-3 赤羽アイ･エスビル1F,https://tabelog.com/tokyo/A1323/A132305/13233054/
ラーメン,自家製麺ほうきぼし 赤羽駅前店,"営業時間
11:00～15:0018:00～22:00
日曜営業
定休日
不定休",東京都北区赤羽南1-3-2 真木ビル 1F,https://tabelog.com/tokyo/A1323/A132305/13194153/
ラーメン,杏花村,"営業時間
[月～金]11:30～14:00/18:00～21:00ごろ [土]11:30～14:00
定休日
日曜／祝日",東京都北区王子1-17-1-116,https://tabelog.com/tokyo/A1323/A132303/13062571/
ラーメン,万里ラーメン,"営業時間
11:00～22:00
定休日
月曜日",東京都北区滝野川2-18-5,https://tabelog.com/tokyo/A1323/A132303/13065894/
ラーメン,吟風 赤羽店,,東京都北区赤羽2-4-11,https://tabelog.com/tokyo/A1323/A132305/13139531/
ラーメン,長浜や 赤羽店,"営業時間
11:00～翌2:00
日曜営業
定休日
無休",東京都北区赤羽2-4-14 石川ビル 1F,https://tabelog.com/tokyo/A1323/A132305/13251119/
ラーメン,つけ麺まるや  駒込東口店,"営業時間
11:00～15:00(L.O.14:30)17:00～22:00(L.O.21:30)
日曜営業
定休日
第3土曜日",東京都北区西ケ原1-1-2 ハイツ寺口 1F,https://tabelog.com/tokyo/A1323/A132301/13289756/
ラーメン,らぁ麺 善治 赤羽店,"営業時間
11:00～15:00(L.O.14:30)17:00～22:00(スープがなくなり次第閉店)
日曜営業
定休日
なし",東京都北区赤羽1-36-2,https://tabelog.com/tokyo/A1323/A132305/13288526/
ラーメン,つけめんTETSU 赤羽店,"営業時間
11:00～23:00
日曜営業
定休日
無休",東京都北区赤羽2-16-1,https://tabelog.com/tokyo/A1323/A132305/13167293/
ラーメン,めんや 赤羽壱龍,,東京都北区赤羽南1-6-7 大扇ビル弍番館 1F,https://tabelog.com/tokyo/A1323/A132305/13259435/
ラーメン,煮干そば 流。,"営業時間
[月・水・木・金]11:00～15:0017:00～21:00[土・日]11:00～21:00
日曜営業
定休日
火曜日",東京都北区上十条1-13-2,https://tabelog.com/tokyo/A1323/A132304/13175140/
ラーメン,大浜,"営業時間
［月・火・土］11:30～14:30［水・金］11:30～14:30 18:00～21:00
定休日
木曜日、日曜日、祝日",東京都北区上十条1-19-7,https://tabelog.com/tokyo/A1323/A132304/13193272/
ラーメン,日高屋 赤羽西口店,"営業時間
[月～日]10:00～23:00(L.O.22:30)
日曜営業
定休日
年中無休",東京都北区赤羽西1-41-2,https://tabelog.com/tokyo/A1323/A132305/13159605/
ラーメン,濃厚つけ麺・ラーメン 八重桜,"営業時間
[月～土]11:30～23：00 ※なくなり次第終了[日・祝]11:30～21：00なくなり次第終了
日曜営業
定休日
無休",東京都北区王子1-15-5,https://tabelog.com/tokyo/A1323/A132303/13104237/
ラーメン,おうじ家,,東京都北区王子1-10-16 王子駅前ビル 1F,https://tabelog.com/tokyo/A1323/A132303/13245294/
ラーメン,日高屋 東十条店,"営業時間
11:00～翌1:30
日曜営業
定休日
無休",東京都北区東十条3-16-6 ルーカス東十条ビル 1・2F,https://tabelog.com/tokyo/A1323/A132304/13108206/
ラーメン,森よし,,東京都北区滝野川5-16-5,https://tabelog.com/tokyo/A1322/A132201/13150368/
ラーメン,天,"営業時間
［月～土］11:00～15:00（L.O14:30）17:00～23:00（L.O22:30）
日曜営業
定休日
不定休",東京都北区上十条2-8-10,https://tabelog.com/tokyo/A1323/A132304/13221950/
ラーメン,とんぼ亭,"営業時間
11:00～22:00",東京都北区豊島8-6-3,https://tabelog.com/tokyo/A1323/A132304/13062659/
ラーメン,豚ラーメン 板橋駅前店,"営業時間
[月～土]11:30～23:00[日]11:30～21:00",東京都北区滝野川7-2-6 白井ビル 1F,https://tabelog.com/tokyo/A1322/A132201/13204157/
ラーメン,オールドラーメンショップ 逆流,"営業時間
[月・水・木・金]11:00～15:00[土・日・祝]11:00～16:00(L.O.15:30)
日曜営業
定休日
火曜日",東京都北区西が丘3-1-3 1F,https://tabelog.com/tokyo/A1322/A132205/13247730/
ラーメン,La Maison du Ramen ビスク,"営業時間
[水・木・土・日]11:30～15:00(L.O.)［金］11:30～14:30(L.O.) 17:30～20:30(L.O.)
日曜営業
定休日
月曜日、火曜日、他月1、2回不定休あり",東京都北区東十条4-10-6 グリーンコーポ 101,https://tabelog.com/tokyo/A1323/A132304/13275954/
ラーメン,らぁ麺 はやし田 赤羽店,"営業時間
11:00～23:00",東京都北区赤羽1-22-2,https://tabelog.com/tokyo/A1323/A132305/13246512/
ラーメン,麺 たち花,"営業時間
11:30～14:00  17:30～20:00
日曜営業
定休日
水曜",東京都北区赤羽西1-5-1,https://tabelog.com/tokyo/A1323/A132305/13098416/
ラーメン,我的中華そば 机上の空論。,"営業時間
[火～土]11:30～14:3017:30～21:00[日]11:30～14:30
日曜営業
定休日
月曜日",東京都北区東十条3-11-5 1F,https://tabelog.com/tokyo/A1323/A132304/13215493/
ラーメン,ガンコンヌードル,"営業時間
11:00～21:00(従来は22時迄の営業。コロナのため時短営業中)
日曜営業
定休日
月曜と火曜（祝日の場合は営業、休みが後ろにずれます）",東京都北区中里1-3-3 板橋ビル 1F,https://tabelog.com/tokyo/A1323/A132301/13147756/
ラーメン,旭川ラーメン 番外地,"営業時間
11:30～21:00
定休日
日曜日",東京都北区赤羽2-12-6,https://tabelog.com/tokyo/A1323/A132305/13106050/
ラーメン,ラーメン博多王子,,東京都北区王子1-5-3,https://tabelog.com/tokyo/A1323/A132303/13206010/
ラーメン,東京豚骨拉麺ばんから 赤羽店,"営業時間
11:00～24:00(L.O.23:30)",東京都北区赤羽1-25-3 ライオンズプラザ赤羽 1F,https://tabelog.com/tokyo/A1323/A132305/13241366/
ラーメン,力,,東京都北区中十条1-27-10,https://tabelog.com/tokyo/A1323/A132304/13139050/
ラーメン,とんや,"営業時間
11：30～6：00（L.O.5：30）
定休日
日曜日",東京都北区赤羽南1-8-7,https://tabelog.com/tokyo/A1323/A132305/13190254/
ラーメン,麺処 夏海,"営業時間
11:00～15:00　18:00～22:00※スープなくなり次第終了
日曜営業
定休日
無休",東京都北区赤羽1-18-4,https://tabelog.com/tokyo/A1323/A132305/13135990/
ラーメン,肉盛り みそラーメン 侍倶楽部,"営業時間
11:00～22:00
日曜営業
定休日
不定休",東京都北区赤羽1-4-15 ラングリンゼン 1F,https://tabelog.com/tokyo/A1323/A132305/13278500/
ラーメン,インデアン,"営業時間
11:30～15:00 17:30～21:00
日曜営業
定休日
金曜日",東京都北区豊島3-14-11,https://tabelog.com/tokyo/A1323/A132304/13012341/
ラーメン,一心堂,"営業時間
[日〜木]11:00～24:30(L.O 24:15)[金〜土]11:00～翌1:00(L.O 24:45)
定休日
なし",東京都北区十条仲原1-1-2,https://tabelog.com/tokyo/A1323/A132304/13161933/
ラーメン,金蘭 ラーメン,"営業時間
月～土・祝前　11:00～25:00日～祝　11:00～24:00
日曜営業
定休日
不定休",東京都北区王子1-22-2,https://tabelog.com/tokyo/A1323/A132303/13090077/
ラーメン,麺屋 たけろく,,東京都北区岸町1-1-10,https://tabelog.com/tokyo/A1323/A132303/13268366/
ラーメン,麺処M,"営業時間
11:00～20:00
日曜営業
定休日
不定休",東京都北区上十条1-27-1,https://tabelog.com/tokyo/A1323/A132304/13289338/
ラーメン,らーめん むつみ屋 駒込店,"営業時間
11:00 ~ 23:00
定休日
無し",東京都北区中里2-1-3 静和ビル 1F,https://tabelog.com/tokyo/A1323/A132301/13167025/
ラーメン,椿ラーメン,,東京都北区赤羽1-34-9,https://tabelog.com/tokyo/A1323/A132305/13130221/
ラーメン,麺 高はし,"営業時間
[月～金]11:00～13:2017:20～18:10[土・祝]10:20～12:45
定休日
日曜日、不定休",東京都北区赤羽1-38-10 内山ビル 1F,https://tabelog.com/tokyo/A1323/A132305/13003780/
ラーメン,弥生亭 豊島店,,東京都北区豊島4-9-17,https://tabelog.com/tokyo/A1323/A132304/13204662/
ラーメン,北海道らーめん ひむろ 赤羽店,"営業時間
［月～金・日］11:15～14:3018:00～23:00［土］11:15～14:3018:00～20:00
日曜営業
定休日
不定休",東京都北区赤羽1-22-3,https://tabelog.com/tokyo/A1323/A132305/13118252/
ラーメン,赤羽京介,,東京都北区赤羽西1-7-1 パルロード3 ループ館 1F,https://tabelog.com/tokyo/A1323/A132305/13077988/
ラーメン,麺屋 龍,"営業時間
[火・水・木・祝]18:00～24:00[金・土]18:00～翌3:00
日曜営業
定休日
月曜日",東京都北区赤羽1-54-4 KATO赤羽ビル 1F,https://tabelog.com/tokyo/A1323/A132305/13037654/
ラーメン,ちゅるり,"営業時間
11:00～15:00(L.O.14:45) 17:30～21:00(L.O.20:45)
日曜営業
定休日
無休",東京都北区上十条3-9-7,https://tabelog.com/tokyo/A1323/A132304/13230845/
ラーメン,日高屋 王子駅前明治通店,"営業時間
10:00～翌3:00（L.O.翌2:30）
定休日
無休",東京都北区王子1-5-3,https://tabelog.com/tokyo/A1323/A132303/13127371/
ラーメン,北海道らーめん みそ熊,"営業時間
10:30～翌4:00
日曜営業
定休日
無休",東京都北区王子1-2-2,https://tabelog.com/tokyo/A1323/A132303/13187125/
ラーメン,赤羽らーめん粋,"営業時間
[火～日] 11:00～翌2:30
日曜営業
定休日
毎週月曜日（2023年10月30日〔月〕より、当面の間）",東京都北区赤羽2-13-2,https://tabelog.com/tokyo/A1323/A132305/13210056/
ラーメン,麺屋 藤むら,"営業時間
火〜金　11:30～14:30（LO)　　　　18:00～21:00（LO)土・日　11:30～15:00（LO)＊スープなくなり次第終了
日曜営業
定休日
月曜日",東京都北区王子本町1-1-22 権現坂ビル 1F,https://tabelog.com/tokyo/A1323/A132303/13239913/
ラーメン,六麓 豚らーめん,,東京都北区王子2-15-8,https://tabelog.com/tokyo/A1323/A132303/13272924/
ラーメン,博多ラーメン 長浜や 東十条店,,東京都北区東十条3-16-6,https://tabelog.com/tokyo/A1323/A132304/13206923/
ラーメン,ブタゴリラ,"営業時間
 昼の部 11:00-15:00    夜の部18:00-19:45
日曜営業
定休日
不定休※Twitter情報確認",東京都北区浮間4-6-10,https://tabelog.com/tokyo/A1323/A132305/13244239/
ラーメン,らーめん えんや,,東京都北区岸町1-1-10 岸町NUビル1F,https://tabelog.com/tokyo/A1323/A132303/13127520/
ラーメン,麺屋 ほたる,"営業時間
11:30～15:0018:00～材料終了まで日曜のみ通し営業11:30～材料終了まで
日曜営業
定休日
月曜日",東京都北区滝野川7-2-10 SSKビル １Ｆ,https://tabelog.com/tokyo/A1322/A132201/13117746/
ラーメン,らーめん処 歩や,"営業時間
11:30～15:00 18:00～24:00
日曜営業
定休日
月曜日",東京都北区田端新町1-12-7 佐藤ビル　１Ｆ,https://tabelog.com/tokyo/A1323/A132301/13054773/
ラーメン,日高屋  赤羽スズラン通り店,"営業時間
10:30～23:00",東京都北区赤羽2-4-4 高橋ビル,https://tabelog.com/tokyo/A1323/A132305/13133851/
ラーメン,横浜家系ラーメン 上昇気流,"営業時間
[月～土] 11:00～翌4:00 [日] 11:00～22:00※当面、営業時間を、8：00〜20：00までとさせて頂きます。※「朝らー」を始めました。８：００～１１：００
日曜営業
定休日
無休　お正月も営業します。",東京都北区王子1-17-1 スカイハイツ 1F,https://tabelog.com/tokyo/A1323/A132303/13176464/
ラーメン,ラーメン富士丸 明治通り都電梶原店,"営業時間
月〜木11時~15時17時~20時30分頃金11時~17時日11時~16時土　定休日
日曜営業
定休日
土曜日",東京都北区上中里3-18-1,https://tabelog.com/tokyo/A1323/A132303/13097679/
ラーメン,中華麺 遊光房,"営業時間
11:30～14:00　ランチ　※日曜日のランチは休みです。18:00～0:00　夜　【※2020.７月現在　閉店23時】ご注意ください。
日曜営業
定休日
水曜日",東京都北区田端新町1-30-2,https://tabelog.com/tokyo/A1324/A132401/13094721/
ラーメン,麺屋天王,"営業時間
［月～金］11:30～14:0018:30～22:30［土］11:30～14:00
定休日
日曜日",東京都北区田端新町3-18-7,https://tabelog.com/tokyo/A1323/A132301/13049291/
ラーメン,壱角家 赤羽店,"営業時間
[月～木]11:00～23:30[金・土・日]11:00～翌5:00
日曜営業
定休日
無休",東京都北区赤羽1-8-1,https://tabelog.com/tokyo/A1323/A132305/13250256/
ラーメン,らあめん花月嵐 東十条店,"営業時間
[店内営業時間]11:00～22:00[出前館受付時間]11:00～21:00[Uber Eats受付時間]11:00～22:00
日曜営業
定休日
不定休",東京都北区東十条4-1-10,https://tabelog.com/tokyo/A1323/A132304/13055945/
ラーメン,濃厚豚骨ラーメン 尾久家,,東京都北区昭和町2-5-4,https://tabelog.com/tokyo/A1323/A132303/13199809/
ラーメン,自家製熟成麺 吉岡 田端店,"営業時間
[月～金]11:00～21:00[土・日・祝]11:00～20:00
日曜営業
定休日
無休",東京都北区東田端2-9-1 第二田島ビル 1F,https://tabelog.com/tokyo/A1323/A132301/13214854/
ラーメン,屋台至上 伊粋,"営業時間
不定期（大体週に３～４日）時間未定、当日HPにて告知",東京都北区赤羽西1-38-3,https://tabelog.com/tokyo/A1323/A132305/13272251/
ラーメン,日高屋 十条店,"営業時間
11:00～21:00(L.O.20:40)
日曜営業
定休日
無休",東京都北区上十条2-24-9,https://tabelog.com/tokyo/A1323/A132304/13073658/
ラーメン,つけ麺 しょうえい,"営業時間
11:00～24:00
日曜営業
定休日
年中無休",東京都北区王子1-22-2,https://tabelog.com/tokyo/A1323/A132303/13037432/
ラーメン,えび豚骨拉麺 春樹 東十条店,"営業時間
11:00～22:00
日曜営業
定休日
無休",東京都北区東十条3-15-8,https://tabelog.com/tokyo/A1323/A132304/13170113/
ラーメン,巧家,"営業時間
11:30～15:0018:00～23:00",東京都北区田端2-1-20,https://tabelog.com/tokyo/A1323/A132301/13135200/
ラーメン,王子ラーメン,"営業時間
11:45～14:00 18:00～22:30
日曜営業
定休日
月曜日、第3火曜日",東京都北区豊島3-12-18,https://tabelog.com/tokyo/A1323/A132304/13012350/
ラーメン,甘蘭牛肉麺 東京十条銀座店,"営業時間
11:00～21:00
日曜営業
定休日
なし",東京都北区十条仲原1-3-5,https://tabelog.com/tokyo/A1323/A132304/13277622/
ラーメン,麺屋 天来,"営業時間
［火～土］11:30～15:0017:30～21:00［日・祝］11:30～15:00　　　　　
日曜営業
定休日
月曜日",東京都北区東十条4-1-2 高橋ビル 1F,https://tabelog.com/tokyo/A1323/A132304/13276981/
ラーメン,王子金麦ラーメン,,東京都北区岸町1-2-9,https://tabelog.com/tokyo/A1323/A132303/13281339/
ラーメン,ラーメンヒマワリ 東十条本店,"営業時間
[月～土]11:30～23:00[日]11:30～19:00
日曜営業
定休日
無休",東京都北区東十条3-17-4 Ｓビル　１Ｆ,https://tabelog.com/tokyo/A1323/A132304/13028791/
ラーメン,中華そば ますや,"営業時間
11：00～14：0016：30～19：00
日曜営業
定休日
金曜日",東京都北区上中里2-38-10,https://tabelog.com/tokyo/A1323/A132303/13098402/
ラーメン,ゆうひ屋,"営業時間
2023.2月の営業時間昼  11:30～15:00（L.O14：30）夜  18:00〜23:00（L.O22：30）金土のみ～24：00（L.O.23：30）※臨時休業はTwitterで確認して下さい。※材料切れで早く終了する場合あります。
日曜営業
定休日
不定休 ※Twitterでお知らせ",東京都北区赤羽1-16-3,https://tabelog.com/tokyo/A1323/A132305/13017175/
ラーメン,舎鈴 エキュート赤羽店,"営業時間
[月・火・水・木・金]6:30～22:00（L.O.21:50）[土・日・祝]6:30～21:00（L.O.20:50)
日曜営業",東京都北区赤羽1-1-1 エキュート赤羽,https://tabelog.com/tokyo/A1323/A132305/13131375/
ラーメン,キング製麺,"営業時間
昼の部 11:00～15:00夜の部 17:30〜20:30
日曜営業
定休日
【2023年1２月の休業日】12/1〜15は休まず営業します！！！※16(土)以降は台湾イベント出張がある為、未定です。改めてお知らせいたします。",東京都北区王子本町1-14-1 高崎ビル 1F,https://tabelog.com/tokyo/A1323/A132303/13232817/
ラーメン,雨ニモマケズ,"営業時間
［月・水］11:00～15:0017:00～21:00［木・金］11:00～15:00［土・日・祝］7:30～15:0017:00～21:00
日曜営業
定休日
火曜日(祝日の場合営業)",東京都北区上十条3-29-11,https://tabelog.com/tokyo/A1323/A132304/13175392/
ラーメン,博多ラーメン 虎,"営業時間
11:00～22:00
日曜営業
定休日
木曜日",東京都北区神谷3-43-17,https://tabelog.com/tokyo/A1323/A132304/13008757/
ラーメン,町田商店 田端店,"営業時間
営業時間・休業日は変更となる場合がございますので、HPにて最新情報をご確認ください
日曜営業
定休日
無休",東京都北区田端1-21-8 1F,https://tabelog.com/tokyo/A1323/A132301/13252860/
ラーメン,かいらく,"営業時間
11:00～15:0017:00～19:00
日曜営業
定休日
木曜日",東京都北区王子2-28-9,https://tabelog.com/tokyo/A1323/A132303/13008781/
ラーメン,麺飯食堂 八右衛門,"営業時間
月～土 11:30～翌2:00(L.O.翌1:15)日 11:30～22:00
定休日
無休",東京都北区東田端1-12-3,https://tabelog.com/tokyo/A1323/A132301/13053086/
ラーメン,自家製麺 伊藤,"営業時間
[月～金]11:00～24:00[土]11:00～16:0017:00～23:00[日・祝]11:00～21:00
日曜営業
定休日
不定休",東京都北区赤羽1-2-4,https://tabelog.com/tokyo/A1323/A132305/13090799/
ラーメン,會津・喜多方らーめん 愛絆,"営業時間
[火・木・金]11:00～14:30(L.O)17:00～20:00(L.O)[土・日・祝]11:00～14:30(L.O)17:00〜20:00(L.O)※麺、スープが無くなり次第終了
日曜営業
定休日
月・水曜日（月曜日が祭日の場合には火曜日）",東京都北区上十条3-29-6,https://tabelog.com/tokyo/A1323/A132304/13238560/
ラーメン,横浜家系ラーメン春樹 北赤羽店,"営業時間
[ 火～日 ]11:00～23:00(L.O. 22:45) 
日曜営業
定休日
月曜日",東京都北区浮間3-1-47,https://tabelog.com/tokyo/A1323/A132305/13196898/
ラーメン,らーめん なるみや,,東京都北区十条仲原1-11-2,https://tabelog.com/tokyo/A1323/A132304/13241512/
ラーメン,晴天家 十条店,"営業時間
11:00～翌1:00",東京都北区上十条2-24-11,https://tabelog.com/tokyo/A1323/A132304/13259844/
ラーメン,らーめん 童童,"営業時間
11:30～14:3017:30～22:30(L.O)
日曜営業
定休日
月曜",東京都北区志茂4-12-8,https://tabelog.com/tokyo/A1323/A132305/13115700/
ラーメン,燦燦斗,"営業時間
18:00～20:30
日曜営業
定休日
月曜・木曜",東京都北区中十条3-16-15,https://tabelog.com/tokyo/A1323/A132304/13038064/
ラーメン,ほし,,東京都北区赤羽西4-21-22,https://tabelog.com/tokyo/A1323/A132305/13280733/
ラーメン,深夜拉麺 東十条,"営業時間
[月～木]21:00～翌2:00[金～土]21:00～翌4:00",東京都北区東十条2-3-9,https://tabelog.com/tokyo/A1323/A132304/13289392/
ラーメン,東京ラーメン つなふじ,,東京都北区上十条1-15-10,https://tabelog.com/tokyo/A1323/A132304/13243786/
ラーメン,いさみ,,東京都北区東十条1-21-3,https://tabelog.com/tokyo/A1323/A132304/13062641/
ラーメン,麺屋なにがし,,東京都北区中里1-16-2,https://tabelog.com/tokyo/A1323/A132301/13292066/
ラーメン,ミゾグチヤ 東十条店,"営業時間
11:30〜昼休みあり18:00〜
日曜営業",東京都北区東十条4-1-3,https://tabelog.com/tokyo/A1323/A132304/13292213/
ラーメン,日高屋 北赤羽店,,東京都北区赤羽北2-32-11,https://tabelog.com/tokyo/A1323/A132305/13105852/
ラーメン,ちゃんぽん由丸 品川港南店,"営業時間
【月～金】11:00～23:00（Lo22:30）【土】11:00～22:00（Lo21:00）お昼は、由丸自慢の豚骨スープをベースに、魚介やたっぷりの野菜のうまみがさらに加わったスープで自家製ちゃんぽん麺、夜は、九州おつまみと焼酎を揃えた本格居酒屋です！
定休日
日曜・祝日",東京都港区港南2-2-6 長山ビル 4F,https://tabelog.com/tokyo/A1314/A131403/13149593/
ラーメン,ホルモンらーめん8910 赤坂店,"営業時間
[月～土]11:30~翌4:00[日]11:30~23:00※祝日は上記曜日に準ずる
日曜営業
定休日
不定休",東京都港区赤坂3-13-1 ベルズ赤坂 1F,https://tabelog.com/tokyo/A1308/A130801/13275621/
ラーメン,麺処直久 新橋,"営業時間
月～金　11:00～22:45　（LO 22:15）土日祝　11:00～22:00　（LO 21:30）
日曜営業
定休日
年始、施設休館に準ずる",東京都港区新橋2東口地下街1号 ウィング新橋,https://tabelog.com/tokyo/A1301/A130103/13015049/
ラーメン,楽観 西麻布,"営業時間
[平日]11:00～16:0018:00～22:00［土・祝］11:00～22:00[日]11:00～19:00
日曜営業
定休日
無し",東京都港区西麻布1-8-12,https://tabelog.com/tokyo/A1307/A130701/13191934/
ラーメン,むらさき山,"営業時間
※12月9日土曜日、社員研修の為、16:00までの営業とさせて頂きます。[L.O 16:00]宜しくお願い致します。［月〜土］11:00〜23:00(L.O)(スープ切れ次第終了)
定休日
日曜日・年末年始",東京都港区芝5-23-8,https://tabelog.com/tokyo/A1314/A131402/13046911/
ラーメン,博多ラーメン 和,"営業時間
月～金11:00～16:0018:00～23:20(LO22:50)土11:00～21:00(LO21:00)
定休日
日・祝日 ・年末年始（12/30〜1/4）",東京都港区赤坂5-1-36 すずふりビル　1F,https://tabelog.com/tokyo/A1308/A130801/13165421/
ラーメン,ホルモンらーめん8910 西麻布店,"営業時間
[月～土]19:00～翌5:00
定休日
日曜日",東京都港区西麻布4-11-30 Rikamu5ビル 1F,https://tabelog.com/tokyo/A1307/A130703/13285389/
ラーメン,麺屋すみす,"営業時間
[平日]11:30～15:0017:30～21:00詳細はGoogleマイビジネスをご確認ください。[土]11:30～15:00[祝（月曜以外）]11:30～15:00
定休日
日曜 （加え祝日の月曜　他の祝日は営業いたします。）",東京都港区南青山2-2-15 ウィン青山 1F,https://tabelog.com/tokyo/A1306/A130603/13143791/
ラーメン,麺匠 竹虎 六本木店,"営業時間
【年中無休】11:00～翌9:008:30(LO)日曜営業11:00～翌5:305:00(LO)
日曜営業
定休日
年中無休",東京都港区六本木3-14-14 六本木314ビル 1F,https://tabelog.com/tokyo/A1307/A130701/13116548/
ラーメン,かれー麺 実之和 青山店,"営業時間
[月～金]11:00～16:00ランチタイム16:00～22:45(フードL.O)23:00（お酒L.O）[土]11:00〜14:00ランチタイム17:00〜22:00ディナータイム(L.O)早仕舞いあり、不定休
定休日
日曜日 祝祭日　土曜不定休",東京都港区南青山1-3-6 都営アパート　１Ｆ,https://tabelog.com/tokyo/A1306/A130603/13020297/
ラーメン,ど・みそ 東京ポートシティ竹芝店,"営業時間
［月～金］11:30~22:00（L.o21:30）［土・日・祝］11:30~15:00 （L.o14:50）※状況により変更がある事がございます。17:00~22:00（L.o21:30）
日曜営業
定休日
東京ポートシティ竹芝店の定休日に準ずる。　12月30日～1月3日",東京都港区海岸1-7-1,https://tabelog.com/tokyo/A1314/A131401/13250732/
ラーメン,麺場 田所商店 浜松町クレアタワー店,"営業時間
[月～金]11:00～15:00(L.O.14:30)17:00～21:30(L.O.21:00)[土]11:00～15:30(L.O.15:00)
定休日
日曜日、祝日",東京都港区浜松町2-3-1 日本生命浜松町クレアタワー 3F,https://tabelog.com/tokyo/A1314/A131401/13286375/
ラーメン,たくみ,"営業時間
21:00～翌5:00
定休日
月曜日、日曜日、祝日",東京都港区麻布十番1-8-5 パステル麻布　１Ｆ,https://tabelog.com/tokyo/A1307/A130702/13015184/
ラーメン,はるちゃんラーメン,"営業時間
11/1(水)から営業時間が変更になります。[月・火・木〜土]10:00～18:00引き続き、よろしくお願い申し上げます。
定休日
水曜日・日曜日",東京都港区新橋2-20-15 新橋駅前ビル1号館 1F,https://tabelog.com/tokyo/A1301/A130103/13262391/
ラーメン,だしの虜,"営業時間
ランチ11:30～15:00（最終入店14:00）ディナー【不定期】※営業日はInstagram・Xでお知らせいたします。18:00～21:00（最終入店20:00）お席は45分制
日曜営業
定休日
不定休",東京都港区六本木,https://tabelog.com/tokyo/A1307/A130701/13286291/
ラーメン,越後秘蔵麺 無尽蔵 しながわ家,"営業時間
[月～金]11:00～23:00(L.O.22:30)[土]11:00～22:00(L.O.21:30)[日・祝]11:30～22:00(L.O.21:30)
日曜営業
定休日
年末年始",東京都港区港南1-9-36 アレア品川 1F,https://tabelog.com/tokyo/A1314/A131403/13044202/
ラーメン,らぁめん 赤坂 みづ菜,"営業時間
[月〜土]11:00～15:00／17:00～22:00営業時間は急遽変更の可能性があります。詳しくは店舗までお問い合せ下さい。
定休日
日曜・祝日",東京都港区赤坂3-13-5,https://tabelog.com/tokyo/A1308/A130801/13259365/
ラーメン,鴨そば 田じま,"営業時間
11:30～15:30（L.O.）17:00～22:30（L.O.）
日曜営業
定休日
不定休",東京都港区六本木6-7-7 ラ・レンヌ六本木 1F,https://tabelog.com/tokyo/A1307/A130701/13278301/
ラーメン,炭火焼濃厚中華そば 奥倫道,"営業時間
11:00～22:00※材料が無くなり次第、終了する場合がございます。営業時間・定休日が記載と異なる場合がございます。ご来店時は事前に店舗にご確認ください。
日曜営業
定休日
無休（臨時休業有）",東京都港区芝大門2-1-18 GSハイム芝大門　1F,https://tabelog.com/tokyo/A1314/A131401/13262013/
ラーメン,赤まる 虎ノ門店,"営業時間
◆月～金11：00～15：0017：00～翌04：00(L.O03：00)
定休日
土日、祝日",東京都港区虎ノ門1-13-4 宝寿会館ビル　１Ｆ,https://tabelog.com/tokyo/A1308/A130802/13023494/
ラーメン,MENクライ,"営業時間
11:00～14:3018:00～20:30
定休日
日曜日",東京都港区芝1-3-4 山谷ビル 1F,https://tabelog.com/tokyo/A1314/A131401/13255714/
ラーメン,博多風龍 新橋店,"営業時間
11:00～翌2:00
定休日
日曜日",東京都港区新橋2-9-8 新橋南條ビル 1F,https://tabelog.com/tokyo/A1301/A130103/13147584/
ラーメン,麺屋 五常,,東京都港区新橋2 東口地下街1 ウィング新橋,https://tabelog.com/tokyo/A1301/A130103/13267998/
ラーメン,天天有 お台場デックス東京ビーチ店,"営業時間
11:00～23:00
日曜営業
定休日
無休",東京都港区台場1-6-1 デックス東京ビーチ 1F,https://tabelog.com/tokyo/A1313/A131306/13258386/
ラーメン,日高屋 新橋駅前店,"営業時間
［月～金］10:30～23:00(L.O.22:30)［土・日・祝］11:00～23:00
日曜営業
定休日
無休",東京都港区新橋3-25-19,https://tabelog.com/tokyo/A1301/A130103/13190157/
ラーメン,らーめん大 汐留店,"営業時間
昼 11:30～15:00（L.O.14:45）夜 18:15〜23:00（L.O.22:45）土日祝休
定休日
土曜、日曜定休日",東京都港区東新橋1-2-11 三陸ビル　1F,https://tabelog.com/tokyo/A1301/A130103/13121246/
ラーメン,喜多方ラーメン 坂内 汐留シティセンター店,"営業時間
11:00～21:00(L.O.20:45)
日曜営業
定休日
無休",東京都港区東新橋1-5-2 汐留シティセンター B1F,https://tabelog.com/tokyo/A1301/A130103/13023243/
ラーメン,麺屋 かじ,"営業時間
11:00～23:00(L.O.22:00)",東京都港区海岸1-2-20 ハマサイト グルメ 2F,https://tabelog.com/tokyo/A1314/A131401/13280202/
ラーメン,三豊麺 芝公園店,"営業時間
11:00～17:00
定休日
なし",東京都港区芝2-15-4 グリーンハウス芝ビル 1F,https://tabelog.com/tokyo/A1314/A131401/13154489/
ラーメン,麻布ラーメン 本店,,東京都港区南麻布2-5-16,https://tabelog.com/tokyo/A1307/A130702/13239380/
ラーメン,赤坂一点張,,東京都港区赤坂3-7-9 一点張ビル　１Ｆ,https://tabelog.com/tokyo/A1308/A130801/13002781/
ラーメン,麻布 昊,"営業時間
[月～金] 11:30～15:00(14:30 LO）
定休日
土曜日、日曜日、祝日",東京都港区元麻布3-10-6 ラウレア元麻布 1F,https://tabelog.com/tokyo/A1307/A130702/13286107/
ラーメン,由丸 溜池店,"営業時間
[月～金]11:00～23:00[土]11:00～22:00
定休日
日曜・祝日",東京都港区赤坂1-5-15 溜池アネックス　２Ｆ,https://tabelog.com/tokyo/A1308/A130802/13023468/
ラーメン,麻布 和たま,,東京都港区麻布十番2-3-12,https://tabelog.com/tokyo/A1307/A130702/13023382/
ラーメン,忍八,,東京都港区浜松町1-27-4 佐々木ビル １Ｆ・２Ｆ,https://tabelog.com/tokyo/A1314/A131401/13101258/
ラーメン,麺屋 味方,,東京都港区新橋4-6-10,https://tabelog.com/tokyo/A1301/A130103/13220344/
ラーメン,らぁ麺 六花,"営業時間
11:00～23:00
日曜営業
定休日
無休",東京都港区芝5-29-5 山田ビル 1F,https://tabelog.com/tokyo/A1314/A131402/13257153/
ラーメン,日高屋 田町東口店,"営業時間
[月～金]11:00～23:00(L.O.22:30)[土・日・祝]11:00～21:30
日曜営業
定休日
無休",東京都港区芝浦3-1 なぎさテラス 2F,https://tabelog.com/tokyo/A1314/A131402/13221757/
ラーメン,麺屋武蔵 芝浦店,"営業時間
11:15～22:30（月〜土）11:15〜22:00（日・祝）食材売切れ次第、終了あり。
日曜営業
定休日
無休",東京都港区芝浦3-12-5 1F,https://tabelog.com/tokyo/A1314/A131402/13167185/
ラーメン,らぁ麺 ななみ,"営業時間
6:30～10:00(ホテルの朝食タイム ラーメンはなし)11:30～15:00(ラーメンのみ)18:00～22:00(ラーメンもある、ちょい呑み酒場)
定休日
ランチ＆ディナー：土曜日、日曜日、祝日、お盆期間、年末年始",東京都港区浜松町1-24-11 変なホテル浜松町 1F,https://tabelog.com/tokyo/A1314/A131401/13290340/
ラーメン,町田商店 泉岳寺駅前店,"営業時間
営業時間・休業日は変更となる場合がございますので、HPにて最新情報をご確認ください
日曜営業
定休日
無休",東京都港区高輪2-16-38,https://tabelog.com/tokyo/A1314/A131403/13255985/
ラーメン,利尻昆布ラーメン くろおび 六本木店,,東京都港区六本木4-12-5 六本木144ビル 1F,https://tabelog.com/tokyo/A1307/A130701/13271908/
ラーメン,由丸 品川港南店,"営業時間
[月～金]11:00～23:00[土・日]11:00～22:00
日曜営業
定休日
祝",東京都港区港南2-2-6 長山ビル　２Ｆ,https://tabelog.com/tokyo/A1314/A131403/13023467/
ラーメン,利尻昆布ラーメン くろおび,"営業時間
[月～金］11:00～23:00[土］11:00～21:00スープが無くなり次第終了",東京都港区西新橋1-20-11 安藤ビル 1F,https://tabelog.com/tokyo/A1308/A130802/13212916/
ラーメン,TORISOBA 雄,"営業時間
〔月〜金〕11:30～15:00(L.O.14:45) / 17:00〜22:30（L.O 22:00）〔土〕11:00〜15:00（L.O.14:00）/17:00〜22:30（L.O.22:00）6/17〜9/16までの期間　土曜定休日とさせていただきます。
定休日
日曜日・祝日",東京都港区東麻布1-3-7 遠藤ビル 1F,https://tabelog.com/tokyo/A1314/A131401/13155800/
ラーメン,SHRIMP NOODLE 海老ポタ,"営業時間
[月～土]11:00～翌6:00[日・祝]11:00～24:00",東京都港区新橋2-15-12 KLセントラルビル 1F,https://tabelog.com/tokyo/A1301/A130103/13260266/
ラーメン,花の華,"営業時間
11：00～翌3：00
定休日
日曜定休日",東京都港区南麻布2-4-7,https://tabelog.com/tokyo/A1307/A130702/13025158/
ラーメン,麺家 いし川,,東京都港区西新橋2-23-2 日比谷パークビル 1F,https://tabelog.com/tokyo/A1301/A130103/13139811/
ラーメン,たきちゃんラーメン,"営業時間
平日11:00～22:30土11:00～15:00、18:00～22:30日祝11:00～15:00、18:00～21:30
日曜営業
定休日
無休(ビルメンテナンス、社内研修等で休業の場合あり)",東京都港区虎ノ門1-17-1 虎ノ門ヒルズ ビジネスタワー B1F,https://tabelog.com/tokyo/A1308/A130802/13270819/
ラーメン,入鹿TOKYO 六本木,"営業時間
[火～日]11:00～21:00(L.O.20:50)
日曜営業
定休日
月曜日",東京都港区六本木4-12-12 穂高ビル 1F,https://tabelog.com/tokyo/A1307/A130701/13264260/
ラーメン,うり坊 神谷町店,"営業時間
11:00～14:30 17:00～21:00
定休日
土曜日、日曜日、祝日",東京都港区虎ノ門5-1-5 虎ノ門４５ＭＴビル　Ｂ１Ｆ,https://tabelog.com/tokyo/A1307/A130704/13020719/
ラーメン,郭 政良 味仙 東京ニュー新橋ビル店,"営業時間
11:00～15:00 17:00～23:00
日曜営業
定休日
無休",東京都港区新橋2-16-1 ニュー新橋ビル 1F,https://tabelog.com/tokyo/A1301/A130103/13231963/
ラーメン,中華そばと餃子,"営業時間
月ー金11:30～14:0018:00～21:00日11:30～14:00
定休日
土曜日",東京都港区芝大門1-4-4 ノア芝大門 1F,https://tabelog.com/tokyo/A1314/A131401/13274724/
ラーメン,魚らん坂,"営業時間
［月ー土］11:00～20:30
定休日
日曜日",東京都港区高輪1-4-20,https://tabelog.com/tokyo/A1316/A131602/13020422/
ラーメン,威風 青山店,"営業時間
10:00～23:00(L.O.22:30)
日曜営業
定休日
無休",東京都港区北青山2-7-21 青山アイアイビル 1F,https://tabelog.com/tokyo/A1306/A130603/13283407/
ラーメン,Blood Moon Tokyo design noodles,"営業時間
［月～金］11:30～16:0017:00～23:30（L.O.23:00）［土］11:30～15:00
定休日
日曜日",東京都港区新橋1-17-6 ASK新橋 1F,https://tabelog.com/tokyo/A1301/A130103/13264363/
ラーメン,由丸 芝大門店,"営業時間
[月～金]11:00～23:00（L.O.22:30）[土]11:00～22:00（L.O.21:30）
定休日
日曜日・祝日",東京都港区芝大門2-1-15 羽織屋ビル,https://tabelog.com/tokyo/A1314/A131401/13117261/
ラーメン,つけ麺らーめん春樹 お台場店,"営業時間
11:00～23:00（L.O.22:45)
定休日
休馆日",東京都港区台場1-6-1 シーサイドモール　6F,https://tabelog.com/tokyo/A1313/A131306/13226681/
ラーメン,鮎ラーメン+ 虎ノ門横丁店,"営業時間
11：30〜15：0017：00〜22：00
日曜営業
定休日
無休",東京都港区虎ノ門1-17-1 虎ノ門ヒルズ ビジネスタワー 3F,https://tabelog.com/tokyo/A1308/A130802/13247665/
ラーメン,一蘭 新橋店,"営業時間
10:00～翌6:00
日曜営業
定休日
無休",東京都港区新橋2-5-6 2F,https://tabelog.com/tokyo/A1301/A130103/13247284/
ラーメン,舎鈴 田町駅店,"営業時間
[月～金]11:00～22:30[土]11:00～15:00
定休日
日曜日、祝日",東京都港区芝5-34-7 田町センタービル 106,https://tabelog.com/tokyo/A1314/A131402/13199249/
ラーメン,博多一瑞亭 三田店,"営業時間
●11:00～23:00(L/O22:30)
日曜営業
定休日
不定休",東京都港区芝5-14-1 マック三田コート102,https://tabelog.com/tokyo/A1314/A131402/13207849/
ラーメン,麺尊 RAGE 麻布台ヒルズ,"営業時間
11:00～22:00(L.O.21:30)",東京都港区虎ノ門5-10-7 麻布台ヒルズガーデンプラザD B1F,https://tabelog.com/tokyo/A1307/A130704/13291538/
ラーメン,博多天神 新橋２号店,"営業時間
[月～金] 10:00～03:00[土・日・祝]10:00～
日曜営業
定休日
無休",東京都港区新橋3-21-10,https://tabelog.com/tokyo/A1301/A130103/13039667/
ラーメン,やっとこ 三田店,"営業時間
月～土10:30～21:30（16:00~17:30休憩あり）日曜日11:00~15:00祝日営業10:30~21:30（16:00~17:30休憩あり）
日曜営業
定休日
無し",東京都港区三田3-1-1,https://tabelog.com/tokyo/A1314/A131402/13158832/
ラーメン,金蠍 東京タワー店,"営業時間
11:00～20:00
日曜営業
定休日
無休",東京都港区芝公園4-2-8 東京タワー 2F,https://tabelog.com/tokyo/A1314/A131401/13229520/
ラーメン,RAMEN 百舌鳥,"営業時間
11:00～23:00
日曜営業
定休日
無休",東京都港区赤坂5-3-1 赤坂Bizタワー B1F,https://tabelog.com/tokyo/A1308/A130801/13268936/
ラーメン,貝出汁らぁ麺 しらはら,"営業時間
11:30～14:00
定休日
日曜日",東京都港区新橋2-20-15 新橋駅前ビル1号館,https://tabelog.com/tokyo/A1301/A130103/13281791/
ラーメン,幸っちゃん,,東京都港区虎ノ門1 晩翠軒ビルの斜め向かい,https://tabelog.com/tokyo/A1308/A130802/13037036/
ラーメン,宝屋,"営業時間
11:00～15:00（L.0. 14:30）18:00～21:00（L.0. 20:30）
定休日
土曜日、日曜日、祝日",東京都港区虎ノ門2-9-1 虎ノ門ヒルズ江戸見坂テラス 1F,https://tabelog.com/tokyo/A1308/A130802/13288914/
ラーメン,玉 田町店,"営業時間
営業時間月曜〜金曜：11時～22時(L.O.21時30分)土日祝：11時〜16時（19時30分）17時〜22時（21時）
日曜営業
定休日
無休",東京都港区芝浦3-1-1 msb Tamachi 田町ステーションタワーN 1F,https://tabelog.com/tokyo/A1314/A131402/13250431/
ラーメン,ひるがおEX,,東京都港区高輪4-10-30 品川プリンスホテル アネックスタワー 2F,https://tabelog.com/tokyo/A1314/A131403/13127961/
ラーメン,新橋 纏,"営業時間
11:00～15:0017:30～22:20[土]11:00～15:0017:30～21:20[日]11:00～15:0017:30～20:20",東京都港区新橋3-13-2 IKENO-5 1F,https://tabelog.com/tokyo/A1301/A130103/13156937/
ラーメン,瀬佐味亭 虎ノ門店,"営業時間
[月～金]11:00～22:00
定休日
土曜・日曜・祝日",東京都港区西新橋1-9-1 アコール新橋 1F,https://tabelog.com/tokyo/A1301/A130103/13114591/
ラーメン,新福菜館 浜松町店,"営業時間
[月～土]11:00～15:0017:30～23:00[日・祝]11:00～15:0017:30～21:00
日曜営業
定休日
無休",東京都港区浜松町1-23-4 昭栄ビル 1F,https://tabelog.com/tokyo/A1314/A131401/13280148/
ラーメン,舎鈴 赤坂インターシティAIR店,"営業時間
11:00～21:00
定休日
土曜日、日曜日、祝日",東京都港区赤坂1-8-1 赤坂インターシティAIR B1F,https://tabelog.com/tokyo/A1308/A130802/13213677/
ラーメン,麺屋 おやゆび,"営業時間
11:00～15:00 18:00～21:00[水]11:00～15:00
定休日
日曜日",東京都港区芝2-30-9 プロシード三田 1F,https://tabelog.com/tokyo/A1314/A131401/13277323/
ラーメン,らーめん 徳,,東京都港区高輪2-16-32,https://tabelog.com/tokyo/A1314/A131403/13167073/
ラーメン,麺屋 周郷,"営業時間
[月・火・水・木・金・土]11:00～15:0017:00～22:00［日］ 11:00～16:00※食材がなくなり次第終了
日曜営業
定休日
なし",東京都港区新橋4-19-1,https://tabelog.com/tokyo/A1301/A130103/13260478/
ラーメン,ラーメン二郎 三田本店,,東京都港区三田2-16-4,https://tabelog.com/tokyo/A1314/A131402/13006051/
ラーメン,らーめん バリ男 新橋本店,"営業時間
[月～金]11:00～23:00[土・日・祝]11:00～15:00 17:00～21:00
日曜営業
定休日
無休(年末年始除く)",東京都港区西新橋1-21-1,https://tabelog.com/tokyo/A1301/A130103/13112970/
ラーメン,中国ラーメン揚州商人 赤坂店,"営業時間
11:00～翌4:30(L.O.翌4:00)
日曜営業
定休日
無休",東京都港区赤坂3-17-8 都ビル　１Ｆ,https://tabelog.com/tokyo/A1308/A130801/13015102/
ラーメン,金澤濃厚豚骨ラーメン 神仙 アクアシティ店,"営業時間
11:00～23:00
定休日
不定休(アクアシティお台場に準ずる)",東京都港区台場1-7-1 アクアシティお台場 5F 東京ラーメン国技館 舞,https://tabelog.com/tokyo/A1313/A131306/13206967/
ラーメン,栄雅,"営業時間
11:30〜15:00 / 17:30〜21:00
定休日
日曜日・祝日",東京都港区西新橋1-19-8 片山ビル　１Ｆ,https://tabelog.com/tokyo/A1301/A130103/13023101/
ラーメン,喜多方ラーメン 坂内 品川シーズンテラス店,"営業時間
[月～金]11:00～20:00(L.O.19:45)[土・日・祝]11:00～17:00(L.O.16:45)
日曜営業
定休日
無休",東京都港区港南1-2-70 品川シーズンテラス 2F,https://tabelog.com/tokyo/A1314/A131403/13182615/
ラーメン,中華そば専門 田中そば店 赤坂アークヒルズ店,"営業時間
11:00～22:00
日曜営業
定休日
無休",東京都港区赤坂1-12-32 アーク森ビル3F,https://tabelog.com/tokyo/A1307/A130701/13219769/
ラーメン,光麟堂,"営業時間
[月〜金]10:50〜15:00
定休日
土曜日・日曜日",東京都港区新橋5-33-8 新橋SSビル 1F,https://tabelog.com/tokyo/A1314/A131401/13173677/
ラーメン,日高屋 田町西口店,"営業時間
［月・火・木・金］10:00～4:00(L.O.3:30)［水］10:00～23:00［土］10:00～22:00［日］10:00～21:00
日曜営業
定休日
無休",東京都港区芝5-31-15 センチュリー三田ビル 1F・2F,https://tabelog.com/tokyo/A1314/A131402/13168916/
ラーメン,壱角家 新橋店,"営業時間
[月～日]10:00～翌3:00
日曜営業
定休日
無休",東京都港区新橋3-11-1 田島ビル 1F,https://tabelog.com/tokyo/A1301/A130103/13194089/
ラーメン,つけ麺屋 やすべえ 赤坂店,"営業時間
[月～土]11:00～翌3:00[日]11:00～21:00※スープなくなり次第終了
日曜営業
定休日
無休（年末年始を除く）",東京都港区赤坂6-3-19 オリオンビル　１Ｆ,https://tabelog.com/tokyo/A1308/A130801/13028670/
ラーメン,らぁめん ほりうち 新橋店,"営業時間
[月～金]   7:00 ～ 翌3:00[土] 11:00～翌3:00[日・祝] 11:00～23:00",東京都港区新橋3-19-4 桜井ビル 1F,https://tabelog.com/tokyo/A1301/A130103/13156562/
ラーメン,東京油組総本店 赤坂見附組,"営業時間
[月～土]11:00～5:00[日]11:00～22:00麺がなくなり次第終了
日曜営業
定休日
無休",東京都港区赤坂3-10-20 第三対翠館ビル 1F,https://tabelog.com/tokyo/A1308/A130801/13046282/
ラーメン,壱角家 田町店,"営業時間
[月～金]10:00～翌3:00[土・日・祝]10:00～23:00
日曜営業
定休日
無休",東京都港区芝浦3-7-15 チトセビル,https://tabelog.com/tokyo/A1314/A131402/13184565/
ラーメン,三田製麺所 三田本店,"営業時間
[月～金]　10:30～23:00(L.O.22:30)[土・日・祝]10:30～21:00(L.O.20:30)",東京都港区芝5-22-8 アトラス田町ビル,https://tabelog.com/tokyo/A1314/A131402/13056611/
ラーメン,鶏そば十番156 麻布十番本店,"営業時間
11:00～23：00
日曜営業
定休日
年末年始",東京都港区麻布十番2-1-10,https://tabelog.com/tokyo/A1307/A130702/13168206/
ラーメン,どさん娘,"営業時間
11:30～14:30／16:00～22:00
定休日
日曜日、祝日",東京都港区新橋2-20-15 新橋駅前ビル1号館 B1F,https://tabelog.com/tokyo/A1301/A130103/13049853/
ラーメン,らーめん日の出,"営業時間
11:00～14:30
定休日
土・日・祝",東京都港区海岸2-6-41,https://tabelog.com/tokyo/A1314/A131401/13065878/
ラーメン,集来,"営業時間
11:00～14:30
定休日
土曜日、日曜日、祝日",東京都港区芝大門2-3-6,https://tabelog.com/tokyo/A1314/A131401/13014237/
ラーメン,横濱 本丸亭  新橋店,,東京都港区新橋4-15-8 ルグランシェルビル21 1F,https://tabelog.com/tokyo/A1301/A130103/13271603/
ラーメン,ビックラーメン 虎ノ門店,"営業時間
[月～金]11:00～22:20[土]11:00～19:00
定休日
日曜日",東京都港区虎ノ門1-11-13,https://tabelog.com/tokyo/A1308/A130802/13015268/
ラーメン,直久 新青山ビル,"営業時間
［月～金］11:00～22:30（L.O.22:00）［土・日・祝］11:00～21:00（L.O.20:30）
日曜営業
定休日
無休（ビル休館日に準ずる／年末年始休みあり）",東京都港区南青山1-1-1 新青山ビル西館　Ｂ１Ｆ,https://tabelog.com/tokyo/A1306/A130603/13029016/
ラーメン,乃木坂ラーメン 東京食品 まる彦,"営業時間
11:00～21:00
日曜営業
定休日
無休",東京都港区南青山1-15-19 グランメゾン乃木坂 B1F,https://tabelog.com/tokyo/A1307/A130701/13256363/
ラーメン,梅吉,"営業時間
[月～金]11:00～15:0018:30～23:00[土]11:00～15:0018:30～21:00
定休日
日曜日、不定休",東京都港区南青山1-10-14 斉藤ビル 1F,https://tabelog.com/tokyo/A1306/A130603/13174938/
ラーメン,広州市場 田町店,"営業時間
11:00～23:00(L.O.22:50)
日曜営業
定休日
不定休（msb田町に準ずる）",東京都港区芝浦3-1-21 田町ステーションタワーS（ムスブ田町）1F,https://tabelog.com/tokyo/A1314/A131402/13228436/
ラーメン,天下一品 田町店,"営業時間
11:00～22:30
日曜営業
定休日
無休",東京都港区芝5-17-11,https://tabelog.com/tokyo/A1314/A131402/13190910/
ラーメン,豚骨醤油らーめん 福気,"営業時間
［平日］11:00 - 28:00［土曜日］11:00 - 28:00［日曜・祝日］11:00 - 28:00",東京都港区芝大門2-1-1,https://tabelog.com/tokyo/A1314/A131401/13059518/
ラーメン,桂,"営業時間
11:00～22:00
定休日
土曜日、日曜日、祝日",東京都港区赤坂2-10-16 早川ビル　１Ｆ,https://tabelog.com/tokyo/A1308/A130802/13022986/
ラーメン,天虎,"営業時間
11:00～16:00
定休日
土曜日、日曜日、祝日",東京都港区芝大門2-9-8,https://tabelog.com/tokyo/A1314/A131401/13023079/
ラーメン,横浜家系らーめん 武源家,,東京都港区三田3-1-2 北村ビル 1F,https://tabelog.com/tokyo/A1314/A131402/13180759/
ラーメン,ZOOT,"営業時間
【昼】11:30～Lo.14:30(ラーメン屋として営業)【夜】17:00～23:00（焼き鳥ダイニングとして営業）
定休日
土、日、祝日",東京都港区浜松町1-28-4 保木ビル1階,https://tabelog.com/tokyo/A1314/A131401/13058997/
ラーメン,かにラーメン 光夏,"営業時間
[月～木]21:00～翌6:00[金・土]21:00～翌7:00
定休日
日曜日",東京都港区西麻布1-14-17 西麻布伊東ビル 1F,https://tabelog.com/tokyo/A1307/A130701/13241142/
ラーメン,手打ち中華 玉 アクアシティお台場店,"営業時間
11:00～23:00(L.O.22:30)
日曜営業
定休日
不定休",東京都港区台場1-7-1 アクアシティお台場 5F,https://tabelog.com/tokyo/A1313/A131306/13271606/
ラーメン,伝丸 青山店,"営業時間
10:00～23:00（L.O.22:30）
日曜営業
定休日
無休",東京都港区北青山2-7-21 青山アイアイビル 1F,https://tabelog.com/tokyo/A1306/A130603/13141749/
ラーメン,博多天神 新橋1号店,"営業時間
10:00～翌3:30
日曜営業
定休日
無休",東京都港区新橋2-8-15 ＮＳプラザ新橋ビル　１Ｆ,https://tabelog.com/tokyo/A1301/A130103/13002172/
ラーメン,○新 ネギラーメン 新橋店,"営業時間
［月・火・水・木・金］11:00～翌４:00［土・日・祝］11:00～22:00
日曜営業",東京都港区新橋1-16-8,https://tabelog.com/tokyo/A1301/A130103/13284115/
ラーメン,麻布 チャーシュー軒,"営業時間
11:00～翌7:00
定休日
日曜日",東京都港区西麻布3-24-23 ARUGA8ビル 1F,https://tabelog.com/tokyo/A1307/A130701/13279104/
ラーメン,真鯛らーめん 麺魚 新橋店,"営業時間
11:00～22:00(L.O.21:30)",東京都港区新橋1-13-5 水谷ビル 1F,https://tabelog.com/tokyo/A1301/A130103/13278231/
ラーメン,頑者NEXT LEVEL,"営業時間
11:00～22:00(L.O.21:15)
日曜営業
定休日
無休",東京都港区台場1-7-1 アクアシティお台場 5F,https://tabelog.com/tokyo/A1313/A131306/13194759/
ラーメン,らーめんバリ男 大門店,"営業時間
平日　　11:00-23:00土日祝　11:00-15:00 17:00-21:00
日曜営業
定休日
不定休",東京都港区芝大門2-1-8 芝大門マンション 1F,https://tabelog.com/tokyo/A1314/A131401/13223923/
ラーメン,一風堂 六本木店,"営業時間
11:00～23:00(L.O.22:30)
日曜営業
定休日
無休",東京都港区六本木4-9-11 第２小田切ビル　１Ｆ,https://tabelog.com/tokyo/A1307/A130701/13005378/
ラーメン,壱角家 溜池山王店,"営業時間
11:00～22:00
日曜営業
定休日
無休",東京都港区赤坂2-10-7 ラフィーネ赤坂 1F,https://tabelog.com/tokyo/A1308/A130802/13183307/
ラーメン,斬鉄軒,"営業時間
[月～土]11:30～14:00
定休日
日曜・祝日",東京都港区芝浦2-12-5,https://tabelog.com/tokyo/A1314/A131402/13050050/
ラーメン,麺屋武蔵 虎嘯,"営業時間
[平日]11:00～22:30[土日・祝日]11:00～22:00[奇数月　第3日曜]11:00～20:00
日曜営業
定休日
無休",東京都港区六本木4-12-6 内田ビル 1F,https://tabelog.com/tokyo/A1307/A130701/13131171/
ラーメン,三代目 博多 だるま,"営業時間
11:00～23:00 (L.O.22:30)
日曜営業",東京都港区台場1-7-1 アクアシティお台場 5F,https://tabelog.com/tokyo/A1313/A131306/13271860/
ラーメン,赤坂麺道いってつ,,東京都港区赤坂3-20-2 第3福富ビル 1F,https://tabelog.com/tokyo/A1308/A130801/13131080/
ラーメン,ダイニング　麺夢や,,東京都港区赤坂3-21-14 共和六番館 1F,https://tabelog.com/tokyo/A1308/A130801/13176785/
ラーメン,新福菜館 麻布十番店,"営業時間
毎日11：00～22：00まで営業(L.O 21:30) ※誠に勝手ながら食材がなくなり次第、終了とさせて頂く場合がございます。あらかじめご了承ください。お早めのご来店をお待ちしております。
日曜営業
定休日
月曜日定休日",東京都港区麻布十番1-2-5 富山店舗 1F,https://tabelog.com/tokyo/A1307/A130702/13178200/
ラーメン,壱角家 品川港南口店,"営業時間
[月～金]11:00～翌3:00[金]11:00～23:00[土日]11:00～22:00
日曜営業
定休日
無休",東京都港区港南2-6-7 品川ビル 1F,https://tabelog.com/tokyo/A1314/A131403/13210416/
ラーメン,威風 南青山店,"営業時間
10:30～23:00（L.O.22:30）",東京都港区南青山6-3-12,https://tabelog.com/tokyo/A1306/A130602/13269092/
ラーメン,どうとんぼり神座 麻布十番店,"営業時間
11:00～23:00(L.O.22:30)",東京都港区麻布十番1-6-6 魚可津ビル 1F,https://tabelog.com/tokyo/A1307/A130702/13288890/
ラーメン,麻布ラーメン 西麻布店,"営業時間
11:00～翌6:00
定休日
日曜日",東京都港区西麻布4-1-5,https://tabelog.com/tokyo/A1307/A130703/13021544/
ラーメン,横浜家系ラーメン 一刀家,"営業時間
［月〜金］11:00〜23:30［土曜］11:00〜22:00※スープ切れのため早期閉店の場合あり※詳細は店舗までお問い合わせください
定休日
日曜・祝日",東京都港区赤坂3-14-2 ドルミ赤坂 1F,https://tabelog.com/tokyo/A1308/A130801/13159359/
ラーメン,かおたんラーメンえんとつ屋 南青山店,"営業時間
11:30～翌5:00
定休日
日曜日",東京都港区南青山2-34-30,https://tabelog.com/tokyo/A1307/A130701/13001896/
ラーメン,一風堂スタンド 浜松町店,"営業時間
[月～金]11:00～22:00[土・日・祝]11:00～15:00
日曜営業",東京都港区浜松町1-27-6 マストライフ大門・浜松町 1F,https://tabelog.com/tokyo/A1314/A131401/13197926/
ラーメン,ラ－メン馬場壱家 智の陣,"営業時間
11:00～24:30",東京都港区西麻布3-20-16 西麻布アネックス 1F,https://tabelog.com/tokyo/A1307/A130701/13226743/
ラーメン,まるきんラーメン 白金店,"営業時間
11:30～翌3:30
日曜営業
定休日
無休",東京都港区白金6-22-19,https://tabelog.com/tokyo/A1316/A131601/13001628/
ラーメン,麺恋処 き楽,"営業時間
[月～金]11:00～15:00 17:00～21:30[土]11:00～15:00
定休日
日曜日､祝日",東京都港区新橋5-24-5,https://tabelog.com/tokyo/A1314/A131401/13146828/
ラーメン,ニューともちん,"営業時間
[月〜金]08:00〜15:00
定休日
土曜　日曜　祝日",東京都港区新橋2-20-15 新橋駅前ビル B1F,https://tabelog.com/tokyo/A1301/A130103/13288533/
ラーメン,青山焼鳥倶楽部 昼の部 らーめん・つけ麺屋,"営業時間
月～金11:30～15:00（平日のランチタイムのみの営業です）
定休日
土・日・祝（平日のランチタイムのみの営業です）",東京都港区南青山5-10-5 第一九曜ビル B1F,https://tabelog.com/tokyo/A1306/A130602/13164523/
ラーメン,自家製麺 ロビンソン,"営業時間
11:00～14:00(L.O)
定休日
日曜日、祝日",東京都港区虎ノ門1-16-9 双葉ビル 1F,https://tabelog.com/tokyo/A1308/A130802/13264815/
ラーメン,麺屋 空海 品川店,"営業時間
[月〜金]11:00〜15:00(L.O.14:45)17:00〜21:30(L.O.21:00)
定休日
土日祝",東京都港区港南2-16-5 NBFビル グランパサージュ2 B1F,https://tabelog.com/tokyo/A1314/A131403/13147192/
ラーメン,東京らあめんタワー 芝大門本店,"営業時間
[月～金]11：00～15：0017：00～21 : 00[土・祝]11 :  00～15：00
定休日
日曜",東京都港区浜松町1-27-4,https://tabelog.com/tokyo/A1314/A131401/13094448/
ラーメン,赤坂麺処 友,"営業時間
【平日】11:00〜26:30【土日祝】11:00〜21:00(最終入店20:30)※食材がなくなり次第閉店
日曜営業
定休日
第二土曜日",東京都港区赤坂2-13-13 オレンジビル 1F,https://tabelog.com/tokyo/A1308/A130801/13141057/
ラーメン,貝出汁らぁ麺 虎武,"営業時間
[月～金]11:00～16:00（L.O.15時45分）17:00～22:00（L.O.21時45分）[土・祝]11:00～15:00（L.O.14時45分）
定休日
第1/第3/第5土曜、日曜",東京都港区西新橋2-2-3 西新橋ビル 1F,https://tabelog.com/tokyo/A1301/A130103/13245939/
ラーメン,背脂煮干中華そば 和市,"営業時間
11:00〜15:0017:00〜21:00
定休日
日曜日、祝日",東京都港区新橋3-14-6 駒場ビル 1F,https://tabelog.com/tokyo/A1301/A130103/13257918/
ラーメン,元祖 札幌や,"営業時間
昼[月～金]11:00～15:00[土]11:00～14:00夜[月～金]17:00～21:00土曜日はランチのみ営業です。
定休日
日曜・祝日",東京都港区西新橋1-19-6,https://tabelog.com/tokyo/A1301/A130103/13018516/
ラーメン,えっちゃんラーメン。,"営業時間
月～金 10:00-26:00（翌2:00まで）土　 　10:00-21:00日祝 　10:00-20:00テイクアウト 10:00からいつも田町えっちゃんラーメンご利用いただきありがとうございます。8月27日（日）は、通常の営業時間より3時間早い17:00までの営業となります。ご迷惑をおかけしますが、何卒ご理解のほどよろしくお願い申し上げます。
日曜営業
定休日
なし(年末年始除く)",東京都港区芝浦3-1-30 なぎさテラス 1F,https://tabelog.com/tokyo/A1314/A131402/13251769/
ラーメン,中華そば いづる,"営業時間
[月～金]11:00～14:0017:30～20:30※8月17.18.19日は昼営業のみ11:00～15:00
定休日
土曜・日曜",東京都港区芝大門2-1-18,https://tabelog.com/tokyo/A1314/A131401/13204179/
ラーメン,新橋元楽,"営業時間
［月～金］11:00～14:45／17:00～20:00［土］11:30～15:00　※売り切れ早仕舞いあり
定休日
日曜日、祝日",東京都港区新橋5-12-1 越田ビル 1F,https://tabelog.com/tokyo/A1301/A130103/13196666/
ラーメン,らーめん 谷瀬家,"営業時間
[月～日]11:00～翌2:00
日曜営業
定休日
無休",東京都港区新橋3-11-1 イーグル烏森ビル 1F,https://tabelog.com/tokyo/A1301/A130103/13221749/
ラーメン,らぁ麺 貝屋の台所 by 虎ノ門 虎武,,東京都港区浜松町2-5-4 秀和浜松町駅前ビル 1F,https://tabelog.com/tokyo/A1314/A131401/13262446/
ラーメン,塩らーめん専門 ひるがお アクアシティお台場店,"営業時間
11:00～20:00
日曜営業
定休日
不定休",東京都港区台場1-7-1 アクアシティお台場 5F ラーメン国技館舞,https://tabelog.com/tokyo/A1313/A131306/13271618/
ラーメン,とんこつラーメン 藤参,"営業時間
11:00～翌7:00
日曜営業
定休日
無休",東京都港区三田3-1-13,https://tabelog.com/tokyo/A1314/A131402/13227251/
ラーメン,くるめや,"営業時間
[月～土]11:00～14:0017:00～22:00
定休日
日・祝日",東京都港区西新橋1-18-11 ル・グラシエルビル15,https://tabelog.com/tokyo/A1301/A130103/13171524/
ラーメン,博多麺房 赤のれん 西麻布本店,"営業時間
11:00～翌5:00
定休日
日曜日",東京都港区西麻布3-21-24 第五中岡ビル　１Ｆ,https://tabelog.com/tokyo/A1307/A130701/13001341/
ラーメン,MASHI NO MASHI TOKYO,"営業時間
[木金土]18:00～21:00(L.O20:00)
定休日
日月火水",東京都港区六本木4-5-11 SIX 1F,https://tabelog.com/tokyo/A1307/A130701/13245303/
ラーメン,北海道らーめん ほしみ屋 虎ノ門店,,東京都港区虎ノ門1-13-1 1F,https://tabelog.com/tokyo/A1308/A130802/13268392/
ラーメン,日高屋 六本木店,"営業時間
24時間営業
日曜営業
定休日
無休",東京都港区六本木7-14-2 六本木三清会館　１Ｆ,https://tabelog.com/tokyo/A1307/A130701/13024040/
ラーメン,麺屋 和とわ,"営業時間
昼 11:30～15:00夜 18:00～22:00(L.O.21:30)土曜日　12:00〜15:00
定休日
日曜日・祝日",東京都港区南青山2-13-5 カーサMYビル 1F,https://tabelog.com/tokyo/A1306/A130603/13215117/
ラーメン,らぁめんや 風神,"営業時間
10:00～23:00(L.O.22:30)
日曜営業
定休日
なし",東京都港区高輪4-10-25,https://tabelog.com/tokyo/A1314/A131403/13044577/
ラーメン,らーめん北の大地 赤坂店,,東京都港区赤坂3-14-7 赤坂ステラ 1F,https://tabelog.com/tokyo/A1308/A130801/13252838/
ラーメン,天雷軒 神谷町本店,"営業時間
[月～金]11:00～23:00(L.O.22:30)[第2第4第5土・祝]11:00～16:00
定休日
第1・第3土曜日、日曜日",東京都港区虎ノ門5-2-7 土井ビル　１Ｆ,https://tabelog.com/tokyo/A1307/A130704/13113813/
ラーメン,ハちゃんラーメン,"営業時間
[月]11:00～15:00(L.O)[火-土]11:00～15:0018:00～21:00(L.O)営業カレンダーをTwitter、Instagramにて公開してるので、そちらで確認お願いいたします。
定休日
日曜日",東京都港区浜松町1-15-9 コンシェリア浜松町 1F,https://tabelog.com/tokyo/A1314/A131401/13283638/
ラーメン,煮干し中華そば 麺屋 芝乃,"営業時間
平日11:30〜15:45（15:30ラストオーダー）17:00〜22:15（22:00ラストオーダー）土曜・祝日11:30〜15:45（15:30ラストオーダー）
定休日
日曜日",東京都港区芝公園2-3-9 荒井ビル 1F,https://tabelog.com/tokyo/A1314/A131401/13228157/
ラーメン,東京麺珍亭本舗 麻布店,"営業時間
11:00～23:00
定休日
日曜日",東京都港区元麻布3-2-20,https://tabelog.com/tokyo/A1307/A130701/13268534/
ラーメン,札幌本舗 クレアタワー店,"営業時間
[月～日]11:00～21:30(L.O.21:00)[土・日・祝]11:00～20:30(L.O.20:00)
日曜営業
定休日
無休",東京都港区浜松町2-3-1 日本生命浜松町クレアタワー B1F,https://tabelog.com/tokyo/A1314/A131401/13230521/
ラーメン,博多長浜ラーメン 呑龍,"営業時間
［月～金］11:00～14:00 18:00～翌2:00（L.O.翌1:30）［土］11:00～14:00 18:00～22:00［日］11:00～14:00 18:00～21:00
定休日
無休",東京都港区東新橋1-2-13 川岸会館　１Ｆ,https://tabelog.com/tokyo/A1301/A130103/13015066/
ラーメン,富喜製麺研究所 六本木店,"営業時間
[月～土]11:00～16:0018:00～翌6:00[日]11:00～24:00
日曜営業
定休日
なし",東京都港区六本木3-13-10,https://tabelog.com/tokyo/A1307/A130701/13288071/
ラーメン,田中そば店 田町タワー店,"営業時間
11:00～15:0017:00～21:00
定休日
不定休(ビル休館日に準ずる)",東京都港区芝5-33-11 田町タワー 2F,https://tabelog.com/tokyo/A1314/A131402/13289621/
ラーメン,宇明家 東京タワー店,"営業時間
11:00～19:30(L.O)
日曜営業
定休日
なし",東京都港区芝公園4-2-8 東京タワー2F,https://tabelog.com/tokyo/A1314/A131401/13099648/
ラーメン,威風 三田店,"営業時間
[月～金] 10:30～23:30[土・日・祝]10:30～22:30",東京都港区芝5-26-10,https://tabelog.com/tokyo/A1314/A131402/13271024/
ラーメン,東京味噌ちゃんぽん,"定休日
土曜日、日曜日、祝日",東京都港区芝5-12-10,https://tabelog.com/tokyo/A1314/A131402/13282389/
ラーメン,北海道らーめん みそ熊 新橋店,"営業時間
10:30〜翌5:00",東京都港区新橋3-16-19,https://tabelog.com/tokyo/A1301/A130103/13219551/
ラーメン,麺屋 雷神 浜松町店,"営業時間
11:30～15:00 17:00～23:30
定休日
日曜日",東京都港区浜松町2-9-1 高橋第三ビル B1F,https://tabelog.com/tokyo/A1314/A131401/13225990/
ラーメン,松阪牛ラーメン 一人しゃぶしゃぶ 松虎,"営業時間
▶︎営業時間平日：11:30〜23:30土日祝休み
定休日
土日祝休み",東京都港区赤坂3-9-16 福虎ビル 1F,https://tabelog.com/tokyo/A1308/A130801/13257298/
ラーメン,蔭山樓 ウィング高輪店,"営業時間
11:00～21:00 (L.O.20:30)
定休日
無休",東京都港区高輪4-10-18 ウィング高輪 1F,https://tabelog.com/tokyo/A1314/A131403/13267003/
ラーメン,AFURI 麻布十番,"営業時間
11:00-23:00 (Last order 22:30)
日曜営業
定休日
Open 7 days a week",東京都港区麻布十番1-8-10 麻布十番TSビル 1F,https://tabelog.com/tokyo/A1307/A130702/13152138/
ラーメン,九州じゃんがららあめん 赤坂店,"営業時間
［月～金］11:00～22:00(L.O.21:45)［土・日］11:00～15:00
日曜営業
定休日
無休",東京都港区赤坂2-15-15 ハイツサト赤坂 1F,https://tabelog.com/tokyo/A1308/A130801/13002906/
ラーメン,ラーメン大将,,東京都港区新橋5-31-6,https://tabelog.com/tokyo/A1314/A131401/13026297/
ラーメン,麺屋武一 汐留シティセンター店,"営業時間
月〜金11:00〜15:00 ラストオーダー14:3017:00〜22:30 ラストオーダー22:00
定休日
土日祝",東京都港区東新橋1-5-2 汐留シティセンター 2F,https://tabelog.com/tokyo/A1301/A130103/13282621/
ラーメン,サ麺,"営業時間
11:30～15:0017:00～翌3:00
定休日
不定休",東京都港区赤坂3-15-1 Sionビル 1F,https://tabelog.com/tokyo/A1308/A130801/13288056/
ラーメン,麺屋武蔵 浜松町店,"営業時間
11:15～22:15
日曜営業
定休日
無休",東京都港区浜松町1-29-6 浜松町セントラルビル 1F,https://tabelog.com/tokyo/A1314/A131401/13200371/
ラーメン,AFURI Roppongi Hills,"営業時間
11:00〜23:00（Last order 22:00）
日曜営業
定休日
無休",東京都港区六本木6-4-1 六本木ヒルズ メトロハット/ハリウッドプラザ B2F,https://tabelog.com/tokyo/A1307/A130701/13241241/
ラーメン,めん徳 二代目 つじ田 新橋店,"営業時間
[月～金] 11:00～16:00 [土・祝日] 11:00～16:00 
定休日
日曜日",東京都港区西新橋1-19-6 桔梗備前ビル 1F,https://tabelog.com/tokyo/A1301/A130103/13164525/
ラーメン,麺Louis,"営業時間
11:30～14:00　　　　
定休日
土曜日、日曜日",東京都港区高輪3-25-23 品川横丁 2F,https://tabelog.com/tokyo/A1314/A131403/13257259/
ラーメン,だるまや,"営業時間
11:00～20:30（L.O. 20:00）
定休日
日曜・月曜",東京都港区南青山5-9-5 村山ビル 1F,https://tabelog.com/tokyo/A1306/A130602/13002124/
ラーメン,黒椿屋,"営業時間
※当面の間、休業とさせていただきます。再開の折には皆様のご来店を心よりお待ち申し上げます。【ランチ】11:30 – 15:30（L.O.15:00）【ディナー】17:30 –23：00（L.O.22：30）
日曜営業
定休日
無休　※年末年始などを除く",東京都港区赤坂4-2-3 ディアシティ赤坂一ツ木館 1F,https://tabelog.com/tokyo/A1308/A130801/13123866/
ラーメン,壱角家 芝大門店,"営業時間
[月～金・土]10:00～翌2:00[日・祝]10:00～23:00
日曜営業
定休日
無休",東京都港区芝大門2-1-19 協栄ビル,https://tabelog.com/tokyo/A1314/A131401/13182631/
ラーメン,麺匠 海岑,"営業時間
【月～金】11:00～15:00（L.O）17:00～22:00（L.O）【土·日·祝】11:00～15:00（L.O）17:00～22:00（L.O）
日曜営業
定休日
無休",東京都港区三田3-3-9,https://tabelog.com/tokyo/A1314/A131402/13238070/
ラーメン,きたかた食堂,"営業時間
[月～金]7:00～15:0017:00～21:00[土・日・祝]7:00～15:00
日曜営業
定休日
無休",東京都港区新橋5-9-8 永島ビル 1F,https://tabelog.com/tokyo/A1301/A130103/13194993/
ラーメン,しゅういち,"営業時間
[月～土]　20:00～翌6:00　【L.O5：30】
定休日
日曜・祝日",東京都港区西麻布2-25-22 NISHIAZABU2522ビル1F,https://tabelog.com/tokyo/A1307/A130701/13125632/
ラーメン,AFURI 六本木交差点,"営業時間
［日〜木　Sunday-Thursday］11:00〜23:00(Last order22:30)［金・土・祝前日　Fri, Sat, day before public holiday］11:00〜翌5:00(Last order4:30)
日曜営業
定休日
Open 7 days a week",東京都港区六本木4-9-4 UFビル4  1F,https://tabelog.com/tokyo/A1307/A130701/13165303/
ラーメン,品川家 三田店,"営業時間
10:00〜23:00
日曜営業",東京都港区芝5-31-3,https://tabelog.com/tokyo/A1314/A131402/13184643/
ラーメン,新福菜館 お二階 隠れ 麻布十番店,"営業時間
完全予約制
定休日
土日は予約不可",東京都港区麻布十番1-2-5 2F,https://tabelog.com/tokyo/A1307/A130702/13186056/
ラーメン,田中そば店 新橋店,"営業時間
[月～金]11:00～15:45 17:00～21:00
定休日
土曜日、日曜日、祝日",東京都港区西新橋1-18-10 佐々木ビル 1F,https://tabelog.com/tokyo/A1301/A130103/13211386/
ラーメン,札幌 みその アクアシティお台場店,"営業時間
11:00～23:00(L.O.22:30)
定休日
不定休",東京都港区台場1-7-1 アクアシティお台場 5F,https://tabelog.com/tokyo/A1313/A131306/13194760/
ラーメン,麻布ラーメン 麻布十番店,"営業時間
11:00〜翌朝5:00
定休日
日曜日",東京都港区麻布十番1-2-9 新一の橋ハイツ1階,https://tabelog.com/tokyo/A1307/A130702/13110272/
ラーメン,東京豚骨らぁめん 至,,東京都港区芝大門2-12-1 松本ビル 1F,https://tabelog.com/tokyo/A1314/A131401/13253765/
ラーメン,TOKYO豚骨BASE MADE by博多一風堂 品川店,"営業時間
[月～土]7:00～23:00(L.O.22:30)[日・祝]8:00～22:00(L.O.21:30)
日曜営業
定休日
無休",東京都港区高輪3-26-27 エキュート品川サウス 1F,https://tabelog.com/tokyo/A1314/A131403/13124628/
ラーメン,豚麺 気,"営業時間
[月・火・水・木・金]11:00～14:0017:00～20:00[土]11:00～14:30
定休日
日曜日",東京都港区芝5-24-7,https://tabelog.com/tokyo/A1314/A131402/13280367/
ラーメン,天下一品 赤坂店,"営業時間
［月～木］11:00～翌3:00［金・祝前］11:00～翌5:00［土・祝日］11:00～翌2:00
定休日
日曜日",東京都港区赤坂4-2-5 ヤブタビル 1Ｆ,https://tabelog.com/tokyo/A1308/A130801/13195122/
ラーメン,銀座 篝 六本木ヒルズ店,,東京都港区六本木6-4-1 六本木ヒルズ メトロハット ハリウッドプラザ B2F,https://tabelog.com/tokyo/A1307/A130701/13240620/
ラーメン,麺屋 武一,"営業時間
[平日]11:30～15:15（L.O.15:00）17:00～24:00（L.O.23:45）[祝日]11:30～17:00※スープ切れ次第終了する場合あり
定休日
土曜・日曜",東京都港区新橋3-6-13 IKENO-3 1F,https://tabelog.com/tokyo/A1301/A130103/13143712/
ラーメン,らぁ麺 ドゥエイタリアン GINZA GUCHI,"営業時間
[月～金]11:00～15:3017:00～翌4:00[土]11:00～翌4:00[日・祝]11:00～22:00(L.O.21:30)
日曜営業
定休日
無休",東京都港区新橋1-4-5 ヒューリックG10ビル1F,https://tabelog.com/tokyo/A1301/A130103/13269371/
ラーメン,楽喜亭,,東京都港区芝3-42-7 1F,https://tabelog.com/tokyo/A1314/A131402/13161927/
ラーメン,塩つけ麺 灯花 赤坂店,"営業時間
[月〜金・土・日・祝]11:00～22:30（L.O） [土・日・祝]11:00～21:30（L.O）
日曜営業
定休日
無休",東京都港区赤坂3-12-10 赤坂サンビル 1F,https://tabelog.com/tokyo/A1308/A130801/13276756/
ラーメン,天鳳 新橋店,"営業時間
［月～金］11:00～22:00［土・日・祝］11:00～15:00
日曜営業
定休日
無休",東京都港区新橋1-8-6 近江ビル 1F,https://tabelog.com/tokyo/A1301/A130103/13274943/
ラーメン,濃厚豚骨 くまめん,"営業時間
11:30～15:0018:00～23:00(L.O.22:30)
定休日
日曜日",東京都港区六本木3-4-31 六本木レジデンシーズ 1F,https://tabelog.com/tokyo/A1307/A130701/13274772/
ラーメン,麺屋武一 虎ノ門,"営業時間
[月～金]11:30～16:00 17:30～23:00[土・祝]11:00～15:00
定休日
日曜日",東京都港区西新橋1-23-9 河野ビル 1F,https://tabelog.com/tokyo/A1308/A130802/13280683/
ラーメン,なかご,"営業時間
年中無休（年末年始は休業）ランチタイム：11：30〜16：00ディナータイム：18：00〜21：30★スープがなくなり次第閉店
日曜営業
定休日
年末年始・お盆休業あり",東京都港区赤坂3-16-3 伊勢幸ビル 1F,https://tabelog.com/tokyo/A1308/A130801/13224057/
ラーメン,らうめん　さぶ郎,"営業時間
［月～金］11:00 - 21:00 ［土］11:00 - 16:00 
定休日
日曜、祝日",東京都港区東新橋2-6-5,https://tabelog.com/tokyo/A1301/A130103/13014016/
ラーメン,めん蔵,"営業時間
［月～金］11:00～20:00［土・日・祝］11:00～13:30
日曜営業
定休日
無休",東京都港区麻布台1-10-6,https://tabelog.com/tokyo/A1307/A130704/13019464/
ラーメン,天鳳,"営業時間
11:00～22：00
定休日
日曜日",東京都港区六本木7-8-5 ロック＆ロックビル　１Ｆ,https://tabelog.com/tokyo/A1307/A130701/13001248/
ラーメン,貝そば もぉむ,"営業時間
11:00～15:0017:00～22:00(L.O.21:15)
定休日
日曜日",東京都港区芝浦4-2-22 東京ベイビュウ 1F,https://tabelog.com/tokyo/A1314/A131402/13275701/
ラーメン,もとまる,"営業時間
営業時間11:00～翌4:00日曜は早閉まい
日曜営業",東京都港区芝5-31-7 三田ステーションビル 1F,https://tabelog.com/tokyo/A1314/A131402/13247106/
ラーメン,ROPPONGI つなぐ,"営業時間
[火～木]11:30～翌03:00[金・土]11:30～翌07:00[日]11:30～翌1:00ラストオーダーは各営業終了時間の30分前となります。
日曜営業
定休日
月曜日",東京都港区六本木3-11-7 海上ビル 1F,https://tabelog.com/tokyo/A1307/A130701/13286685/
ラーメン,鶏ポタ ラーメン THANK,"営業時間
[月～金]11:30～15:0018:00～22:00[土日祝]11:30～15:00
日曜営業
定休日
土・日・祝日の夜営業",東京都港区芝大門2-1-13 芝大友ビル 1F,https://tabelog.com/tokyo/A1314/A131401/13135731/
ラーメン,茂司,,東京都港区南青山3-8-3,https://tabelog.com/tokyo/A1306/A130602/13170172/
ラーメン,東京豚骨らぁめん 至 西新橋店,,東京都港区西新橋1-10-5 きよビル B1F,https://tabelog.com/tokyo/A1301/A130103/13252244/
ラーメン,RAMEN GOSSOU 新橋店,"営業時間
11:00～14:30",東京都港区新橋3-19-2 西口加藤ビル 2F,https://tabelog.com/tokyo/A1301/A130103/13286643/
ラーメン,元祖久留米らーめん　福ヤ,"営業時間
平日　11:30～16:00.18:00〜翌3:00日曜　定休日
定休日
日曜",東京都港区麻布十番4-3-1 １F,https://tabelog.com/tokyo/A1307/A130702/13116182/
ラーメン,新潟ラーメン 石や嗟 外苑前店,,東京都港区南青山2-11-14 青山コシビル 1F,https://tabelog.com/tokyo/A1306/A130603/13282808/
ラーメン,板前らーめん 青山 あそこ,"営業時間

日曜営業",東京都港区北青山3-3-7 第一青山ビル 1F,https://tabelog.com/tokyo/A1306/A130603/13267830/
ラーメン,壱角家 新橋銀座口店,"営業時間
[月～土]11:00～翌5:00[日]11:00～翌3:00
日曜営業
定休日
無休",東京都港区新橋2-18-3,https://tabelog.com/tokyo/A1301/A130103/13268908/
ラーメン,とりやま,"営業時間
［月〜金］11:00〜15:30（L.O15:00）　　　　　17:30〜21:30（L.O21:00）［土］　　11:00〜15:30（L.O15:00）
定休日
日曜日/祝日",東京都港区赤坂6-13-3,https://tabelog.com/tokyo/A1308/A130801/13291633/
ラーメン,らーめん 田乃休 虎ノ門ヒルズ駅前店,,東京都港区虎ノ門1-16-4,https://tabelog.com/tokyo/A1308/A130802/13239652/
ラーメン,君子麻婆麺 三田店,,東京都港区三田3-4-10 リーラヒジリザカ 1F,https://tabelog.com/tokyo/A1314/A131402/13271538/
ラーメン,ラーメンニキ,,東京都港区六本木4-12-2 佐々木ビル 1F,https://tabelog.com/tokyo/A1307/A130701/13289541/
ラーメン,マーシーランド,"営業時間
［火〜金］:16:00-23:00［土・祝］:12:00-22:30[日]:12:00-19:00
日曜営業
定休日
月曜日",東京都港区北青山3-5-44,https://tabelog.com/tokyo/A1306/A130602/13265837/
ラーメン,ラーメン イーエックス 西麻布店,,東京都港区西麻布4-11-8 2F,https://tabelog.com/tokyo/A1307/A130703/13248260/
ラーメン,MENDOKORO TOMO Premium,"営業時間
11:00～14:4517:00～21:45",東京都港区赤坂4-3-30 横川ビル 1F,https://tabelog.com/tokyo/A1308/A130801/13291691/
ラーメン,釜玉中華そばナポレオン軒 六本木店,"営業時間
11:00～22:00",東京都港区六本木3-2-1 六本木グランドタワー１F,https://tabelog.com/tokyo/A1307/A130701/13291066/
ラーメン,広州市場 田町タワー店,,東京都港区芝5-33-11 田町タワー 2階,https://tabelog.com/tokyo/A1314/A131402/13292201/
ラーメン,味噌路 六本木,"営業時間
20:30〜翌6:00
定休日
日曜日",東京都港区六本木7-13-5 萩原ビル 1F,https://tabelog.com/tokyo/A1307/A130701/13291199/
ラーメン,馬ラーメン うち田,"営業時間
11:30〜終了時間、臨時休業等、詳しくはTwitterにてご確認下さい。
定休日
日曜、不定休",東京都港区南青山1-19-14 メゾンデュパンソー 1F,https://tabelog.com/tokyo/A1307/A130701/13258587/
ラーメン,三田ラーメン酒場,"営業時間
11:30～14:00(L.O.13:30) 17:00～24:00(L.O.23:00)
定休日
日曜日",東京都港区芝5-24-6,https://tabelog.com/tokyo/A1314/A131402/13277574/
ラーメン,宮の森,"営業時間
平日12:00～L.o15:00 水＆金曜16:30～L.o19:00 土日祝、品切れはTwitterで随時更新。
定休日
不定休",東京都港区六本木4-1-19 サンケンビル 6F,https://tabelog.com/tokyo/A1307/A130701/13229364/
ラーメン,ラーメンショップ 平井店,,東京都西多摩郡日の出町平井3269-1 1F,https://tabelog.com/tokyo/A1330/A133001/13164772/
ラーメン,ラーメン魁力屋 イオンモール日の出店,"営業時間
10:00～21:00(L.O.20:30)",東京都西多摩郡日の出町平井字三吉野桜木237-3 イオンモール日の出 3F,https://tabelog.com/tokyo/A1330/A133001/13284295/
ラーメン,幸楽苑 イオンモール日の出店,"営業時間
10:00～21:00
日曜営業
定休日
年中無休",東京都西多摩郡日の出町大字平井字三吉野桜木237-3 イオンモール日の出 3F,https://tabelog.com/tokyo/A1330/A133001/13138367/
ラーメン,ちゃーしゅうや武蔵 イオンモール日の出店,"営業時間
11:00～22:00(L.O.21:15)
日曜営業
定休日
年中無休",東京都西多摩郡日の出町大字平井字三吉野桜木237-3 イオンモール日の出 1F レストラン街,https://tabelog.com/tokyo/A1330/A133001/13207360/
ラーメン,餃子食坊やまと イオンモール日の出店,"営業時間
10：00～21：00（LO20:30）
日曜営業
定休日
施設の休業日に準ずる",東京都西多摩郡日の出町大字平井字三吉野桜木237-3 イオンモール日の出 3F,https://tabelog.com/tokyo/A1330/A133001/13260332/
ラーメン,MACHIKADO,"営業時間
11:30～15:00(L.O.14:30)17:00～23:00(L.O.22:00)
日曜営業
定休日
月曜日",東京都渋谷区恵比寿4-8-10,https://tabelog.com/tokyo/A1303/A130302/13282878/
ラーメン,らぁ麺たけし,"営業時間
11:00～23:00
日曜営業
定休日
なし",東京都墨田区太平4-2-1,https://tabelog.com/tokyo/A1312/A131201/13284451/
ラーメン,とんこつラーメン よかろうもん,"営業時間
11:30～15:00、18:00～翌3:30(LO:3:00)
日曜営業
定休日
月曜日",東京都墨田区緑3-17-8,https://tabelog.com/tokyo/A1312/A131201/13018004/
ラーメン,タンメンしゃきしゃき 錦糸町本店,"営業時間
[月～土]11:00～23:30[日・祝]11:00～22:00※スープ・具材なくなり次第終了
日曜営業
定休日
年中無休（年末年始のみお休みをいただきます）",東京都墨田区錦糸3-3-3,https://tabelog.com/tokyo/A1312/A131201/13078673/
ラーメン,麺や 佐市,"営業時間
【毎日】11:00～23:00(L.O)
日曜営業
定休日
無休(年末年始を除く)",東京都墨田区錦糸4-6-9 小川ビル 1Ｆ,https://tabelog.com/tokyo/A1312/A131201/13147184/
ラーメン,双麺 錦糸町店,"営業時間
11:00～23:30(L.O.23:00)
日曜営業
定休日
無休",東京都墨田区錦糸1-4-10,https://tabelog.com/tokyo/A1312/A131201/13020082/
ラーメン,家系 武の極み,"営業時間
[月・水・木・金]17:00～翌2:00[土・日]11:00～24:00
日曜営業
定休日
火曜日",東京都墨田区錦糸3-4-12,https://tabelog.com/tokyo/A1312/A131201/13242135/
ラーメン,宮崎辛麺 みやび 錦糸町店,"営業時間
18:00～翌4:30(L.O.翌4:00)
日曜営業
定休日
月曜日",東京都墨田区江東橋2-5-5 1F,https://tabelog.com/tokyo/A1312/A131201/13280493/
ラーメン,麺屋 木ノ下,"営業時間
11:00～20:15(L.O)
日曜営業
定休日
無し",東京都墨田区業平1-9-9,https://tabelog.com/tokyo/A1312/A131203/13273464/
ラーメン,中華そば 大宣,"営業時間
11:00～15:00(L.O.14:30) 17:00～21:00(L.O.20:30)
定休日
日曜日",東京都墨田区亀沢1-8-6,https://tabelog.com/tokyo/A1312/A131201/13038732/
ラーメン,鶏豚,,東京都墨田区東向島6-9-10 内海ビル 1F,https://tabelog.com/tokyo/A1312/A131203/13165240/
ラーメン,ハッスルラーメン ホンマ 錦糸町店,"営業時間
11:00～翌3:00
日曜営業
定休日
年中無休",東京都墨田区江東橋2-16-8,https://tabelog.com/tokyo/A1312/A131201/13015427/
ラーメン,らーめん　くろふね,"営業時間
平日・土曜11:00～14:0018:00～23:00日・祝11:00～14:0018:00～22:00
日曜営業
定休日
不定休",東京都墨田区本所4-20-5,https://tabelog.com/tokyo/A1312/A131203/13055215/
ラーメン,七菜矢,"営業時間
（月～土）11：00～翌04:00（日）11：00～22:00
日曜営業
定休日
年中無休",東京都墨田区江東橋2-15-5,https://tabelog.com/tokyo/A1312/A131201/13058862/
ラーメン,麺・酒処  らん亭,"営業時間
月～金：18:00～翌0:00土：18:00～11:00
定休日
日曜・祝日",東京都墨田区向島5-20-4,https://tabelog.com/tokyo/A1312/A131203/13034740/
ラーメン,博多ラーメン ガツン 両国店,"営業時間
[月～土]11:30～24:00[日・祝]11:30～22:00
日曜営業
定休日
無休",東京都墨田区両国2-17-1,https://tabelog.com/tokyo/A1312/A131201/13162358/
ラーメン,竹末東京Premium,"営業時間
11:30～15:0018:00～21:00【火曜日は不定休です。ご来店の際はTwitterをご確認下さい。】
日曜営業
定休日
不定休",東京都墨田区業平5-14-7 フラーリシ押上 1F,https://tabelog.com/tokyo/A1312/A131203/13167920/
ラーメン,熊八,"営業時間
11:30～14:00
定休日
月曜日、日曜日",東京都墨田区緑2-15-1,https://tabelog.com/tokyo/A1312/A131201/13238820/
ラーメン,天下一品 錦糸町店,"営業時間
11:00～23:45(L.O.)
日曜営業
定休日
月曜日(祝日の場合は営業し翌日火曜日がお休み)",東京都墨田区太平4-2-1 １０７,https://tabelog.com/tokyo/A1312/A131201/13019263/
ラーメン,なりたけ TOKYO 錦糸町店,"営業時間
[月・火・木～日]11:00～翌3:00
日曜営業
定休日
水曜日",東京都墨田区錦糸3-3-2,https://tabelog.com/tokyo/A1312/A131201/13116484/
ラーメン,壱角家 スカイツリー店,"営業時間
10:30～翌3:00(L.O)
日曜営業
定休日
無休",東京都墨田区業平1-18-4 1F・2F,https://tabelog.com/tokyo/A1312/A131203/13171438/
ラーメン,チャルメラいち番,,東京都墨田区東向島6-64-4,https://tabelog.com/tokyo/A1312/A131203/13106036/
ラーメン,海老らーめん 幻海,,東京都墨田区江東橋3-3-4,https://tabelog.com/tokyo/A1312/A131201/13247266/
ラーメン,復興軒,"営業時間
[火～土]11:00～15:0017:00～20:00(L.O.19:30)
定休日
日曜・月曜",東京都墨田区押上2-1-1-103,https://tabelog.com/tokyo/A1312/A131203/13105983/
ラーメン,真鯛らーめん 麺魚 錦糸町パルコ店,"営業時間
11:00～21:50(L.O.)※ただしパルコ閉店が22:00なので注意
日曜営業
定休日
無休",東京都墨田区江東橋4-27-14 錦糸町パルコ 1F,https://tabelog.com/tokyo/A1312/A131201/13232570/
ラーメン,麺屋 三郎,"営業時間
[月～土]昼11:00～23:00（Ｌ.Ｏ）[日・祝]昼11:00～19:00（Ｌ.Ｏ）
日曜営業
定休日
なし",東京都墨田区江東橋3-3-4 江東橋スクエアビル1F,https://tabelog.com/tokyo/A1312/A131201/13170339/
ラーメン,六厘舎 TOKYO スカイツリータウン・ソラマチ店,"営業時間
10:30～23:00
定休日
不定休(東京ソラマチの営業に準ずる)",東京都墨田区押上1-1-2 東京ソラマチ 6F,https://tabelog.com/tokyo/A1312/A131203/13137823/
ラーメン,ラーメン ミンミン,"営業時間
11：15～14：302017年2月27日をもって夜の営業を終了
日曜営業
定休日
火曜日・第２第３水曜",東京都墨田区墨田2-5-4,https://tabelog.com/tokyo/A1312/A131203/13017949/
ラーメン,向嶋 だるま,"営業時間
11:30～15:0017:30～21:00
日曜営業
定休日
月曜日",東京都墨田区向島4-1-11,https://tabelog.com/tokyo/A1312/A131203/13148878/
ラーメン,日高屋 錦糸町南口店,"営業時間
24時間営業",東京都墨田区江東橋3-11-3 ソシアル錦糸町ビル,https://tabelog.com/tokyo/A1312/A131201/13135020/
ラーメン,喜多方ラーメン坂内 錦糸町店,"営業時間
11:00～20:00(L.O.19:45)
日曜営業
定休日
無休",東京都墨田区錦糸2-3-9,https://tabelog.com/tokyo/A1312/A131201/13060367/
ラーメン,ラーメン エクスプレス 博多 一風堂 東京ソラマチ店,"営業時間
10:00～21:00
定休日
不定休(東京ソラマチの営業に準ずる)",東京都墨田区押上1-1-2 東京ソラマチ 3F,https://tabelog.com/tokyo/A1312/A131203/13138714/
ラーメン,日高屋 押上四ツ目通店,"営業時間
10:30～23:00(L.O.22:30)
日曜営業
定休日
無休",東京都墨田区業平4-17-4,https://tabelog.com/tokyo/A1312/A131203/13191660/
ラーメン,麺屋 頂 中川會 曳舟店,"営業時間
[金～日]11：30～15：0017：30～21：30
日曜営業
定休日
月～木曜日",東京都墨田区京島1-24-6,https://tabelog.com/tokyo/A1312/A131203/13146641/
ラーメン,蒙古タンメン中本 錦糸町店,"営業時間
11:00～21:00
日曜営業
定休日
月曜日",東京都墨田区錦糸3-14-5,https://tabelog.com/tokyo/A1312/A131201/13234903/
ラーメン,欽福,"営業時間
[月～金] 11:00～15:30 17:00～21:00[土] 11:00～15:00
定休日
日・祝日",東京都墨田区両国2-12-3,https://tabelog.com/tokyo/A1312/A131201/13139876/
ラーメン,らーめん 高山,"営業時間
11:30～13:30 17:30～21:00
定休日
日曜日",東京都墨田区東向島6-29-1,https://tabelog.com/tokyo/A1312/A131203/13093645/
ラーメン,下町ラーメン おかだや,"営業時間
11:00～14:0018:00～23:00
日曜営業
定休日
土曜日",東京都墨田区太平2-8-5,https://tabelog.com/tokyo/A1312/A131201/13099903/
ラーメン,えびそば一幻 東京ソラマチ店,,東京都墨田区押上1-1-2 東京スカイツリー ソラマチ 6F,https://tabelog.com/tokyo/A1312/A131203/13260933/
ラーメン,壱角家 錦糸町店,"営業時間
[日～木]11:00～翌3:00[金・土]11:00～翌6:00
日曜営業
定休日
無休",東京都墨田区江東橋3-12-5,https://tabelog.com/tokyo/A1312/A131201/13269550/
ラーメン,中華そば 麦笑 本所吾妻橋店,"営業時間
[月・水・木・金]　11:00～14:30(L.O.)17:00～21:00(L.O.)[土・日・祝]　11:00～15:00(L.O.)17:00～21:00(L.O.)
日曜営業
定休日
火曜日",東京都墨田区吾妻橋2-2-4 フェスティワン 1F,https://tabelog.com/tokyo/A1312/A131203/13273498/
ラーメン,らーめん 仁家,,東京都墨田区向島2-19-14,https://tabelog.com/tokyo/A1312/A131203/13132178/
ラーメン,太陽のトマト麺 錦糸町本店,"営業時間
11:00～23:00
日曜営業
定休日
無休",東京都墨田区江東橋1-11-8 昭和第一ビル　１Ｆ,https://tabelog.com/tokyo/A1312/A131201/13045982/
ラーメン,めん丸 曳舟店,"営業時間
11:00～24:00[日]11:00～23:00
日曜営業
定休日
火曜日",東京都墨田区京島1-39-1,https://tabelog.com/tokyo/A1312/A131203/13141288/
ラーメン,らあめん花月嵐 両国駅前店,"営業時間
[店内営業時間]11:00～24:00[テイクアウト販売時間]11:00～23:30[出前館受付時間]11:00～23:30[Uber Eats受付時間]11:00～23:30
日曜営業
定休日
なし",東京都墨田区両国3-26-5 両国ビルディング 1F,https://tabelog.com/tokyo/A1312/A131201/13150460/
ラーメン,家家家 錦糸町店,,東京都墨田区江東橋2-16-10,https://tabelog.com/tokyo/A1312/A131201/13133430/
ラーメン,真鯛らーめん 麺魚 本店,"営業時間
11:00～21:00
日曜営業
定休日
無休",東京都墨田区江東橋2-8-8 パークサイドマンション 1F,https://tabelog.com/tokyo/A1312/A131201/13208237/
ラーメン,ラーメン 中毒 東向島店,"営業時間
昼営業　11:00〜14:00（LO 14:00）夜営業　18:00〜21:00（LO 21:00）
日曜営業
定休日
なし",東京都墨田区東向島6-2-1,https://tabelog.com/tokyo/A1312/A131203/13260990/
ラーメン,リンガーハット イトーヨーカドー曳舟店,"営業時間
10:00～22:00
日曜営業
定休日
無休",東京都墨田区京島1-2-1 イトーヨーカドー曳舟店 1F,https://tabelog.com/tokyo/A1312/A131203/13163453/
ラーメン,桂林,"営業時間
11:00～翌03:00
日曜営業
定休日
火曜日",東京都墨田区太平4-2-1,https://tabelog.com/tokyo/A1312/A131201/13066180/
ラーメン,麺屋りゅう,"営業時間
11:30～14:30、19:00～23:00
日曜営業
定休日
不定休",東京都墨田区太平3-12-3 石川ビル 1F,https://tabelog.com/tokyo/A1312/A131201/13176590/
ラーメン,麺屋白鬚,"営業時間
ランチ　11:00～14:30（L.O 14:00）ディナー　17:30～21:30（L.O 21:00）
日曜営業
定休日
月曜日",東京都墨田区堤通2-7-31,https://tabelog.com/tokyo/A1312/A131203/13261844/
ラーメン,舎鈴 両国駅前店,"営業時間
11:00～22:30（L.O.22:30）",東京都墨田区横網1-3-11,https://tabelog.com/tokyo/A1312/A131201/13282340/
ラーメン,中華そば 満鶏軒,"営業時間
11:00～21:00",東京都墨田区江東橋2-5-3,https://tabelog.com/tokyo/A1312/A131201/13220773/
ラーメン,らーめん 味来 両国店,,東京都墨田区両国4-32-2,https://tabelog.com/tokyo/A1312/A131201/13244550/
ラーメン,つけ麺屋 ごんろく 両国店,"営業時間
[月～土] 11:00～翌4:00(L.O) [日] 11:00～21:00(L.O)
日曜営業
定休日
無休",東京都墨田区緑1-28-11,https://tabelog.com/tokyo/A1312/A131201/13003718/
ラーメン,晴天家,"営業時間
［月～金・日］11:30～14:30 18:00～20:00［土］18:00～23:00
日曜営業
定休日
無休",東京都墨田区石原3-29-9 石原ニューハウス 1Ｆ,https://tabelog.com/tokyo/A1312/A131201/13264256/
ラーメン,中華そば 青葉 錦糸町店,"営業時間
10：30～23：00（売切まで）
日曜営業
定休日
無休",東京都墨田区錦糸1-2-47 JR錦糸町駅ビル テルミナ2,https://tabelog.com/tokyo/A1312/A131201/13125135/
ラーメン,麺響 万蕾,"営業時間

日曜営業
定休日
月曜日",東京都墨田区菊川1-11-15,https://tabelog.com/tokyo/A1312/A131201/13282131/
ラーメン,汁麺屋 胡座,"営業時間
[月・火・木・金]11:30～15:3018:30～22:00(LO 21:30)[土・祝]12:00～15:3018:30～22:00(LO 21:30)[日]12:00～15:30
日曜営業
定休日
水曜日",東京都墨田区両国4-35-1 タカシマ三共フラット 1F,https://tabelog.com/tokyo/A1312/A131201/13114683/
ラーメン,紅中,"営業時間
[月～土]17:30～翌1:00[日・祝]17:30～23:00",東京都墨田区墨田5-43-1,https://tabelog.com/tokyo/A1312/A131203/13118571/
ラーメン,麺処直久 オリナス錦糸町店,"営業時間
10:00～21:00(L.O.20:30)
日曜営業
定休日
不定休(オリナモールに準ずる)",東京都墨田区太平4-1-2 オリナモール 3F,https://tabelog.com/tokyo/A1312/A131201/13223121/
ラーメン,麺家けんゆう 菊川店,"営業時間
11:00～翌1:00
日曜営業
定休日
月曜日",東京都墨田区菊川2-5-8 YCY　１Ｆ,https://tabelog.com/tokyo/A1312/A131201/13122250/
ラーメン,すずめ食堂,"営業時間
11:30～15:00 18:00～21:30※まん延防止等重点措置期間中は20:00閉店
日曜営業
定休日
無休",東京都墨田区京島1-2-2,https://tabelog.com/tokyo/A1312/A131203/13158686/
ラーメン,中華そば べぃしっく,"営業時間
[火～土]11:30～14:3018:00～21:00[日]11:30～14:30
日曜営業
定休日
月曜日",東京都墨田区太平1-22-11,https://tabelog.com/tokyo/A1312/A131201/13282154/
ラーメン,らーめん　喰心坊,"営業時間
11:00～21:30（L.O 21:00）
日曜営業
定休日
年中無休",東京都墨田区東墨田2-8-3,https://tabelog.com/tokyo/A1312/A131203/13093852/
ラーメン,麺屋 中川會 錦糸町店,"営業時間
11:30～15:0018:00～20:50　材料がなくなり次第終了します。
日曜営業
定休日
無休（年末年始のみ）",東京都墨田区江東橋4-30-15 三成ビル 1Ｆ,https://tabelog.com/tokyo/A1312/A131201/13125401/
ラーメン,トモル,"営業時間
11:30～14:00 (L.O.13:45) 17:30～21:00(L.O.20:00)",東京都墨田区押上1-12-4,https://tabelog.com/tokyo/A1312/A131203/13222255/
ラーメン,ら・めん風,"営業時間
[火～金]11:30～14:30 / 17:30〜20:30[土、祝]11:30〜14:30
定休日
日曜・月曜(月曜日祝日の場合休み)",東京都墨田区亀沢1-11-8 大岡ビル1F,https://tabelog.com/tokyo/A1312/A131201/13248558/
ラーメン,えび豚骨ラーメン 真面目 押上店,"営業時間
[月～金]11:00～23:00(L.O.22:30)[土・日・祝]11:00～23:00(L.O.22:30)
日曜営業
定休日
年中無休",東京都墨田区業平3-16-6,https://tabelog.com/tokyo/A1312/A131203/13248231/
ラーメン,ピリリの虎,"営業時間
11:00～15:00(L.O.14:50)17:00～21:00",東京都墨田区京島1-6-6 1F,https://tabelog.com/tokyo/A1312/A131203/13287817/
ラーメン,博多ラーメン ガツン,"営業時間
11:30～24:00
定休日
なし",東京都墨田区本所1-20-6,https://tabelog.com/tokyo/A1311/A131103/13142767/
ラーメン,漢陽楼 別館,"営業時間
[金～火]　11：30～翌2：00（L.O.翌1：45）[水～木]　11：30～15：0017：30～翌2：00（L.O.翌1：45）
日曜営業
定休日
無休",東京都墨田区緑1-28-4,https://tabelog.com/tokyo/A1312/A131201/13122055/
ラーメン,らーめんごっこ山小屋,,東京都墨田区石原4-14-6,https://tabelog.com/tokyo/A1312/A131201/13066178/
ラーメン,本格らあめん 末廣,,東京都墨田区横川2-15-11,https://tabelog.com/tokyo/A1312/A131203/13066157/
ラーメン,宙寅屋 東京ソラマチ店,"営業時間
10:00～22:00（L.O21:30）
日曜営業
定休日
無休",東京都墨田区押上1-1-2 東京ソラマチ 1F,https://tabelog.com/tokyo/A1312/A131203/13141271/
ラーメン,煮干ソバと米 今日の1番,"営業時間
6:30～9:30(L.O.9:10)11:00～15:00(L.O.14:40)
日曜営業
定休日
火曜日",東京都墨田区東向島3-35-6,https://tabelog.com/tokyo/A1312/A131203/13271457/
ラーメン,こむぎや,"営業時間
[月～土]11:30～15:30(L.O:15:00)18:00～23:30(L.O:23:00)
定休日
日曜日",東京都墨田区石原1-23-5 Ｄ－１ビル　１Ｆ,https://tabelog.com/tokyo/A1312/A131201/13009562/
ラーメン,日高屋 両国東口店,"営業時間
10:00～23:00
日曜営業
定休日
無休",東京都墨田区両国3-26-6 伸和ビル 1F,https://tabelog.com/tokyo/A1312/A131201/13173180/
ラーメン,らーめん一途,"営業時間
◆11月の定休日◆5日(日)・6日(月)・12日(日)・13日(月)・19日(日)・20日(月)・26日(日)※18日(土)は12時オープンです。[月～金]11:00～15:0017:30～22:00(現在、しばらくの間21時までの営業です）[土・祝]11:00～15:0017:30～21:00※スープが無くなり次第終了
定休日
日曜・不定休(連休あり)",東京都墨田区錦糸2-3-7 小山ビル 1F,https://tabelog.com/tokyo/A1312/A131201/13147516/
ラーメン,すっぽんラーメン 光福,"営業時間
[月～木]11:30～14:10[金・土]11:30～14:1017:30～21:00
定休日
日曜日",東京都墨田区横川1-9-3 1F,https://tabelog.com/tokyo/A1312/A131203/13200012/
ラーメン,どうとんぼり 神座 ソラマチ店,"営業時間
10:00～22:00(L.O.21:30)
日曜営業
定休日
無休",東京都墨田区押上1-1-2 東京ソラマチ 4F,https://tabelog.com/tokyo/A1312/A131203/13258310/
ラーメン,麺工房 武,"営業時間
[月・木]11:00～15:00[火・水・金～日]11:00～15:00 18:00～23:00
日曜営業
定休日
無休",東京都墨田区太平3-12-10 丸菱ビル　1Ｆ,https://tabelog.com/tokyo/A1312/A131201/13193510/
ラーメン,北海道ラーメンひむろ  錦糸町店,"営業時間
[月～土曜]11:00～4:00日曜祝日26:00
日曜営業
定休日
年中無休(年末年始は変更する場合あり)",東京都墨田区錦糸3-4-9 ジョッコビル1F,https://tabelog.com/tokyo/A1312/A131201/13025308/
ラーメン,手打ち 蓮,"営業時間
[火・水・木・土]11:30～14:3018:00～20:00[日・祝］11:30～14:30
日曜営業
定休日
月曜日、金曜日",東京都墨田区千歳3-16-2,https://tabelog.com/tokyo/A1312/A131201/13278390/
ラーメン,二代目めん家　味味,"営業時間
■月曜〜土曜11時〜14時
定休日
日曜(祝日は、不定休です。)",東京都墨田区緑3-4-2 アーム33-1F,https://tabelog.com/tokyo/A1312/A131201/13056867/
ラーメン,北三,"定休日
月曜日",東京都墨田区業平1-15-4,https://tabelog.com/tokyo/A1312/A131203/13106033/
ラーメン,煮干し中華そば のじじR 本所吾妻橋,"営業時間
[日～金]11:00～15:0018:00～21:00(L.O.20:45)
日曜営業
定休日
第２水曜・土曜・第３日曜",東京都墨田区吾妻橋2-4-11,https://tabelog.com/tokyo/A1312/A131203/13211489/
ラーメン,らーめん曳舟,"営業時間
ランチ11時半～14時半18時～21時 L.O.20:50スープが無くなり次第閉店させて頂きます。定休日　月曜日・火曜日
日曜営業
定休日
月曜日・火曜日",東京都墨田区東向島2-30-10 石川ビル1Ｆ,https://tabelog.com/tokyo/A1312/A131203/13211440/
ラーメン,錦糸町中華そば さん式,"営業時間
11:00～15:00 18:00～21:00
日曜営業
定休日
月曜日",東京都墨田区太平4-2-1 都営太平南アパート 1F,https://tabelog.com/tokyo/A1312/A131201/13273142/
ラーメン,RAMEN SAKABA いろとりどり,"営業時間
11:30～14:3018:00～22:00",東京都墨田区業平1-13-1,https://tabelog.com/tokyo/A1312/A131203/13280552/
ラーメン,炭火焼濃厚中華そば 大覇道,"営業時間
営業時間ランチ　　　11:00〜15:30　LO:15:20ディナー　　17:00〜22:00　LO:21:50
日曜営業
定休日
不定休",東京都墨田区江東橋3-12-8 O.T.Kビル 1F,https://tabelog.com/tokyo/A1312/A131201/13280056/
ラーメン,翼 小料理と開花楼ラーメン,,東京都墨田区業平4-1-7,https://tabelog.com/tokyo/A1312/A131203/13189561/
ラーメン,中華そば 政好,"営業時間
11:00～15:00 
日曜営業
定休日
火曜日",東京都墨田区押上1-16-7,https://tabelog.com/tokyo/A1312/A131203/13278107/
ラーメン,日高屋 錦糸町北口店,"営業時間
8:00～21:00(L.O.20:40)
日曜営業
定休日
無休",東京都墨田区錦糸3-3-10,https://tabelog.com/tokyo/A1312/A131201/13105850/
ラーメン,麺場 田所商店 江戸NOREN店,"営業時間
[月～日]11:00～22:00(L.O.21:30)
日曜営業
定休日
無休",東京都墨田区横網1-3-20 両国江戸NOREN,https://tabelog.com/tokyo/A1312/A131201/13262770/
ラーメン,漢ラーメン 室,,東京都墨田区江東橋3-8-7 錦糸町駅前プラザビル 1F,https://tabelog.com/tokyo/A1312/A131201/13246530/
ラーメン,野郎ラーメン 錦糸町店,"営業時間
[日～土]11:00～21：00
日曜営業
定休日
無休",東京都墨田区江東橋3-8-12 KINSIA ANNEX 1F,https://tabelog.com/tokyo/A1312/A131201/13167833/
ラーメン,らあめん花月嵐  錦糸町北口店,"営業時間
月～土、11：00〜24：00(LO 23：30)日曜日、11：00～23：00(LO 22：30)[出前館受付時間]11:00～21:00[Uber Eats受付時間]11:00～22:00
日曜営業
定休日
無休",東京都墨田区錦糸3-5-7 京屋ビル,https://tabelog.com/tokyo/A1312/A131201/13124024/
ラーメン,肉そば けいすけ 錦糸町店,"営業時間
11:00～15:00 17:00～21:30
日曜営業
定休日
無休",東京都墨田区錦糸3-8-7,https://tabelog.com/tokyo/A1312/A131201/13228152/
ラーメン,らーめん　てるや,"営業時間
[月～土]昼)11:30～14:30夜)18:00～22:00頃[祝]昼)11:30～14:30夜)18:00～21:00頃※スープがなくなり次第終了
定休日
日曜日(その他に不定休日あり）",東京都墨田区八広2-2-13,https://tabelog.com/tokyo/A1312/A131203/13101965/
ラーメン,らぁ麺 はやし田 錦糸町店,"営業時間
11:00～23:00
日曜営業",東京都墨田区江東橋3-13-1 KS15ビル 1F,https://tabelog.com/tokyo/A1312/A131201/13287934/
ラーメン,つけ麺らーめん 春樹 曳舟店,"営業時間
11：00〜23：00（L.O22：45）
日曜営業
定休日
不定休",東京都墨田区京島1-1-1 イーストコア曳舟一番館A,https://tabelog.com/tokyo/A1312/A131203/13218672/
ラーメン,喜多方食堂 山海,"営業時間
[月・火・木・金]7:00～15:00[土・日・祝]7:00～18:00
日曜営業
定休日
水曜日",東京都墨田区太平3-9-9 1F,https://tabelog.com/tokyo/A1312/A131201/13254321/
ラーメン,MEN do KIZARU,"営業時間
11:00～15:00(LO.14:30)17:00～
日曜営業
定休日
水曜日",東京都墨田区業平1-12-4 河原塚ビル 1F,https://tabelog.com/tokyo/A1312/A131203/13289278/
ラーメン,太陽のトマト麺 本所吾妻橋スカイツリー支店,"営業時間
11:00～23:00
日曜営業
定休日
無休",東京都墨田区吾妻橋3-2-4,https://tabelog.com/tokyo/A1312/A131203/13150645/
ラーメン,ラーメンbar 彦星,,東京都墨田区江東橋3-3-4 スクエアビル 1F,https://tabelog.com/tokyo/A1312/A131201/13287274/
ラーメン,悟空,,東京都墨田区菊川2-5-4,https://tabelog.com/tokyo/A1312/A131201/13282585/
ラーメン,麺屋 太陽,"営業時間
11:30～15:00
日曜営業
定休日
月曜日、火曜日、水曜日、木曜日",東京都墨田区京島1-24-6,https://tabelog.com/tokyo/A1312/A131203/13229978/
ラーメン,横浜家系ラーメン 赤家 小村井店,"営業時間
11:00～23:00
日曜営業
定休日
無休",東京都墨田区文花3-24-14 1F,https://tabelog.com/tokyo/A1312/A131203/13291056/
ラーメン,ラーメン日本一,,東京都墨田区東向島1-1-10,https://tabelog.com/tokyo/A1312/A131203/13124717/
ラーメン,手打ラーメン 味仙,,東京都墨田区業平4-16-13,https://tabelog.com/tokyo/A1312/A131203/13241744/
ラーメン,らーめん村,"営業時間
11:00～15:00（土日14:00）17:00～20:00（土日19:00）
日曜営業
定休日
無休",東京都墨田区横川3-11-20 桑田ビル１Ｆ,https://tabelog.com/tokyo/A1312/A131203/13091902/
ラーメン,らーめん こうたろう,"営業時間
昼 11:30-14:30夜 18:00-23:00
日曜営業
定休日
火曜",東京都墨田区墨田3-37-13,https://tabelog.com/tokyo/A1312/A131203/13280935/
ラーメン,すすきの,,東京都墨田区東向島6-60-6,https://tabelog.com/tokyo/A1312/A131203/13066183/
ラーメン,麺処 福蔵,,東京都墨田区立花4-26-18,https://tabelog.com/tokyo/A1312/A131203/13290582/
ラーメン,ラーメン 大黒屋,"営業時間
11:30～14:00
定休日
土曜日、日曜日",東京都墨田区墨田1-1-2,https://tabelog.com/tokyo/A1312/A131203/13288267/
ラーメン,麺屋 ひなた,"営業時間
11:30～14:0017:00～20:00
日曜営業
定休日
不定休",東京都墨田区石原1-25-4,https://tabelog.com/tokyo/A1312/A131201/13286046/
ラーメン,らーめん 明香苑,,東京都墨田区東向島5-7-14 1F,https://tabelog.com/tokyo/A1312/A131203/13234173/
ラーメン,大信州,,東京都墨田区東向島6-51-1,https://tabelog.com/tokyo/A1312/A131203/13133568/
ラーメン,MACHIKADO,"営業時間
11:30～15:00(L.O.14:30)17:00～23:00(L.O.22:00)
日曜営業
定休日
月曜日",東京都渋谷区恵比寿4-8-10,https://tabelog.com/tokyo/A1303/A130302/13282878/
ラーメン,焼きあご塩らー麺 たかはし 恵比寿店,"営業時間
全日11:00～翌4:00(LO 3:50) 
日曜営業
定休日
無休",東京都渋谷区恵比寿南1-1-3 マツダイビル 1F,https://tabelog.com/tokyo/A1303/A130302/13244759/
ラーメン,Renge no Gotoku,"営業時間
11:00〜19:00
日曜営業
定休日
不定休",東京都渋谷区桜丘町16-7 鈴木ビル 1F,https://tabelog.com/tokyo/A1303/A130301/13236477/
ラーメン,麺屋 大和田,"営業時間
11:30～23:00※売り切れ次第終了
日曜営業
定休日
無休(年末年始休みあり)",東京都渋谷区道玄坂1-5-5 藤木ビル 1F,https://tabelog.com/tokyo/A1303/A130301/13273449/
ラーメン,つなぎ,"営業時間
朝ラー営業　7:00~10:00 （無休）営業曜日水.木.金.土.日曜日&祝日7時～ 朝ラーメンday※月.火曜日が祝日の場合営業します11:00～23:00
日曜営業
定休日
不定休",東京都渋谷区恵比寿1-4-1 アーバンハウス 1F,https://tabelog.com/tokyo/A1303/A130302/13157556/
ラーメン,長岡生姜ラーメン しょうがの湯,"営業時間
【全日】11:00～23:00
日曜営業
定休日
年中無休",東京都渋谷区渋谷3-10-12,https://tabelog.com/tokyo/A1303/A130301/13243202/
ラーメン,らぁ麺 大和田,"営業時間
[月〜金]11:30～15:3017:30〜23:00
定休日
土曜日、日曜日",東京都渋谷区道玄坂1-6-7,https://tabelog.com/tokyo/A1303/A130301/13191298/
ラーメン,中国ラーメン揚州商人 渋谷センター街店,"営業時間
[月～金] 10:00～翌8:00(L.O.翌7:30) [土・日・祝] 24時間営業
日曜営業
定休日
無休",東京都渋谷区宇田川町33-12 J+Rビル 1F,https://tabelog.com/tokyo/A1303/A130301/13198283/
ラーメン,野郎ラーメン 渋谷センター街総本店,"営業時間
月曜日～木曜日・日曜日　10：00～6：00金・土曜日　24時間営業中
日曜営業
定休日
無休",東京都渋谷区宇田川町25-3 プリンスビル 1F,https://tabelog.com/tokyo/A1303/A130301/13173958/
ラーメン,一,"営業時間
月～土、祝日前日　11:00~21:30日祝　11:00~19:002022年11/16 新装オープンです。
定休日
無休",東京都渋谷区神宮前3-23-1 NODERA　BLDG　B1F,https://tabelog.com/tokyo/A1306/A130601/13125040/
ラーメン,つるかめ 恵比寿,"営業時間
【平日】11:30 – 15:00（14:30L.O.）17:30 – 23:00（22:30L.O.）【土日祝】11:30 – 23:00（22:30L.O.）
日曜営業
定休日
なし",東京都渋谷区恵比寿4-9-5 マンションニュー恵比寿 102,https://tabelog.com/tokyo/A1303/A130302/13247998/
ラーメン,GENEI.WAGAN,"営業時間
《ディナー》［月〜土］17:00～21:00(コースのみ)　フルコースのお食事は2時間程度掛かります。
定休日
日曜日",東京都渋谷区広尾1-10-10 ＮＫビル B1F,https://tabelog.com/tokyo/A1303/A130302/13126357/
ラーメン,Ramen Izakaya Deniro,"営業時間
[月～金]11:30～22：00(L.O21：45)[土・日・祝]11:15～22:00(L.O21：45)
日曜営業
定休日
不定休",東京都渋谷区千駄ヶ谷5-32-5 GSハイム新宿南口 1F 105,https://tabelog.com/tokyo/A1304/A130403/13285245/
ラーメン,しお貫,"営業時間
[火～土]10:30～翌4:00[日･月]10:30～22:00
日曜営業
定休日
無休",東京都渋谷区恵比寿3-3-2,https://tabelog.com/tokyo/A1303/A130302/13092063/
ラーメン,吉祥寺武蔵家 笹塚店,"営業時間
[月〜日]11:00〜22:30(LO)
日曜営業
定休日
定休日無し",東京都渋谷区笹塚1-55-16 1F,https://tabelog.com/tokyo/A1318/A131808/13279597/
ラーメン,らーめん 穀雨,"営業時間
[月～金]12:00～15:00(L.O.)18:00～20:00(L.O.)[土]12:00～15:00(L.O.)
定休日
第1・3土曜日、日曜日、祝日",東京都渋谷区桜丘町29-5 石島ビル 1F,https://tabelog.com/tokyo/A1303/A130301/13149719/
ラーメン,生姜醤油専門 我武者羅 幡ヶ谷本店,"営業時間
11:30～15:0018:00～23:00※日曜のみ21:00閉店
日曜営業
定休日
定休日なし。毎日営業中！",東京都渋谷区幡ヶ谷2-1-5 弓ビル　１Ｆ,https://tabelog.com/tokyo/A1318/A131807/13119112/
ラーメン,代官山海老そば 豊秀,"営業時間
12:00～15:0018:00～22:00
定休日
月曜日",東京都渋谷区代官山町20-9 サザン代官山 1F,https://tabelog.com/tokyo/A1303/A130303/13271328/
ラーメン,御天 千駄ヶ谷店,"営業時間
[水～土]18:00〜24:00[月]18:00〜24:00
定休日
火曜日・日曜日・祝日",東京都渋谷区千駄ヶ谷5-15-8,https://tabelog.com/tokyo/A1304/A130403/13000832/
ラーメン,伊蔵八味噌らーめん,"営業時間
11:00～22:00（L.O.）
日曜営業
定休日
無休",東京都渋谷区渋谷3-21-3 SHIBUYA STREAM 2F,https://tabelog.com/tokyo/A1303/A130301/13242345/
ラーメン,味源熊祭 おくむら,"営業時間
11:00～7:00（L.O.6:00）
日曜営業
定休日
不定休",東京都渋谷区宇田川町24-6 鉄人門渋ビルヂング　２Ｆ,https://tabelog.com/tokyo/A1303/A130301/13020601/
ラーメン,らぁめん冠尾,"営業時間
[火水木金土日] 11:30〜15:00, 17:00〜22:00(L.O)
日曜営業
定休日
月曜定休",東京都渋谷区恵比寿西1-7-11 鈴木ビル 1F,https://tabelog.com/tokyo/A1303/A130302/13202652/
ラーメン,俺流塩らーめん 東急本店前店,,東京都渋谷区道玄坂2-23-1 小池ビル 1F,https://tabelog.com/tokyo/A1303/A130301/13172148/
ラーメン,麺亭 しま田,"営業時間
[月～日]11：30～23：00（スープがなくなり次第終了）[金、土曜日のみ]11：30～０７：00（スープがなくなり次第終了）※２３時以降多少メニュー変動有り日曜営業
日曜営業
定休日
不定休",東京都渋谷区恵比寿1-8-1 ドシー恵比寿 1F,https://tabelog.com/tokyo/A1303/A130302/13290616/
ラーメン,代々木商店,"営業時間
営業時間・休業日は変更となる場合がございますので、HPにて最新情報をご確認ください
定休日
無休",東京都渋谷区代々木1-58-3 田辺ビル １Ｆ,https://tabelog.com/tokyo/A1304/A130403/13114212/
ラーメン,日高屋 初台南口店,"営業時間
11:00～翌02:00
定休日
無休",東京都渋谷区初台1-37-11 シャトー初台 1F,https://tabelog.com/tokyo/A1318/A131807/13036218/
ラーメン,天下一品 恵比寿店,"営業時間
11:00～22:30(L.O.22:00)
日曜営業
定休日
無休",東京都渋谷区恵比寿南1-1-11,https://tabelog.com/tokyo/A1303/A130302/13193767/
ラーメン,道玄坂 マンモス,"営業時間
［月～日］11:30～22:00
日曜営業
定休日
無休（但し年末年始）",東京都渋谷区道玄坂2-10-1,https://tabelog.com/tokyo/A1303/A130301/13122700/
ラーメン,味噌らーめん 柿田川 ひばり 恵比寿本店,"営業時間
［月～土］11:30～22:00［日・祝］11:30～21:00
日曜営業
定休日
無休",東京都渋谷区恵比寿西1-10-8 杉山ビル 1F,https://tabelog.com/tokyo/A1303/A130302/13254802/
ラーメン,らあめん花月嵐 青山キラー通り店,"営業時間
[店内営業時間]11:00～翌03:00※日曜日、祝日のみ11：00～22：00
日曜営業
定休日
無休",東京都渋谷区神宮前3-42-3,https://tabelog.com/tokyo/A1306/A130603/13124497/
ラーメン,らーめん 香月 代々木公園店,"営業時間
11:30～15:0017:00～22:00(L.O.)[土・日・祝]11:30～22:00(L.O.)
日曜営業
定休日
水曜日",東京都渋谷区富ヶ谷1-8-8,https://tabelog.com/tokyo/A1318/A131810/13278300/
ラーメン,日高屋 渋谷宮下公園前店,"営業時間
10:30～翌4:00(L.O.翌3:30)[月・火・日]10:30～23:00
日曜営業",東京都渋谷区渋谷1-24-4 川昌渋谷ビル1F,https://tabelog.com/tokyo/A1303/A130301/13124005/
ラーメン,塩豚骨らーめん たちひら,"営業時間
10:30～翌6:00スープ無くなり次第終了
日曜営業
定休日
無し",東京都渋谷区道玄坂2-28-7,https://tabelog.com/tokyo/A1303/A130301/13232538/
ラーメン,壱角家 渋谷道玄坂店,"営業時間
[月～木]11:00～翌6:00[金]11:00～翌9:00[土]24時間営業[日・祝]9:00～翌6:00
日曜営業
定休日
無休",東京都渋谷区道玄坂2-9-10 道玄坂K&Kビル 2F,https://tabelog.com/tokyo/A1303/A130301/13170862/
ラーメン,らあめん渋英,"営業時間
[月～木・日・祝]11:00～翌3:00[金・土・祝前]11:00～翌6:00
日曜営業
定休日
無休",東京都渋谷区道玄坂2-4-5,https://tabelog.com/tokyo/A1303/A130301/13073252/
ラーメン,日高屋 笹塚観音通店,"営業時間
10:30～23:00(L.O. 22:30)",東京都渋谷区笹塚1-22-5 笹塚IMビル1F,https://tabelog.com/tokyo/A1318/A131808/13103040/
ラーメン,桂花ラーメン 渋谷センター街店,"営業時間
月～土：9:00～23:00日・祝：9:00～22:30
日曜営業
定休日
無休",東京都渋谷区宇田川町27-1,https://tabelog.com/tokyo/A1303/A130301/13001748/
ラーメン,つけ麺屋 やすべえ 新宿店,"営業時間
[月～土]11:00～翌3:00[日]11:00～21:00麺、スープ無くなり次第閉店
日曜営業
定休日
無休（正月休みあり）",東京都渋谷区代々木2-11-19 ハヤカワビル １Ｆ,https://tabelog.com/tokyo/A1304/A130401/13001055/
ラーメン,東京油組総本店 広尾組,"営業時間
[月～土]11:00～28:00[日]11:00～21:00※麺がなくなり次第終了
日曜営業
定休日
無休",東京都渋谷区広尾5-3-12,https://tabelog.com/tokyo/A1307/A130703/13061660/
ラーメン,一蘭 渋谷店,"営業時間
10:00～翌6:00(L.O.翌6:00)※営業時間は変更になる場合がございますので、最新情報は公式HPをご確認ください
日曜営業
定休日
年中無休",東京都渋谷区神南1-22-7 岩本ビル　Ｂ１Ｆ,https://tabelog.com/tokyo/A1303/A130301/13001762/
ラーメン,中華そば専門 田中そば店 渋谷パルコ店,"営業時間
［月～金］11:30～16:0017:00～21:00［土・日・祝］11:30～21:00",東京都渋谷区宇田川町15-1,https://tabelog.com/tokyo/A1303/A130301/13241236/
ラーメン,背脂煮干中華そば 我武者羅 初台店,"営業時間
[火~日]11:30～15:0018:00～23:00※営業時間は東京都のコロナ感染防止対策の要請に応じて変更することがあります。ご了承ください。
日曜営業
定休日
毎週月曜",東京都渋谷区本町2-5-15 マツザワビル 1F,https://tabelog.com/tokyo/A1318/A131807/13247664/
ラーメン,麺屋吟治zero,"営業時間
11:00～16:00(L.O.)
定休日
不定休",東京都渋谷区笹塚1-58-13 フィエスタ笹塚 6F,https://tabelog.com/tokyo/A1318/A131808/13289323/
ラーメン,製麺ｒａｂｏ,,東京都渋谷区本町4-13-10,https://tabelog.com/tokyo/A1304/A130401/13172669/
ラーメン,麺屋武蔵 武骨外伝,"営業時間
11:30～22:30（早仕舞いあり）
日曜営業
定休日
なし",東京都渋谷区道玄坂2-8-5,https://tabelog.com/tokyo/A1303/A130301/13030753/
ラーメン,町田商店 渋谷店,"営業時間
営業時間・休業日は変更となる場合がございますので、HPにて最新情報をご確認ください
日曜営業
定休日
無休",東京都渋谷区宇田川町11-6 渋谷宇田川KKビル 1F,https://tabelog.com/tokyo/A1303/A130301/13166641/
ラーメン,麺屋 帆のる 恵比寿店,"営業時間
11:30～21:30(L.O.20:30)
日曜営業
定休日
無休",東京都渋谷区恵比寿南1-23-1 ABC亜米利加橋ビル 1F,https://tabelog.com/tokyo/A1303/A130302/13198290/
ラーメン,麺屋 武一 初台店,"営業時間
11:30～売切次第終了 17:30～売切次第終了
定休日
不定休",東京都渋谷区本町1-2-2 榎本ビル 1F,https://tabelog.com/tokyo/A1318/A131807/13164664/
ラーメン,三田製麺所 恵比寿南店,"営業時間
［月～水・土・日・祝］11:00～22:00 (L.O. 21:30)［木・金］11:00～23:00
日曜営業
定休日
無休",東京都渋谷区恵比寿南2-1-12 サトウビル 1F,https://tabelog.com/tokyo/A1303/A130302/13090945/
ラーメン,博多 一風堂 恵比寿店,"営業時間
11:00～21:00(L.O.20:40)
日曜営業
定休日
無休",東京都渋谷区広尾1-3-13,https://tabelog.com/tokyo/A1303/A130302/13004461/
ラーメン,中華麺酒房 中華そば すずらん,"営業時間
11:30～15:30 18:00～23:00(L.O.22:30)
定休日
不定休",東京都渋谷区恵比寿1-7-12 久保ビル 1F,https://tabelog.com/tokyo/A1303/A130302/13173000/
ラーメン,鬼そば 藤谷,"営業時間
火災の貰い火で現在営業停止中９月23日13:00に一階のお店からの火災がダクトを通じて5階に燃え移り営業が出来なくなりました。大変申し訳ないです。現在の営業時間11:30～14:5017:00〜21:30
日曜営業
定休日
木曜日",東京都渋谷区宇田川町24-6 渋ビルヂング 5F,https://tabelog.com/tokyo/A1303/A130301/13147342/
ラーメン,らぁめん 一福,"営業時間
[ 水 木 ]  11:30～14:00 L.O[ 土 日 ]  11:30～14:00 L.O
日曜営業
定休日
月、火、金",東京都渋谷区本町2-17-14 小泉ビル 1F,https://tabelog.com/tokyo/A1318/A131807/13004351/
ラーメン,麺屋福丸,"営業時間
[火～金]11:00~15:0018:00~21:00[土・日・祝日]11:00～16:0018：00～21：00定休日月曜ランチ・ディナーでスープがなくなり次第終了
日曜営業
定休日
月曜日",東京都渋谷区幡ヶ谷1-9-6 リッツ幡ヶ谷1階,https://tabelog.com/tokyo/A1318/A131808/13208773/
ラーメン,麺恋処 いそじ,"営業時間
[月～金]　11:30～20:30(L.O.)[土]　　11:30～19:00(L.O.)
定休日
日曜・祝日",東京都渋谷区代々木1-14-5,https://tabelog.com/tokyo/A1304/A130403/13041621/
ラーメン,背脂ラーメン チャッチャ亭,"営業時間
11:00～22:30
日曜営業",東京都渋谷区道玄坂2-25-5 島田ビル 1F,https://tabelog.com/tokyo/A1303/A130301/13267859/
ラーメン,らあめん花月嵐 北参道店,"営業時間
11:00～21:00",東京都渋谷区千駄ヶ谷4-27-13,https://tabelog.com/tokyo/A1304/A130403/13249839/
ラーメン,やぐら亭,,東京都渋谷区本町2-32-2,https://tabelog.com/tokyo/A1318/A131807/13006609/
ラーメン,めん屋 桔梗 初台本店,,東京都渋谷区本町2-8-1,https://tabelog.com/tokyo/A1318/A131807/13195925/
ラーメン,光醤,"営業時間
[月～日]10:00～翌7：00
日曜営業
定休日
無休",東京都渋谷区道玄坂2-7-4,https://tabelog.com/tokyo/A1303/A130301/13069220/
ラーメン,炙り味噌らーめん 麺匠 真武咲弥 渋谷店,"営業時間
月曜日11時〜翌02:30(L.O)火曜日11時〜翌04:30(L.O)水曜日11時〜翌04:30(L.O)木曜日11時〜翌04:30(L.O)金曜日11時〜翌06:30(L.O)土曜日11時〜翌06:30(L.O)日曜日11時〜翌04:30(L.O)
日曜営業
定休日
なし",東京都渋谷区道玄坂2-10-3,https://tabelog.com/tokyo/A1303/A130301/13109578/
ラーメン,ジカセイ メンショウ,"営業時間
[月～金]11:30～22:00[土・日]11:30～21:00
日曜営業
定休日
不定休(渋谷パルコに準ずる)",東京都渋谷区宇田川町15-1 渋谷パルコ B1F,https://tabelog.com/tokyo/A1303/A130301/13241232/
ラーメン,タムジャイサムゴー 恵比寿店,"営業時間
11:00～22:00（L.O.21:30）平日限定ランチタイム 11:00～17:00
日曜営業
定休日
12月31日(日)～1月3日(水)まで休業",東京都渋谷区恵比寿1-10-7 TIB恵比寿ビル 1F,https://tabelog.com/tokyo/A1303/A130302/13267323/
ラーメン,らあめん花月嵐 笹塚店,"営業時間
[店内営業時間]11:00～24:00(L.O23:30)[出前館受付時間]11:00～21:00[Uber Eats受付時間]11:00～23:00
日曜営業
定休日
なし",東京都渋谷区笹塚1-59-8,https://tabelog.com/tokyo/A1318/A131808/13055952/
ラーメン,せい家 笹塚店,,東京都渋谷区笹塚2-43-6,https://tabelog.com/tokyo/A1318/A131808/13131264/
ラーメン,道楽 代々木店,"営業時間
11:00～24:00
定休日
日曜日",東京都渋谷区代々木3-38-11 富士見マンション 1Ｆ,https://tabelog.com/tokyo/A1318/A131810/13013518/
ラーメン,横浜家系らーめん侍 渋谷本店,"営業時間
[月～金]11:00～21:00[土・日・祝]9:00～21:00",東京都渋谷区道玄坂2-6-6 和光ビル 1F,https://tabelog.com/tokyo/A1303/A130301/13262063/
ラーメン,博多食堂,,東京都渋谷区宇田川町36-16 プラザマリーナ 1F,https://tabelog.com/tokyo/A1303/A130301/13161572/
ラーメン,桜ん坊,"営業時間
[月～金]11:30～15:00、18:00～24:00[土・日]11:30～24:00
日曜営業
定休日
無休",東京都渋谷区桜丘町16-8 1F,https://tabelog.com/tokyo/A1303/A130301/13135184/
ラーメン,鯛塩そば 灯花 代々木店,"営業時間
月~日11:00~24:00
日曜営業
定休日
不定休",東京都渋谷区代々木1-36-6 代々木駅前ビル 1F,https://tabelog.com/tokyo/A1304/A130403/13282341/
ラーメン,渋谷三丁目らあめん,"営業時間
11:00～22:30
日曜営業
定休日
無休",東京都渋谷区渋谷3-13-9,https://tabelog.com/tokyo/A1303/A130301/13014694/
ラーメン,カムクラ ダイニング,"営業時間
10:00～23:30(L.O.23:00)",東京都渋谷区恵比寿南1-5-5 アトレ恵比寿 2F,https://tabelog.com/tokyo/A1303/A130302/13138716/
ラーメン,Shrimp Noodle マルコ倶楽部,"営業時間
11:30～14:30
日曜営業
定休日
無休",東京都渋谷区恵比寿1-6-1 グリーンハイツ高橋 1F,https://tabelog.com/tokyo/A1303/A130302/13270171/
ラーメン,北海道らーめん味丸 宇田川,"営業時間
[月～日]10:00～31:00
日曜営業
定休日
無休",東京都渋谷区宇田川町29-3,https://tabelog.com/tokyo/A1303/A130301/13094910/
ラーメン,黒勝,"営業時間
[月～金]11時～16時17時〜21時［土］11時〜16時祝日営業　11時〜16時
定休日
日曜日・他不定休あり",東京都渋谷区渋谷3-14-3,https://tabelog.com/tokyo/A1303/A130301/13271776/
ラーメン,中華そば つけめん 玉 新宿店,"営業時間
営業時間11時〜21時（ラストオーダー20時30分）
日曜営業
定休日
無休",東京都渋谷区千駄ヶ谷5-27-5 リンクスクエア新宿 1F,https://tabelog.com/tokyo/A1304/A130401/13239425/
ラーメン,SAMAR,"営業時間
当面の間休業とさせて頂いております。
定休日
休業中",東京都渋谷区恵比寿南1-18-12,https://tabelog.com/tokyo/A1303/A130302/13253963/
ラーメン,豚山 幡ヶ谷店,"営業時間
営業時間・休業営業時間・休業日は変更となる場合がございますので、HPにて最新情報をご確認ください
定休日
無休",東京都渋谷区幡ヶ谷2-13-3,https://tabelog.com/tokyo/A1318/A131807/13242260/
ラーメン,俺流塩らーめん～塩とタンメン～ 南平台店,"営業時間
11:00～23:00
日曜営業
定休日
無休",東京都渋谷区南平台町17-13 ヴェンヴェール1F,https://tabelog.com/tokyo/A1303/A130301/13137182/
ラーメン,中華ソバ 櫻坂,"営業時間
11:00～21:00
定休日
日曜日",東京都渋谷区桜丘町17-10 吉野ビル 1F,https://tabelog.com/tokyo/A1303/A130301/13008320/
ラーメン,俺流塩らーめん 表参道店,"営業時間
11:00～23:00
日曜営業",東京都渋谷区神宮前6-2-8 表参道ビル 1F,https://tabelog.com/tokyo/A1306/A130601/13269521/
ラーメン,一郎らーめん,,東京都渋谷区代々木1-36-5 理容文化社ビル 1F,https://tabelog.com/tokyo/A1304/A130403/13282081/
ラーメン,壱角家 原宿店,"営業時間
[月～木・日]10:30～23:00(L.O.22:50)[金・土]10:30～翌1:00(L.O.24:50)
日曜営業
定休日
無休",東京都渋谷区神宮前3-23-8 小嶋ビル 1F,https://tabelog.com/tokyo/A1306/A130601/13171435/
ラーメン,まぜそば七,"営業時間
月～金　11:30～22:45(L.O)土・日・祝　11:30～21:45(L.O)
日曜営業
定休日
年中無休",東京都渋谷区桜丘町16-10,https://tabelog.com/tokyo/A1303/A130301/13169375/
ラーメン,麺屋TAMOTSU,"営業時間
[月〜日〕11:00〜16::00※なくなり次第終了
日曜営業
定休日
不定休",東京都渋谷区渋谷2-7-13 大一ビル B1F,https://tabelog.com/tokyo/A1303/A130301/13251656/
ラーメン,蔭山樓 渋谷東急フードショー店,"営業時間
10：00～21：00（イートインL.O.20:30）
日曜営業",東京都渋谷区道玄坂1-12-1 渋谷 東急フードショー しぶちか,https://tabelog.com/tokyo/A1303/A130301/13261356/
ラーメン,AFURI 原宿,"営業時間
11:00-23:00（Last order 22:30）
日曜営業
定休日
Open 7 days a week",東京都渋谷区千駄ヶ谷3-63-1 グランデフォレスタ　１Ｆ,https://tabelog.com/tokyo/A1306/A130601/13095244/
ラーメン,天下一品 渋谷店,"営業時間
11:00～22:30(L.O.22:00)
日曜営業
定休日
無休",東京都渋谷区宇田川町30-3 アトラス シブヤビル1F,https://tabelog.com/tokyo/A1303/A130301/13019266/
ラーメン,はやし,"営業時間
11:30～15:30(スープ無くなり次第閉店)
定休日
水曜日、日曜日",東京都渋谷区道玄坂1-14-9 ソシアル道玄坂 1F,https://tabelog.com/tokyo/A1303/A130301/13003367/
ラーメン,香湯ラーメン ちょろり 恵比寿店,,東京都渋谷区恵比寿4-22-11,https://tabelog.com/tokyo/A1303/A130302/13001595/
ラーメン,三田製麺所 渋谷道玄坂店,"営業時間
11:00～22:00(L.O.21:30)
日曜営業
定休日
無休",東京都渋谷区道玄坂2-28-2 MMビル 1F,https://tabelog.com/tokyo/A1303/A130301/13149841/
ラーメン,弘前煮干し中華そばスタンド ニボる?,,東京都渋谷区代々木2-2-1 新宿マインズタワー B1F,https://tabelog.com/tokyo/A1304/A130401/13287719/
ラーメン,麺うら裏,"営業時間
[月～金]　11：30 ～ 00：30 (ラストオーダー00：00)[土日祝祭]　11：30 ～ スープ・麺がなくなり次第終了
日曜営業
定休日
不定休",東京都渋谷区富ヶ谷1-45-13 シズナビル 1F,https://tabelog.com/tokyo/A1318/A131810/13223964/
ラーメン,らーめん山頭火 原宿店,"営業時間
[月～土]11:00～22:00[日]11:00～21:00
日曜営業
定休日
無休",東京都渋谷区神宮前6-1-6 角田ビル　１Ｆ,https://tabelog.com/tokyo/A1306/A130601/13019605/
ラーメン,西安ビャンビャン麺 笹塚店,"営業時間
[月～日]11:00～15:0017:00～23:00(L.O.22:30)
日曜営業
定休日
無休",東京都渋谷区笹塚1-55-16 京王クラウン街笹塚,https://tabelog.com/tokyo/A1318/A131808/13280165/
ラーメン,つけ麺 五ノ神製作所,"営業時間
[月～日]11:00～21:30(L.O.21:00)
日曜営業
定休日
無休",東京都渋谷区千駄ヶ谷5-33-16 シャトレー新宿御苑第一 1F,https://tabelog.com/tokyo/A1304/A130401/13120708/
ラーメン,ラーメン ヤスオ,"営業時間
11:30〜14:50
定休日
なし(臨時休業はSNSで確認)",東京都渋谷区代々木2-29-3 1F,https://tabelog.com/tokyo/A1304/A130403/13146213/
ラーメン,真鯛らーめん 麺魚 代々木上原店,"営業時間
[月～金]11:30～20:00［土・日］11:30～22:00
日曜営業
定休日
無休",東京都渋谷区上原1-33-12 ちとせビル 1F,https://tabelog.com/tokyo/A1318/A131811/13262638/
ラーメン,島田家,,東京都渋谷区恵比寿西1-7-15 エビスKATOHビル 1F,https://tabelog.com/tokyo/A1303/A130302/13291462/
ラーメン,威風 渋谷センター街店,"営業時間
24時間営業※まん延防止措置期間中10:30～21:00
日曜営業
定休日
無休",東京都渋谷区宇田川町28-1 1F,https://tabelog.com/tokyo/A1303/A130301/13268450/
ラーメン,らぁ麺田じま,"営業時間
11:30〜24:00
定休日
年中無休",東京都渋谷区宇田川町31-9 ハナテイビル 1F,https://tabelog.com/tokyo/A1303/A130301/13242517/
ラーメン,アートマサシヤ,"営業時間
11:30～15:00※売り切れ次第閉店
日曜営業
定休日
水曜（年末年始：毎年12/30-1/4くらい）",東京都渋谷区南平台町2-8 日興パレス南平台アヅマ 1F,https://tabelog.com/tokyo/A1303/A130301/13122253/
ラーメン,RAMEN TOMIRAI 代々木店,,"東京都渋谷区代々木1-33-2 1F, 2F",https://tabelog.com/tokyo/A1304/A130403/13182577/
ラーメン,蓮,,東京都渋谷区千駄ヶ谷4-19-14,https://tabelog.com/tokyo/A1309/A130901/13171341/
ラーメン,つじ田 渋谷フクラス店,"営業時間
11:00～21:00
日曜営業
定休日
無休",東京都渋谷区道玄坂1-2-3 渋谷フクラス 1F,https://tabelog.com/tokyo/A1303/A130301/13240890/
ラーメン,俺流塩らーめん 渋谷公園通り店,,東京都渋谷区神南1-15-7 COENビル 1F,https://tabelog.com/tokyo/A1303/A130301/13211610/
ラーメン,俺流塩らーめん 原宿駅前店,,東京都渋谷区神宮前1-21-13 Dice神宮前 1F,https://tabelog.com/tokyo/A1306/A130601/13247768/
ラーメン,太陽のトマト麺 青山オーバルビル店,"営業時間
11:00～23:00(LO 22:30)
日曜営業",東京都渋谷区神宮前5-52-2 青山オーバルビル B1F,https://tabelog.com/tokyo/A1306/A130602/13283291/
ラーメン,Japanese Soba Noodles 蔦,"営業時間
11:00〜15:00毎週土、日、祝  11:00〜16:00
日曜営業
定休日
火曜日",東京都渋谷区西原3-2-4 フロンティア代々木上原 B1F,https://tabelog.com/tokyo/A1318/A131811/13241560/
ラーメン,AFURI 恵比寿,"営業時間
11:00-翌5:00
日曜営業
定休日
Open 7 days a week",東京都渋谷区恵比寿1-1-7 １１７ビル　１Ｆ,https://tabelog.com/tokyo/A1303/A130302/13005500/
ラーメン,ラーメンの店 ホープ軒 千駄ヶ谷店,"営業時間
24時間営業
日曜営業
定休日
無休",東京都渋谷区千駄ヶ谷2-33-9,https://tabelog.com/tokyo/A1309/A130901/13021239/
ラーメン,oh my DOT シブヤ,"営業時間
11:00～22:00
日曜営業",東京都渋谷区宇田川町13-17 ライズビル B1F,https://tabelog.com/tokyo/A1303/A130301/13284930/
ラーメン,ラーメン暖暮 恵比寿南店,"営業時間
[火水木]11:00～翌03:30[金・土]11:00～翌05:00[日・月]11:00～22:30年中無休
定休日
無し",東京都渋谷区恵比寿南1-2-3 恵比寿TSビル 1F,https://tabelog.com/tokyo/A1303/A130302/13221425/
ラーメン,野方ホープ 原宿店,"営業時間
11:00～24:00(23:00 L.O)
日曜営業
定休日
なし（12月31日～1月3日は休み）",東京都渋谷区神宮前1-2-1,https://tabelog.com/tokyo/A1306/A130601/13198903/
ラーメン,日高屋 恵比寿南店,"営業時間
［月～金］10:30～翌4:00（L.O.翌3:30）［日・祝］10:30～23:00
日曜営業
定休日
無休",東京都渋谷区恵比寿南2-1-8 OTビル 1F,https://tabelog.com/tokyo/A1303/A130302/13049050/
ラーメン,ねじ式,"営業時間
11:30～15:0018:00～22:00※材料切れ次第終了
日曜営業
定休日
木曜",東京都渋谷区幡ヶ谷2-47-12 田口ビル1F,https://tabelog.com/tokyo/A1318/A131807/13115792/
ラーメン,一蘭 渋谷スペイン坂店,"営業時間
10:00～翌6:00(L.O.翌6:00)※営業時間は状況により急遽変更する場合がございます。ご来店前に公式HPをご確認ください。
日曜営業
定休日
年中無休",東京都渋谷区宇田川町13-7 コヤスワン B1F,https://tabelog.com/tokyo/A1303/A130301/13166058/
ラーメン,麺屋 空海 恵比寿店,"営業時間
11:30～22:30（L.O.22:00）
日曜営業
定休日
無休　（年末年始休みあり）",東京都渋谷区恵比寿3-49-1,https://tabelog.com/tokyo/A1307/A130703/13024360/
ラーメン,九月堂,"営業時間
11:00-21:00※最新情報は公式ホームページまたはGoogleページをご覧ください。
日曜営業
定休日
月曜日(祝日の場合は翌日火曜休業)",東京都渋谷区神南1-15-12 佐藤ビル2F,https://tabelog.com/tokyo/A1303/A130301/13096372/
ラーメン,蝋燭屋 表参道ヒルズ店,"営業時間
11:00～23:00（sun～22:00） ラストオーダー 22:00（sun 21:00）※祝日も日曜と同じく22時前に閉店してた事あり
日曜営業
定休日
無休",東京都渋谷区神宮前4-12-10 表参道ヒルズ 3F,https://tabelog.com/tokyo/A1306/A130602/13234137/
ラーメン,麺屋ニシムクサムライ,"営業時間
11:00～15:00(L.O.14:30)18:00～23:00(L.O.22:00)※スープ売り切れ次第終了
日曜営業
定休日
無休",東京都渋谷区幡ヶ谷2-56-1 コーポラス幡ヶ谷 1F,https://tabelog.com/tokyo/A1318/A131808/13290230/
ラーメン,麺亭 しま田,"営業時間
[月～日]11：30～23：00（スープがなくなり次第終了）[金、土曜日のみ]11：30～０７：00（スープがなくなり次第終了）※２３時以降多少メニュー変動有り
日曜営業
定休日
不定休",東京都渋谷区恵比寿西1-7-15 KATOHビル 1F,https://tabelog.com/tokyo/A1303/A130302/13234546/
ラーメン,俺流塩らーめん 代官山店,"営業時間
11:00～22:00
定休日
日曜日",東京都渋谷区猿楽町1-3,https://tabelog.com/tokyo/A1303/A130301/13152195/
ラーメン,麺の坊 砦,"営業時間
全日11:00～14:30（Lo）17:30〜21:30（Lo）
日曜営業
定休日
毎週水曜日、他",東京都渋谷区神泉町20-23,https://tabelog.com/tokyo/A1303/A130301/13003402/
ラーメン,博多天神 渋谷南口店,"営業時間
10:00～翌4:00
日曜営業
定休日
無休",東京都渋谷区道玄坂1-5-4 照力ビル 1F,https://tabelog.com/tokyo/A1303/A130301/13004828/
ラーメン,ポークヌードル内藤,,東京都渋谷区本町2-4-3,https://tabelog.com/tokyo/A1318/A131807/13126600/
ラーメン,長浜や 笹塚店,"営業時間
11:00～翌4:00
日曜営業
定休日
年中無休",東京都渋谷区笹塚1-58-7,https://tabelog.com/tokyo/A1318/A131808/13019974/
ラーメン,大穀,"営業時間
11:00～23:00
定休日
日曜・祝日",東京都渋谷区東1-27-9,https://tabelog.com/tokyo/A1303/A130301/13001360/
ラーメン,九州じゃんがららあめん 原宿店,"営業時間
【1階の店舗】（平日）10:45～24:00（土・日・祝）10:00～24:00【2階の店舗】11:00～23:00
日曜営業
定休日
なし",東京都渋谷区神宮前1-13-21 シャンゼール原宿２号館　１Ｆ・２Ｆ,https://tabelog.com/tokyo/A1306/A130601/13001244/
ラーメン,超俺流塩ラーメン 渋谷センター街店,"営業時間
11:00～22:00
定休日
無休",東京都渋谷区宇田川町21-7,https://tabelog.com/tokyo/A1303/A130301/13288386/
ラーメン,町田商店 恵比寿東口店,"営業時間
営業時間・休業日は変更となる場合がございますので、HPにて最新情報をご確認ください
日曜営業
定休日
無休",東京都渋谷区恵比寿1-9-5,https://tabelog.com/tokyo/A1303/A130302/13274264/
ラーメン,ラーメン凪 豚王 渋谷本店,"営業時間
【月～土】10:00～22:30【日・祝】10:00～20:00
日曜営業
定休日
なし",東京都渋谷区東1-3-1 カミニート　１Ｆ,https://tabelog.com/tokyo/A1303/A130301/13024273/
ラーメン,らーめん 526,"営業時間
【月～金】11:30～15:00・17:00～20:00（麺切れ終了）【土】11:00～15:00 (麺切れ終了）【祭日】11：30～15：00(麺切れ終了）
定休日
日曜日",東京都渋谷区猿楽町1-3 竜王ビルIII １Ｆ,https://tabelog.com/tokyo/A1303/A130301/13127293/
ラーメン,黄金の塩らぁ麺 ドゥエ イタリアン 東急プラザ渋谷店,"営業時間
［月～金］11:00～15:0017:00～23:00(L.O.22:00)［土・日・祝］11:00～23:00(L.O.22:00)",東京都渋谷区道玄坂1-2-3 東急プラザ 6F,https://tabelog.com/tokyo/A1303/A130301/13242234/
ラーメン,らーめん丸富,"営業時間
11:00～20:00
日曜営業
定休日
土曜日",東京都渋谷区広尾5-22-1,https://tabelog.com/tokyo/A1303/A130302/13001637/
ラーメン,うさぎ,"営業時間
［月～金］11:30～14:30（L.O.）
定休日
土曜日、日曜日、祝日",東京都渋谷区神泉町8-13 アーガス霜田ビル 1F,https://tabelog.com/tokyo/A1303/A130301/13041115/
ラーメン,豚山  恵比寿店,"営業時間
11:00-2:00
日曜営業",東京都渋谷区恵比寿4-1-18,https://tabelog.com/tokyo/A1303/A130302/13275309/
ラーメン,壱角家 渋谷センター街店,,東京都渋谷区宇田川町21-7 ガーデンビル 1F,https://tabelog.com/tokyo/A1303/A130301/13271947/
ラーメン,麺屋 アシタマ,,東京都渋谷区富ヶ谷1-53-3,https://tabelog.com/tokyo/A1318/A131810/13288313/
ラーメン,吉法師,"営業時間
[木～火]12:00～15:00(L.O.14:30) 18:00～21:00(L.O.20:30)
定休日
水曜日",東京都渋谷区神南1-11-5 ダイネス壱番館渋谷102,https://tabelog.com/tokyo/A1303/A130301/13198455/
ラーメン,鶏そば・ラーメン Tonari,"営業時間
Open 12:00Close 21:00※スープ無くなり次第終了 
定休日
日曜日・祝日",東京都渋谷区円山町14-3 日興パレスビル渋谷 1F,https://tabelog.com/tokyo/A1303/A130301/13196746/
ラーメン,山手らーめん 新館,"営業時間
［月～水］11:00～15:30（L.O.15:15）［木～日］11:00～23:00（L.O.22:45）
日曜営業
定休日
無休",東京都渋谷区富ヶ谷2-21-13,https://tabelog.com/tokyo/A1318/A131801/13248599/
ラーメン,むかん 初台,"営業時間
10:00～
日曜営業
定休日
水曜日、土曜日",東京都渋谷区本町2-7-12,https://tabelog.com/tokyo/A1318/A131807/13291412/
ラーメン,日高屋 幡ヶ谷南口店,"営業時間
[月～土]10:30-翌3:00（L.O.翌2:30)[日・祝日]10:30-23:00（L.O.22:30)
定休日
無休",東京都渋谷区幡ヶ谷1-32-19 ドルチェ京王II ビル 1F,https://tabelog.com/tokyo/A1318/A131807/13127373/
ラーメン,特麺コツ一丁ラーメン,,東京都渋谷区幡ケ谷1-5-7 清水ビル 1F,https://tabelog.com/tokyo/A1318/A131807/13016490/
ラーメン,風雲児 新宿本店,"営業時間
営業時間・休業営業時間・休業日は変更となる場合がございますので、HPにて最新情報をご確認ください
日曜営業
定休日
なし",東京都渋谷区代々木2-14-3 北斗第一ビルB1F,https://tabelog.com/tokyo/A1304/A130401/13044091/
ラーメン,蒙古タンメン中本 渋谷店,"営業時間
11:00～23:00
日曜営業
定休日
無休　（年末年始休みあり）",東京都渋谷区道玄坂2-6-17 渋東シネタワー B2F,https://tabelog.com/tokyo/A1303/A130301/13094387/
ラーメン,一蘭 原宿店,"営業時間
11:00～22:00(L.O.21:45)※営業時間は変更になる場合がございますので、最新情報は公式HPをご確認ください
日曜営業
定休日
年中無休",東京都渋谷区神宮前6-5-6 サンポウ綜合ビル2F,https://tabelog.com/tokyo/A1306/A130601/13125736/
ラーメン,代々木商店 2号店,"営業時間
営業時間・休業日は変更となる場合がございますのでHPにて最新情報をご確認ください
日曜営業
定休日
無休",東京都渋谷区初台1-39-9,https://tabelog.com/tokyo/A1318/A131807/13174432/
ラーメン,麺屋 五常 渋谷マークシティ店,"営業時間
11:00～23:00（L.O.22:30）",東京都渋谷区道玄坂1-12-1 渋谷マークシティ アベニュー通り 4F,https://tabelog.com/tokyo/A1303/A130301/13268513/
ラーメン,町田商店 宮益坂店,"営業時間
営業時間・休業日は変更となる場合がございますので、HPにて最新情報をご確認ください
日曜営業
定休日
無休",東京都渋谷区渋谷1-8-5 小山ビル 1F,https://tabelog.com/tokyo/A1303/A130301/13257878/
ラーメン,八じゅう 渋谷店,"営業時間
月〜日ランチ11:30〜15:30(l.o15:00)ディナー17:00〜23:00(l.o22:00)
日曜営業
定休日
年末年始",東京都渋谷区宇田川町35-4 オークヴィレッジB1,https://tabelog.com/tokyo/A1303/A130301/13137095/
ラーメン,せい家 原宿店,"営業時間
[月～日]11:00〜翌2:30
日曜営業
定休日
無休",東京都渋谷区神宮前1-21-15,https://tabelog.com/tokyo/A1306/A130601/13046410/
ラーメン,俺流塩らーめん 渋谷総本店,"営業時間
11:00～翌6:00
日曜営業
定休日
年中無休",東京都渋谷区道玄坂1-22-8 朝日屋ビル1F,https://tabelog.com/tokyo/A1303/A130301/13113820/
ラーメン,坂内 笹塚店,"営業時間
［火～日］11:00～22:00(L.O.21:30)
日曜営業
定休日
月曜日",東京都渋谷区笹塚1-59-7,https://tabelog.com/tokyo/A1318/A131808/13004245/
ラーメン,麺屋 琥珀,"営業時間
【月～土】11:30～15:00/18:00～22:00 21:40(L.O)【水曜日】11:30～15:00
定休日
日曜日",東京都渋谷区初台1-34-1,https://tabelog.com/tokyo/A1318/A131807/13248484/
ラーメン,ミクロとくじら 幡ヶ谷,"営業時間
18:00～25:00（L.O.24:00）店休日：2023年12月25日(月)、31日(日)
日曜営業
定休日
2023年12月25日(月)、31日(日)",東京都渋谷区本町1-22-5 山下ビル 1F,https://tabelog.com/tokyo/A1318/A131807/13265466/
ラーメン,九十九ラーメン 恵比寿本店,"営業時間
11:00～翌3:00(L.O2:30)
日曜営業
定休日
年中無休",東京都渋谷区広尾1-1-36 本国ビル　１Ｆ,https://tabelog.com/tokyo/A1303/A130302/13004701/
ラーメン,東京麺人,"営業時間
月曜日から金曜日昼　11:00〜15:00夜　18:00〜21:00土曜日昼　11:00〜15:00定休日　日曜日臨時休業につきましては、SNSにアップします。
定休日
日曜日",東京都渋谷区千駄ヶ谷5-29-7,https://tabelog.com/tokyo/A1304/A130403/13280965/
ラーメン,えび豚骨拉麺 春樹 笹塚店,"営業時間
11:00～23:00
定休日
不定休(ショッピングモール21に準ずる)",東京都渋谷区笹塚1-48-14 ショッピングモール21 2F,https://tabelog.com/tokyo/A1318/A131808/13164090/
ラーメン,東京らーめん てん,"営業時間
11:00～15:0017:30～翌1:00(L.O.翌0:30)
日曜営業
定休日
無休",東京都渋谷区本町3-48-21,https://tabelog.com/tokyo/A1304/A130401/13006892/
ラーメン,博多風龍 渋谷店,"営業時間
［月～土］11:00～翌2:00［日］11:00～20:00
日曜営業
定休日
無休",東京都渋谷区道玄坂2-8-8,https://tabelog.com/tokyo/A1303/A130301/13160788/
ラーメン,らーめん たけ虎,"営業時間
[月・火・水・金]11:30～15:0018:00～22:00[土]11:30～15:00
定休日
木曜日、日曜日、祝日",東京都渋谷区幡ケ谷1-32-1 1F,https://tabelog.com/tokyo/A1318/A131807/13014461/
ラーメン,らーめん屋 豪快,"営業時間
[月～土]11:00～22:45
定休日
日曜日",東京都渋谷区笹塚1-56-2,https://tabelog.com/tokyo/A1318/A131808/13019847/
ラーメン,しゅういち 恵比寿店,"営業時間
営業時間【月・祝】11:00～23:00(L.O22:45)【火～土】11:00～翌5:00(L.O4:30)
日曜営業
定休日
無休",東京都渋谷区恵比寿西1-9-2 YAMAビル B1F,https://tabelog.com/tokyo/A1303/A130302/13159037/
ラーメン,暁雲 参宮橋店,"営業時間
11:30～22:00
日曜営業
定休日
無休",東京都渋谷区代々木4-5-1,https://tabelog.com/tokyo/A1318/A131810/13280860/
ラーメン,唐そば,,東京都渋谷区渋谷2-22-6 三信ビル,https://tabelog.com/tokyo/A1303/A130301/13002016/
ラーメン,凛 渋谷店,,東京都渋谷区宇多川町6-20 パラシオン渋谷 1F,https://tabelog.com/tokyo/A1303/A130301/13121071/
ラーメン,りあん,"営業時間
[ディナー]20:00頃～翌2:00頃※場合によっては閉店は朝方まで[ランチ]火ー土　11:30頃～14:00頃
定休日
不定休",東京都渋谷区笹塚2-10-6 今井百貨店ビル　1F,https://tabelog.com/tokyo/A1318/A131808/13112828/
ラーメン,らーめん金伝丸 渋谷道玄坂店,"営業時間
1100～7:30
日曜営業
定休日
無休",東京都渋谷区道玄坂2-9-2 渋専連ビル1階,https://tabelog.com/tokyo/A1303/A130301/13050657/
ラーメン,らーめん 匠力,"営業時間
昼11:00～16:00夜18:00〜23:00(22:30L.O)
日曜営業
定休日
無休",東京都渋谷区広尾5-14-4 広尾SKビル 1F,https://tabelog.com/tokyo/A1303/A130302/13156805/
ラーメン,手打 親鶏中華そば 綾川,"営業時間
11:00～21:30(麺売り切れ次第終了)
日曜営業
定休日
無し",東京都渋谷区恵比寿1-21-18 ライツ恵比寿1F,https://tabelog.com/tokyo/A1303/A130302/13253970/
ラーメン,じげもんちゃんぽん 代々木店,,東京都渋谷区代々木1-32-1 第一白倉ビル,https://tabelog.com/tokyo/A1304/A130403/13282343/
ラーメン,とんくる,"営業時間
[月～土]11:00～15:50 , 17:30〜19:50
定休日
日曜・祝日",東京都渋谷区笹塚2-11-7,https://tabelog.com/tokyo/A1318/A131808/13151488/
ラーメン,麺屋ぬかじ,"営業時間
[月～金]11:00～16:00 、18:00～20:00[土・祝]11:00～16:00※水曜日はランチ営業のみ
定休日
日曜",東京都渋谷区宇田川町3-12 monostep2 1F,https://tabelog.com/tokyo/A1303/A130301/13113668/
ラーメン,どうとんぼり神座 渋谷店,"営業時間
10:00～翌7:30",東京都渋谷区宇田川町29-4,https://tabelog.com/tokyo/A1303/A130301/13018962/
ラーメン,らぁ麺や 嶋,"営業時間
[月〜金]9:30頃～16:00(売り切れ次第終了)
定休日
土曜日、日曜日、祝日",東京都渋谷区本町3-41-12,https://tabelog.com/tokyo/A1304/A130401/13247487/
ラーメン,おおぜき中華そば店,,東京都渋谷区恵比寿西1-9-4 小熊ビル 1Ｆ,https://tabelog.com/tokyo/A1303/A130302/13147623/
ラーメン,人類みな麺類 東京本店,"営業時間
[月〜金]11:00〜23:30[土・日・祝] 10:00〜23:30
日曜営業
定休日
無休",東京都渋谷区恵比寿西2-10-3 プラネックスアンペール 1F,https://tabelog.com/tokyo/A1303/A130302/13248873/
ラーメン,バサノバ 原宿,"営業時間
全日11:30〜21:00(20:30L.O.)
日曜営業
定休日
なし",東京都渋谷区神宮前1-15-4 バルビゾン76番館 1F A号室,https://tabelog.com/tokyo/A1306/A130601/13243660/
ラーメン,笹塚 大勝軒,"営業時間
［月～金］11:00～15:0017:30～22:00［土・祝］11:00～15:00
定休日
日曜日",東京都渋谷区笹塚1-24-5 不破ビル 1F,https://tabelog.com/tokyo/A1318/A131808/13238934/
ラーメン,麺屋 鶏路地,"営業時間
11:00～22:30
日曜営業
定休日
無休",東京都渋谷区宇田川24-6 渋ビルヂング B1F,https://tabelog.com/tokyo/A1303/A130301/13232725/
ラーメン,俺流塩らーめん 神宮前店,"営業時間
[月～日]11:00～23:30
日曜営業
定休日
無休",東京都渋谷区神宮前6-9-14 美鈴ビル 1F,https://tabelog.com/tokyo/A1306/A130601/13163615/
ラーメン,中華麺店 喜楽,"営業時間
11:30～20:30
日曜営業
定休日
水曜日",東京都渋谷区道玄坂2-17-6,https://tabelog.com/tokyo/A1303/A130301/13001705/
ラーメン,ガガナラーメン 極,"営業時間
［月～日］　１１：３０～２２：００※スープが無くなり次第終了。
日曜営業
定休日
年中無休",東京都渋谷区宇田川37-18 トツネビル B1-A,https://tabelog.com/tokyo/A1303/A130301/13189989/
ラーメン,荒海,"営業時間
[月～土]　11:00～翌3:00[日・祝]　11:00～21:00休憩時間なしの通し営業なのでアイドルタイム（15:00～17:00）が空いていて便利です。
日曜営業
定休日
無休（年末年始は休業させていただきます）",東京都渋谷区代々木2-16-9,https://tabelog.com/tokyo/A1304/A130401/13090261/
ラーメン,麺や 響,"営業時間
【月〜金】11:30～15:3017:30～21:30（ラストオーダー21:15）【土】11:30～15:3017:30～20:30【日】定休日
定休日
日曜日",東京都渋谷区渋谷3-15-2 MTエステートビル 1F,https://tabelog.com/tokyo/A1303/A130301/13283252/
ラーメン,らーめん山頭火 渋谷店,"営業時間
[月～土]11:00～23:00[日]11:00～21:00
日曜営業
定休日
無休",東京都渋谷区渋谷3-13-7,https://tabelog.com/tokyo/A1303/A130301/13003492/
ラーメン,男旭山,"営業時間
[月～日]10:00～翌4:00
日曜営業
定休日
無休",東京都渋谷区道玄坂2-8-8 メナー道玄坂　１F,https://tabelog.com/tokyo/A1303/A130301/13099523/
ラーメン,甘蘭牛肉麺 渋谷本店,"営業時間
11:00〜23:00
日曜営業
定休日
無休",東京都渋谷区道玄坂2-23-13 1F,https://tabelog.com/tokyo/A1303/A130301/13274603/
ラーメン,まぜそば 三ツ星,"営業時間
緊急事態宣言中は以下の営業時間とさせて頂きます。[ 火～金]11:30〜20:00[月.土.日.祝日]11:30〜15:30麺がなくなりしだい終了することがございます。
日曜営業
定休日
不定休",東京都渋谷区恵比寿西1-13-2 サンキビル 1F,https://tabelog.com/tokyo/A1303/A130302/13177212/
ラーメン,東京油組総本店 渋谷組,"営業時間
[月～土]11:00～5:00[日]11:00～22:00麺、スープ無くなり次第閉店
日曜営業
定休日
年中無休",東京都渋谷区渋谷3-18-10,https://tabelog.com/tokyo/A1303/A130301/13051249/
ラーメン,青山煮干しラーメン ハレルヤ,"営業時間
【月〜金】11:30〜16:30(L.O16:00)18:00〜22:30(L.O22:00)【土・祝日】11:30〜16:30(L.O16:00)18:00〜21:30(L.O21:00)
定休日
日曜日",東京都渋谷区渋谷2-9-10 青山台ビル B1F,https://tabelog.com/tokyo/A1303/A130301/13197861/
ラーメン,九州らーめん学金,"営業時間
10:30～翌4:002023年1月23日まで冬休み。
日曜営業
定休日
無休",東京都渋谷区代々木1-32-11,https://tabelog.com/tokyo/A1304/A130403/13098088/
ラーメン,大勝軒まるいち 渋谷店,"営業時間
10:00-23:00
日曜営業
定休日
年中無休",東京都渋谷区渋谷2-20-11  宇田川ビル1F・B1F,https://tabelog.com/tokyo/A1303/A130301/13211327/
ラーメン,金伝丸,"営業時間
月～木・日 10時～翌7時金・土 10時～翌8時
日曜営業
定休日
なし",東京都渋谷区宇田川町24-6 鉄人門渋ビルヂング　１Ｆ,https://tabelog.com/tokyo/A1303/A130301/13020600/
ラーメン,俺流塩らーめん  渋谷三丁目店,"営業時間
11:00～23:00
日曜営業
定休日
無休",東京都渋谷区渋谷3-8-7 第2窪島ビル 1Ｆ,https://tabelog.com/tokyo/A1303/A130301/13206890/
ラーメン,嗟哉,,東京都渋谷区本町2-4-3,https://tabelog.com/tokyo/A1318/A131807/13006900/
ラーメン,喜多方ラーメン 坂内 恵比寿店,"営業時間
［月～金］11:00～21:45［土］11:00～16:45
定休日
日曜日、祝日",東京都渋谷区恵比寿1-4-1 恵比寿アーバンハウス 1F,https://tabelog.com/tokyo/A1303/A130302/13001564/
ラーメン,味噌麺処 花道庵 北参道店,"営業時間
月～金11:00～20:45土11:00〜16:00
定休日
日曜",東京都渋谷区千駄ヶ谷3-26-7,https://tabelog.com/tokyo/A1304/A130403/13276694/
ラーメン,麺処 竹川,"営業時間
ランチ営業11:30〜14:30（ラストオーダー14:00）月曜定休日　
日曜営業
定休日
月曜日",東京都渋谷区円山町7-2,https://tabelog.com/tokyo/A1303/A130301/13178370/
ラーメン,つけ麺屋 やすべえ 渋谷店,"営業時間
[月～土]11:00～翌3:00[日]11:00～22:00麺、スープ無くなり次第閉店
日曜営業
定休日
無休（年末年始を除く）",東京都渋谷区渋谷3-18-7,https://tabelog.com/tokyo/A1303/A130301/13001149/
ラーメン,らすた 代々木店,"営業時間
11:00～22:00(L.O.21:30)
日曜営業
定休日
無休",東京都渋谷区代々木1-38-10 代々木ＹＭＯビル １Ｆ,https://tabelog.com/tokyo/A1304/A130403/13019788/
ラーメン,俺流塩らーめん 円山町店,"営業時間
［月～日］11:00～翌6:00
日曜営業
定休日
無休",東京都渋谷区円山町3-3 SSDIIビル 1F,https://tabelog.com/tokyo/A1303/A130301/13225761/
ラーメン,時田屋,"営業時間
2022.4.1〜［月～金］11:30～15:0019:00～22:00
定休日
土曜・日曜・祝日",東京都渋谷区神宮前2-20-11,https://tabelog.com/tokyo/A1306/A130601/13209594/
ラーメン,俺流塩らーめん 渋谷センター街店,,東京都渋谷区宇田川町31-9 近藤ビル 1F,https://tabelog.com/tokyo/A1303/A130301/13252727/
ラーメン,日高屋 千駄ヶ谷店,"営業時間
10:00～23:15(L.O.22:50)
日曜営業
定休日
無休",東京都渋谷区千駄ヶ谷1-20-5 千駄ヶ谷パークアベニュー 1F,https://tabelog.com/tokyo/A1309/A130901/13153558/
ラーメン,Tokyo vege ramen veJin,,東京都渋谷区代々木2-7-2 FOOD HALL BLAST!,https://tabelog.com/tokyo/A1304/A130401/13291681/
ラーメン,ヨカ,"営業時間
12:00~15:0018:00~翌3:00
日曜営業
定休日
12/3.8.13は休み、お昼は雨天時休み。",東京都渋谷区恵比寿南2-13-14 4F,https://tabelog.com/tokyo/A1303/A130302/13289265/
ラーメン,ラーメン 旦過,"営業時間
11:30～13:00
日曜営業
定休日
月曜日、火曜日、水曜日、木曜日、金曜日",東京都渋谷区神宮前2-15-2,https://tabelog.com/tokyo/A1306/A130603/13282158/
ラーメン,エリック食堂,"定休日
不定休",東京都渋谷区富ヶ谷1-7-9 Tomigaya HUTTE,https://tabelog.com/tokyo/A1318/A131810/13279576/
ラーメン,鬼牛,"営業時間
新店舗　間借り営業　　みそま平日17:00〜20:30  土曜日　日曜日11:30〜15:0017:00〜20:30　(予約制)定休日　火曜日　木曜日
定休日
火曜日　木曜日",東京都渋谷区宇田川町24-6 渋ビルヂング 3F,https://tabelog.com/tokyo/A1303/A130301/13273828/
ラーメン,せまかっちゃん 代々木店,,東京都渋谷区千駄ヶ谷5-22-3,https://tabelog.com/tokyo/A1304/A130403/13284435/
ラーメン,ラーメン 吉祥丸,"営業時間
[金]18:00～無くなり次第終了
定休日
月曜日、火曜日、水曜日、木曜日、土曜日、日曜日",東京都渋谷区神南1-2-5 JINNAN HOUSE,https://tabelog.com/tokyo/A1306/A130601/13265730/
ラーメン,籠谷,,東京都渋谷区幡ケ谷2-48-4,https://tabelog.com/tokyo/A1318/A131807/13291304/
ラーメン,ramen DYUC,,東京都渋谷区上原2-48-12 東洋代々木上原コーポ 1F,https://tabelog.com/tokyo/A1318/A131811/13255952/
ラーメン,中華そば 千乃鶏,"営業時間
[平日]11:00～15:00(L.O)17:30～22:00(L.O)[土日祝]11:00～22:00(L.O)
日曜営業
定休日
基本無休",東京都世田谷区池尻2-36-11,https://tabelog.com/tokyo/A1317/A131705/13270103/
ラーメン,松壱家 成城学園前店,"営業時間
11：00～22：00
日曜営業
定休日
なし",東京都世田谷区成城6-12-8,https://tabelog.com/tokyo/A1318/A131814/13249946/
ラーメン,楽観 下北沢店,"営業時間
11時～23時の通し営業
日曜営業
定休日
無休",東京都世田谷区北沢2-10-20 ミカン下北 D202,https://tabelog.com/tokyo/A1318/A131802/13269217/
ラーメン,ラーメン鷹の目 明大前店,"営業時間
11:00～15:0017:00～22:00
日曜営業
定休日
無休",東京都世田谷区松原2-45-2,https://tabelog.com/tokyo/A1318/A131804/13276604/
ラーメン,からす屋,,東京都世田谷区南烏山6-5-3,https://tabelog.com/tokyo/A1318/A131809/13281449/
ラーメン,万来,"営業時間
11：00～21：00(中休みあり)夜の営業は18時より。
定休日
日曜祭日年末年始8月盆休みあり。",東京都世田谷区桜丘1-8-5,https://tabelog.com/tokyo/A1318/A131813/13066437/
ラーメン,一心,"営業時間
18:00～翌2:00
日曜営業
定休日
火曜日・第2、第4、第5月曜日",東京都世田谷区世田谷4-4-2,https://tabelog.com/tokyo/A1317/A131709/13013833/
ラーメン,横浜らーめん 大塚家,,東京都世田谷区三軒茶屋2-13-11,https://tabelog.com/tokyo/A1317/A131706/13248634/
ラーメン,ヨコハマ 中華そば かみ山,"営業時間
[月・水・土・祝]11:00～15:00[火・木・金]11:00～16:00
定休日
不定休",東京都世田谷区経堂5-29-21,https://tabelog.com/tokyo/A1318/A131813/13213425/
ラーメン,再来軒,,東京都世田谷区用賀4-30-1,https://tabelog.com/tokyo/A1317/A131707/13048522/
ラーメン,みそ一発２,"営業時間
11:00～22:00
日曜営業
定休日
火曜日",東京都世田谷区千歳台1-23-12,https://tabelog.com/tokyo/A1318/A131813/13025464/
ラーメン,はるばるてい,"営業時間
15:00～21:00
定休日
月曜日、火曜日、日曜日",東京都世田谷区経堂2-15-15,https://tabelog.com/tokyo/A1318/A131813/13001475/
ラーメン,中華蕎麦 きつね,"営業時間
[月～金]11:00～19:00[土・日・祝]11:00～16:00※麺・スープ無くなり次第終了
日曜営業
定休日
不定休　※SNSや店頭貼り紙にてお知らせさせて頂いてます。",東京都世田谷区南烏山3-3-1,https://tabelog.com/tokyo/A1318/A131809/13241588/
ラーメン,つけ麺 中華そば 節,"営業時間
［月~土］11:00〜翌1:00(Ｌ.Ｏ)［日・祝］11:00～23：30(Ｌ.Ｏ)
日曜営業
定休日
無休",東京都世田谷区用賀4-13-1,https://tabelog.com/tokyo/A1317/A131707/13008143/
ラーメン,らーめん佐とう 三軒茶屋店,"営業時間
＜月～土＞11：00～翌5：00＜日＞11：00～翌4：00
日曜営業
定休日
無休",東京都世田谷区三軒茶屋1-32-14,https://tabelog.com/tokyo/A1317/A131706/13096891/
ラーメン,節骨麺 たいぞう 三軒茶屋店,"営業時間
11:00～翌1:00
日曜営業
定休日
無休",東京都世田谷区三軒茶屋1-35-6 シャンテリービル 1F,https://tabelog.com/tokyo/A1317/A131706/13020980/
ラーメン,銀座  いし井 下北沢店,,東京都世田谷区北沢2-14-3 喜多ビル1F,https://tabelog.com/tokyo/A1318/A131802/13184857/
ラーメン,ラーメン二郎 上野毛店,"営業時間
[月～金]11:00～14:15 18:00～22:00 [土]11:00～14:30
定休日
日曜日、祝日",東京都世田谷区上野毛1-26-16,https://tabelog.com/tokyo/A1317/A131715/13010417/
ラーメン,博多 一風堂 明大前店,"営業時間
11:00～22:00
日曜営業
定休日
無休",東京都世田谷区松原2-46-6,https://tabelog.com/tokyo/A1318/A131804/13004257/
ラーメン,喜多方ラーメン高蔵 千歳船橋店,"営業時間
11:00～19:30
日曜営業
定休日
水曜日",東京都世田谷区船橋5-35-1,https://tabelog.com/tokyo/A1318/A131809/13066447/
ラーメン,ラーメン周作,,東京都世田谷区喜多見5-15-26,https://tabelog.com/tokyo/A1318/A131814/13137542/
ラーメン,ラーメン車屋,"営業時間
［月・水・木・金・土・日］11:00～21:00[火]11:00～15:00 
日曜営業
定休日
無休",東京都世田谷区豪徳寺1-22-2 1F,https://tabelog.com/tokyo/A1318/A131813/13066436/
ラーメン,ウチデノコヅチ,"営業時間
11:00～14:30(L.O.)18:00～21:00(L.O.)[火]11:00～14:30(L.O.)
日曜営業
定休日
水曜日",東京都世田谷区経堂2-3-8 但馬屋ビル 1F,https://tabelog.com/tokyo/A1318/A131813/13247558/
ラーメン,らーめんれんげ,,東京都世田谷区八幡山3-36-8 メゾンドコスタ,https://tabelog.com/tokyo/A1318/A131809/13208183/
ラーメン,しゅういち 等々力店,"営業時間
11:00～24:00
日曜営業
定休日
無休",東京都世田谷区等々力3-5-7 TKサンパティーク 2F,https://tabelog.com/tokyo/A1317/A131715/13195271/
ラーメン,博多濃麻呂 二子玉川店,"営業時間
11:00～26:00
日曜営業
定休日
無休",東京都世田谷区玉川3-14-6,https://tabelog.com/tokyo/A1317/A131708/13003134/
ラーメン,屋台屋 本店,,東京都世田谷区上馬4-11-26,https://tabelog.com/tokyo/A1317/A131707/13002031/
ラーメン,スパイスラーメン 点と線. 下北沢店,"営業時間
[月～金]11:30～15:30(L.O.15:00)17:30～20:30(L.O.20:15)[土・日・祝]11:30～15:30(L.O.15:00)17:00～21:00(L.O.20:45)",東京都世田谷区北沢3-34-2,https://tabelog.com/tokyo/A1318/A131802/13275868/
ラーメン,バサノバ,"営業時間
[全日]11:00～22:00(21:45L.O.）
日曜営業
定休日
無休",東京都世田谷区羽根木1-4-18 新代田たちばな荘 1F,https://tabelog.com/tokyo/A1318/A131803/13006625/
ラーメン,貝麺 みかわ,"営業時間
11:00～15:00(L.O.14:50)17:00～21:00(L.O.20:45)
日曜営業
定休日
無休",東京都世田谷区北沢2-25-4,https://tabelog.com/tokyo/A1318/A131802/13258958/
ラーメン,萬馬軒 花橙,"営業時間
日曜日　祝日.     11:00〜23:00火曜日〜土曜日　11:00〜2:00(LO1:30)
日曜営業
定休日
月曜日",東京都世田谷区梅丘1-23-7 広田ビル1F,https://tabelog.com/tokyo/A1318/A131812/13202216/
ラーメン,二代目 げんこつ屋 成城学園前店,,東京都世田谷区成城1-5-16,https://tabelog.com/tokyo/A1318/A131814/13229638/
ラーメン,中華そば はな田,"営業時間
火〜土曜日11:00～15:0018:00～21:00（スープがなくなり次第終了）日曜日11:00～15:00
日曜営業
定休日
月曜日",東京都世田谷区上北沢4-16-10,https://tabelog.com/tokyo/A1318/A131809/13233767/
ラーメン,けんちゃんラーメン,"営業時間
11:30～翌1:30　
日曜営業",東京都世田谷区桜丘2-27-11,https://tabelog.com/tokyo/A1318/A131813/13032005/
ラーメン,博多 一風堂 駒沢公園店,"営業時間
11:00～20:30(L.O.)
日曜営業
定休日
無休",東京都世田谷区深沢2-19-20,https://tabelog.com/tokyo/A1317/A131707/13009698/
ラーメン,らーめんラブル,"営業時間
月火木金土1１:30～24：00【LO23:30】日祝1１:30～21：00【LO20:30】
日曜営業
定休日
水曜日",東京都世田谷区三軒茶屋2-16-6 浪貝ビル １０３号,https://tabelog.com/tokyo/A1317/A131706/13028678/
ラーメン,あすなろ,"営業時間
11:30～14:0018:00～21:00
定休日
日曜・月曜・祝日",東京都世田谷区等々力4-13-22,https://tabelog.com/tokyo/A1317/A131715/13019420/
ラーメン,だし麺屋 ナミノアヤ 上野毛本店,"営業時間
11:00～15:00(L.O.14:30)17:00～21:00(L.O.20:30)※スープなくなり次第終了
日曜営業
定休日
不定休",東京都世田谷区上野毛4-39-12 1F,https://tabelog.com/tokyo/A1317/A131715/13261657/
ラーメン,中華そば 西川,"営業時間
11:00～15:00
日曜営業
定休日
月曜日、火曜日",東京都世田谷区砧2-15-10 メゾンドオーポン 1F,https://tabelog.com/tokyo/A1318/A131813/13213036/
ラーメン,せい家 三軒茶屋店,,東京都世田谷区太子堂4-23-15,https://tabelog.com/tokyo/A1317/A131706/13195516/
ラーメン,中華そば 瀧壺,,東京都世田谷区用賀2-38-16,https://tabelog.com/tokyo/A1317/A131707/13263697/
ラーメン,世田谷中華そば 祖師谷七丁目食堂,"営業時間
11:00～22:00（L.O21:45）
日曜営業
定休日
無休",東京都世田谷区祖師谷1-9-14,https://tabelog.com/tokyo/A1318/A131814/13251905/
ラーメン,麺通,"営業時間
11:30～(L.O.20:00)9/1 16時LO閉店
日曜営業
定休日
第2・4火曜日、水曜日",東京都世田谷区代田5-13-10,https://tabelog.com/tokyo/A1318/A131803/13001413/
ラーメン,つけ麺 千兵衛,"営業時間
[月・火・木・土]11:30～15:00[水・金]11:30～15:00 18:00～22:00
定休日
日曜日",東京都世田谷区桜1-66-5,https://tabelog.com/tokyo/A1318/A131813/13129306/
ラーメン,もちぶたラーメン 利田商店,"営業時間
18：00～翌1：30
定休日
水・日曜",東京都世田谷区松原3-42-1 小谷ビル1Ｆ,https://tabelog.com/tokyo/A1318/A131809/13046799/
ラーメン,ラーメン　シビア 瀬田店,,東京都世田谷区玉川台2-10-6,https://tabelog.com/tokyo/A1317/A131707/13137499/
ラーメン,麺僧 下北沢店,"営業時間
12:00～24:00(L.O.23:30)
日曜営業
定休日
水曜日",東京都世田谷区北沢2-5-10,https://tabelog.com/tokyo/A1318/A131802/13001383/
ラーメン,いっせいらーめん,"営業時間
11:30～23:00
日曜営業
定休日
無休",東京都世田谷区玉川3-15-12,https://tabelog.com/tokyo/A1317/A131708/13018247/
ラーメン,麺匠 億,,東京都世田谷区経堂1-4-10,https://tabelog.com/tokyo/A1318/A131813/13217593/
ラーメン,世田谷 磯野,"営業時間
[月・火・木・金]11:30～14:30 17:30～21:30[土・日・祝]12:00～15:00 17:30～20:30
日曜営業
定休日
水曜日",東京都世田谷区梅丘1-9-11,https://tabelog.com/tokyo/A1318/A131812/13244253/
ラーメン,誠屋 池尻店,"営業時間
[月～金][祝日]11：30～15：0018：00～22：00[土・日]11：30～22：00
日曜営業
定休日
無し",東京都世田谷区池尻2-34-12 シンエイ池尻ビル 1F,https://tabelog.com/tokyo/A1317/A131705/13108870/
ラーメン,寿屋,"営業時間
11:30～16:00(L.O.)17:30～24:00(L.O.23:30)
定休日
不定休",東京都世田谷区太子堂4-25-6 1F,https://tabelog.com/tokyo/A1317/A131706/13116051/
ラーメン,町田商店 経堂店,"営業時間
営業時間・休業日は変更となる場合がございますので、HPにて最新情報をご確認ください
日曜営業
定休日
年中無休",東京都世田谷区経堂1-12-10,https://tabelog.com/tokyo/A1318/A131813/13250223/
ラーメン,中華そば マルキ食堂,"営業時間
[火～日]11:00～15:00
日曜営業
定休日
月曜・第3日曜",東京都世田谷区代田6-12-36 1F,https://tabelog.com/tokyo/A1318/A131802/13253791/
ラーメン,なおちゃんラーメン,"営業時間
【月火水金土日】11:30-22:30(ラストオーダー：22:00)【隔週水曜日】定休日【毎週火曜日】定休日※スープが売り切れ次第、終了となります。
日曜営業
定休日
第1・3水曜日、火曜日",東京都世田谷区北沢2-12-7,https://tabelog.com/tokyo/A1318/A131802/13269168/
ラーメン,太華,"営業時間
11:30-15:0017:30-23:00
日曜営業
定休日
木曜日",東京都世田谷区太子堂4-26-7,https://tabelog.com/tokyo/A1317/A131706/13066448/
ラーメン,らぁ麺 みうら,,東京都世田谷区上野毛1-13-9 成実ポート 1F,https://tabelog.com/tokyo/A1317/A131715/13244576/
ラーメン,らーめん辰屋,"営業時間
12:00～15:00(L.O.14:45)18:00～21:00(L.O.20:45)
日曜営業
定休日
水曜・月1〜2日不定休",東京都世田谷区世田谷3-1-1 1F,https://tabelog.com/tokyo/A1317/A131709/13266819/
ラーメン,陸 尾山台店,"営業時間
[火〜金]11:30〜14:30  18:00〜21:00[土・日・祝]11:30〜15:00※材料が無くなり次第終了
日曜営業
定休日
月曜日",東京都世田谷区等々力1-30-16 ライオンズマンション等々力 １F,https://tabelog.com/tokyo/A1317/A131715/13139998/
ラーメン,らーめん蓮 三軒茶屋店,"営業時間
[月～水]11:00～15:0017:00～22:00[木～日]11:00～翌3:00
日曜営業",東京都世田谷区太子堂2-17-12 麻生ビル1F,https://tabelog.com/tokyo/A1317/A131706/13245078/
ラーメン,博多ラーメン長浜や 八幡山店,,東京都世田谷区上北沢5-13-6 第2山谷ビル 1F,https://tabelog.com/tokyo/A1318/A131809/13268035/
ラーメン,鮎ラーメン 二子玉川本店,"営業時間
[全日]11:30～14:00(売切終了) (季節のメニュー)18:00～23:00(売切終了)(鮎ラーメン)※お昼の季節のメニューGW頃～9月末頃：鮎涼ラーメン10月頃～GW頃：しょうがそば
日曜営業
定休日
なし",東京都世田谷区玉川3-15-12 玉川３丁目マンション　１０２号,https://tabelog.com/tokyo/A1317/A131708/13005131/
ラーメン,ラーメン大桜 千歳船橋店,"営業時間
11:00～15:00 17:00～22:00
定休日
無休",東京都世田谷区船橋1-9-22,https://tabelog.com/tokyo/A1318/A131813/13288226/
ラーメン,麺屋 参壱,"営業時間
１１：００～０５：００",東京都世田谷区上北沢4-30-8,https://tabelog.com/tokyo/A1318/A131809/13096718/
ラーメン,博多濃麻呂 二子玉川2号店,"営業時間
[月・火・木・金・土・日]12:00～20:00
日曜営業
定休日
水曜日",東京都世田谷区玉川3-14-8 AG二子玉川 1F,https://tabelog.com/tokyo/A1317/A131708/13286934/
ラーメン,中華そば ふくもり 駒沢本店,"営業時間
［月～水・金］11:00～15:0017:00～22:30［土・日・祝］11:00～16:0017:00～22:30
日曜営業
定休日
木曜日（祝日の場合は翌日）",東京都世田谷区野沢4-9-18,https://tabelog.com/tokyo/A1317/A131707/13035739/
ラーメン,麺屋 さんQ,"営業時間
11:30～15:00
日曜営業
定休日
月曜日、第一火曜日",東京都世田谷区世田谷2-15-3,https://tabelog.com/tokyo/A1317/A131709/13289772/
ラーメン,横浜家系らーめん そしが屋,,東京都世田谷区祖師谷3-34-10,https://tabelog.com/tokyo/A1318/A131814/13220812/
ラーメン,日高屋 祖師谷大蔵店,"営業時間
11:00～ラストオーダー深夜2:30、深夜3:00閉店
日曜営業
定休日
年中無休",東京都世田谷区祖師谷1-8-12 神山ビル 1F,https://tabelog.com/tokyo/A1318/A131814/13110546/
ラーメン,香氣 四川麺条 祖師ヶ谷大蔵店,"営業時間
（昼）11：00～15：00（夜）18：00～23：00
日曜営業
定休日
水曜日",東京都世田谷区砧6-37-5 振興会館 1F,https://tabelog.com/tokyo/A1318/A131814/13090658/
ラーメン,中華そば一力,,東京都世田谷区弦巻5-1-35,https://tabelog.com/tokyo/A1317/A131707/13079447/
ラーメン,風風ラーメン 千歳烏山店,,東京都世田谷区南烏山6-3-9 1階,https://tabelog.com/tokyo/A1318/A131809/13097331/
ラーメン,らあめん英 下高井戸店,"営業時間
11:00～22:00
日曜営業
定休日
無休",東京都世田谷区赤堤5-24-7,https://tabelog.com/tokyo/A1318/A131809/13000692/
ラーメン,北海道らーめん 熊源 下北沢店,"営業時間
月曜日〜土曜日　朝9時〜翌朝4時日曜日　朝9時〜22時年中無休
日曜営業
定休日
無休",東京都世田谷区北沢2-11-18,https://tabelog.com/tokyo/A1318/A131802/13253773/
ラーメン,りらくしん,"営業時間
11:30～13:30位18:00～20:30位（いずれもスープ切れ次第終了）
定休日
日曜、月曜",東京都世田谷区豪徳寺1-5-1,https://tabelog.com/tokyo/A1318/A131813/13013897/
ラーメン,ひじり家,"営業時間
［火・水・木・金・土］11:00～24:00［日］11:00～17:00
日曜営業
定休日
月曜日",東京都世田谷区経堂1-19-5,https://tabelog.com/tokyo/A1318/A131813/13223749/
ラーメン,らあめん花月嵐 桜新町店,"営業時間
[店内営業時間]11:00～22:0011:00～26:00[水・木・金・土]
日曜営業
定休日
なし",東京都世田谷区桜新町1-17-13,https://tabelog.com/tokyo/A1317/A131707/13135977/
ラーメン,二代目めん屋 秋もと,"営業時間
11:00～18:3019:30～翌1:00
日曜営業
定休日
月曜日",東京都世田谷区世田谷3-13-10 高梨ビル102,https://tabelog.com/tokyo/A1317/A131709/13198984/
ラーメン,トクベツ。,"営業時間
11:00～21:00（20:45L.O.）
日曜営業
定休日
不定休",東京都世田谷区奥沢5-28-15 1F,https://tabelog.com/tokyo/A1317/A131703/13260708/
ラーメン,世田谷製麺所,"営業時間
11:00～22:00
日曜営業
定休日
無休",東京都世田谷区梅丘1-23-5,https://tabelog.com/tokyo/A1318/A131812/13288738/
ラーメン,壱角家 下北沢店,"営業時間
[月～日]11:00～翌6:00(L.O.翌5:45)
日曜営業
定休日
無休",東京都世田谷区北沢2-4-8 ベニヤビル 1F,https://tabelog.com/tokyo/A1318/A131802/13173731/
ラーメン,らーめん・わんたん ゆう輝屋,"営業時間
［月・木・金・土・日］12:00～15:00(L.O.14:30)17:00～22:00(L.O.21:30)
日曜営業
定休日
火曜日、水曜日",東京都世田谷区太子堂4-23-7 味とめビル 2F,https://tabelog.com/tokyo/A1317/A131706/13275481/
ラーメン,幸加,"営業時間
[月・火・水・木・土]11:00～15:0017:30～21:00[日]11:00～15:00
日曜営業
定休日
金曜日",東京都世田谷区給田3-34-1,https://tabelog.com/tokyo/A1318/A131809/13282633/
ラーメン,天下一品 駒沢店,"営業時間
 11:00～20:00(L.O.21:50)夏季休業8/16（月）、8/17（火）、8/18（水）
日曜営業
定休日
なし",東京都世田谷区駒沢1-5-14 ドエルクレイン　１Ｆ,https://tabelog.com/tokyo/A1317/A131707/13013743/
ラーメン,中華そば きび,"営業時間
11:30～15:00 17:00～22:00
日曜営業
定休日
月曜日",東京都世田谷区松原2-42-5 明大前フラワーハイホーム 1F,https://tabelog.com/tokyo/A1318/A131804/13190364/
ラーメン,せい家 経堂店,"営業時間
11:00～翌2:30
日曜営業
定休日
無休",東京都世田谷区経堂1-5-10,https://tabelog.com/tokyo/A1318/A131813/13001479/
ラーメン,らーめんMAIKAGURA,"営業時間
　11:30〜15:00 / 18:00〜20:00（但し、食材切れの際は営業を終了させていただく場合がございます。）
日曜営業
定休日
月曜日(祝祭日の場合は翌平日休み)",東京都世田谷区船橋1-38-4,https://tabelog.com/tokyo/A1318/A131813/13218425/
ラーメン,太平楽,"営業時間
[火～日]11:30～20:0019:45（LO）
日曜営業
定休日
月曜日",東京都世田谷区尾山台3-10-7,https://tabelog.com/tokyo/A1317/A131715/13060698/
ラーメン,ちとせ家,"営業時間
[毎日]11:30～翌03:00
日曜営業
定休日
年中無休",東京都世田谷区南烏山6-28-4 簡邸烏山ビル 1F,https://tabelog.com/tokyo/A1318/A131809/13161853/
ラーメン,京都ラーメン 森井 千歳烏山店,,東京都世田谷区南烏山6-5-2 中央駅前ビル 1F,https://tabelog.com/tokyo/A1318/A131809/13271038/
ラーメン,臥龍,"営業時間
［月・木・金・土・日・祝］12:00～14:3018:00～22:00［水］18:00～22:00
日曜営業
定休日
火曜日",東京都世田谷区三軒茶屋1-35-3 山田体育施設ビル　１Ｆ,https://tabelog.com/tokyo/A1317/A131706/13027085/
ラーメン,麺ジャラスK,"営業時間
[水～月]12:00～14:00（オーダーストップ13:30/食材がなくなり次第終了）18:00～22:00 （オーダーストップ21:30/店主の都合で変更あり）通常予約不可
日曜営業
定休日
火曜 （店主の都合で変更あり）",東京都世田谷区喜多見6-18-7 ビスタ成城 1F,https://tabelog.com/tokyo/A1318/A131814/13111868/
ラーメン,成城青果,"営業時間
［月～金］ 11:00～15:00 17:00～25:00(L.O.24:45) ［土,日,祝］ 11:00～翌1:00(L.O.24:45)",東京都世田谷区南烏山3-1-11 芦花パークヒル 1F,https://tabelog.com/tokyo/A1318/A131809/13247939/
ラーメン,蝦夷らーめん太志,"営業時間
11:00～14:30 18:00～26:00(L.O.25:45)
日曜営業
定休日
水曜日、火曜日(夜)",東京都世田谷区尾山台3-9-5,https://tabelog.com/tokyo/A1317/A131715/13090619/
ラーメン,ソイ ソース ラーメン 醤屋,"営業時間
[水～月]11:30～15:0018:00～21:00
日曜営業
定休日
火曜日不定休で月１月曜日",東京都世田谷区駒沢2-41-2,https://tabelog.com/tokyo/A1317/A131707/13278246/
ラーメン,タナカ ロボ,"営業時間
[水～日］11:00～16:00
日曜営業
定休日
月曜日、火曜日(祝日の時は営業)",東京都世田谷区桜3-8-15,https://tabelog.com/tokyo/A1317/A131709/13247096/
ラーメン,つけめん 満を持して,"営業時間
[火・水・金・土・日]11:30～15:00(L.O.14:30)材料切れ早仕舞い有
日曜営業
定休日
月曜日、木曜日",東京都世田谷区赤堤4-1-1,https://tabelog.com/tokyo/A1318/A131809/13289935/
ラーメン,長崎,"営業時間
[火～金]11:30～15:00 18:00～22:30(L.O22:00)[土・日・祝]11:30～15:00 17:30～22:30(L.O22:00)
日曜営業
定休日
月曜",東京都世田谷区世田谷1-14-16,https://tabelog.com/tokyo/A1317/A131709/13056636/
ラーメン,横浜家系 侍 池尻店,"営業時間
11:00～22:00(L.O.21:50)(材料が無くなり次第、営業終了)[木]11:00～15:00(L.O.14:50)[日]10:00〜15:00(L.O.14:50)年末年始・ＧＷ・夏季休業あり臨時休業・売り切れによる早仕舞いあり※営業中は電話に出られない事があります。店休日および営業時間はTwitter@samurai_Ikejiriよりご確認ください。
日曜営業
定休日
月曜日 (祝日でも休み)",東京都世田谷区池尻4-12-14,https://tabelog.com/tokyo/A1318/A131801/13019928/
ラーメン,せい家 千歳烏山店,"営業時間
[月～日]11:00～翌2:30
日曜営業
定休日
無休",東京都世田谷区南烏山5-12-2,https://tabelog.com/tokyo/A1318/A131809/13039242/
ラーメン,楠知,"営業時間
11:00～16:00
定休日
日曜日",東京都世田谷区北烏山4-9-10,https://tabelog.com/tokyo/A1318/A131806/13066456/
ラーメン,貝出汁中華そば くらむ,"営業時間
11:00～15:0017:00～21:00(L.O.20:45)
日曜営業
定休日
月曜日、火曜日",東京都世田谷区玉川3-20-2,https://tabelog.com/tokyo/A1317/A131708/13260059/
ラーメン,一蘭 下北沢店,"営業時間
11:00～翌6:00(L.O.翌5:45)※営業時間は変更になる場合がございますので、最新情報は公式HPをご確認ください
日曜営業
定休日
年中無休",東京都世田谷区北沢2-14-10 阿部ビル 1F,https://tabelog.com/tokyo/A1318/A131802/13120180/
ラーメン,貝出汁 らぁ麺 ようが,"営業時間
11:00～16:00(L.O.15:45)17:30～22:00(L.O.21:45)
定休日
火曜日",東京都世田谷区用賀4-9-5 B1F,https://tabelog.com/tokyo/A1317/A131707/13260467/
ラーメン,ちりめん亭 小田急喜多見店,,東京都世田谷区喜多見9-2-33 小田急マルシェ喜多見２,https://tabelog.com/tokyo/A1318/A131814/13079611/
ラーメン,百家,,東京都世田谷区用賀4-3-7 西村ビル1F,https://tabelog.com/tokyo/A1317/A131707/13184381/
ラーメン,喜多方ラーメン　坂内 千歳烏山店,"営業時間
[月～土]10:30～23:00[日・祝]10:30～22:00
日曜営業
定休日
無休",東京都世田谷区南烏山5-17-12,https://tabelog.com/tokyo/A1318/A131809/13097050/
ラーメン,ボノボ,"営業時間
[月～土]12:00～24:00[日]11:00～23:00
日曜営業
定休日
無休・年末年始お盆を除く",東京都世田谷区梅丘1-22-12,https://tabelog.com/tokyo/A1318/A131812/13136425/
ラーメン,とむちゃん,,東京都世田谷区深沢8-11-12,https://tabelog.com/tokyo/A1317/A131707/13028777/
ラーメン,藤しろ 三軒茶屋店,"営業時間
[平日]11:00～15:0018:00～23:00[土・日・祝日]11:00～23:00
日曜営業
定休日
無休",東京都世田谷区三軒茶屋1-37-1,https://tabelog.com/tokyo/A1317/A131706/13153807/
ラーメン,豚山 下高井戸店,"営業時間
営業時間・休業営業時間・休業日は変更となる場合がございますので、HPにて最新情報をご確認ください
日曜営業
定休日
無休",東京都世田谷区赤堤4-45-11,https://tabelog.com/tokyo/A1318/A131809/13245259/
ラーメン,ラーメン栄華,,東京都世田谷区上野毛4-39-9,https://tabelog.com/tokyo/A1317/A131715/13066443/
ラーメン,ピエ ドゥ コション,,東京都世田谷区祖師谷3-1-17,https://tabelog.com/tokyo/A1318/A131814/13147903/
ラーメン,らあめん花月嵐 多摩堤通り店,"営業時間
[店内営業時間]11:00～22:00(21:30ラストオーダー)
日曜営業
定休日
年中無休",東京都世田谷区鎌田4-14-5,https://tabelog.com/tokyo/A1317/A131708/13152054/
ラーメン,武道家 龍,"営業時間
[月～日]11:00～15:00 16:00～翌1:00 
日曜営業
定休日
無休",東京都世田谷区成城2-34-1,https://tabelog.com/tokyo/A1318/A131814/13118557/
ラーメン,なかむら屋,"営業時間
［月～土］11:00～翌3:00(L.O.翌2:30)
定休日
日曜日、祝日",東京都世田谷区野毛3-1-1,https://tabelog.com/tokyo/A1317/A131715/13008136/
ラーメン,RAMEN CAFE de IINO,,東京都世田谷区上用賀2-3-1 パシフィック馬事公苑前 105,https://tabelog.com/tokyo/A1317/A131707/13212401/
ラーメン,麺屋　みちしるべ,"営業時間
［月～土］ 11：00～翌1：00［日・祝］ 11：00～22：30
日曜営業
定休日
無",東京都世田谷区玉川3-13-4 第一玉川ビル1F,https://tabelog.com/tokyo/A1317/A131708/13134156/
ラーメン,日高屋 経堂農大通り店,"営業時間
11:00～23:00(L.O.22:30)
日曜営業
定休日
無休",東京都世田谷区経堂1-21-21,https://tabelog.com/tokyo/A1318/A131813/13105830/
ラーメン,元祖 中華つけ麺 大王 明大前店,,東京都世田谷区 松原1-38-19,https://tabelog.com/tokyo/A1318/A131804/13137153/
ラーメン,蓮爾 新町一丁目店,"営業時間
[火～金]17:00～23:00(LO.22:45)[土・祝]11:00～17:00(LO.16:45)
定休日
月曜日、日曜日",東京都世田谷区駒沢4-29-13 ケー・テー駒沢1F,https://tabelog.com/tokyo/A1317/A131707/13187151/
ラーメン,中華そば ばんや,"営業時間
11:30～16:0018:00～21:00
日曜営業
定休日
水曜日",東京都世田谷区松原3-29-22,https://tabelog.com/tokyo/A1318/A131809/13011779/
ラーメン,横浜家系ラーメン 森家,"営業時間
［月〜金][土・日・祝］11:00〜24:00(L.O)
定休日
不定休",東京都世田谷区北沢2-33-7 芳澤ビル 1F,https://tabelog.com/tokyo/A1318/A131802/13280061/
ラーメン,一龍,"営業時間
11:00～21:00（麺売り切れ次第営業終了）
日曜営業
定休日
不定休",東京都世田谷区北沢2-30-11 北沢ビル １Ｆ,https://tabelog.com/tokyo/A1318/A131802/13001821/
ラーメン,武虎家 尾山台店,"営業時間
[月～土]11:00～24:00[日]11:00～17:00
日曜営業
定休日
無休",東京都世田谷区等々力2-18-15,https://tabelog.com/tokyo/A1317/A131715/13213935/
ラーメン,ラーメン荘 歴史を刻め 世田谷,"営業時間
［月～土］11:00～15:0018:00～22:00
定休日
日曜日",東京都世田谷区砧3-5-2 勝吉ビル 1F,https://tabelog.com/tokyo/A1318/A131814/13268444/
ラーメン,煎り酒と麺 しもきはら,,東京都世田谷区駒沢3-14-2,https://tabelog.com/tokyo/A1317/A131707/13243770/
ラーメン,鶏そば そると,"営業時間
11:00～翌1:00（売り切れの場合は早めに閉店）
日曜営業
定休日
無休",東京都世田谷区代沢5-36-13 1F,https://tabelog.com/tokyo/A1318/A131802/13153756/
ラーメン,油そば専門店 春日亭 明大前店,"営業時間
【月～土・祝前日】11：00～23：00【日・祝】11：00～22：00
日曜営業
定休日
年末年始",東京都世田谷区松原1-36-8 鈴木ビル 1Ｆ,https://tabelog.com/tokyo/A1318/A131804/13104157/
ラーメン,らぁ麺 時は麺なり,"営業時間
11:00～23:30
日曜営業
定休日
無休 ただし年末年始を除く",東京都世田谷区経堂1-21-22 ショップ経堂 1F,https://tabelog.com/tokyo/A1318/A131813/13230833/
ラーメン,博龍,"営業時間
11:00～14:00 17:30～22:00",東京都世田谷区三軒茶屋2-45-7 グリーンキャピタル三軒茶屋 1F,https://tabelog.com/tokyo/A1317/A131706/13114564/
ラーメン,らーめん たつみ屋 池尻店,"営業時間
11:30～翌4:00
日曜営業
定休日
無休",東京都世田谷区池尻3丁目4-1,https://tabelog.com/tokyo/A1317/A131705/13041986/
ラーメン,麺処 禅,"営業時間
[月・火・水・木・日]11:00～翌5:00[金・土]11:00～翌5:30
日曜営業",東京都世田谷区三軒茶屋2-12-10 1F,https://tabelog.com/tokyo/A1317/A131706/13219349/
ラーメン,中華そば トリコ,,東京都世田谷区南烏山5-32-14,https://tabelog.com/tokyo/A1318/A131809/13237601/
ラーメン,用賀らーめん たつみ,"営業時間
［月～金］11:00～15:30 18:00～23:00［土・日・祝］11:00～15:30 17:00～23:00
日曜営業
定休日
無休",東京都世田谷区用賀4-20-11,https://tabelog.com/tokyo/A1317/A131707/13023852/
ラーメン,らあめん花月嵐 上野毛店,"営業時間
[店内営業時間]11:00～23:00
定休日
年中無休",東京都世田谷区上野毛1-25-2,https://tabelog.com/tokyo/A1317/A131715/13144570/
ラーメン,青森煮干し中華そば　ＪＩＮ,"営業時間
[月～土] 11:30～15:00[日・祝] 11:30～15:30
日曜営業
定休日
無休",東京都世田谷区世田谷4-2-15,https://tabelog.com/tokyo/A1317/A131709/13127405/
ラーメン,鶯屋,"営業時間
[月～日]11:30～15:0017:00～21:00
日曜営業
定休日
無休",東京都世田谷区砧8-10-1 プラッツ砧 1F,https://tabelog.com/tokyo/A1318/A131814/13264562/
ラーメン,松波ラーメン店,,東京都世田谷区若林3-19-7,https://tabelog.com/tokyo/A1317/A131709/13090221/
ラーメン,町田商店 三軒茶屋店,"営業時間
11:00～翌3:00
日曜営業
定休日
無休",東京都世田谷区三軒茶屋2-13-19,https://tabelog.com/tokyo/A1317/A131706/13290869/
ラーメン,らぁめん小池,"営業時間
[平日]11:00〜14:30 / 18:00〜21:00[土日祝]11:00〜15:00 / 18:00〜21:00
日曜営業
定休日
【2023年1２月】12/1〜15は休まず営業します！！！※16(土)以降は台湾イベント出張がある為、未定です。改めてお知らせいたします。",東京都世田谷区上北沢4-19-18 上北沢ハイネスコーポ1F,https://tabelog.com/tokyo/A1318/A131809/13172994/
ラーメン,味噌一 三軒茶屋店,"営業時間
[月・火]11:00～翌5:00[水・木・金・土・日]11:00～21:00
日曜営業
定休日
無休",東京都世田谷区太子堂1-12-38,https://tabelog.com/tokyo/A1317/A131706/13001420/
ラーメン,百麺 世田谷店,"営業時間
11:00～24:00
日曜営業
定休日
無休",東京都世田谷区桜3-18-9,https://tabelog.com/tokyo/A1317/A131709/13001429/
ラーメン,とんこつラーメン 月読,"営業時間
09:00～26:00【休業日のお知らせ】誠に勝手ながら、6/27(火)〜6/29(木)の間休業とさせていただきます。何卒ご理解くださいますようお願い申し上げます。
日曜営業
定休日
不定休",東京都世田谷区松原2-45-2 レインボー591ビル 1F,https://tabelog.com/tokyo/A1318/A131804/13262193/
ラーメン,らーめん 玄,"営業時間
[月・火・木～日]11:30～14:3017:00～20:00
日曜営業
定休日
水曜日",東京都世田谷区北沢2-28-7 エルフェアシティ下北沢2 1F,https://tabelog.com/tokyo/A1318/A131802/13237219/
ラーメン,日高屋 成城学園前駅北口店,"営業時間
11:00～22:30(L.O.22:00)
日曜営業
定休日
無休",東京都世田谷区成城6-11-9,https://tabelog.com/tokyo/A1318/A131814/13203296/
ラーメン,たまがわや,"営業時間
月〜土11:00〜24:45日曜祝日 11:00〜23:00連休中日 11:00〜24:45
定休日
無休",東京都世田谷区用賀4-18-11,https://tabelog.com/tokyo/A1317/A131707/13051150/
ラーメン,京都左京,"営業時間
11:00～23:00
日曜営業
定休日
無休",東京都世田谷区松原1-36-8 SHビル 1F,https://tabelog.com/tokyo/A1318/A131804/13288108/
ラーメン,日高屋 三軒茶屋南口店,"営業時間
10:30～23:00
日曜営業
定休日
無休",東京都世田谷区三軒茶屋1-38-7 ワコーレ三軒茶屋 1F,https://tabelog.com/tokyo/A1317/A131706/13160958/
ラーメン,中華そば こてつ,"営業時間
[月]11:30～15:00(L.O.14:50)[水～日]11:30～15:00(L.O.14:50)17:00～21:00(L.O.20:50)
日曜営業
定休日
火曜日",東京都世田谷区北沢2-39-13,https://tabelog.com/tokyo/A1318/A131802/13198320/
ラーメン,めん和正,"営業時間
11:30～14:3018:30～22:00",東京都世田谷区太子堂2-6-2,https://tabelog.com/tokyo/A1317/A131706/13050021/
ラーメン,煮干し中華 しんこつ,"営業時間
11:00～21:00(スープ無くなり次第終了)",東京都世田谷区桜3-8-15 パール世田谷 1F,https://tabelog.com/tokyo/A1317/A131709/13255777/
ラーメン,瀧井,,東京都世田谷区三軒茶屋2-10-14 昭和ビル 1F,https://tabelog.com/tokyo/A1317/A131706/13146814/
ラーメン,長浜らーめん 世田谷店,"営業時間
AM 11：00～AM　5：30
日曜営業
定休日
無（不定休）",東京都世田谷区上北沢4-30-8,https://tabelog.com/tokyo/A1318/A131809/13006581/
ラーメン,ラーメン二郎 環七新新代田店,"営業時間
[火～日]11:00～15:00
日曜営業
定休日
月曜日（その他臨時休業などはTwitterにて）",東京都世田谷区代田5-29-5 櫻井ビル 1F,https://tabelog.com/tokyo/A1318/A131803/13010833/
ラーメン,喜多見家,"営業時間
11：00～25：00(売切次第終了)　【日曜、祝日】22：00まで
日曜営業
定休日
不定休",東京都世田谷区喜多見8-15-32,https://tabelog.com/tokyo/A1318/A131814/13173653/
ラーメン,はる,,東京都世田谷区桜丘2-28-17 モンテフーズビル 1F,https://tabelog.com/tokyo/A1318/A131813/13217814/
ラーメン,俺流塩らーめん 下北沢店,,東京都世田谷区北沢2-12-7,https://tabelog.com/tokyo/A1318/A131802/13194095/
ラーメン,野郎ラーメン 三軒茶屋店,"営業時間
[日~土]11：00~21：00
日曜営業
定休日
無休",東京都世田谷区太子堂4-24-16 伊勢屋ビル 1F,https://tabelog.com/tokyo/A1317/A131706/13164241/
ラーメン,コント 代田橋店,,東京都世田谷区大原2-17-11,https://tabelog.com/tokyo/A1318/A131808/13103029/
ラーメン,天下一品 池尻店,"営業時間
 11:00～20:00(L.O.21:50)9/27（月）、10/4（月）、10/11（月）、10/18（月）休業いたします。
日曜営業
定休日
なし",東京都世田谷区池尻3-30-3,https://tabelog.com/tokyo/A1317/A131705/13019257/
ラーメン,威風 三軒茶屋店,"営業時間
11:00～翌1:00
日曜営業
定休日
無休",東京都世田谷区三軒茶屋1-32-12,https://tabelog.com/tokyo/A1317/A131706/13272917/
ラーメン,らあめん英,"営業時間
11:00～24:00
日曜営業
定休日
無休",東京都世田谷区経堂2-8-7,https://tabelog.com/tokyo/A1318/A131813/13004773/
ラーメン,せい家 下高井戸店,"営業時間
11:00～翌2:30
日曜営業
定休日
無休",東京都世田谷区赤堤4-48-1,https://tabelog.com/tokyo/A1318/A131809/13163650/
ラーメン,麺匠 ようすけ 下高井戸店,"営業時間
コロナ対策として当分の間は11:30-23:00【月〜土】11:00～26:00【日・祝日】11:00〜23:00
日曜営業
定休日
不定期休　Twitterに休日情報あり",東京都世田谷区松原3-42-4,https://tabelog.com/tokyo/A1318/A131809/13156532/
ラーメン,日高屋 豪徳寺駅前店,"営業時間
11:00～23:00
日曜営業
定休日
無休",東京都世田谷区豪徳寺1-44-1 マツヤビル 1F,https://tabelog.com/tokyo/A1318/A131813/13193672/
ラーメン,桜道家,"営業時間
[月～日]10:00～23:00
日曜営業
定休日
無休",東京都世田谷区桜上水4-10-16 伊東ビル 1F,https://tabelog.com/tokyo/A1318/A131809/13155384/
ラーメン,らぁめんや やしげる,,東京都世田谷区宮坂3-12-3 ドム経堂 1F,https://tabelog.com/tokyo/A1318/A131813/13168809/
ラーメン,盛華らーめん,"営業時間
[月～土]11:30〜14:3017:00〜22:00
定休日
日曜日",東京都世田谷区松原1-38-15,https://tabelog.com/tokyo/A1318/A131804/13066440/
ラーメン,中華そば 導,"営業時間
11:00～15:3017:00～23:00
日曜営業
定休日
無休",東京都世田谷区松原2-45-2 明大前レインボービル,https://tabelog.com/tokyo/A1318/A131804/13278877/
ラーメン,麺通 若林店,"営業時間
11:30～16:00(L.O.)
日曜営業
定休日
水曜日(2024.1/3営業)、2024.1/1休業",東京都世田谷区若林3-15-1 若林ヴィラージュ1F,https://tabelog.com/tokyo/A1317/A131709/13187459/
ラーメン,純手打ち 麺と未来,"営業時間
[月、火、水、木、金] 11:30〜14:30 17:30～21:00(L.O 20:45)[土日祝日]11:30〜17:00(売り切れ次第終了)
日曜営業
定休日
不定休",東京都世田谷区北沢3-25-1 シャトルヒエイ1F,https://tabelog.com/tokyo/A1318/A131802/13221486/
ラーメン,煮干しそば 虎希,"営業時間
[月・火・木～日]11:30～15:0018:00～22:00
日曜営業
定休日
水曜日",東京都世田谷区南烏山6-5-3 田谷野ビル 1F,https://tabelog.com/tokyo/A1318/A131809/13265199/
ラーメン,めん助 経堂店,,東京都世田谷区経堂5-3-20 ソレイユ経堂,https://tabelog.com/tokyo/A1318/A131813/13274763/
ラーメン,麺屋新創,,東京都世田谷区上北沢4-16-10,https://tabelog.com/tokyo/A1318/A131809/13223774/
ラーメン,まことや,,東京都世田谷区経堂3-2-11,https://tabelog.com/tokyo/A1318/A131813/13009445/
ラーメン,中華そば専門店 勝や,"営業時間
11:00～14:3017:30～19:30
日曜営業
定休日
水曜日、第3木曜日",東京都世田谷区梅丘1-22-11,https://tabelog.com/tokyo/A1318/A131812/13025357/
ラーメン,せい家 下北沢店,,東京都世田谷区北沢2-1-8,https://tabelog.com/tokyo/A1318/A131802/13151437/
ラーメン,麺屋はやぶさ 下北沢店,"営業時間
[月～金]11:30～15:0017:30～22:00[土]11:30～22:00[日・祝]11:30～21:30",東京都世田谷区北沢2–29–16 マガザン下北沢 1F,https://tabelog.com/tokyo/A1318/A131802/13280464/
ラーメン,きらく,"営業時間
11:30～スープが無くなり次第
定休日
水曜日",東京都世田谷区成城6-16-5 カサローザ成城 2F,https://tabelog.com/tokyo/A1318/A131814/13014594/
ラーメン,武蔵家 千歳烏山店,"営業時間
[月～日]11:00〜翌2:00
日曜営業
定休日
無休",東京都世田谷区南烏山6-2-3,https://tabelog.com/tokyo/A1318/A131809/13144063/
ラーメン,AFURI 三軒茶屋,"営業時間
［日〜木］11:00〜23:00 ( Last order 22:30)［金・土］11:00〜翌5:00 ( Last order 4:30)
日曜営業
定休日
Open 7 days a week",東京都世田谷区三軒茶屋2-12-11,https://tabelog.com/tokyo/A1317/A131706/13166371/
ラーメン,新潟発祥 なおじ 上北沢店,"営業時間
11:00～(L.O.15:00)",東京都世田谷区上北沢4-19-16,https://tabelog.com/tokyo/A1318/A131809/13258573/
ラーメン,横浜ラーメン おか本,"営業時間
[月]11:00～16:00[水～日]11:00～15:0016:00～20:00
日曜営業
定休日
火曜日",東京都世田谷区駒沢1-17-13,https://tabelog.com/tokyo/A1317/A131707/13231967/
ラーメン,山ちゃん亭,"営業時間
[火～金]11:30～14:00[土]11:30～14:0017:30～21:00
定休日
月曜日、日曜日",東京都世田谷区鎌田3-18-14,https://tabelog.com/tokyo/A1317/A131708/13074438/
ラーメン,麺処 福蔵 東松原店,"営業時間
11:00～15:00 17:00～23:00(L.O.22:30)",東京都世田谷区松原5-57-8,https://tabelog.com/tokyo/A1318/A131803/13285352/
ラーメン,らーめん 大鳳,"営業時間
10:00～25:30  年中無休【盆、正月はご確認ください。】
日曜営業
定休日
なし",東京都世田谷区駒沢1-17-15,https://tabelog.com/tokyo/A1317/A131707/13209792/
ラーメン,麺番館,"営業時間
11:15~14:45
定休日
日・祝",東京都世田谷区世田谷4-16-12,https://tabelog.com/tokyo/A1317/A131709/13040071/
ラーメン,一風堂 二子玉川ライズS.C.店,"営業時間
11:00～22:00（L.O21:30）
日曜営業
定休日
無休",東京都世田谷区玉川1-14-1 テラスマーケット　2F,https://tabelog.com/tokyo/A1317/A131708/13181438/
ラーメン,せたが屋,"営業時間
17:00～22:30
日曜営業
定休日
無休",東京都世田谷区野沢2-1-2,https://tabelog.com/tokyo/A1317/A131707/13001417/
ラーメン,らーめん梶原,"営業時間
11:00～14:45(L.O.) 18:00～20:00
日曜営業
定休日
月曜日、火曜日",東京都世田谷区南烏山6-5-7 明光ビル新館,https://tabelog.com/tokyo/A1318/A131809/13275969/
ラーメン,OLD RAMEN,"営業時間
［木〜日］3:00am〜9:00am(L.O)※スープなくなり次第終了
日曜営業
定休日
月火水(祝日含む)",東京都世田谷区宮坂1-25-2,https://tabelog.com/tokyo/A1317/A131709/13268811/
ラーメン,ゾーミン,"営業時間
11：30～24：00（L.O.23：45）
日曜営業",東京都世田谷区奥沢5-13-1,https://tabelog.com/tokyo/A1317/A131711/13143904/
ラーメン,日高屋 三軒茶屋茶沢通店,"営業時間
10:30～23:00（L.O.22:30）
日曜営業
定休日
無休",東京都世田谷区太子堂4-24-15,https://tabelog.com/tokyo/A1317/A131706/13044312/
ラーメン,さとう 桜新町店,"営業時間
月曜～土曜　11：00～25：00日祝　　　　11：00～23：00※スープ、材料切れ次第終了
日曜営業
定休日
無",東京都世田谷区桜新町1-13-9,https://tabelog.com/tokyo/A1317/A131707/13180047/
ラーメン,カミノ,"営業時間
[火～日]11:30～14:30時短営業中
日曜営業
定休日
月曜+不定期で休みあり",東京都世田谷区三宿2-11-33,https://tabelog.com/tokyo/A1317/A131705/13050823/
ラーメン,松楽,"営業時間
[木～火]12:00～22:00
日曜営業
定休日
毎水曜日　第3水・木曜日　毎日曜日は17時開店",東京都世田谷区三軒茶屋2-38-9,https://tabelog.com/tokyo/A1317/A131706/13066439/
ラーメン,中華そば 橙屋,,東京都世田谷区千歳台5-7-7 第二千歳荘 1F,https://tabelog.com/tokyo/A1318/A131814/13026309/
ラーメン,薬膳食堂ちゃぶ膳 下北沢店,"営業時間
[火～日]ディナー 17:00〜23:00[Thu. - Sun.]Dinner 17:00 to 23:00
日曜営業
定休日
毎週月曜日 Every Monday",東京都世田谷区代田6-16-20,https://tabelog.com/tokyo/A1318/A131802/13058680/
ラーメン,らーめん嶽,,東京都世田谷区玉川台2-22-17 スプリングヒルズ玉川台 1F,https://tabelog.com/tokyo/A1317/A131707/13217961/
ラーメン,秋刀鮪だし 宣久,"営業時間
11:30～14:3018:00～21:00
日曜営業
定休日
水曜日",東京都世田谷区南烏山3-24-7,https://tabelog.com/tokyo/A1318/A131809/13191374/
ラーメン,ひるがお 駒沢本店,"営業時間
11:00～15:0017:00～22:30
日曜営業
定休日
無休",東京都世田谷区野沢2-1-2,https://tabelog.com/tokyo/A1317/A131707/13006100/
ラーメン,g麺 パスタ&ラーメン,"営業時間
［月・水・木・金・土］11:30～15:00 17:00～20:00［火・日・祝］11:30～15:00
日曜営業
定休日
無休",東京都世田谷区砧8-4-17,https://tabelog.com/tokyo/A1318/A131814/13234314/
ラーメン,中華そば まるじ,"営業時間
11:00～14:00",東京都世田谷区南烏山3-1-14,https://tabelog.com/tokyo/A1318/A131809/13279433/
ラーメン,らーめん 陸,"営業時間
11:00～15:00
日曜営業
定休日
木曜日",東京都世田谷区桜3-8-13 パレス馬事公苑　１０１号,https://tabelog.com/tokyo/A1317/A131709/13009443/
ラーメン,香や,,東京都世田谷区太子堂1-15-15,https://tabelog.com/tokyo/A1317/A131706/13042610/
ラーメン,まるきんラーメン 上馬店,"営業時間
11:00～翌4:00
日曜営業
定休日
無休",東京都世田谷区野沢2-30-6,https://tabelog.com/tokyo/A1317/A131707/13018566/
ラーメン,でびっと 桜新町サザエさん通り店,"営業時間
[月～土]11:00～23:00[日・祝]11:00～22:00
日曜営業
定休日
不定休",東京都世田谷区桜新町1-8-10 世田谷国際マンション102,https://tabelog.com/tokyo/A1317/A131707/13094547/
ラーメン,バーゴリラ,,東京都世田谷区北沢1-44-18 カモシダハウス1F,https://tabelog.com/tokyo/A1318/A131801/13137426/
ラーメン,ラーメン茂木,"営業時間
11:30～14:30 18:00～22:00
定休日
日曜日、祝日",東京都世田谷区太子堂2-13-1,https://tabelog.com/tokyo/A1317/A131706/13001432/
ラーメン,勢得,,東京都世田谷区桜丘3-24-4,https://tabelog.com/tokyo/A1318/A131813/13006053/
ラーメン,大龍 奥沢店,,東京都世田谷区奥沢5-14-12,https://tabelog.com/tokyo/A1317/A131711/13159165/
ラーメン,ウチデノコヅチ,"営業時間
11:00～(L.O.14:30）18:00～(L.O.21:00)
日曜営業
定休日
水曜日",東京都世田谷区経堂3-38-2,https://tabelog.com/tokyo/A1318/A131813/13292166/
ラーメン,極味家 明大前店,,東京都世田谷区松原1-38-8 村山ビル 1F,https://tabelog.com/tokyo/A1318/A131804/13292072/
ラーメン,めんや,"営業時間
11:00～15:0017:00～22:00",東京都世田谷区三軒茶屋2-14-10 ローヤルマンション 1F,https://tabelog.com/tokyo/A1317/A131706/13270751/
ラーメン,麺処 まろ,"営業時間
[火][11:30〜15:30]
定休日
月曜日、水曜日、木曜日、金曜日、土曜日、日曜日",東京都世田谷区駒沢3-14-2,https://tabelog.com/tokyo/A1317/A131707/13283514/
ラーメン,広島つけ麺 ひこ 下北沢近松店,"営業時間
22:00～23:30(L.O.)
日曜営業
定休日
不定休",東京都世田谷区北沢2-14-16 北沢プラザ B1F,https://tabelog.com/tokyo/A1318/A131802/13255479/
ラーメン,鶏×貝らぁ麺 鳥心,"営業時間
土曜日・日曜日・祝日　限定11:30～13：30（L.0）　　閉店　14:00　
日曜営業
定休日
平日は焼鳥の営業のみとなります。",東京都世田谷区太子堂4-28-2,https://tabelog.com/tokyo/A1317/A131706/13269885/
ラーメン,アジアンキッチン,,東京都世田谷区宇奈根1-17-14 1階,https://tabelog.com/tokyo/A1317/A131708/13213391/
ラーメン,俺流塩らーめん 下北沢一番街店,,東京都世田谷区北沢2-32-6,https://tabelog.com/tokyo/A1318/A131802/13291664/
ラーメン,マシマシタンタンメン,,東京都世田谷区北沢2-6-6 澤田ビル B1F,https://tabelog.com/tokyo/A1318/A131802/13283953/
ラーメン,旬の肴と日本酒 居酒屋えいちゃん,"営業時間
月～日・祝前日・祝日ランチ　11:30～14:00ディナー　17:00～24:00（L.O.23:00）
日曜営業
定休日
不定休日あり",東京都台東区柳橋1-4-2 本格ビル 1F,https://tabelog.com/tokyo/A1311/A131103/13289066/
ラーメン,東京 鶏白湯ラーメン ゆきかげ 浅草本店,"営業時間
11:00～15:00(14:30L.O)17:00〜23:30(23:00L.O)※12/31～1/3にかけては、特別営業時間となります。お電話でご確認くださいませ。12/31→11-15時・17時-27時1/1-1/3→11-15時・17時-24時※スープ無くなり次第終了臨時休業の情報は、GoogleやInstagramでご確認ください。
日曜営業
定休日
月１不定休（※instagramをご確認ください）",東京都台東区浅草1-2-12 1F,https://tabelog.com/tokyo/A1311/A131102/13200289/
ラーメン,うりんぼ,"営業時間
11:30～14:30、17:40～2:00
日曜営業
定休日
無休",東京都台東区花川戸2-21-7,https://tabelog.com/tokyo/A1311/A131102/13008579/
ラーメン,あいだや,"営業時間
昼の部１１：００〜１５：００夜の部１７：３０〜２０：４５(L.O.)
定休日
【2023年1２月の休業日】水曜日、日曜日※16(土)以降は台湾イベント出張がある為、未定です。改めてお知らせいたします。",東京都台東区上野6-1-6 御徒町グリーンハイツ,https://tabelog.com/tokyo/A1311/A131101/13288181/
ラーメン,双麺 浅草橋店,"営業時間
11:00～23:30(２階フードL.O22:30　全体L.O23:00)
日曜営業
定休日
無休",東京都台東区浅草橋1-16-5,https://tabelog.com/tokyo/A1311/A131103/13243206/
ラーメン,案山子,"営業時間
11:00～23:00（Lo22:30）
日曜営業
定休日
年中無休",東京都台東区上野6-2-11,https://tabelog.com/tokyo/A1311/A131101/13220520/
ラーメン,らーめん弁慶 浅草本店,"営業時間
11:00～翌4:00
日曜営業
定休日
無休",東京都台東区花川戸2-17-9,https://tabelog.com/tokyo/A1311/A131102/13003748/
ラーメン,日高屋 鶯谷店,"営業時間
１１：００～ラストオーダー深夜２：３０、深夜３：００閉店",東京都台東区根岸1-1-17 鴬泉楼(おうせんろう)駅前ビル１階,https://tabelog.com/tokyo/A1311/A131104/13118842/
ラーメン,浅草 参食堂,,東京都台東区浅草2-5-9,https://tabelog.com/tokyo/A1311/A131102/13247326/
ラーメン,とりそば 若松,,東京都台東区台東4-25-1 康江ビル 1F,https://tabelog.com/tokyo/A1311/A131101/13251218/
ラーメン,浅草家,,東京都台東区浅草橋1-19-1,https://tabelog.com/tokyo/A1311/A131103/13177056/
ラーメン,らーめん・手のし餃子 池之端 松島,,東京都台東区池之端2-7-5,https://tabelog.com/tokyo/A1311/A131106/13008495/
ラーメン,らーめん サムライ,"営業時間
11:00〜16:00(L.O.15:45)17:00〜21:00
定休日
日曜日",東京都台東区北上野2-30-9 1F,https://tabelog.com/tokyo/A1311/A131104/13251815/
ラーメン,日増屋,"営業時間
10:30〜16:30",東京都台東区池之端2-7-14,https://tabelog.com/tokyo/A1311/A131106/13060649/
ラーメン,蔵前 中華そば 高ひろ,"営業時間
[火～金]11:00～14:30[土・日・祝]11:00～15:00※スープ無くなり次第終了
日曜営業
定休日
月曜日",東京都台東区蔵前3-16-3 シンエイマンション蔵前 1F,https://tabelog.com/tokyo/A1311/A131103/13251108/
ラーメン,麺屋武蔵 武骨相傳,"営業時間
11：15～22：00
日曜営業
定休日
無休",東京都台東区上野6-11-15,https://tabelog.com/tokyo/A1311/A131101/13127383/
ラーメン,田中そば店  浅草店,"営業時間
[月～金]11:00～15:4517:00～21:00[土・日・祝]11:00～21:00
日曜営業
定休日
無休",東京都台東区浅草1-1-8,https://tabelog.com/tokyo/A1311/A131102/13224895/
ラーメン,江戸前煮干中華そば きみはん 総本店,"営業時間
11:00～23:00
日曜営業
定休日
無休",東京都台東区根岸3-3-18,https://tabelog.com/tokyo/A1311/A131104/13105224/
ラーメン,蒙古タンメン中本 御徒町店,"営業時間
10:00～23:00
日曜営業
定休日
年末年始",東京都台東区上野5-10-14 第二御徒町橋高架下,https://tabelog.com/tokyo/A1311/A131101/13054332/
ラーメン,自家製麺 うるち,"営業時間
11:30～15:0018:00～21:00
定休日
火曜日",東京都台東区寿2-9-16,https://tabelog.com/tokyo/A1311/A131102/13289213/
ラーメン,壱角家 上野店,"営業時間
[月～木・日]11:00～23:00[金・土]11:00～翌2:00
日曜営業
定休日
無休",東京都台東区上野7-3-1 寿屋上野駅前ビル 1F,https://tabelog.com/tokyo/A1311/A131101/13214428/
ラーメン,らぁめん めん○,,東京都台東区浅草2-15-2,https://tabelog.com/tokyo/A1311/A131102/13077349/
ラーメン,味噌一 浅草店,"営業時間
[月・火]11：00～23：00[水～日]11：00～05：00
日曜営業
定休日
無休",東京都台東区浅草6-36-17 ライオンズパレス浅草１Ｆ,https://tabelog.com/tokyo/A1311/A131102/13093824/
ラーメン,らあめん花月嵐 浅草橋店,"営業時間
[店内営業時間]11:00〜23:00（LO22：30）[出前館受付時間]11:00～21:00[Uber Eats受付時間]11:00～21:00
日曜営業
定休日
なし",東京都台東区柳橋2-14-4,https://tabelog.com/tokyo/A1311/A131103/13055944/
ラーメン,北海道らーめん みそ熊 御徒町駅前店,"営業時間
10:30～翌4:30
日曜営業
定休日
無休",東京都台東区上野4-1-1 izumiビル 1F,https://tabelog.com/tokyo/A1311/A131101/13254315/
ラーメン,希家 上野店,"営業時間
11：00～24：00（L.O.23：45）
日曜営業
定休日
無",東京都台東区東上野3-39-7 長春堂ビル 1F,https://tabelog.com/tokyo/A1311/A131101/13171814/
ラーメン,熊ぼっこ,"営業時間
11:30～15:00 / 17:30～23:30（麺類LO）
定休日
日曜日(月曜日の祭日)",東京都台東区東上野1-1-11 大野ビル 1F,https://tabelog.com/tokyo/A1311/A131101/13076605/
ラーメン,あたりや食堂 谷中店,"営業時間
[火〜日] 11:00〜14:30　17:00〜23:00 (LO 22:00)※スープ、麺が無くなり次第早仕舞いする場合があります。
日曜営業
定休日
月曜日",東京都台東区谷中1-2-14,https://tabelog.com/tokyo/A1311/A131106/13261156/
ラーメン,横浜家系らーめん 侍 上野店,"営業時間
11:00～20:45(L.O.)",東京都台東区東上野2-18-1 群山ビル 1F,https://tabelog.com/tokyo/A1311/A131101/13282408/
ラーメン,東京じゃんがら ecute上野店,"営業時間
［月～金］10:00～22:00(L.O.21:45)［土・日・祝］10:00～21:00(L.O.20:45)
日曜営業
定休日
不定休(ecute上野に準ずる)",東京都台東区上野7-1-1 JR上野駅,https://tabelog.com/tokyo/A1311/A131101/13179609/
ラーメン,饗 くろ喜,"営業時間
[月・水・金]11:00～15:00 [火・木・土]11:00～15:00 18:00～20:00 
定休日
日曜日",東京都台東区浅草橋1-28-9 ROJI ASAKUSABASHI 1F,https://tabelog.com/tokyo/A1311/A131103/13290780/
ラーメン,一蘭 アトレ上野山下口店,"営業時間
9:00～翌6:00※営業時間は変更になる場合がございますので、最新情報は公式HPをご確認ください
日曜営業
定休日
アトレ上野休館日は、お休みいたします。",東京都台東区上野7-1-1 アトレ上野 1Ｆ,https://tabelog.com/tokyo/A1311/A131101/13005552/
ラーメン,麺屋 上々,"営業時間
11:00～14:4518:00～21:00※スープ売り切れ次第終了
定休日
日曜日",東京都台東区蔵前3-17-3 SIビル 1F,https://tabelog.com/tokyo/A1311/A131103/13247871/
ラーメン,鶏白湯ラーメン 鳥ぶし,,東京都台東区上野6-1-6 御徒町グリーンハイツ 1F,https://tabelog.com/tokyo/A1311/A131101/13279450/
ラーメン,中華そば 新,,東京都台東区小島2-18-14,https://tabelog.com/tokyo/A1311/A131101/13234819/
ラーメン,富白,,東京都台東区台東3-14-10,https://tabelog.com/tokyo/A1311/A131101/13135911/
ラーメン,花彫酒家,"営業時間
11:00～14:3017:00～23:00(場合によっては24時まで営業することあり)
日曜営業
定休日
無休",東京都台東区東浅草1-21-11,https://tabelog.com/tokyo/A1324/A132401/13228669/
ラーメン,らーめん天神下 大喜,"営業時間
［月・火・木・金］11:00～15:00(L.O.14:30)18:00～21:30(L.O.21:00)［水］11:00～15:00(L.O.14:30)[土]11:00～15:30(L.O.15:00)18:00～21:00(L.O.20:30)[祝]11:00～15:30(L.O.15:00)
定休日
日曜日",東京都台東区台東2-4-4,https://tabelog.com/tokyo/A1310/A131001/13208678/
ラーメン,一心,,東京都台東区寿3-19-4,https://tabelog.com/tokyo/A1311/A131103/13019329/
ラーメン,濃厚鶏麺 ゆきかげ 三ノ輪店,"営業時間
年末年始の営業時間12/31、1/1　休業1/2、1/3　21：00閉店(スープ切れ次第終了)1/4～通常通り営業　　　　　　　11：30～15：00 (14:30L.O)　　　　　　　17：00～23：00 (22:45L.O)※※日曜のみ21：00閉店(20：30L.O)
日曜営業
定休日
月一不定休(店頭張り紙、インスタ、Googleで告知)",東京都台東区三ノ輪2-14-6,https://tabelog.com/tokyo/A1324/A132401/13230854/
ラーメン,麺 みつヰ,"営業時間
[火～金]11:00～14:3018:00～20:00[土]11:00～16:00
定休日
月曜日、日曜日",東京都台東区寿2-9-15,https://tabelog.com/tokyo/A1311/A131102/13284327/
ラーメン,HALAL SAKURA,"営業時間
[水～月]12:00～22:00 （料理L.O. 21:30 ドリンクL.O. 21:30）
日曜営業
定休日
火曜日",東京都台東区根岸2-18-11 ルート根岸第2ビル,https://tabelog.com/tokyo/A1311/A131104/13212026/
ラーメン,来集軒,"営業時間
12:00～18:00
日曜営業
定休日
火曜日",東京都台東区西浅草2-26-3,https://tabelog.com/tokyo/A1311/A131102/13010513/
ラーメン,めんや 来吉,"営業時間
11:30～14:0018:00～21:15※まん延防止等重点措置期間中は20:00まで
定休日
土曜・日曜・祝日・水曜夜",東京都台東区浅草橋5-1-32,https://tabelog.com/tokyo/A1311/A131103/13060062/
ラーメン,ウミのチカラ,"営業時間
[月・火・水・木・最終土]11:00～15:00[金・土]11:00～15:0017:00～19:00
定休日
日曜日",東京都台東区台東1-32-6,https://tabelog.com/tokyo/A1310/A131001/13239013/
ラーメン,三豊麺 斬 浅草ROX前店,"営業時間
11:00～23:00
日曜営業
定休日
無休",東京都台東区浅草1-24-8,https://tabelog.com/tokyo/A1311/A131102/13211130/
ラーメン,横浜家系ラーメン 鶯家,,東京都台東区根岸1-2-20,https://tabelog.com/tokyo/A1311/A131104/13183121/
ラーメン,博多ラーメン 福や 鶯谷店,,東京都台東区根岸1-7-5,https://tabelog.com/tokyo/A1311/A131104/13288184/
ラーメン,鬼そば 藤谷 浅草店,"営業時間
[火・水・金・土・日］11:00～16:00
日曜営業
定休日
月曜日、木曜日",東京都台東区浅草1-10-2 YNビル 2F,https://tabelog.com/tokyo/A1311/A131102/13292030/
ラーメン,麺屋 義,"営業時間
11:30～14:00 18:00～22:30
定休日
日曜日、水曜日夜",東京都台東区谷中3-24-1 野口ビル1F,https://tabelog.com/tokyo/A1311/A131105/13199273/
ラーメン,ろく月,"営業時間
[月～金］11:30～14:30(L.O.14:15)18:00～20:45(L.O.20:30)[土］11:30～14:30(L.O.14:15)
定休日
日曜日、祝日",東京都台東区浅草橋2-4-5,https://tabelog.com/tokyo/A1311/A131103/13161632/
ラーメン,あやむや 御徒町店,,東京都台東区元浅草3-10-3 1F,https://tabelog.com/tokyo/A1311/A131101/13251642/
ラーメン,らーめん改,"営業時間
11:00～15:00（L.O.）17:30～21:00（L.O.）
日曜営業
定休日
無休（※休業は公式SNSでお知らせ致します。）",東京都台東区蔵前4-20-10 宮内ビル 1F,https://tabelog.com/tokyo/A1311/A131103/13191776/
ラーメン,中華そば 七麺鳥,"営業時間
【月〜金】11:00〜14:3018:00～21:00土日祝11:00〜15:0018:00〜21:00
日曜営業
定休日
不定休",東京都台東区根岸2-18-23,https://tabelog.com/tokyo/A1311/A131104/13171772/
ラーメン,ヌードルボウズ n坊,"営業時間
月～金曜日11時～14時45分18時～21時土曜日11時～15時の昼営業のみ日曜日は定休日です
定休日
日曜",東京都台東区浅草橋1-33-5 むさしやビル 1F,https://tabelog.com/tokyo/A1311/A131103/13259097/
ラーメン,麺屋武蔵 武骨 御徒町店,"営業時間
11:00～22:00
日曜営業
定休日
無休",東京都台東区上野6-7-3 矢島ビル　１Ｆ,https://tabelog.com/tokyo/A1311/A131101/13003621/
ラーメン,どうとんぼり神座 浅草ROX·3G店,"営業時間
11:00～22:00(L.O.21:45)
日曜営業",東京都台東区浅草1-26-5 浅草ROX 3G 1F,https://tabelog.com/tokyo/A1311/A131102/13284647/
ラーメン,六厘舎 上野店,"営業時間
10:00～23:00(L.O.22:30)
日曜営業
定休日
無休",東京都台東区上野7-1-1 アトレ上野 1F,https://tabelog.com/tokyo/A1311/A131101/13241939/
ラーメン,らーめん藪づか,"営業時間
11:30～15:30 / 17:30~20:30（L.O.20:00）祝日営業
日曜営業
定休日
火曜日",東京都台東区上野3-13-1 西武ビル1階,https://tabelog.com/tokyo/A1311/A131101/13228288/
ラーメン,入谷大勝軒,"営業時間
11:00～15:0017:00～21:00
日曜営業
定休日
月曜日",東京都台東区入谷2-15-4,https://tabelog.com/tokyo/A1311/A131104/13053697/
ラーメン,俺の生きる道 上野店,"営業時間
11:00～24:00
日曜営業
定休日
無休",東京都台東区上野3-23-3 Jロードビル 1F,https://tabelog.com/tokyo/A1311/A131101/13285028/
ラーメン,麺屋 つけ麺 太輔,"営業時間
11:00～3:00
日曜営業
定休日
不定休",東京都台東区雷門1-15-10,https://tabelog.com/tokyo/A1311/A131102/13255916/
ラーメン,博多 一風堂 上野広小路店,"営業時間
11:00～22:00
日曜営業
定休日
木曜日",東京都台東区上野3-17-5,https://tabelog.com/tokyo/A1311/A131101/13009788/
ラーメン,浅草 熟成味噌らーめん のりあき･美々,"営業時間
11:30～14:3018:00～23:00
定休日
日曜日",東京都台東区駒形1-9-9 川尻マンション 1F,https://tabelog.com/tokyo/A1311/A131102/13283973/
ラーメン,北海道ラーメン ひむろ 浅草店,,東京都台東区西浅草2-1-11,https://tabelog.com/tokyo/A1311/A131102/13235577/
ラーメン,喜多方ラーメン 坂内 浅草店,"営業時間
[月・水・木・金・土・日]11:00～22:00[火]11:00～15:00
日曜営業
定休日
無休",東京都台東区雷門2-4-11,https://tabelog.com/tokyo/A1311/A131102/13010532/
ラーメン,わ蔵 御徒町店,"営業時間
[月～日]11:00～23:00
日曜営業
定休日
無休",東京都台東区上野5-10-14,https://tabelog.com/tokyo/A1311/A131101/13265592/
ラーメン,麺屋　天王,"営業時間
［月～土］11:30～15:30、17:30～22:30［祝］11:30～18:00［日］11:30～15:30
日曜営業
定休日
無休",東京都台東区東上野4-10-6 東ビル 1F,https://tabelog.com/tokyo/A1311/A131101/13117496/
ラーメン,日高屋  浅草雷門店,"営業時間
［日～木］10:00～翌2:30（L.O.2:00）［金・土・祝前］10:00～翌4:00　※時短営業中
日曜営業
定休日
無休",東京都台東区雷門1-14-7 朝日雷門マンション1F,https://tabelog.com/tokyo/A1311/A131102/13111434/
ラーメン,麺処 晴,"営業時間
[月～金]11:00～15:0018:00～21:00[土・日・祝]11:00～17:00
定休日
不定休",東京都台東区下谷1-11-7,https://tabelog.com/tokyo/A1311/A131104/13143115/
ラーメン,貝出汁らぁ麺 海美風 浅草店,"営業時間
11:00～24:00(L.O.23:00)
日曜営業
定休日
無休",東京都台東区浅草2-13-3 ディアレスト浅草 1F,https://tabelog.com/tokyo/A1311/A131102/13257871/
ラーメン,美味坊,,東京都台東区寿4-13-11,https://tabelog.com/tokyo/A1311/A131102/13181407/
ラーメン,炭火焼濃厚中華そば 威風堂道,"営業時間
11:00～15:30(L.O15:20)17:00～22:00(L.O21:50)
日曜営業
定休日
全日営業",東京都台東区柳橋1-13-4 柳橋一丁目ビル 1F,https://tabelog.com/tokyo/A1311/A131103/13274602/
ラーメン,麺家 ぶんすけ,"営業時間
【月、火、木、金】昼 11:30～14:30夜 18:00～20:30【土、日、祝】昼 11:30～14:30夜 休み
日曜営業
定休日
水曜日、毎月最終火曜日",東京都台東区花川戸2-15-6 第1サンライズM102,https://tabelog.com/tokyo/A1311/A131102/13072789/
ラーメン,つけめんTETSU 御徒町らーめん横丁店,"営業時間
11:00～23:00
日曜営業
定休日
無休",東京都台東区上野5-10-14 御徒町ラーメン横丁,https://tabelog.com/tokyo/A1311/A131101/13176725/
ラーメン,壱角家 御徒町店,"営業時間
[月～日]10:30～翌3:00
日曜営業
定休日
無休",東京都台東区上野6-2-1 ミヤマビル 1F,https://tabelog.com/tokyo/A1311/A131101/13171434/
ラーメン,浅草商店,"営業時間
営業時間・休業日は変更となる場合がございますので、HPにて最新情報をご確認ください
日曜営業
定休日
無休",東京都台東区浅草1-3-3,https://tabelog.com/tokyo/A1311/A131102/13255173/
ラーメン,江戸豊,,東京都台東区浅草1-32-6,https://tabelog.com/tokyo/A1311/A131102/13010531/
ラーメン,東京浅草 つけ蕎麦 井草,"営業時間
[月・水~土]11:30～15:0018:00～21:00[日]11:30~21:00
日曜営業
定休日
火曜日",東京都台東区浅草2-12-8 荒井ビル 1F,https://tabelog.com/tokyo/A1311/A131102/13276460/
ラーメン,麺処 花田 上野店,"営業時間
【月・水～日・祝】11:00〜22:30【火】休み
日曜営業
定休日
毎週火曜日　年末年始",東京都台東区上野6-8-6 上野メガネセンタービル 1F,https://tabelog.com/tokyo/A1311/A131101/13130960/
ラーメン,博多豚骨らぁ麺 一絆 御徒町本店,"営業時間
11:00～23:00(スープ無くなり次第終了)
日曜営業
定休日
不定休",東京都台東区上野6-4-18,https://tabelog.com/tokyo/A1311/A131101/13281009/
ラーメン,喜多方ラーメン 新じま,"営業時間
[月・水・金]10:00～14:0018:00～20:30[火・木・土・日]10:00～14:00※材料無くなり次第終了
日曜営業
定休日
無休（年末年始、不定休は除く）",東京都台東区三ノ輪1-8-5 T&Mビル 1F,https://tabelog.com/tokyo/A1324/A132401/13287105/
ラーメン,一風堂 浅草橋本舗,"営業時間
[月～金]10:30～21:00(L.O.20:30)［土］10:30～14:30（L.O.）
定休日
日曜日",東京都台東区柳橋1-3-6 ユニデン浅草橋ビル 1F,https://tabelog.com/tokyo/A1311/A131103/13253309/
ラーメン,粋な一生,"営業時間
【平日】11:00～21:00【土・日・祝】11:00～20:00※スープ無くなり次第終了
日曜営業
定休日
水曜日",東京都台東区台東1-27-2 竹善ビル　１Ｆ,https://tabelog.com/tokyo/A1310/A131001/13021102/
ラーメン,スパイス・ラー麺 卍力 秋葉原店,"営業時間
[火～土]11:00～21:00
日曜営業
定休日
日曜日、月曜日",東京都台東区台東1-10-5 1F,https://tabelog.com/tokyo/A1310/A131001/13237879/
ラーメン,青山,"営業時間
11:00～15:0017:00～20:00
日曜営業
定休日
水曜日",東京都台東区浅草2-17-4,https://tabelog.com/tokyo/A1311/A131102/13151476/
ラーメン,麺や 鶏とだし,"営業時間
11:30～14:30(L.O.) 17:30～21:30(L.O.)
定休日
木曜日",東京都台東区日本堤1-2-1,https://tabelog.com/tokyo/A1324/A132401/13289451/
ラーメン,日高屋 蔵前駅前店,,東京都台東区蔵前3-13-10,https://tabelog.com/tokyo/A1311/A131103/13208673/
ラーメン,富士らーめん,,東京都台東区浅草1-24-5,https://tabelog.com/tokyo/A1311/A131102/13168762/
ラーメン,一蘭 浅草店,"営業時間
10:00～22:00(L.O.21:30)※営業時間は変更になる場合がございますので、最新情報は公式HPをご確認ください
日曜営業
定休日
年中無休",東京都台東区浅草1-1-16 HK浅草ビル B1F,https://tabelog.com/tokyo/A1311/A131102/13187455/
ラーメン,山笠ノ龍,"営業時間
11:00～翌4:00
日曜営業
定休日
無休",東京都台東区柳橋1-13-5,https://tabelog.com/tokyo/A1311/A131103/13192824/
ラーメン,大釜 本店,"営業時間
11:30～18:00
日曜営業
定休日
木曜",東京都台東区清川1-29-5,https://tabelog.com/tokyo/A1324/A132401/13058020/
ラーメン,竹三郎,"営業時間
[火～金]11:00～15:00 18:00～21:00[土・日・祝]11:00～15:00 18:00～19:30
日曜営業
定休日
月曜日",東京都台東区花川戸1-15-4 アークノア 1F,https://tabelog.com/tokyo/A1311/A131102/13164284/
ラーメン,なかや,"営業時間
[木曜日以外]11:00～15:0017:00～23:00[木曜日のみ]11:00～15:0017:00～22:00
日曜営業
定休日
なし（12/31、1/1以外営業）",東京都台東区根岸5-13-18,https://tabelog.com/tokyo/A1324/A132401/13080654/
ラーメン,らーめん 稲荷屋,"営業時間
［月～土］11:00～23:00［日］11:00～21:00
日曜営業
定休日
第1日曜日、祝日",東京都台東区元浅草2-10-13 島田ビル 1F,https://tabelog.com/tokyo/A1311/A131101/13180646/
ラーメン,鶏そば かぐら屋 上野御徒町店,"営業時間
［月～日］11:00～23:00
日曜営業
定休日
無休",東京都台東区上野4-2-1 江戸っ子ビル B1F,https://tabelog.com/tokyo/A1311/A131101/13271890/
ラーメン,日高屋 浅草駅前店,"営業時間
10:00～23:00(L.O.22:30)",東京都台東区浅草1-2-3 浅草タウンホテル1F,https://tabelog.com/tokyo/A1311/A131102/13135965/
ラーメン,昆布の塩らー麺専門店 マニッシュ 蔵前店,"営業時間
［平日］11:30〜15:30 18:00～20:00［土日祝］11:00～20:00
日曜営業
定休日
不定休",東京都台東区浅草橋3-25-6,https://tabelog.com/tokyo/A1311/A131103/13246875/
ラーメン,わたなべ,,東京都台東区浅草2-15-7,https://tabelog.com/tokyo/A1311/A131102/13220661/
ラーメン,なまら 浅草西参道店,"営業時間
［火～金］11:30～14:3018:00～22:30［土・日・祝］11:30～14:3018:00～22:00
日曜営業
定休日
月曜日",東京都台東区浅草2-7-13 浅草西参道商店街,https://tabelog.com/tokyo/A1311/A131102/13163885/
ラーメン,浅草らーめん とおりゃんせ,"営業時間
11:00～19:00(L.O.18:30)
日曜営業
定休日
無休",東京都台東区浅草1-20-9,https://tabelog.com/tokyo/A1311/A131102/13028036/
ラーメン,浅草 生田庵,"営業時間
12月の営業時間に関して①12/6(水)　臨時休業②12/13(水)　10:00～18:00 営業ご迷惑をおかけいたしますが、ご理解いただきますよう、よろしくお願い申し上げます。【営業時間】10:00～22:30
日曜営業
定休日
無休",東京都台東区花川戸1-6-4,https://tabelog.com/tokyo/A1311/A131102/13255913/
ラーメン,焼きあご塩らー麺 たかはし 上野店,"営業時間
平日 　11:00～22:00(LO 21:50) 土日祝 11:00～22:00(LO 21:50)
日曜営業
定休日
無休（年末年始を除く）",東京都台東区上野4-1-5,https://tabelog.com/tokyo/A1311/A131101/13202799/
ラーメン,博多風龍 上野店,"営業時間
[月～土]11:00～翌2:00[日]11:00～20:00
日曜営業
定休日
無休",東京都台東区上野6-14-9 上村ビル 1F,https://tabelog.com/tokyo/A1311/A131101/13177876/
ラーメン,壱角家 蔵前店,"営業時間
[月～木・日]10:30～翌1:00[金・土・祝前日]10:30～翌2:00
日曜営業
定休日
無休",東京都台東区蔵前3-12-10 三葉ビル 1F・2F,https://tabelog.com/tokyo/A1311/A131103/13171788/
ラーメン,一蘭 浅草六区店,"営業時間
11：00～22：00（L.O.　21：30）※営業時間が急遽変更となる場合がございます。最新情報は公式HPをご確認ください
日曜営業
定休日
なし",東京都台東区浅草2-6-11 平和ストアビル 2F,https://tabelog.com/tokyo/A1311/A131102/13242627/
ラーメン,蔵前元楽総本店,"営業時間
[月～金]11:00～21:00[土・日・祝]11:00～20:00
日曜営業
定休日
無休(GW、お盆、年末年始は休みあり)",東京都台東区蔵前2-12-3,https://tabelog.com/tokyo/A1311/A131103/13008637/
ラーメン,らーめん かつお拳,,東京都台東区浅草橋1-24-5 小島ビル 1F,https://tabelog.com/tokyo/A1311/A131103/13181938/
ラーメン,じゃん腹,"営業時間
11:30～翌02:00
日曜営業
定休日
第２第４月曜",東京都台東区西浅草3-16-9,https://tabelog.com/tokyo/A1311/A131102/13033634/
ラーメン,博多ラーメン長浜や 上野店,"営業時間
11:00～翌4:00
日曜営業
定休日
無休",東京都台東区上野7-2-1 昭栄ビル 1F,https://tabelog.com/tokyo/A1311/A131101/13144260/
ラーメン,えぞ菊 御徒町店,"営業時間
11:00～21:00
日曜営業
定休日
月曜（時々、火曜）",東京都台東区上野5-20-4,https://tabelog.com/tokyo/A1311/A131101/13003636/
ラーメン,俺の創作らぁめん 極や 上野広小路店,,東京都台東区上野4-4-3 ハトヤビル1号館 1F,https://tabelog.com/tokyo/A1311/A131101/13178522/
ラーメン,らーめん 福籠,"営業時間
11:00～15:00（L.O.14:30）18:00～22:00（L.O.21:30）
定休日
日曜",東京都台東区柳橋1-13-4 丹羽ビル １Ｆ,https://tabelog.com/tokyo/A1311/A131103/13157790/
ラーメン,ハッスルラーメンホンマ 浅草店,"営業時間
11:00～14：30　18：00～23：00
定休日
日曜日ですが、お祭りやイベントの際は営業します。",東京都台東区浅草3-1-2,https://tabelog.com/tokyo/A1311/A131102/13028881/
ラーメン,日高屋 上野店,"営業時間
10:00～21:00
日曜営業
定休日
無休",東京都台東区上野6-8-4 五味ビル　１Ｆ,https://tabelog.com/tokyo/A1311/A131101/13073662/
ラーメン,ラーメン長山,"営業時間
11:00～23:50[日]11:00～23:30
日曜営業",東京都台東区根岸1-3-21,https://tabelog.com/tokyo/A1311/A131104/13045680/
ラーメン,とりジンジャー,"営業時間
ランチ[月～金]11:30～14:30（L.O.）ディナー[月・水・金]※週3日18:30～20:30（L.O.）土曜日[隔週営業・各SNSで告知]
定休日
日・祝日",東京都台東区台東4-5-5,https://tabelog.com/tokyo/A1311/A131101/13274406/
ラーメン,浅草名代らーめん 与ろゐ屋,"営業時間
年中無休全日　　　11:00～21:00 閉店 L.O.20:30
日曜営業
定休日
年中無休で元気に営業しております。天候・メンテナンス等でまれに休業有。",東京都台東区浅草1-36-7,https://tabelog.com/tokyo/A1311/A131102/13003715/
ラーメン,中華蕎麦 こかげ,,東京都台東区上野2-2-6 芙蓉ビル別館,https://tabelog.com/tokyo/A1311/A131101/13280391/
ラーメン,鯛塩そば 灯花 アトレ上野店,"営業時間
▼ランチ10:00〜16:00▼ディナー16:00〜25:00（L.O. 24:40）
日曜営業
定休日
上野アトレに準じる",東京都台東区上野7-1-1 アトレ上野 1F,https://tabelog.com/tokyo/A1311/A131101/13264014/
ラーメン,麺屋 まるいち,"営業時間
2023/6月現在※※※※※※※※※※※・平日11:30~15:00（14:45 L.O.）17:00~21:00（20:45 L.O.）・土日祝11:30~21:00（20:45 L.O.）※土日祝日は通し営業※※※※※※※※※※※【 定休日 】 なし
日曜営業
定休日
なし",東京都台東区浅草2-22-10 1F,https://tabelog.com/tokyo/A1311/A131102/13270524/
ラーメン,野郎ラーメン 浅草橋西口店,"営業時間
11:00 ～ 22:00 
日曜営業
定休日
無休",東京都台東区浅草橋1-23-2,https://tabelog.com/tokyo/A1311/A131103/13163757/
ラーメン,日高屋 御徒町南口店,"営業時間
10:30～翌4:00 
日曜営業
定休日
無休",東京都台東区上野3-20-8 小島ビル １Ｆ,https://tabelog.com/tokyo/A1311/A131101/13025209/
ラーメン,日高屋 稲荷町店,"営業時間
[月～金]10:00～22:00(L.O.)[土・日・祝] 10:00～21:00(L.O.)
日曜営業
定休日
無休",東京都台東区東上野5-1-3 第2稲荷町ビル 1F,https://tabelog.com/tokyo/A1311/A131101/13176526/
ラーメン,来々軒,"営業時間
[月～金］11:30～15:0017:30～21:00 [土］11:30～15:00
定休日
日曜日",東京都台東区浅草橋1-23-2,https://tabelog.com/tokyo/A1311/A131103/13101567/
ラーメン,麺食堂 一真亭,,東京都台東区東上野3-5-8 野島ビル 1F,https://tabelog.com/tokyo/A1311/A131101/13128729/
ラーメン,天水,"営業時間
[月～金]11:00～15:00
定休日
土曜・日曜・祝日",東京都台東区東上野3-6-2 1F,https://tabelog.com/tokyo/A1311/A131101/13138530/
ラーメン,麺酒盗ざい八,"営業時間
【月】定休日【火】定休日【水】１５:００〜２:００【木】１５:００〜２:００【金】１５:００〜２:００【土】１５:００〜２:００【日】１５:００〜２:００
日曜営業
定休日
(月曜日、火曜日が定休日でお休みとなります。祝日、イベントに重なる日は、営業することもあります。店主☎︎090-4201-4997まで、ご確認をよろしくお願い致します。",東京都台東区浅草4-38-5,https://tabelog.com/tokyo/A1311/A131102/13199281/
ラーメン,らーめん 鴨to葱,"営業時間
10:00～22:30(スープが無くなり次第終了)
日曜営業
定休日
無休",東京都台東区上野6-4-15,https://tabelog.com/tokyo/A1311/A131101/13210392/
ラーメン,麺巧 潮 上野製麺所,,東京都台東区東上野3-22-2 クレアツィオーネ上野 1F,https://tabelog.com/tokyo/A1311/A131101/13235674/
ラーメン,支那そば大和 稲荷町店,"営業時間
[火・日・祝]11:30～15:30[月・水・木・金・土]11:30～15:3017:00～21:00(L.O. 20:30)
日曜営業",東京都台東区東上野6-1-7 MSKビル 1F,https://tabelog.com/tokyo/A1311/A131101/13206756/
ラーメン,中国蘭州牛肉ラーメン 国壱麺,"営業時間
11:00～21:00(LO20:40)
日曜営業
定休日
なし",東京都台東区上野4-3-1 河田ビル,https://tabelog.com/tokyo/A1311/A131101/13228700/
ラーメン,ラーメンイエロー 御徒町店,"営業時間
[火～金]昼11:30～15:00夜18:00～21:00[土]昼11:30～15:00各日、材料切れの際はその時点で閉店となります
定休日
月曜日、日曜日",東京都台東区台東2-7-4 和田ビル 1F,https://tabelog.com/tokyo/A1311/A131101/13212744/
ラーメン,中華ソバ ビリケン,"営業時間
11:00～15:00(L.O) 17:30〜21:00
日曜営業
定休日
なし（店休日はツイッター インスタでお知らせ）",東京都台東区雷門2-4-1 岡安ビル 1F,https://tabelog.com/tokyo/A1311/A131102/13235761/
ラーメン,中華そば 天内,"営業時間
11:00～23:00　
日曜営業
定休日
年中無休",東京都台東区入谷1-6-5,https://tabelog.com/tokyo/A1311/A131104/13259043/
ラーメン,日高屋 浅草橋店,"営業時間
10:00～23:00(L.O.22:30)
日曜営業
定休日
無休",東京都台東区柳橋1-13-4 堀口ビル1F,https://tabelog.com/tokyo/A1311/A131103/13118026/
ラーメン,さんじ,"営業時間
【月・火・木・金】11:00～15:00 17:30～20:30【水・土・祝】11:00～15:00
定休日
日曜",東京都台東区東上野3-25-12 池田工芸本社ビル 1F,https://tabelog.com/tokyo/A1311/A131101/13136639/
ラーメン,麺処 若武者  ASAKUSA,"営業時間
11:00～翌4:00※蔓延防止措置期間11:00〜20:00(LO19:45)※酒類提供終日なし
日曜営業
定休日
なし",東京都台東区西浅草2-27-12,https://tabelog.com/tokyo/A1311/A131102/13236216/
ラーメン,リトルアジア,"営業時間
11:30～14:3017:30～22:30
日曜営業
定休日
月曜日、第1・3火曜日",東京都台東区西浅草3-29-20,https://tabelog.com/tokyo/A1311/A131102/13254262/
ラーメン,東京中華そば みづの家,"営業時間
11:00～15:00（L.O.14:45）17:00～21:00（L.O.20:30）
日曜営業
定休日
水曜日",東京都台東区橋場1-32-7 みづの家ビル 1F,https://tabelog.com/tokyo/A1324/A132401/13265797/
ラーメン,天下一品 上野アメ横店,"営業時間
［月～木］11:00～翌2:00［金・土・祝前］11:00～翌3:00
日曜営業
定休日
無休",東京都台東区上野4-2-5,https://tabelog.com/tokyo/A1311/A131101/13180329/
ラーメン,馬賊,"定休日
月曜日",東京都台東区雷門2-7-6 豊田ビル　１Ｆ,https://tabelog.com/tokyo/A1311/A131102/13003665/
ラーメン,日の丸 さんじ,,東京都台東区東上野3-25-12  池田工芸本社ビル 1F,https://tabelog.com/tokyo/A1311/A131101/13197697/
ラーメン,ゑぞ食堂,,東京都台東区西浅草2-10-3,https://tabelog.com/tokyo/A1311/A131102/13249799/
ラーメン,らーめん味味 三ノ輪店,,東京都台東区根岸5-25-1 モナークマンション根岸 102,https://tabelog.com/tokyo/A1324/A132401/13188612/
ラーメン,らーめん渡邉,"営業時間
11:30～20:00月・水・金　11:30～23:00土・日・祝　11:00～20:00※売り切れ次第終了
日曜営業
定休日
火曜日",東京都台東区浅草1-33-7 RAYビル浅草 1F,https://tabelog.com/tokyo/A1311/A131102/13223931/
ラーメン,北海道ラーメン ひむろ 上野店,,東京都台東区上野4-5-2,https://tabelog.com/tokyo/A1311/A131101/13009602/
ラーメン,喜多方食堂 浅草本店,"営業時間
月〜日　7:00～15:00（朝ラー営業中）※スープがなくなりましたら早期終了致します。
日曜営業
定休日
水曜日",東京都台東区元浅草4-7-15 中澤第1ビル 1F,https://tabelog.com/tokyo/A1311/A131101/13158335/
ラーメン,青葉 御徒町店,"営業時間
11:00～23:00
日曜営業
定休日
年中無休",東京都台東区上野5-20-3 ラーメン横丁,https://tabelog.com/tokyo/A1311/A131101/13020560/
ラーメン,旭川味噌ラーメン ばんから 上野店,"営業時間
[平日・土・祝日]11:00～翌5:00 [日]11:00～23:00
日曜営業
定休日
年中無休",東京都台東区上野4-2-1 榮屋ビル 1F,https://tabelog.com/tokyo/A1311/A131101/13219596/
ラーメン,きび太郎,"営業時間
[火～日]18:00～翌3:00
日曜営業
定休日
月曜日（月曜日が祭日の場合は次の平日が定休日）",東京都台東区浅草2-13-3 都ビル１F,https://tabelog.com/tokyo/A1311/A131102/13128342/
ラーメン,博多麺神 台東店,,東京都台東区台東2-5-3,https://tabelog.com/tokyo/A1310/A131001/13263967/
ラーメン,山小屋,,東京都台東区浅草1-1-12,https://tabelog.com/tokyo/A1311/A131102/13206122/
ラーメン,どさんこ,,東京都台東区今戸1-10-9,https://tabelog.com/tokyo/A1311/A131102/13229425/
ラーメン,海老塩らーめん,"営業時間
[月・火・木・金・土]11:00～15:0017:30～22:30[水]11:00～15:00
定休日
日曜日",東京都台東区根岸2-16-11,https://tabelog.com/tokyo/A1311/A131104/13288807/
ラーメン,天狗本店,"営業時間

日曜営業
定休日
火曜日",東京都台東区日本堤1-40-1,https://tabelog.com/tokyo/A1324/A132401/13073703/
ラーメン,味道屋 三ノ輪店,"営業時間
11:00-15:0017:00-23:30
日曜営業
定休日
不定休",東京都台東区根岸5-19-8,https://tabelog.com/tokyo/A1324/A132401/13280433/
ラーメン,麺処 福蔵 晴々飯店 上野2号店,,東京都台東区上野7-9-16,https://tabelog.com/tokyo/A1311/A131101/13286999/
ラーメン,らーめん亭　朝日山,"営業時間
11:00～14:3017:00～20:00
日曜営業
定休日
水曜日",東京都台東区清川1-6-3,https://tabelog.com/tokyo/A1324/A132401/13066110/
ラーメン,竜一,,東京都台東区台東3-5-2,https://tabelog.com/tokyo/A1311/A131101/13196057/
ラーメン,博多 西浅草豚骨ラーメン,,東京都台東区西浅草3-29-20 マンション宮 1F,https://tabelog.com/tokyo/A1311/A131102/13236875/
ラーメン,煮干しスタミナらーめん 銀次,"営業時間
[月・水・木・金・土]21:00～24:00[火]11:30～15:00 18:00～21:00 
定休日
無休",東京都台東区浅草2-12-8 荒井ビル 1F,https://tabelog.com/tokyo/A1311/A131102/13280008/
ラーメン,秋鈴ラーメン,"営業時間
11:00〜25:00
定休日
不明",東京都台東区下谷3-17 トーカン上野北キャステール1F,https://tabelog.com/tokyo/A1311/A131104/13292230/
ラーメン,久慈清商店,"営業時間
[月、水～日]    17:00～翌01:00※火曜定休日
定休日
火曜日、年末年始",東京都目黒区上目黒1-19-10 1F,https://tabelog.com/tokyo/A1317/A131701/13005145/
ラーメン,塩そば 一榮,"営業時間
[月～土]11:00～翌2:00[日]11:00～23:00
日曜営業
定休日
無休",東京都目黒区自由ヶ丘1-31-9,https://tabelog.com/tokyo/A1317/A131703/13215765/
ラーメン,ラーメン二郎 目黒店,"営業時間
11:00～16:0018:00～23:00
日曜営業
定休日
無休",東京都目黒区目黒3-7-2,https://tabelog.com/tokyo/A1316/A131601/13003449/
ラーメン,麺創房 凛凛,"営業時間
[火曜日の定休日以外]11:30～15:0018:00～21:00
日曜営業
定休日
火曜日(祝日の場合は翌平日)",東京都目黒区自由が丘1-12-3 B1F,https://tabelog.com/tokyo/A1317/A131703/13286880/
ラーメン,二代目 渡来武,"営業時間
[月～日]11:00～24:00
日曜営業
定休日
無休",東京都目黒区鷹番3-1-9,https://tabelog.com/tokyo/A1317/A131702/13223672/
ラーメン,広州市場 中目黒店,"営業時間
11:00～翌2:00
日曜営業
定休日
無休",東京都目黒区青葉台1-29-12 セブンスターマンション第二青葉台　１Ｆ,https://tabelog.com/tokyo/A1317/A131701/13023026/
ラーメン,トマトマン,"営業時間
[月〜土]11:30〜15:00(14:30ラストオーダー)
定休日
日曜日",東京都目黒区青葉台3-1-18,https://tabelog.com/tokyo/A1303/A130301/13253357/
ラーメン,楽観 武蔵小山店,"営業時間
[水・金・土]11:00～15:0018:00～21:00[火]11:00～14:4518:00～20:00[月・木・日] 11:00～15:00",東京都目黒区目黒本町3-3-12 1F,https://tabelog.com/tokyo/A1317/A131710/13169258/
ラーメン,東軒,"営業時間
11:30～15:0017:00～21:00
日曜営業
定休日
木曜日",東京都目黒区鷹番3-7-4,https://tabelog.com/tokyo/A1317/A131702/13066328/
ラーメン,俺流塩らーめん 中目黒店,"営業時間
11:00～翌6:00
日曜営業
定休日
無休",東京都目黒区青葉台1-28-11 ブルックスビル 1F,https://tabelog.com/tokyo/A1317/A131701/13131972/
ラーメン,AFURI 中目黒,"営業時間
11:00-23:00（Last order 22:30）
日曜営業
定休日
Open 7 days a week",東京都目黒区上目黒1-23-1 中目黒アリーナ1F,https://tabelog.com/tokyo/A1317/A131701/13129706/
ラーメン,麺うらた,,東京都目黒区自由が丘1-12-5 1F,https://tabelog.com/tokyo/A1317/A131703/13260652/
ラーメン,ラーメン酒場 晴江戸,"営業時間
11:30～22:00(L.O21:00)不定期にお休みありFacebook、Instagram、Twitterにてご確認下さい
日曜営業
定休日
なし",東京都目黒区柿の木坂1-32-16 都立大マンション 102,https://tabelog.com/tokyo/A1317/A131702/13191639/
ラーメン,俺流塩らーめん 中目黒駅前店,"営業時間
[月～土]10:00～翌6:00[日]10:00～23:00
日曜営業
定休日
無休",東京都目黒区上目黒3-3-2,https://tabelog.com/tokyo/A1317/A131701/13219511/
ラーメン,らぁ麺 恋泥棒,"営業時間
月曜日〜日曜日11:00〜22:0011月10日のみランチ営業
日曜営業
定休日
11月1日のみ水曜日店休
その他の週は火曜日店休",東京都目黒区上目黒3-5-25,https://tabelog.com/tokyo/A1317/A131701/13274854/
ラーメン,醤丸,"営業時間
18:00～翌3:00am11:30～14:00 (火曜、水曜と第三月曜日はお昼休み)毎週火曜定休日第三月曜日も定休日水曜は夜のみ営業
日曜営業
定休日
火曜日、第3月曜日、水曜日の昼営業",東京都目黒区祐天寺1-16-5,https://tabelog.com/tokyo/A1317/A131701/13018550/
ラーメン,中国ラーメン揚州商人 武蔵小山店,"営業時間
11:00～翌4:30(L.O.翌4:00)
日曜営業
定休日
無休",東京都目黒区目黒本町3-6-9 長谷川ビル　１Ｆ,https://tabelog.com/tokyo/A1317/A131710/13005163/
ラーメン,麺屋 百式,"営業時間
11:00～20:00
日曜営業
定休日
無休",東京都目黒区原町1-9-2 1F,https://tabelog.com/tokyo/A1317/A131710/13057947/
ラーメン,えーちゃん食堂,"営業時間
7:30～13:00(材料無くなり次第終了)
日曜営業
定休日
水曜日、時々火曜日",東京都目黒区下目黒3-4-6 サンライズ目黒 1Ｆ,https://tabelog.com/tokyo/A1316/A131601/13284505/
ラーメン,野方ホープ 目黒店,"営業時間
11:00～翌4:00
日曜営業
定休日
年中無休（年末年始を除く）",東京都目黒区目黒1-5-16 ABC MEGURO 1F,https://tabelog.com/tokyo/A1316/A131601/13002054/
ラーメン,無邪気 自由が丘南口店,"営業時間
[月～日]11:00～翌3:00
日曜営業
定休日
無休",東京都目黒区自由が丘1-31-2,https://tabelog.com/tokyo/A1317/A131703/13005191/
ラーメン,どさん子 武蔵小山店,"営業時間
火曜・水曜・木曜　11：00～14：00金曜・土曜　　　　18：00～23：00
定休日
日曜日・月曜日・祝日",東京都目黒区目黒本町5-1-3,https://tabelog.com/tokyo/A1317/A131710/13120199/
ラーメン,Dad's Ramen 夢にでてきた中華そば,"営業時間
[月～金] 11:00～14:00(材料切れ次第終了)",東京都目黒区自由が丘3-7-1,https://tabelog.com/tokyo/A1317/A131703/13274077/
ラーメン,らーめん 香月 池尻大橋店,"営業時間
11:00～23:00
日曜営業
定休日
不定休",東京都目黒区大橋1-2-5 新村ビル 1F,https://tabelog.com/tokyo/A1317/A131705/13198869/
ラーメン,らあめん花月嵐 祐天寺駅前店,"営業時間
[店内営業時間]月～土　11：00～24：00（LO23：30）日曜日　11：00～15：00[出前館受付時間]11:00～20:00[Uber Eats受付時間]11:00～20:00
日曜営業",東京都目黒区祐天寺2-12-20,https://tabelog.com/tokyo/A1317/A131701/13055928/
ラーメン,わ蔵 中目黒店,"営業時間
11:30～21:00（売り切れ早仕舞い致しません）明るい店内に最高の笑顔毎日元気よく挨拶していますお客様が快適にお過ごし頂ける様衛生面には特に気を配り机イス床トイレもピッカピカレンゲ箸調味料等も常に清潔ベトベトしていませんいつ御来店して頂いても熱々で美味しいラーメンをご提供してます　万が一至らない点があればどうぞお気軽にお申し付けください満面のスマイルで対応致します
日曜営業
定休日
無休",東京都目黒区中目黒3-5-3,https://tabelog.com/tokyo/A1317/A131701/13036167/
ラーメン,麺家 黒,"営業時間
11:00～翌2:00
日曜営業
定休日
無休",東京都目黒区目黒1-6-12 ワンエム目黒 1F,https://tabelog.com/tokyo/A1316/A131601/13020309/
ラーメン,和利道,"営業時間
11:00～15:30／18:00～21:00（スープ切れ早仕舞い）
日曜営業
定休日
水曜日",東京都目黒区青葉台3-7-10 Cross One 1F,https://tabelog.com/tokyo/A1317/A131705/13096566/
ラーメン,汐屋 だい稀,,東京都目黒区中根1-3-4 1F,https://tabelog.com/tokyo/A1317/A131702/13152088/
ラーメン,博多吉もん,"営業時間
11：00～5：00
日曜営業
定休日
無休",東京都目黒区自由が丘1-10-5 タイガービル1F,https://tabelog.com/tokyo/A1317/A131703/13059479/
ラーメン,麺処 びぎ屋,"営業時間
[月～日] 11:30～14:45　18:00～21:00※変則的なため公式SNSよりご確認ください
日曜営業
定休日
不定休",東京都目黒区鷹番2-4-9,https://tabelog.com/tokyo/A1317/A131702/13093976/
ラーメン,釜玉中華そば ナポレオン軒,,東京都目黒区中根1-5-1,https://tabelog.com/tokyo/A1317/A131702/13269245/
ラーメン,横浜家系ラーメン まくり家 祐天寺店,,東京都目黒区祐天寺2-8-2 松山ビル 1F,https://tabelog.com/tokyo/A1317/A131701/13200837/
ラーメン,食無双,,東京都目黒区目黒1-6-12 ワンエム目黒 1F,https://tabelog.com/tokyo/A1316/A131601/13178201/
ラーメン,純米味噌らーめん なかむら,,東京都目黒区目黒1-4-15,https://tabelog.com/tokyo/A1316/A131601/13281190/
ラーメン,灼味噌らーめん 八堂八,"営業時間
[水〜土曜日]  LO30分前目安11:30〜15:00     18:00〜20:00［日・月曜日］LO30分前目安11:30〜15:00※終日、売切れ早仕舞いあります。
日曜営業
定休日
火曜日　※臨時休業等はTwitter、Instagramでお知らせしてます。",東京都目黒区東山1-11-4,https://tabelog.com/tokyo/A1317/A131701/13230975/
ラーメン,蟹らあめん 一本道,"営業時間
11:00～16:00
日曜営業
定休日
不定休",東京都目黒区上目黒2-7-10 北上ビル B1F,https://tabelog.com/tokyo/A1317/A131701/13280584/
ラーメン,中国ラーメン 揚州商人 目黒本店,"営業時間
11:00～22:00(L.O.21:30)
日曜営業
定休日
無休",東京都目黒区目黒1-6-16 ミョンドンビル 1Ｆ,https://tabelog.com/tokyo/A1316/A131601/13002051/
ラーメン,麺屋こころ 自由が丘店,"営業時間
[平日]11:00〜15:00  17:30〜23:00[土.日.祝]11:00〜21:00定休日なしテイクアウト　出前館ありテイクアウトは電話注文できます！
日曜営業
定休日
無休",東京都目黒区自由が丘1-13-10 山田ビル 1F,https://tabelog.com/tokyo/A1317/A131703/13242591/
ラーメン,らーめん田丸,"営業時間
11:20～23:00
日曜営業
定休日
無休",東京都目黒区下目黒1-5-20 コムトーヨービル 1F,https://tabelog.com/tokyo/A1316/A131601/13002049/
ラーメン,海新山,"営業時間
12:00～14:0018:00～21:00
日曜営業
定休日
水曜日、他臨時休業あり",東京都目黒区五本木2-53-8,https://tabelog.com/tokyo/A1317/A131702/13017668/
ラーメン,中華そば むら田,"営業時間
［月・水・木・金・土・日］11:15～16:0018:30～22:00
日曜営業
定休日
火曜日",東京都目黒区中目黒2-7-14 ニックハイム中目黒 1F,https://tabelog.com/tokyo/A1317/A131701/13154917/
ラーメン,麺屋 智,"営業時間
[火〜金]11:30〜15:00(L.O)17:00〜21:30(L.O)[土・日・祝]11:30〜21:30(L.O)
日曜営業
定休日
月曜日",東京都目黒区青葉台3-21-10 小谷ビル 1F,https://tabelog.com/tokyo/A1317/A131705/13268885/
ラーメン,tokyo 花さんしょう,"営業時間
[月～木]18:00～23:00[金～日]18:00～翌1::00
日曜営業
定休日
不定休",東京都目黒区上目黒2-7-10 B1F,https://tabelog.com/tokyo/A1317/A131701/13287186/
ラーメン,ひふみ亭,"営業時間
11:00-14:30 17:00-21:30
定休日
日曜日",東京都目黒区東が丘1-16-19,https://tabelog.com/tokyo/A1317/A131707/13066334/
ラーメン,らぁ麺 はやし田 中目黒店,"営業時間
11:00～23:00",東京都目黒区上目黒3-4-15 中目黒高架下,https://tabelog.com/tokyo/A1317/A131701/13266705/
ラーメン,三ツ矢堂製麺 中目黒店,"営業時間
【日〜土】11:00～翌1:30(L.O.翌1:00)
日曜営業
定休日
年中無休（年末年始休みあり）",東京都目黒区上目黒3-3-9 第２牡丹ビル　１Ｆ,https://tabelog.com/tokyo/A1317/A131701/13022005/
ラーメン,打ち立て中華そば 伊蔵八 祐天寺店,"営業時間
[月～日]11:00～23:00
日曜営業
定休日
無休",東京都目黒区祐天寺2-13-4 エトモ祐天寺,https://tabelog.com/tokyo/A1317/A131701/13235906/
ラーメン,つけ麺 結心,"営業時間
11：00～翌4 :00注)スープが終了した場合、閉店が早まることがあります。
日曜営業
定休日
年中無休",東京都目黒区自由が丘1-11-3,https://tabelog.com/tokyo/A1317/A131703/13143544/
ラーメン,千里眼,"営業時間
11:00～15:0017:00～21:00
日曜営業
定休日
水曜日",東京都目黒区駒場4-6-8 佐藤ビル　1F,https://tabelog.com/tokyo/A1318/A131811/13099150/
ラーメン,らーめん亭 26,,東京都目黒区目黒本町5-16-6,https://tabelog.com/tokyo/A1317/A131710/13164649/
ラーメン,中華蕎麦 三藤,"営業時間
営業日程のお知らせ (最終受付時間 / 15:30）【12/11 月曜】11:00~16:00【12/12 火曜】定休日 【12/13 水曜】11:00~16:00【12/14 木曜】11:00~16:00【12/15 金曜】11:00~16:00 【12/16 土曜】11:00~16:00 【12/17 日曜】11:00~16:00 
定休日
最新の営業情報は公式instagramでご確認頂けます。",東京都目黒区緑が丘1-14-2,https://tabelog.com/tokyo/A1317/A131703/13168430/
ラーメン,百麺 中目黒店,"営業時間
11:30～翌2:00
日曜営業
定休日
無休",東京都目黒区青葉台1-30-6 キャッスルマンション青葉台 1F,https://tabelog.com/tokyo/A1317/A131701/13003459/
ラーメン,支那ソバ かづ屋,"営業時間
11:00～21:00※売り切れで早く仕舞う事もあります
日曜営業",東京都目黒区下目黒3-2-4,https://tabelog.com/tokyo/A1316/A131601/13003195/
ラーメン,万豚記 池尻大橋店,"営業時間
月～土　11:30 – 26:00（L.O.25:30）日曜　　11:30 – 22:30（L.O.22:00）※天候・シーズン等により、内容を変更する場合がございます。
日曜営業
定休日
無休　※年末年始などを除く",東京都目黒区東山3-13-3,https://tabelog.com/tokyo/A1317/A131705/13020589/
ラーメン,麺の蔵 中根家,"営業時間
新型コロナウィルス感染拡大防止の為、下記の期間、短縮営業とさせて頂きます。どうぞ、ご理解賜りますようお願い申し上げます。5月6日まで  毎日 11時〜20時で営業しています。※中休み無しで営業しています。
定休日
不定休",東京都目黒区中根1-1-10,https://tabelog.com/tokyo/A1317/A131702/13212324/
ラーメン,麺や　すする,"営業時間
営業時間11:30〜24:30（L.O.）
日曜営業
定休日
なし",東京都目黒区鷹番2-15-14,https://tabelog.com/tokyo/A1317/A131702/13120707/
ラーメン,味噌一 中目黒店,"営業時間
11:00～翌5:00
日曜営業
定休日
無休",東京都目黒区中目黒4-5-1 エースビル 1F,https://tabelog.com/tokyo/A1317/A131701/13003166/
ラーメン,らー麺 藤平 西小山店,"営業時間
[平日]11:30～15:00、18:00～翌1:00(L.O.0:15)[土・日・祝祭日]11:30～15:30、17:30～翌1:00(L.O.0:15)
日曜営業
定休日
無休",東京都目黒区原町1-11-5,https://tabelog.com/tokyo/A1317/A131710/13122954/
ラーメン,中華そば 竹むら,"営業時間
［月～土］11:00～翌1:30※スープ無くなり次第終了［日］11:00～22:30※スープ無くなり次第終了
日曜営業
定休日
不定休(臨時休業の場合公式Twitterにて案内あり)",東京都目黒区目黒1-6-14,https://tabelog.com/tokyo/A1316/A131601/13228658/
ラーメン,麺酒論嚆矢,"営業時間
営業時間日によって変わります。SNSにて確認お願い致します。
日曜営業
定休日
定休なし。",東京都目黒区駒場2-4-6,https://tabelog.com/tokyo/A1318/A131801/13010424/
ラーメン,麺屋宗&SOU 中目黒店,"営業時間
【月~火】【木~土】11:30~15:00【LO15分前】18:00~22:00【LO15分前】【水】11:30~15:00【LO15分前】
定休日
日曜日定休日",東京都目黒区中目黒3-5-33 オークヴィラ中目黒 1F,https://tabelog.com/tokyo/A1317/A131701/13059661/
ラーメン,ラーメン 746,"営業時間
11:30～15:00
日曜営業
定休日
不定休",東京都目黒区自由が丘1-13-10 山田ビル 1F,https://tabelog.com/tokyo/A1317/A131703/13256448/
ラーメン,豚島,,東京都目黒区自由が丘2-14-2,https://tabelog.com/tokyo/A1317/A131703/13242897/
ラーメン,ラーメン隊 目黒三田店,"営業時間
11:30～14:00
定休日
日曜日、祝日",東京都目黒区三田2-7-18,https://tabelog.com/tokyo/A1316/A131601/13023007/
ラーメン,まき野 池尻大橋店,"営業時間
[月～土]11:30～15:00　17:30～22:30[日・祝]12:00～15:00　17:30～22:00
日曜営業
定休日
無休",東京都目黒区東山3-14-2 東山共同ビル 1F,https://tabelog.com/tokyo/A1317/A131705/13165710/
ラーメン,新潟 三宝亭 東京ラボ 中目黒店,"営業時間
［月～金］11:30～15:30(L.O.15:00)17:30～23:30(L.O.23:00)［土・日・祝］11:30～23:30(L.O.23:00)
日曜営業
定休日
無休",東京都目黒区上目黒2-44-5,https://tabelog.com/tokyo/A1317/A131701/13189930/
ラーメン,八雲,"営業時間
[月]11:30～15:30[水・木・金・土・日]11:30～15:3017:00～21:00売り切れ次第終了
日曜営業
定休日
火曜日",東京都目黒区東山3-6-15 エビヤビル 1F,https://tabelog.com/tokyo/A1317/A131705/13204333/
ラーメン,横浜家系ラーメン 魂心家 自由が丘店,"営業時間
[月～土]11:30～22:00
定休日
日曜日",東京都目黒区自由が丘1-12-9,https://tabelog.com/tokyo/A1317/A131703/13129464/
ラーメン,日高屋 学芸大学駅前店,"営業時間
11:00～翌3:00
日曜営業
定休日
無休",東京都目黒区鷹番3-8-8 高橋ビル,https://tabelog.com/tokyo/A1317/A131702/13091603/
ラーメン,Ramen Break Beats,"営業時間
営業時間 11:30～15:30ご予約はTable Checkでお願い致します。
定休日
不定休、Instagram、Xでご確認ください。",東京都目黒区目黒4-21-19 アイビーハイツ 1F,https://tabelog.com/tokyo/A1317/A131701/13267329/
ラーメン,づゅる麺 池田,"営業時間
11:30～15:00頃
定休日
日曜日",東京都目黒区目黒1-6-12,https://tabelog.com/tokyo/A1316/A131601/13032592/
ラーメン,中華そば たかばん,"営業時間
［月～土］11:00～1:30［日・祝前日］11:00～22:30※仕込みの状況により中休みあり※スープ切れ早仕舞いあり
日曜営業
定休日
Twitter要確認",東京都目黒区鷹番2-15-10,https://tabelog.com/tokyo/A1317/A131702/13236243/
ラーメン,北海道らーめん みそ熊 自由が丘店,"営業時間
10:30～翌4:00
日曜営業
定休日
無休",東京都目黒区自由が丘1-14-15,https://tabelog.com/tokyo/A1317/A131703/13241986/
ラーメン,麺也 時しらず 学芸大学店,"営業時間
11:00～14:3017:00～21:30※材料無くなり次第閉店
日曜営業
定休日
無休",東京都目黒区鷹番3-14-6,https://tabelog.com/tokyo/A1317/A131702/13282071/
ラーメン,博多ラーメン 琉,"営業時間
[お昼]12:00～14:30[夜]18:00～23:00
定休日
木曜日、日曜日",東京都目黒区祐天寺2-4-3 バルト祐天寺 1F,https://tabelog.com/tokyo/A1317/A131701/13281220/
ラーメン,渡来武,,東京都目黒区自由が丘1-12-4 1F,https://tabelog.com/tokyo/A1317/A131703/13185549/
ラーメン,野方ホープ 中目黒店,"営業時間
11：00～翌4：00(L.O.翌3：30)ランチタイム：11：00～15：00
日曜営業
定休日
無休",東京都目黒区上目黒3-8-3 千陽中目黒ビル アネックス　1F,https://tabelog.com/tokyo/A1317/A131701/13194040/
ラーメン,香氣　四川麺条  学芸大学店,"営業時間
11:00～翌4:00",東京都目黒区中央町1-17-12,https://tabelog.com/tokyo/A1317/A131702/13024183/
ラーメン,元祖 中華つけ麺 大王 総本店,"営業時間
[昼の営業]11:30〜17:00[夜の営業]18:00〜21:45
日曜営業
定休日
年中無休",東京都目黒区自由が丘1-12-4,https://tabelog.com/tokyo/A1317/A131703/13032108/
ラーメン,横浜家系ラーメン 魂心家 目黒店,,東京都目黒区目黒1-4-8 ニュー目黒ビル 1F,https://tabelog.com/tokyo/A1316/A131601/13118047/
ラーメン,ラーメン仙花,"営業時間
11:00〜23:00 （ラストオーダー　22:45）＊日曜日、祝日は30分早い閉店時間11:00〜15:00 ランチサービスメニューあり17:00〜23:00 ディナーセットメニューあり
日曜営業
定休日
年中無休",東京都目黒区自由が丘1-12-5,https://tabelog.com/tokyo/A1317/A131703/13025598/
ラーメン,香湯拉麺 ひろや,,東京都目黒区下目黒6-16-6 西野ビル 1F,https://tabelog.com/tokyo/A1317/A131702/13259147/
ラーメン,麺や神楽,"営業時間
営業時間　11:30-16:00(LO 15:30)情勢にて変動あり。
日曜営業
定休日
第1第3月曜日、水曜日",東京都目黒区自由が丘1-26-20 笹川ビル 2F,https://tabelog.com/tokyo/A1317/A131703/13261776/
ラーメン,ディップインヌードルバー,,東京都目黒区青葉台3-1-18,https://tabelog.com/tokyo/A1303/A130301/13199520/
ラーメン,古武士 新宿6丁目店,"営業時間
月～土11:00～22:00日・祝11：00～22:00
日曜営業
定休日
無し",東京都新宿区新宿6-4-1 小山ビル　１F,https://tabelog.com/tokyo/A1304/A130401/13048777/
ラーメン,麺松 新宿歌舞伎町店,"営業時間
24時間営業
日曜営業
定休日
なし",東京都新宿区歌舞伎町1-6-5 新宿ゴールド第一ビル 2F,https://tabelog.com/tokyo/A1304/A130401/13285198/
ラーメン,サーモンnoodle3.0,"営業時間
<<無休で営業中です>>11:00〜15:30（15:00 LO）17:00〜21:00（20:40 LO）以上の時間で営業致します。
日曜営業
定休日
無し",東京都新宿区神楽坂6-26 カーサイオキ3 102,https://tabelog.com/tokyo/A1309/A130905/13266037/
ラーメン,陳麻家 西新宿店,"営業時間
平日　11：30～16：00　17:00～23:30金・祝前日　11：30～24：00土日祝11：30～23：00
日曜営業
定休日
無休",東京都新宿区西新宿1-16-5 菊水ビル 1F,https://tabelog.com/tokyo/A1304/A130401/13042704/
ラーメン,煮干中華そば 鈴蘭,"営業時間
2021年10月25日より下記営業時間になります。11:00～23:00
日曜営業
定休日
無休",東京都新宿区新宿3-11-12 永谷テイクエイト 1F,https://tabelog.com/tokyo/A1304/A130401/13141542/
ラーメン,麺匠 竹虎 本店,"営業時間
11:00～翌9:00（8：30Ｌ.Ｏ）毎週日曜日11：00～翌5：30（5：00L.O）UberEats11:00~深夜1：00出前館11：00～21：00menu11:00～翌5：00
日曜営業
定休日
無休",東京都新宿区歌舞伎町2-36-3 新宿アシベ会館,https://tabelog.com/tokyo/A1304/A130401/13060368/
ラーメン,よってこや 新宿南口店,"営業時間
11:00～02:00(L.O.01:30)年中無休
日曜営業
定休日
無休",東京都新宿区新宿3-35-13,https://tabelog.com/tokyo/A1304/A130401/13000897/
ラーメン,広州市場 新宿東口店,"営業時間
11:00～23:00（LO22:50）
日曜営業
定休日
なし",東京都新宿区新宿3-17-13 KBビル1F,https://tabelog.com/tokyo/A1304/A130401/13134209/
ラーメン,麺匠 竹虎 新宿店,"営業時間
11:00～翌朝9:00(L.O.翌朝8:30)
定休日
無休",東京都新宿区歌舞伎町1-9-5 三経61ビル 2F,https://tabelog.com/tokyo/A1304/A130401/13143442/
ラーメン,味噌らーめん 十味や 新宿,"営業時間
[終日]10:30～22:00(LO22:00)3/22(火)酒類の提供を再開しました※スープ無くなり次第終了※東京都の認証店舗になります
日曜営業
定休日
無休",東京都新宿区西新宿1-19-2 セイコービル　１Ｆ,https://tabelog.com/tokyo/A1304/A130401/13011949/
ラーメン,らぁ麺や RYOMA 神楽坂,"営業時間
月〜土11:00～23:30LO日曜日11:00～18:00LO
日曜営業
定休日
なし",東京都新宿区神楽坂2-6-1 ポルタ神楽坂 1F,https://tabelog.com/tokyo/A1309/A130905/13274832/
ラーメン,らぁ麺 鳳仙花,"営業時間
11:00～23:00L.O22:45※スープ切れ次第、早終いあり
日曜営業
定休日
無休(年末年始以外)",東京都新宿区歌舞伎町1-24-6,https://tabelog.com/tokyo/A1304/A130401/13224521/
ラーメン,広州市場 西新宿店,"営業時間
11：00～0:00
日曜営業
定休日
無休",東京都新宿区西新宿1-12-7 阿部ビル 1F,https://tabelog.com/tokyo/A1304/A130401/13117096/
ラーメン,東京豚骨拉麺ばんから 新宿歌舞伎町店,"営業時間
11:00〜翌8:00（L.O7:30）
日曜営業
定休日
年中無休",東京都新宿区歌舞伎町1-17-5 第二安田ビル 1F,https://tabelog.com/tokyo/A1304/A130401/13148061/
ラーメン,麺屋海神 新宿店,"営業時間
[月～金]11:00～15:0016:30～23:30[土・祝]11:00～23:30[日・連休最終日]11:00～23:00
日曜営業
定休日
不定休",東京都新宿区新宿3-35-7 さんらくビル　２Ｆ,https://tabelog.com/tokyo/A1304/A130401/13045287/
ラーメン,昌平ラーメン 新宿西口店,"営業時間
[月～金]11:00～23:30[土・祝]11:00～22:30LOは閉店30分前
定休日
日・お盆【8/13～8/16】年末年始【12/30～1/3】",東京都新宿区西新宿7-12-4,https://tabelog.com/tokyo/A1304/A130401/13041214/
ラーメン,新高揚,"営業時間
[月・火・水・木・金]11:00～22:00[土・祝]11:00～15:00
定休日
日曜日",東京都新宿区西新宿1-16-13 桑原ビル B1F,https://tabelog.com/tokyo/A1304/A130401/13000810/
ラーメン,甘蘭牛肉麺 新宿西口店,"営業時間
11:00～23:00
日曜営業
定休日
なし",東京都新宿区西新宿区7-1-4 1F,https://tabelog.com/tokyo/A1304/A130401/13274604/
ラーメン,ラーメンと小皿料理 伊太八,,東京都新宿区白銀町1-17 大久保通り沿い,https://tabelog.com/tokyo/A1309/A130905/13011336/
ラーメン,らあ麺 やったる 高田馬場店,"営業時間
11:30～23:45
日曜営業
定休日
無休",東京都新宿区高田馬場2-16-4,https://tabelog.com/tokyo/A1305/A130503/13000051/
ラーメン,麺屋 悠,"営業時間
［月・金・土・祝］11:30～15:30（L.O.15:00）［火・水・木］11:30～14:30（L.O.14:00）18:00～21:00（L.O.20:30）
定休日
日曜日",東京都新宿区百人町1-23-11 土田ビル別館 1F,https://tabelog.com/tokyo/A1304/A130404/13196234/
ラーメン,俺の空,,東京都新宿区高田馬場4-2-31,https://tabelog.com/tokyo/A1305/A130503/13001017/
ラーメン,一条流がんこ総本家分家四谷荒木町,"営業時間
9:00～13:00（L.O.）
日曜営業
定休日
不定休（公式twitterを参照のこと）",東京都新宿区舟町4-1 メゾンド四谷 106,https://tabelog.com/tokyo/A1309/A130903/13126058/
ラーメン,日高屋 中井駅前店,"営業時間
10:00～翌1:20
日曜営業
定休日
無休",東京都新宿区中落合1-19-2,https://tabelog.com/tokyo/A1321/A132104/13144571/
ラーメン,福しん 新宿小滝橋店,"営業時間
11:00～翌02:00[土・祝]11：00～夜22:00
定休日
年末年始 他、臨時休業有り",東京都新宿区西新宿7-9-14,https://tabelog.com/tokyo/A1304/A130401/13101575/
ラーメン,一竜 西新宿店,"営業時間
11:00～翌1:00
日曜営業
定休日
無休",東京都新宿区西新宿1-16-10 アソルティ西新宿DEUX,https://tabelog.com/tokyo/A1304/A130401/13202048/
ラーメン,すごい煮干ラーメン凪 新宿ゴールデン街店本館,"営業時間
24時間営業10/16(月)の営業時間に関して19:00-22:00 一時閉店上記の時間において、撮影が入るため一時閉店の対応をさせていただきます。お客様にはご迷惑をおかけいたしますが、ご了承のほどよろしくお願い申し上げます。
日曜営業
定休日
年中無休(社員研修等で臨休の場合あり)",東京都新宿区歌舞伎町1-1-10 ゴールデン街(新宿ゴールデン街Ｇ２通り)  2F,https://tabelog.com/tokyo/A1304/A130401/13054766/
ラーメン,福しん 中井店,"営業時間
11:00～22:00
日曜営業
定休日
年末年始 他、臨時休業あり",東京都新宿区中落合1-20-16,https://tabelog.com/tokyo/A1321/A132104/13103896/
ラーメン,喜多方ラーメン坂内 新宿パークタワー店,"営業時間
[月～金]11:00～20:00(L.O.19:45)[土・日・祝]11:00～19:00(L.O.18:45)
日曜営業
定休日
無休",東京都新宿区西新宿3-7-1 新宿パークタワー B1F,https://tabelog.com/tokyo/A1304/A130401/13117827/
ラーメン,喜久井町 もりや,"営業時間
11：30～14：0017：30～21：30
定休日
水曜日",東京都新宿区喜久井町39,https://tabelog.com/tokyo/A1305/A130504/13095658/
ラーメン,めん屋桔梗,,東京都新宿区西新宿3-7-25 山内ビル 1F,https://tabelog.com/tokyo/A1304/A130401/13262050/
ラーメン,らあめん花月嵐 新宿二丁目店,"営業時間
11:00～翌6:00",東京都新宿区新宿2-6-5,https://tabelog.com/tokyo/A1304/A130401/13269638/
ラーメン,一風堂 新宿アイランドタワー店,"営業時間
[月〜金]11:00～22:00(L.O.21:30)[土・日・祝]11:00～16:00(L.O.15:30)
日曜営業
定休日
無休(年末年始のみ休み)",東京都新宿区西新宿6-4-1 新宿アイランドタワー B1F,https://tabelog.com/tokyo/A1304/A130401/13168295/
ラーメン,マルナカ,"営業時間
11:00～14:30 17:30～20:00
定休日
土曜日、日曜日、祝日",東京都新宿区新小川町8-4,https://tabelog.com/tokyo/A1309/A130905/13011161/
ラーメン,ラーメン二郎 新宿歌舞伎町店,"営業時間
11:30～翌2:30
日曜営業
定休日
水曜日",東京都新宿区歌舞伎町2-37-5 日新ビル 1F,https://tabelog.com/tokyo/A1304/A130401/13200815/
ラーメン,麺屋ひろ,"営業時間
24時間営業(スープがなくなると一旦クローズ)
日曜営業",東京都新宿区歌舞伎町1-12-2 第58東京ビル B1F,https://tabelog.com/tokyo/A1304/A130401/13277721/
ラーメン,ゴッソウ,"営業時間
[月～土]11:30～15:00 18:00～22:00[日]11:00～15:00 18:00～21:00
日曜営業
定休日
無休",東京都新宿区早稲田鶴巻町522,https://tabelog.com/tokyo/A1305/A130504/13190212/
ラーメン,金ちゃん,"営業時間
お昼～20時半くらい土曜は昼のみの営業
定休日
日祝",東京都新宿区西新宿3-15-8,https://tabelog.com/tokyo/A1318/A131807/13066029/
ラーメン,焼きあご塩らー麺 たかはし 歌舞伎町店,"営業時間
全日　11:00-翌9:00（LO 8:50）               
日曜営業
定休日
無休（年末年始を除く）",東京都新宿区歌舞伎町1-19-3 歌舞伎町商店街振興組合ビル 1F,https://tabelog.com/tokyo/A1304/A130401/13225067/
ラーメン,SOBA HOUSE 金色不如帰 新宿御苑本店,"営業時間
[月～金] 11:00～15:0018:30～21:00※材料終了次第閉店
定休日
土曜・日曜",東京都新宿区新宿2-4-1 第22宮廷マンション 1F,https://tabelog.com/tokyo/A1304/A130402/13222172/
ラーメン,広島流つけ麺 からまる,"営業時間
［月～土］11:30～20:00
定休日
日曜日、祝日",東京都新宿区百人町1-20-7,https://tabelog.com/tokyo/A1304/A130404/13173474/
ラーメン,肉玉そば おとど 新宿2丁目店,"営業時間
11:30～翌5:00(L.O.翌4:30)
日曜営業
定休日
不定休",東京都新宿区新宿2-6-3 藤和新宿コープ 1F,https://tabelog.com/tokyo/A1304/A130401/13271202/
ラーメン,違う家,,東京都新宿区喜久井町67,https://tabelog.com/tokyo/A1305/A130504/13162641/
ラーメン,日高屋 西武新宿前北店,"営業時間
4:00～翌2:00",東京都新宿区歌舞伎町1-28-3 武井ビル 1F,https://tabelog.com/tokyo/A1304/A130401/13149241/
ラーメン,らぁめん 満来,"営業時間
11:00～23:00",東京都新宿区西新宿1-4-10,https://tabelog.com/tokyo/A1304/A130401/13000808/
ラーメン,新潟ラーチャン専門 我武者羅 四谷店,"営業時間
[月～金]11:00～21:00[土]11:00～16:00
定休日
日曜日",東京都新宿区四谷1-18-5 Belle四谷 1F,https://tabelog.com/tokyo/A1309/A130902/13263750/
ラーメン,WILDラーメン,"営業時間
[月～土]11:30～24:00※不定期※[日]11:30～24:00※肉完売及び材料無くなり次第終了新型ウイルスによる時短営業の場合あり
日曜営業
定休日
日曜日",東京都新宿区西早稲田2-18-25,https://tabelog.com/tokyo/A1305/A130503/13206032/
ラーメン,麺達うま家,"営業時間
11:00～翌2:00",東京都新宿区高田馬場3-1-2 1F,https://tabelog.com/tokyo/A1305/A130503/13135168/
ラーメン,日高屋 西新宿１丁目店,"営業時間
4:00〜02:00
日曜営業
定休日
無休",東京都新宿区西新宿1-14-6 新宿西勢ビル１F・B1,https://tabelog.com/tokyo/A1304/A130401/13043490/
ラーメン,中華そば 肉と葱,"営業時間
11:00～14:30(L.O.14:15) 20:00～翌8:00(L.O.翌7:45)
定休日
昼営業(土日祝)夜営業(日)",東京都新宿区歌舞伎町2-20-11 玉野ビル 1F,https://tabelog.com/tokyo/A1304/A130401/13289739/
ラーメン,辛麺 華火 大久保店,"営業時間
［月〜日］11:00〜23:00(L.O22:30)
日曜営業
定休日
なし",東京都新宿区百人町1-22-16 ソフィアフェスタ 1F,https://tabelog.com/tokyo/A1304/A130404/13278356/
ラーメン,麺 なか井,"営業時間
11:00～15:0017:00～21:00(L.O.20:45)
日曜営業
定休日
無休(都合により臨時休業あり)",東京都新宿区中落合1-17-3 RSビル 1F,https://tabelog.com/tokyo/A1321/A132104/13289312/
ラーメン,北海道らーめん 熊源,"営業時間
［月～金］11:00～翌1:15(L.O.翌0:55)［土・日・祝］11:00～22:15(L.O.21:55)
日曜営業
定休日
無休",東京都新宿区市谷田町1-1-1 市谷田町ビル 1F,https://tabelog.com/tokyo/A1309/A130904/13246663/
ラーメン,東京愛情麻辣湯,"営業時間
11:30～15:00  17:00～23:30(L.O.23:15)
日曜営業
定休日
月曜日",東京都新宿区高田馬場1-4-18,https://tabelog.com/tokyo/A1305/A130504/13165158/
ラーメン,らあ麺 やったる 新宿店,"営業時間
11:30～23:50(L.O)
日曜営業
定休日
年中無休",東京都新宿区新宿3-6-3 静ビル1F,https://tabelog.com/tokyo/A1304/A130401/13030873/
ラーメン,ラーメン龍の家 新宿小滝橋通り店,"営業時間
現在、時短営業中11:00～22:00(22時までご入店いただけます)通常11:00～23:30(オーダーストップ23:00)※お並び頂く場合も23:00受付終了
日曜営業
定休日
無休",東京都新宿区西新宿7-4-5 富士野ビル 1F,https://tabelog.com/tokyo/A1304/A130401/13094166/
ラーメン,味一番！九州ラーメン 博多っ子 新宿店,,東京都新宿区歌舞伎町2-8-3 浅岡ビル 1F,https://tabelog.com/tokyo/A1304/A130401/13055094/
ラーメン,喜多方ラーメン 坂内 四谷店,,東京都新宿区四谷3-11,https://tabelog.com/tokyo/A1309/A130903/13180512/
ラーメン,えぞ菊 戸塚店,"営業時間
11:00～20:30
日曜営業
定休日
無休",東京都新宿区西早稲田3-21-18,https://tabelog.com/tokyo/A1305/A130504/13000053/
ラーメン,情熱のすためしどんどん 新宿西口1号店,"営業時間
11:00～23:30
日曜営業
定休日
無休",東京都新宿区西新宿1-5-12 ニューセントラルビル 1F,https://tabelog.com/tokyo/A1304/A130401/13172771/
ラーメン,灯花繚乱,"営業時間
11:00〜22:00(ラストオーダー21:50)Uber等ネット受付のテイクアウトは10:00〜21:00
日曜営業
定休日
なし",東京都新宿区四谷4-7 小林ビル1F,https://tabelog.com/tokyo/A1309/A130903/13202418/
ラーメン,鶏白湯らーめん 自由が丘蔭山 新宿東宝ビル店,"営業時間
11:00～20:00(L.O.19:30)通常11:00～23:00(L.O.22:30)
日曜営業
定休日
無休",東京都新宿区歌舞伎町1-19-1 新宿東宝ビル 1F,https://tabelog.com/tokyo/A1304/A130401/13258722/
ラーメン,新宿麻辣湯,"営業時間
11:00～22:00（スープ売り切れまで）ウーバーイーツは22時45分まで年末を除き休みなし
日曜営業
定休日
年末年始のみ",東京都新宿区西新宿7-19-22 新宿ダイカンプラザシティⅠ 1F,https://tabelog.com/tokyo/A1304/A130401/13243316/
ラーメン,俺流塩らーめん 神楽坂店,"営業時間
10:00～翌6:00※スープがなくなり次第終了
日曜営業
定休日
無休",東京都新宿区神楽坂2-11 第83東京ビル1F,https://tabelog.com/tokyo/A1309/A130905/13119615/
ラーメン,一蘭 西新宿店,"営業時間
11:00～22:30(L.O. 22:00)※営業時間は変更になる場合がございますので、最新情報は公式HPをご確認ください
日曜営業
定休日
年中無休",東京都新宿区西新宿7-10‐18 小滝橋パシフィカビル1F,https://tabelog.com/tokyo/A1304/A130401/13231903/
ラーメン,拉麺 じゃかじゃか,,東京都新宿区上落合1-29-6,https://tabelog.com/tokyo/A1319/A131901/13001019/
ラーメン,らあめん花月嵐 新大久保店,"営業時間
[店内営業時間]11:00～24:00[出前館販売時間]11:00～24:00[Uber Eats販売時間]11:00～24:00
日曜営業
定休日
無休",東京都新宿区百人町2-15-1,https://tabelog.com/tokyo/A1304/A130404/13055955/
ラーメン,百日紅,"営業時間
平日　　　７:00〜23:00（LO22:30）　　　　　（7:00～11:00朝ラーメン）土、日　　11:00～23:00（LO22:30）
日曜営業
定休日
1月1日",東京都新宿区新宿3-4-8 新宿三和東洋ビルヂングセゾンプラザ B2,https://tabelog.com/tokyo/A1304/A130401/13116353/
ラーメン,蒙古タンメン中本 高田馬場店,"営業時間
9:00～23:00
日曜営業
定休日
年末年始",東京都新宿区高田馬場1-26-5 Ｆ・Ｉビル B1F,https://tabelog.com/tokyo/A1305/A130503/13130833/
ラーメン,横浜らーめん 山本家,"営業時間
11:00～24:00
日曜営業
定休日
無休",東京都新宿区西新宿1-15-13,https://tabelog.com/tokyo/A1304/A130401/13261889/
ラーメン,つけ麺屋 ひまわり,"営業時間
平日 11:00～22:00（L.o.21:40）通し営業土日 11:00～15:00不定休となります。※祝日も曜日通り営業しております。何卒、ご理解、ご協力の程宜しくお願いいたします。
日曜営業
定休日
不定休",東京都新宿区高田馬場3-4-16 ＭＫビル　１Ｆ,https://tabelog.com/tokyo/A1305/A130503/13023024/
ラーメン,濃厚豚骨ラーメン 一之軒 大久保店,,東京都新宿区百人町1-24-8,https://tabelog.com/tokyo/A1304/A130404/13285176/
ラーメン,渡なべ,"営業時間
[月～日]11:00～20:00
日曜営業
定休日
無休",東京都新宿区高田馬場2-1-4,https://tabelog.com/tokyo/A1305/A130503/13000121/
ラーメン,龍の羽 時色,"営業時間
11:00～翌2:00
日曜営業
定休日
不定休",東京都新宿区西早稲田3-13-2 1F,https://tabelog.com/tokyo/A1305/A130504/13272365/
ラーメン,直久 新宿西口店,"営業時間
月～金　11:00～20:00　（LO 19:30）土　　11:00～20:00　（LO 19:30）日祝　11:00～20:00　（LO 19:30）
日曜営業
定休日
年始、施設休館に準ずる",東京都新宿区西新宿1-6 エルタワービル B2F,https://tabelog.com/tokyo/A1304/A130401/13041618/
ラーメン,徳島ラーメン はるま,"営業時間
(月)11時～23時30(L.O)(火)11時～23時30(L.O)(水)11時～23時30(L.O)(木)定休日(金)11時～23時30(L.O)(土)11時～23時30(L.O)(日)11時～23時30(L.O)
日曜営業
定休日
木曜日",東京都新宿区西新宿7-11-2 ASP西新宿ビル 1F,https://tabelog.com/tokyo/A1304/A130401/13262856/
ラーメン,日高屋 新宿中央店,"営業時間
[月～金]10:30～翌4:00[土・日]10:00～翌4:00
日曜営業",東京都新宿区新宿3-34-16,https://tabelog.com/tokyo/A1304/A130401/13060318/
ラーメン,麺屋 宗,"営業時間
11：30～22：30
日曜営業
定休日
なし",東京都新宿区高田馬場1-4-21 サンパークマンション　１F,https://tabelog.com/tokyo/A1305/A130504/13040297/
ラーメン,AFURI 新宿ルミネ,"営業時間
11:00～22:00（L.O 21:30）
定休日
施設に準ずる",東京都新宿区西新宿1-1-5 ルミネ新宿店ルミネ1 B2F,https://tabelog.com/tokyo/A1304/A130401/13202091/
ラーメン,麺屋 翔 本店,"営業時間
[月～金]11:00〜15:0018:00〜22:00[土日祝]11:00〜15:0017:00～21:00【土・日】11:00〜15:0017:00～21:00※スープ切れ次第閉店年末年始の営業のお知らせです。【本店】31日　　昼営業まで1日　　　お休み2日　　　お休み3日　　通常営業
日曜営業
定休日
無休　※年末年始休業　臨時休業まれにあり",東京都新宿区西新宿7-22-34,https://tabelog.com/tokyo/A1304/A130401/13040181/
ラーメン,立喰い蕎麦 久庵,"営業時間
11:00～22:00",東京都新宿区歌舞伎町1-26-3,https://tabelog.com/tokyo/A1304/A130401/13290996/
ラーメン,品川製麺所 新宿2丁目店,"営業時間
24時間営業
日曜営業
定休日
無休",東京都新宿区新宿2-12-4 アコード新宿ビル,https://tabelog.com/tokyo/A1304/A130401/13183740/
ラーメン,Rahmen Eddie,"営業時間
11:00〜21:00
定休日
無",東京都新宿区新宿1-11-7,https://tabelog.com/tokyo/A1304/A130402/13279624/
ラーメン,ラーメン大戦争 西新宿店,"営業時間
11:00～15:0017:00～22:00
日曜営業
定休日
無休",東京都新宿区西新宿8-19-1-112,https://tabelog.com/tokyo/A1304/A130401/13271817/
ラーメン,らぁめん ほりうち 新宿本店,"営業時間
[月～土]8:00～23:00(L.O)[日]10:00～23:00(L.O)
日曜営業
定休日
無休",東京都新宿区西新宿1-4-7 高野ビル1F,https://tabelog.com/tokyo/A1304/A130401/13042962/
ラーメン,さっぽろ羅偉伝,"営業時間
11:00～15:0017:00～22:00
定休日
なし",東京都新宿区高田馬場3-12-8 高田馬場センタービル 1F,https://tabelog.com/tokyo/A1305/A130503/13173414/
ラーメン,博多風龍 新宿東口店,"営業時間
［月～土］11:00～翌2:00［日］11:00～20:00",東京都新宿区新宿3-21-2 ナナエビル 1F,https://tabelog.com/tokyo/A1304/A130401/13159646/
ラーメン,日高屋 新宿3丁目店,"営業時間
11:00～翌3:30",東京都新宿区新宿3-8-9,https://tabelog.com/tokyo/A1304/A130401/13049095/
ラーメン,どうとんぼり神座  新宿京王モール店,"営業時間
7:00～23:30(L.O.23:00)
日曜営業
定休日
無休",東京都新宿区西新宿1 南口地下街1号 京王モール,https://tabelog.com/tokyo/A1304/A130401/13257643/
ラーメン,神楽坂家系ラーメン モンタナ,"営業時間
[月・火・水・木・日]11:00～16:0017:00～23:00[金]11:00～16:0017:00～翌1:00[土]11:00～16:0017:00～24:00
日曜営業
定休日
不定休",東京都新宿区神楽坂5-8 かぐら坂五丁目ビル 1F,https://tabelog.com/tokyo/A1309/A130905/13270568/
ラーメン,ラーメン二郎 新宿小滝橋通り店,"営業時間
11:00～(L.O.21:45)
日曜営業
定休日
元日",東京都新宿区西新宿7-5-5 1F,https://tabelog.com/tokyo/A1304/A130401/13001044/
ラーメン,鶏豚骨 一學,"営業時間
11:00～28:00（LO）
日曜営業
定休日
無",東京都新宿区四谷3-9,https://tabelog.com/tokyo/A1309/A130903/13179357/
ラーメン,日高屋 神楽坂外堀通店,"営業時間
[月～土]11:00～翌4:00(L.O.3:30)[日・祝]11:00～23:00(L.O.22:30)
日曜営業
定休日
無休",東京都新宿区神楽坂1-9,https://tabelog.com/tokyo/A1309/A130905/13122314/
ラーメン,壱蔵家,,東京都新宿区百人町1-23-3,https://tabelog.com/tokyo/A1304/A130404/13050792/
ラーメン,まる田,,東京都新宿区神楽坂4-2-30,https://tabelog.com/tokyo/A1309/A130905/13160403/
ラーメン,つけめんTETSU 京王モール新宿店,"営業時間
10:00～23:30(L.O.23:00)
日曜営業
定休日
無休",東京都新宿区西新宿1丁目 京王モール,https://tabelog.com/tokyo/A1304/A130401/13201911/
ラーメン,心斎橋 味仙,,東京都新宿区歌舞伎町2-46-7 第3平沢ビル 1F,https://tabelog.com/tokyo/A1304/A130401/13224059/
ラーメン,鷹流 高田馬場店,"営業時間
●月曜日～土曜日ランチAM11：30～PM3：00　ディナーPM5：00～PM10：00●日曜・祭日11：30～20：00※営業終了間際はTELにて確認をお願いします。※スープ・麺・食材等が終了したり、悪天候の場合、営業を終了する場合がございますのでご了承ください
日曜営業
定休日
月曜日定休日　※スープ・麺・食材等が終了したり悪天候場合、終了する場合がございますのでご了承ください。TELにて確認をお願いします。",東京都新宿区高田馬場4-17-17 高田馬場プリンスマンション　１Ｆ,https://tabelog.com/tokyo/A1305/A130503/13058985/
ラーメン,蒙古タンメン中本 新宿店,"営業時間
10:00～23:00
定休日
無し",東京都新宿区西新宿7-8-11 美笠ビル　Ｂ１Ｆ,https://tabelog.com/tokyo/A1304/A130401/13001010/
ラーメン,大塚屋,"営業時間
[火～金]11:00～16:0018:00～21:00[土・日・祝]11:00～16:00
日曜営業
定休日
月曜日",東京都新宿区市谷田町3-2 TOUビル 1F,https://tabelog.com/tokyo/A1309/A130904/13000475/
ラーメン,さっぽろラーメン 桑名 新宿御苑店,"営業時間
11:00～15:00
定休日
水曜",東京都新宿区富久町16-10 ニューライフ新宿参番館 1F,https://tabelog.com/tokyo/A1304/A130402/13260023/
ラーメン,頂マーラータン 新大久保店,"営業時間
11:30〜23:00
日曜営業
定休日
定休日無し",東京都新宿区百人町2-6-2,https://tabelog.com/tokyo/A1304/A130404/13183459/
ラーメン,ナギチャンラーメン,"営業時間
24時間
定休日
なし",東京都新宿区歌舞伎町1-9-6 三経32,https://tabelog.com/tokyo/A1304/A130401/13290615/
ラーメン,麺屋 優創,"営業時間
11:30～20:00（L.O.19:30）
日曜営業
定休日
水曜",東京都新宿区百人町2-19-11 サニーコープ エトナ1F,https://tabelog.com/tokyo/A1304/A130404/13103572/
ラーメン,塩つけ麺 灯花,"営業時間
11:00～22:00（ラストオーダー21：50）
日曜営業
定休日
無休",東京都新宿区四谷2-11 龍文堂ビル 1F,https://tabelog.com/tokyo/A1309/A130903/13238489/
ラーメン,東京海老トマト 早稲田,"営業時間
10:30～15:0017:00～22:00",東京都新宿区早稲田鶴巻町44-45,https://tabelog.com/tokyo/A1305/A130504/13289915/
ラーメン,鶏白湯麺 蔭山 高田馬場店,"営業時間
[月～土]11:00～23:00（L.O 22:30）[日・祝]11:00～22:00（L.O 21:30）
日曜営業
定休日
年末年始",東京都新宿区高田馬場1-4-18,https://tabelog.com/tokyo/A1305/A130503/13146339/
ラーメン,壱角家 落合南長崎店,"営業時間
11:00～24:00(L.O.23:45)
日曜営業
定休日
無休",東京都新宿区西落合3-1-18,https://tabelog.com/tokyo/A1321/A132101/13184128/
ラーメン,メンショー サン フランシスコ,"営業時間
11:00～22:00(L.O.21:40)
日曜営業
定休日
無休",東京都新宿区西新宿1-1-3 新宿ミロード 7F,https://tabelog.com/tokyo/A1304/A130401/13223993/
ラーメン,東京油組総本店 西新宿組,"営業時間
月～土　11:00～翌4:00日　11:00～22:00
日曜営業
定休日
年末年始",東京都新宿区西新宿1-13-6,https://tabelog.com/tokyo/A1304/A130401/13167280/
ラーメン,かずまちゃんラーメン,"営業時間
[月～土］11:30～13:30
定休日
日曜日",東京都新宿区神楽坂4-2-30,https://tabelog.com/tokyo/A1309/A130905/13219448/
ラーメン,護摩龍 百人町総本山,"営業時間
11:30～15:0017:30～11:30※スープ無くなり次第閉店
日曜営業
定休日
月曜日",東京都新宿区百人町1-23-17 大久保南口共同ビル 1F,https://tabelog.com/tokyo/A1304/A130404/13186587/
ラーメン,九州筑豊ラーメン山小屋　中華風居酒屋 早稲田店,"営業時間
［月～金］　11:00～14:30　17:00～23:00（L.O.22:30）［土］　　　11:00～14:30　17:00～22:00（L.O.21:30）［日］　　　11:00～14:30　中華料理休み
定休日
祝日",東京都新宿区高田馬場1-3-13 第２天台ビル 1F,https://tabelog.com/tokyo/A1305/A130504/13096538/
ラーメン,桂花ラーメン 新宿東口駅前店,"営業時間
10:00～23:00 （L.O 22:45)　
日曜営業
定休日
無休",東京都新宿区新宿3-25-6 1F･2F,https://tabelog.com/tokyo/A1304/A130401/13000871/
ラーメン,なんでんかんでん 西新宿店,"営業時間
[月～日]11:00～23:00(L.O.22:30)
日曜営業
定休日
無休",東京都新宿区西新宿7-9-15 新宿ダイカンプラザビズネス清田ビル 1F,https://tabelog.com/tokyo/A1304/A130401/13266893/
ラーメン,らぁ麺やまぐち,"営業時間
全日      11:00～21:30(LO 21:30)
日曜営業
定休日
無休",東京都新宿区西早稲田3-13-4 1F,https://tabelog.com/tokyo/A1305/A130504/13151200/
ラーメン,俺流 塩らーめん 新宿東南口店,"営業時間
11:00～23:00
日曜営業
定休日
無休",東京都新宿区新宿3-36-18,https://tabelog.com/tokyo/A1304/A130401/13240587/
ラーメン,麺堂にしき 新宿歌舞伎町店,"営業時間
[火〜日]18:00〜翌15:00(月曜日は0:00〜15:00、火曜日は18:00〜0:00で営業)
日曜営業
定休日
月曜日(0:00〜15:00は営業中)",東京都新宿区歌舞伎町1-11-3 九石新歌舞伎町ビル 1F,https://tabelog.com/tokyo/A1304/A130401/13257169/
ラーメン,博多天神 新宿東口駅前店,"営業時間
10:00～翌4:00
日曜営業
定休日
無休",東京都新宿区新宿3-22-13,https://tabelog.com/tokyo/A1304/A130401/13049159/
ラーメン,俺の空 新宿店,,東京都新宿区西新宿1-3-13 I&Kビル 1F,https://tabelog.com/tokyo/A1304/A130401/13156913/
ラーメン,壱角家 新宿歌舞伎町店,"営業時間
24時間営業",東京都新宿区歌舞伎町1-11-10 イクザスビル 1F,https://tabelog.com/tokyo/A1304/A130401/13251778/
ラーメン,小麦と肉 桃の木,"営業時間
［月～土］11:00～16:00
定休日
毎週日曜",東京都新宿区新宿1-32-4 エヌエスビル 1F,https://tabelog.com/tokyo/A1304/A130402/13098255/
ラーメン,らぁ麺 はやし田 新宿本店,"営業時間
11:00～22:00(スープ切れ早仕舞いあり)
日曜営業
定休日
無休",東京都新宿区新宿3-31-5 新宿ペガサス館 1F,https://tabelog.com/tokyo/A1304/A130401/13216496/
ラーメン,徳川膳武,"営業時間
［月～土］11:30～15:00（スープなくなり次第終了）
定休日
日曜日",東京都新宿区新宿6-20-6,https://tabelog.com/tokyo/A1304/A130401/13131036/
ラーメン,BASSO 江戸川橋,"営業時間
火～土曜11:30～15:30 / 18:00～21:00（LO20:45）日曜11:30～15:30
日曜営業
定休日
月曜（※祝日の場合、翌日代休）",東京都新宿区山吹町130-15,https://tabelog.com/tokyo/A1309/A130905/13190797/
ラーメン,小次郎 歌舞伎町店,"営業時間
[月～日]11:00～翌4:00（L.O.翌3:30）年中無休（年末年始を除く）
日曜営業
定休日
無休（年末年始を除く）",東京都新宿区歌舞伎町2-37-5 日新ビル 1F,https://tabelog.com/tokyo/A1304/A130401/13121018/
ラーメン,野方ホープ 高田馬場店,"営業時間
11:00～翌4:00
日曜営業
定休日
年中無休(年末年始のみ休み)",東京都新宿区高田馬場2-14-7 泉和ビル 1F,https://tabelog.com/tokyo/A1305/A130503/13160232/
ラーメン,麺宿 志いな,"営業時間
11:00～（L.O.15:00）18:00～（L.O.20:00） 
日曜営業
定休日
月曜日、不定休",東京都新宿区四谷4-30-15 市川ビル 1F,https://tabelog.com/tokyo/A1304/A130402/13224138/
ラーメン,天宮,"営業時間
11:00～14:50(L.O.)17:30～19:20(L.O.)
定休日
日曜日、祝日",東京都新宿区新宿5-1-21,https://tabelog.com/tokyo/A1304/A130402/13066066/
ラーメン,タムジャイサムゴー 新宿中央通り店,"営業時間
11:00～22:00（L.O.21:30）平日限定ランチタイム 11:00～17:00
日曜営業
定休日
なし",東京都新宿区新宿3-28-16 新宿コルネ坂詰ビル 1F・2F,https://tabelog.com/tokyo/A1304/A130401/13267320/
ラーメン,自家製麺 製麺王,,東京都新宿区大久保2-3-6,https://tabelog.com/tokyo/A1304/A130401/13201621/
ラーメン,紅蓮,"営業時間
[月〜金]11:00〜13:0017:30〜22:00[土]11:00〜13:0017:30〜21:00
定休日
日・祝",東京都新宿区早稲田鶴巻町517,https://tabelog.com/tokyo/A1305/A130504/13078590/
ラーメン,らーめん ぼん蔵,"営業時間
11:30～14:30/18:00～21:00
定休日
日曜日",東京都新宿区上落合1-1-15,https://tabelog.com/tokyo/A1321/A132104/13291204/
ラーメン,Zweiter Laden,"営業時間
11:00～15:00 17:30～21:00
日曜営業
定休日
無休",東京都新宿区西早稲田3-15-5,https://tabelog.com/tokyo/A1305/A130503/13283798/
ラーメン,横浜ラーメン 町田家 新宿南口店,"営業時間
11:00～22:00(L.O.21:30)
日曜営業
定休日
無休",東京都新宿区新宿4-1-20,https://tabelog.com/tokyo/A1304/A130401/13000892/
ラーメン,高木や,"営業時間
11:30～22:00(早締めあり)
日曜営業
定休日
不定休",東京都新宿区馬場下町9 須田ビル 2F,https://tabelog.com/tokyo/A1305/A130504/13010875/
ラーメン,名代ラーメン大吉,"営業時間
11:30～14:0017:30～21:00
日曜営業
定休日
金曜日",東京都新宿区中落合1-17-1,https://tabelog.com/tokyo/A1321/A132104/13066052/
ラーメン,鶏白湯専門 らーめん我羅奢,"営業時間
［月･火･水･木･金･土］10:30〜21:00   日曜日10:30〜15:00
日曜営業
定休日
日曜（不定休）",東京都新宿区西早稲田2-21-6 斎藤ビル　１F,https://tabelog.com/tokyo/A1305/A130504/13076977/
ラーメン,麺や 庄の,"営業時間
［月～土］11:00～22:00 (L.O 22:00)［日］11:00-21:00(L.O 20:40)8/11〜8/13 11:00〜20:00
日曜営業
定休日
無休(年末年始を除く）",東京都新宿区市谷田町1-3 クレセントビル 1Ｆ,https://tabelog.com/tokyo/A1309/A130904/13126304/
ラーメン,博多ラーメン 長浜や 早稲田店,,東京都新宿区早稲田町74 早稲田駅前ビル 1F,https://tabelog.com/tokyo/A1305/A130504/13221133/
ラーメン,新潟発祥 なおじ 西新宿店,"営業時間
11:00〜23:00
日曜営業
定休日
無休",東京都新宿区西新宿5-24-16 西新宿ウェールビル1,https://tabelog.com/tokyo/A1304/A130401/13245160/
ラーメン,つけ麺 まぜそば 大やま,"営業時間
【月～金】ランチ　　11:00～15:00ディナー　17:00～23:00(LO22:30)【土日祝】11:00～15:00(ランチのみ営業)※2022年01月～
日曜営業
定休日
無休",東京都新宿区揚場町1-16 山路飯店ビル 2F,https://tabelog.com/tokyo/A1309/A130905/13253903/
ラーメン,#新宿地下ラーメン,"営業時間
[月～金]10:30～21:30(L.O.21:00)[土・日・祝]10:30～21:00(L.O.20:30)",東京都新宿区西新宿1西口地下街1号 小田急エース北館 SHINJUKU DELISH PARK PARK6,https://tabelog.com/tokyo/A1304/A130401/13279251/
ラーメン,馬場壱家,"営業時間
[月～日]11:00～翌0:30",東京都新宿区高田馬場1-4-17,https://tabelog.com/tokyo/A1305/A130504/13163998/
ラーメン,喜多方ラーメン 坂内 歌舞伎町店,"営業時間
11:00～24:00
日曜営業
定休日
無休",東京都新宿区歌舞伎町1-24-6,https://tabelog.com/tokyo/A1304/A130401/13011134/
ラーメン,昌平ラーメン 成子坂店,"営業時間
11：00～22：30（L.O.22：15）
定休日
年末年始休 お盆",東京都新宿区西新宿6-10-2,https://tabelog.com/tokyo/A1304/A130401/13041662/
ラーメン,中華蕎麦 きみのあーる,"営業時間
営業時間［月〜金］11:30〜14:30 ( LO 14:15 )17:30〜21:00 ( LO 20:45 )［土］11:30〜14:30 ( LO 14:15 )※日曜日はお休み。
定休日
日曜日お休み（Twitterに記載）",東京都新宿区西五軒町13-3,https://tabelog.com/tokyo/A1309/A130905/13260155/
ラーメン,らぁ麺 くろ渦,"営業時間
11:00～23:00",東京都新宿区新宿3-7-8,https://tabelog.com/tokyo/A1304/A130401/13241664/
ラーメン,油そば総本店 新宿東口アルタ裏店,"営業時間
24時間営業
日曜営業
定休日
無休",東京都新宿区新宿3-21-2 柳屋角筈ビル 1F・B1F,https://tabelog.com/tokyo/A1304/A130401/13130982/
ラーメン,博多ラーメン でぶちゃん 高田馬場本店,"営業時間
【全日】17:30～26:00 （L.O 25:30）定休日無し※予約有料 220円／一人
日曜営業
定休日
無休",東京都新宿区高田馬場2-13-6,https://tabelog.com/tokyo/A1305/A130503/13222288/
ラーメン,らあめん 満家,"営業時間
［月〜金］11:30〜15:00
定休日
土曜日、日曜日、祝日",東京都新宿区百人町1-21-4,https://tabelog.com/tokyo/A1304/A130404/13200037/
ラーメン,ナカムラボ。TOKYO,,東京都新宿区住吉町2-9 1F,https://tabelog.com/tokyo/A1309/A130903/13289092/
ラーメン,ラーメン天華,,東京都新宿区西新宿5-8-1,https://tabelog.com/tokyo/A1304/A130401/13166153/
ラーメン,波風タテヲ,"営業時間
[月〜水、土]11:30~14:30［木、金］11:30~14:30/17:30~22:00
定休日
日曜、祝日",東京都新宿区西早稲田2-20-5 アトラスタワー 1F,https://tabelog.com/tokyo/A1305/A130504/13230774/
ラーメン,ばんちゃんラーメン,,東京都新宿区中里町27-9,https://tabelog.com/tokyo/A1309/A130905/13216501/
ラーメン,札幌熟成味噌らーめん 匠神,,東京都新宿区四谷1-8-5 小川ビル 1F,https://tabelog.com/tokyo/A1309/A130902/13267147/
ラーメン,横浜家系ラーメン 横浜道 新宿西口店,"営業時間
10:30～翌1:00
日曜営業
定休日
無休",東京都新宿区西新宿1-4-5 西新宿オークビル 1F,https://tabelog.com/tokyo/A1304/A130401/13208842/
ラーメン,中華麺 多文,"営業時間
[水～金]11:00～15:3017:30～20:00[土]11:00～20:00[日]11:00～18:00
日曜営業
定休日
月曜日、火曜日",東京都新宿区神楽坂2-11-2,https://tabelog.com/tokyo/A1309/A130905/13263458/
ラーメン,鶏そば かぐら屋 西新宿店,"営業時間
[終日]11:30〜2:00
日曜営業",東京都新宿区西新宿7-16-10 西新宿ミカエラビル 1F,https://tabelog.com/tokyo/A1304/A130401/13251053/
ラーメン,桂花ラーメン 新宿末広店,"営業時間
月～土：9:00～23:15(L.O)日：9:00～21:45(L.O)
日曜営業
定休日
無休",東京都新宿区新宿3-7-2,https://tabelog.com/tokyo/A1304/A130401/13000911/
ラーメン,武蔵野アブラ學会 早稲田別館,"営業時間
10:30～23:00
定休日
日曜日",東京都新宿区喜久井町65,https://tabelog.com/tokyo/A1305/A130504/13286314/
ラーメン,自家製麺 福は内,"営業時間
11:00～15:0017:00～21:00
日曜営業
定休日
不定休",東京都新宿区住吉町6-12 井上第3ビル,https://tabelog.com/tokyo/A1309/A130903/13251349/
ラーメン,麺食い 慎太郎,"営業時間
[月～金]11:00 ～ 21:00 （麺がなくなり次第閉店）[土]11:00～16:00
定休日
日曜・祝日",東京都新宿区西新宿6-2-3 新宿アイランドアネックス　1Ｆ,https://tabelog.com/tokyo/A1304/A130401/13045276/
ラーメン,氣華,"営業時間
24時間営業
日曜営業
定休日
無休",東京都新宿区新宿2-7-5 松田ビル 1F,https://tabelog.com/tokyo/A1304/A130401/13152855/
ラーメン,まるいち,"営業時間
11:30～15:00
定休日
土曜日、日曜日",東京都新宿区四谷3-6 結城ビル　１Ｆ,https://tabelog.com/tokyo/A1309/A130903/13000853/
ラーメン,末廣ラーメン本舗 高田馬場分店,"営業時間
午前11時00分～翌３時00分※第1第2日曜日は深夜2時までの営業。※月曜日が祝日の場合は営業します。（翌日店休）※店舗事情により店休、早じまい、中休憩することがあります。
日曜営業
定休日
無休　（大切なお知らせにて確認お願いいたします）",東京都新宿区高田馬場2-8-3,https://tabelog.com/tokyo/A1305/A130504/13061478/
ラーメン,日高屋 市ヶ谷八幡町店,"営業時間
11:00～21:00
日曜営業
定休日
無休",東京都新宿区市谷八幡町3,https://tabelog.com/tokyo/A1309/A130904/13073657/
ラーメン,中華そば 葉山,,東京都新宿区市谷薬王寺町1,https://tabelog.com/tokyo/A1309/A130903/13174173/
ラーメン,博多風龍  高田馬場店,"営業時間
[月～土]11:00～翌2:00[日]11:00～20:00(但し月曜日が祝日の場合、日曜の営業時間は翌2:00まで、月曜が20:00まで)
日曜営業",東京都新宿区高田馬場2-19-7 タックイレブンビル 113,https://tabelog.com/tokyo/A1305/A130503/13101388/
ラーメン,日高屋 新宿靖国通店,"営業時間
24時間
日曜営業
定休日
無休",東京都新宿区新宿3-23-11 K'Sビル,https://tabelog.com/tokyo/A1304/A130401/13025444/
ラーメン,博多天神 新宿東口店,"営業時間
［月・火・水・木・日・祝］10:00～翌3:00[金・土]10:00～翌4:00
日曜営業
定休日
無休",東京都新宿区新宿2-6-2,https://tabelog.com/tokyo/A1304/A130401/13000948/
ラーメン,用心棒 市ヶ谷飯田橋,"営業時間
[平日]11:00～21:00(通し営業)[土・祝日]11:00～15:45
定休日
日曜日",東京都新宿区市谷田町3-8-3 コアクツビル 1F,https://tabelog.com/tokyo/A1309/A130904/13237743/
ラーメン,鶏soba座銀 神楽坂店,"営業時間
≪全日≫11：00～22：00（L.O）閉店ギリギリのご来店も大歓迎です♪
日曜営業
定休日
なし",東京都新宿区神楽坂3-2-12 神楽坂摩耶ビル 1F,https://tabelog.com/tokyo/A1309/A130905/13287282/
ラーメン,隆勝,,東京都新宿区馬場下町63-3 細川ハイツ 1F,https://tabelog.com/tokyo/A1305/A130504/13269864/
ラーメン,利しり,"営業時間
18:30～翌5:00
定休日
日曜日、祝日",東京都新宿区歌舞伎町2-27-7 やなぎビル 1F,https://tabelog.com/tokyo/A1304/A130401/13000022/
ラーメン,大勝軒 まるいち 新宿東南口店,"営業時間
11:00～23:00
日曜営業
定休日
無休",東京都新宿区新宿3-34-3,https://tabelog.com/tokyo/A1304/A130401/13124201/
ラーメン,麺屋 とみ吉,"営業時間
［月～金］11:30～14:00 17:00～20:30［土・祝］11:30～14:00
定休日
日曜日",東京都新宿区左門町3-1 左門イレブンビル　１Ｆ,https://tabelog.com/tokyo/A1309/A130901/13029613/
ラーメン,横浜家系 中井家,,東京都新宿区中落合1-18-7,https://tabelog.com/tokyo/A1321/A132104/13198934/
ラーメン,京都ラーメン 森井 飯田橋店,"営業時間
月～金11:00～23:00(LO　22:45)土日祝11:00～23:00(LO　22:30)
日曜営業
定休日
無休",東京都新宿区揚場町1-16 山路飯店ビル 1F,https://tabelog.com/tokyo/A1309/A130905/13253769/
ラーメン,鶏そば みた葉,"営業時間
【月〜日・祝】11:30〜15:00(L.O)17:00〜翌6:00（L.O 5:45）※スタッフの出勤状況により、営業時間変更あり。詳しくは公式Twitterをご確認いただけると幸いです。
日曜営業
定休日
定休日なし  ※年始を除く   1/1,1/2は休業",東京都新宿区歌舞伎町1-3-16 東金ビル 1Ｆ,https://tabelog.com/tokyo/A1304/A130401/13221811/
ラーメン,AFURI辛紅 新宿サブナード,"営業時間
11:00〜22:00（Last order 21:45）
日曜営業
定休日
年中無休（サブナードの休館日に準じる）",東京都新宿区歌舞伎町1-2-2 新宿サブナード B1F,https://tabelog.com/tokyo/A1304/A130401/13239116/
ラーメン,麺屋翔 みそ処,"営業時間
[月～日]11:00～15:00 / 18:00～22:00（LO21：45）材料切れ次第　終了　詳細はtwitterにて年末年始の営業のお知らせです。31日　通常営業　（材料切れ次第終了）1日　お休み２日　お休み3日　通常営業
日曜営業
定休日
基本なし　　　　年末年始　　臨休あり　詳しくはtwitterにて",東京都新宿区西新宿7-19-9,https://tabelog.com/tokyo/A1304/A130401/13266123/
ラーメン,江戸麺 GOODLE,"営業時間
11:30～15:0017:00～22:30
日曜営業
定休日
無休",東京都新宿区高田馬場4-13-13,https://tabelog.com/tokyo/A1305/A130503/13273519/
ラーメン,とみや ラーメン居酒屋,"営業時間
［月～土］11:00～14:30.17:30～翌2:00(料理L.O.翌1:45ドリンクL.O.翌2:00)［日］17:00～翌2:00(料理L.O.翌1:45 ドリンクL.O.翌2:00)
日曜営業
定休日
無休",東京都新宿区高田馬場3-37-2 中村ビル 1F,https://tabelog.com/tokyo/A1321/A132104/13199573/
ラーメン,光来,"営業時間
11:00～15:00 17:00～21:00
定休日
日曜日、祝日、第2土曜日",東京都新宿区西新宿7-14-12,https://tabelog.com/tokyo/A1304/A130401/13009180/
ラーメン,神楽家,"営業時間
11:00～23:00
日曜営業
定休日
無休",東京都新宿区箪笥町25-1,https://tabelog.com/tokyo/A1309/A130905/13168825/
ラーメン,桔梗 坂町店,,東京都新宿区四谷坂町5-13,https://tabelog.com/tokyo/A1309/A130903/13139013/
ラーメン,つけそば 黒門,,東京都新宿区西新宿7-10-12,https://tabelog.com/tokyo/A1304/A130401/13001022/
ラーメン,麺屋 西川,"営業時間
[月～金]11:00～15:00(L.O) 18:00～24:00[土・日]11:00～15:00(L.O)＊スープなくなり次第終了
日曜営業
定休日
無休",東京都新宿区住吉町2-12 山崎ビル１F,https://tabelog.com/tokyo/A1309/A130903/13189499/
ラーメン,味噌屋 八郎商店 新宿店,"営業時間
11:00～23:00（ラストオーダー 23:00）※麺・スープが無くなり次第営業終了となります。ご了承ください。
日曜営業
定休日
年中無休",東京都新宿区西新宿7-5-5 プラザ西新宿 102,https://tabelog.com/tokyo/A1304/A130401/13093862/
ラーメン,桂花ラーメン 新宿ふぁんてん,"営業時間
4:00～翌1:00朝営業実施中！！
日曜営業
定休日
無休","東京都新宿区新宿3-21-4 第2サンパークビル B1,2F",https://tabelog.com/tokyo/A1304/A130401/13038411/
ラーメン,貴太郎 新宿本店,,東京都新宿区歌舞伎町2-8-12 新宿アーバンホテル 1F,https://tabelog.com/tokyo/A1304/A130401/13149524/
ラーメン,らあめん花月嵐 西新宿6丁目店,"営業時間
[店内営業時間]11:00～23:00(22:30ラストオーダー)",東京都新宿区西新宿6-26-8,https://tabelog.com/tokyo/A1304/A130401/13247323/
ラーメン,日高屋 四谷三丁目店,,東京都新宿区四谷3-11-17,https://tabelog.com/tokyo/A1309/A130903/13105833/
ラーメン,焼麺　劔,"営業時間
11:30～ 20:00(L.O.19:30)          祝日営業 
定休日
日。その他お盆休み、年末年始休みあり",東京都新宿区高田馬場2-6-10 関ビル 1F,https://tabelog.com/tokyo/A1305/A130503/13121750/
ラーメン,博多鶏ソバ 華味鳥 新宿三井ビル店,"営業時間
［昼の部］( 平日のみ )月〜金／11:00〜15:00 <L.O. 14:30>［夜の部］ ( 平日 & 祝日 )月〜金／17:00〜23:00 <L.O. 22:30>※ 祝　日：［夜の部］のみ営業 ( 17:00～ )　※ [昼の部] [夜の部] 共に、状況により急遽 営業日時　変更可能性有り ＝＝＝＝＝＝＝＝＝＝＝＝＝＝＝＝＝＝＝＝＝＝※店休日： 土曜日・日曜日
定休日
土曜日・ 日曜日 ・ 年末年始 ・ ビル指定日（全館休館日）※その他 急遽、臨時休業・時短営業 の場合も有",東京都新宿区西新宿2-1-1 新宿三井ビル B1F,https://tabelog.com/tokyo/A1304/A130401/13190528/
ラーメン,桂花ラーメン 新宿西口店,"営業時間
11：00～22:00
日曜営業
定休日
無休",東京都新宿区西新宿1-14-2 安西ビル　1F,https://tabelog.com/tokyo/A1304/A130401/13108130/
ラーメン,麺家 さざんか,"営業時間
[月～金]11:15～15:00頃[土・祝]11:30～14:00
定休日
日曜日",東京都新宿区西新宿6-16-10 坂井ビル 1F,https://tabelog.com/tokyo/A1304/A130401/13193303/
ラーメン,萬馬軒 新宿南口店,"営業時間
土曜のみ：11:00〜23:00土曜以外：11:00〜22:00火・水・日　16:00～18:00　休憩中
日曜営業
定休日
無休",東京都新宿区新宿3-34-4 第84東京ビル 1F,https://tabelog.com/tokyo/A1304/A130401/13247915/
ラーメン,博多らーめん 和,,東京都新宿区西新宿7-10-6 武蔵屋KAビル 1F,https://tabelog.com/tokyo/A1304/A130401/13261837/
ラーメン,太陽のトマト麺withチーズ 新宿ミロード店,"営業時間
11:00～23:00
日曜営業
定休日
小田急ミロードの営業と連動",東京都新宿区西新宿1-1-3 新宿ミロード 7F,https://tabelog.com/tokyo/A1304/A130401/13090990/
ラーメン,一蘭 新宿歌舞伎町店,"営業時間
24時間※営業時間は変更になる場合がございますので、最新情報は公式HPをご確認ください
日曜営業
定休日
年中無休",東京都新宿区歌舞伎町1-17-10 歌舞伎町CR.B&Vビル B1F,https://tabelog.com/tokyo/A1304/A130401/13194434/
ラーメン,あづま家,"営業時間
5:30～12:30
定休日
日曜日、祝日、変則水曜日(市場休場日)",東京都新宿区北新宿4-2-1 淀橋青果市場東京都事務所 1F,https://tabelog.com/tokyo/A1304/A130404/13066069/
ラーメン,大衆らーめん酒場 桔梗,"営業時間
24時間営業
日曜営業
定休日
無休",東京都新宿区西新宿7-6-8 ＡＮＪＯ３ビル　１Ｆ,https://tabelog.com/tokyo/A1304/A130401/13025019/
ラーメン,十文字,,東京都新宿区西早稲田1-4-17,https://tabelog.com/tokyo/A1305/A130504/13179737/
ラーメン,野郎ラーメン 高田馬場店,"営業時間
【日~土】11：00~20：00
日曜営業
定休日
無休",東京都新宿区高田馬場4-8-7 いちかわ書店ビル 1F,https://tabelog.com/tokyo/A1305/A130503/13164203/
ラーメン,壱角家 新宿3丁目店,"営業時間
24時間営業
日曜営業
定休日
無休",東京都新宿区新宿2-12-4 アコード新宿 1F,https://tabelog.com/tokyo/A1304/A130401/13176606/
ラーメン,らーめん はましょう,,東京都新宿区中落合3-24-11 ライオンズマンション中落合 1F,https://tabelog.com/tokyo/A1321/A132101/13258186/
ラーメン,中華そば専門 田中そば店 東京オペラシティ店,,東京都新宿区西新宿3-20-2 東京オペラシティビル Ｂ1F,https://tabelog.com/tokyo/A1318/A131807/13276059/
ラーメン,日高屋 高田馬場駅前店,"営業時間
24時間営業",東京都新宿区高田馬場1-26-12,https://tabelog.com/tokyo/A1305/A130503/13105832/
ラーメン,極 BANKARA TOKYO,"営業時間
11:00〜23:00（22:30 L.O）
日曜営業
定休日
なし",東京都新宿区新宿3-31-2 全日第4プラザビル 1F,https://tabelog.com/tokyo/A1304/A130401/13272676/
ラーメン,中華そば 流川,"営業時間
11:30～23:00(L.O.22:30)
日曜営業
定休日
無休",東京都新宿区西新宿7-9-15 新宿ダイカンプラザビジネス清田ビル 1F,https://tabelog.com/tokyo/A1304/A130401/13236258/
ラーメン,横浜家系ラーメン 圭壱家,"営業時間
11:00～23:00(ラストオーダー22：50)
日曜営業
定休日
無休(臨時休業はSNSにて告知しております)",東京都新宿区西早稲田1-9-17,https://tabelog.com/tokyo/A1305/A130504/13260344/
ラーメン,横浜らーめん 龍馬,"営業時間
[月～金]11:00～22:00[土・祝]11:00～21:45
定休日
日曜日",東京都新宿区四谷1-4,https://tabelog.com/tokyo/A1309/A130902/13228058/
ラーメン,天下一品 新宿西口店,"営業時間
［月～金］10:00～翌3:00(L.O.翌2:45)［土・日・祝］10:00～24:00(L.O.23:00)
日曜営業
定休日
無休",東京都新宿区西新宿1-15-8 アトラス西新宿ビル　１Ｆ,https://tabelog.com/tokyo/A1304/A130401/13019268/
ラーメン,デイトセイ 高田馬場,"営業時間
11：00～23：00※年末年始の営業に関して12/31　ランチ営業のみ1/1，2は休業日
日曜営業
定休日
不定休",東京都新宿区高田馬場3-4-18 リッチハウス 1F,https://tabelog.com/tokyo/A1305/A130503/13268485/
ラーメン,ラーメン 豊八家,,東京都新宿区西新宿4-36-13,https://tabelog.com/tokyo/A1304/A130401/13269131/
ラーメン,駄目な隣人 新宿店,"営業時間
11:00～スープ無くなり次第終了
日曜営業
定休日
無し",東京都新宿区歌舞伎町1-27-2 1F,https://tabelog.com/tokyo/A1304/A130401/13261715/
ラーメン,えびそば 一幻 新宿店,"営業時間
11:00～23:00
定休日
不定休",東京都新宿区西新宿7-8-2 福八ビル 1F,https://tabelog.com/tokyo/A1304/A130401/13163054/
ラーメン,うだつ食堂,"営業時間
[月～土] 11:00～22:00 [日・祝] 11:00～22:00
日曜営業
定休日
定休日は設けておりません。",東京都新宿区西早稲田1-11-1,https://tabelog.com/tokyo/A1305/A130504/13004166/
ラーメン,破壊的イノベーション,"営業時間
昼11:30～14:30夜18:00～21:00",東京都新宿区高田馬場1-3-10 曽根ビル 1F,https://tabelog.com/tokyo/A1305/A130503/13242520/
ラーメン,ラーメン 池田屋 高田馬場店,,東京都新宿区下落合1-3-13 工藤ビル 1F,https://tabelog.com/tokyo/A1305/A130503/13280888/
ラーメン,航海屋 新宿店,"営業時間
[月～金] 11:00～24:00[土] 11:00〜19:00
定休日
日曜日",東京都新宿区新宿3-12-4,https://tabelog.com/tokyo/A1304/A130401/13000934/
ラーメン,辛麺 華火 新宿御苑店,"営業時間
11:30～15:00(L.O.14:30)17:00～翌3:30(L.O.)[日]17:00～翌3:30(L.O.)
日曜営業",東京都新宿区新宿1-32-15 エムズ新宿御苑 1F,https://tabelog.com/tokyo/A1304/A130402/13259691/
ラーメン,つけそば 丸長 目白店,"営業時間
11:00～14:00
定休日
日曜日、祝日",東京都新宿区下落合3-19-4,https://tabelog.com/tokyo/A1305/A130502/13003851/
ラーメン,らーめん 北の大地 新宿店,,東京都新宿区新宿3-28-2 フクモトビル 1F,https://tabelog.com/tokyo/A1304/A130401/13279210/
ラーメン,南ばん亭,"営業時間
11:00～14:３017:30～22:00（東京都時短要請中は20時まで）
定休日
日曜日",東京都新宿区高田馬場4-40-8,https://tabelog.com/tokyo/A1319/A131901/13259895/
ラーメン,一風堂 ルミネエスト新宿店,"営業時間
11:00～21:00（L.o.20:30）
日曜営業
定休日
年中無休（ルミネエスト新宿に準ずる）",東京都新宿区新宿3-38-1 ルミネエスト新宿店 8F,https://tabelog.com/tokyo/A1304/A130401/13274333/
ラーメン,大辛にんにく 赤い虎,"営業時間
【月～金】11:00～15:0017:00～23:00(LO22:30)【土日祝】11:00～14:00
日曜営業
定休日
なし",東京都新宿区揚場町1-16 山路飯店ビル 3F,https://tabelog.com/tokyo/A1309/A130905/13253904/
ラーメン,壱角家 新宿5丁目店,"営業時間
10:30～翌6:00
日曜営業
定休日
無休",東京都新宿区新宿5-18-13 八重洲ビル 1F,https://tabelog.com/tokyo/A1304/A130401/13171433/
ラーメン,元祖札幌や 新宿２丁目,"営業時間
［月〜木］18:00～翌02:00［金、土］18:00〜翌04:00
定休日
日・祝",東京都新宿区新宿2丁目18-10,https://tabelog.com/tokyo/A1304/A130401/13040676/
ラーメン,壱角家 新宿歌舞伎町一番街店,"営業時間
24時間営業",東京都新宿区歌舞伎町1-21-12 カドービル B1～1F,https://tabelog.com/tokyo/A1304/A130401/13280755/
ラーメン,東京海老トマト,"営業時間
[月～金] 11:00～23:00(L.O22：30)[土・日] 11:00～23:00(L.O22：30)
日曜営業
定休日
年中無休",東京都新宿区西新宿7-9-7 ニッカビル 1F,https://tabelog.com/tokyo/A1304/A130401/13287484/
ラーメン,尾道ラーメン 壱番館 新宿御苑店,"営業時間
11:00～15:0018:00～21:30（L.O.21:00）
定休日
日曜日",東京都新宿区四谷4-28-20 パレ・エテルネル 1F,https://tabelog.com/tokyo/A1304/A130402/13253702/
ラーメン,創始 麺屋武蔵,"営業時間
11:00～22:30(L.O.22:30)
日曜営業
定休日
無休",東京都新宿区西新宿7-2-6 Ｋ１ビル　１Ｆ,https://tabelog.com/tokyo/A1304/A130401/13001013/
ラーメン,どうとんぼり神座 新宿店,"営業時間
24時間営業
日曜営業
定休日
無休",東京都新宿区歌舞伎町1-14-1 1F・2F,https://tabelog.com/tokyo/A1304/A130401/13000115/
ラーメン,自家製麺223,"営業時間
[火～土]11:00～15:00 17:00～22:00[日]11:00～16:30
日曜営業
定休日
月曜日",東京都新宿区北新宿3-9-10,https://tabelog.com/tokyo/A1304/A130404/13283964/
ラーメン,中華そば みた葉,"営業時間
11:30～15:0017:00～22:00
定休日
木曜日、日曜日のランチ",東京都新宿区市谷柳町25-11 F&Ssビル 1F,https://tabelog.com/tokyo/A1305/A130504/13289086/
ラーメン,祥龍房刀削麺荘,"営業時間
11：30～15：0017：30～01：00
定休日
無休",東京都新宿区大久保2-1-11 1F,https://tabelog.com/tokyo/A1304/A130401/13124265/
ラーメン,麺屋武蔵 五輪洞,"営業時間
[月～金]11:00～22:30[土・日・祝]11:00～21:00",東京都新宿区西新宿8-5-3 渡邊ビル 1F,https://tabelog.com/tokyo/A1304/A130401/13251819/
ラーメン,ラーメン イエロー 新宿御苑前店,"営業時間
[月～日]不定期営業
日曜営業
定休日
なし",東京都新宿区四谷4-28-17 大木戸ビル 1F,https://tabelog.com/tokyo/A1304/A130402/13235017/
ラーメン,壱角家 西新宿本店,"営業時間
11:00～23:00
日曜営業
定休日
無休",東京都新宿区西新宿1-15-1 桜木ビル 2F,https://tabelog.com/tokyo/A1304/A130401/13178320/
ラーメン,鶏そば 三歩一,"営業時間
11:00〜15:0017:00〜23:30（L.O.23:15）※スープなくなり次第終了
日曜営業
定休日
不定休",東京都新宿区高田馬場2-14-9 明芳ビル１Ｆ,https://tabelog.com/tokyo/A1305/A130503/13134126/
ラーメン,麺屋 ふぅふぅ亭,"営業時間
[月～金］11:30～15:40 (L.O15:30）17:30～22:30 (L.O22:00)  [土.日.祝]11：30～22:00（ＬＯ21:30）※麺やスープが終わり次第終了となります。※電子マネーのみ使用可 
日曜営業
定休日
無休",東京都新宿区矢来町118 石本マンション　1F,https://tabelog.com/tokyo/A1309/A130905/13092114/
ラーメン,新潟らーめん こばやし,,東京都新宿区住吉町2-9,https://tabelog.com/tokyo/A1309/A130903/13207093/
ラーメン,中華風居酒屋 龍太 2号店,"営業時間
11:00～14:00
定休日
日曜日・祝日",東京都新宿区納戸町12,https://tabelog.com/tokyo/A1309/A130905/13190643/
ラーメン,壱角家 新宿西口2号店,"営業時間
10:30～翌3:00
日曜営業
定休日
無休",東京都新宿区西新宿1-4-5 西新宿オークビル 1F,https://tabelog.com/tokyo/A1304/A130401/13172797/
ラーメン,epilogue 08,"営業時間
Twitterにて確認
定休日
不定休（Twitterに記載）",東京都新宿区中落合2-9-5,https://tabelog.com/tokyo/A1321/A132101/13242426/
ラーメン,道玄,"営業時間
11:30～22:30
日曜営業
定休日
火曜日　(祝日の場合は営業となります。）",東京都新宿区高田馬場4-10-14 IMAビル　1Ｆ,https://tabelog.com/tokyo/A1305/A130503/13095036/
ラーメン,濃厚鶏そば 晴壱,"営業時間
■平日 11:30〜翌2:00 ラストオーダー1:45（15:30〜17:00の間は中休み）■土曜日 11:30〜翌2:00 ラストオーダー1:45  (通し営業)■日曜祝祭日 11:30〜23:00 ラストオーダー22:45（通し営業）
日曜営業
定休日
定休日はなし",東京都新宿区住吉町2-10 ソフィアM １F,https://tabelog.com/tokyo/A1309/A130903/13147851/
ラーメン,中華そば 山下,,東京都新宿区四谷2-3-6 パルム四谷 1F,https://tabelog.com/tokyo/A1309/A130902/13271545/
ラーメン,麺屋 翔 みなと,"営業時間
・平日11:00〜20:00・土日祝11:00〜15:30年末年始の営業のお知らせです。【みなと】30日　　昼営業まで31日　　お休み1日　　　お休み２日　　お休み3日　　営業
日曜営業
定休日
無休（年末年始、ビル休館日等有り）",東京都新宿区西新宿1-26-2 新宿野村ビル B2F,https://tabelog.com/tokyo/A1304/A130401/13226749/
ラーメン,らーめん とも,"営業時間
［月～土］11:00～15:0017:00～22:00
定休日
日曜日",東京都新宿区西早稲田2-4-19,https://tabelog.com/tokyo/A1305/A130504/13287839/
ラーメン,えび豚骨拉麺 春樹 新宿御苑前店,"営業時間
[月～金]11:00～24:00(ラストオーダー：23:30)[土・日・祝]11:00～22:00(ラストオーダー：21:30)
日曜営業
定休日
年中無休",東京都新宿区新宿1-19-6 ＩＳビル 1F,https://tabelog.com/tokyo/A1304/A130402/13152296/
ラーメン,辛麺 華火,"営業時間
19：00～翌朝10:00    (L.O9:30)※店休毎月１日、不定休あり　要電話確認
日曜営業
定休日
毎月1日　不定休、営業時間変更あり",東京都新宿区歌舞伎町1-2-17 桂昇新宿ビル B1F,https://tabelog.com/tokyo/A1304/A130401/13226087/
ラーメン,本家 第一旭 新宿店,"営業時間
【月曜日〜土曜日】11:00～22:00【日曜日】11:00～18:00
日曜営業
定休日
無休",東京都新宿区新宿1-13-7 東宝ビル 1F,https://tabelog.com/tokyo/A1304/A130402/13229223/
ラーメン,壱角家 新宿中央東口店,"営業時間
11:00～23:00
日曜営業
定休日
無休",東京都新宿区新宿3-34-14,https://tabelog.com/tokyo/A1304/A130401/13171051/
ラーメン,ミサト,,東京都新宿区戸山2-33,https://tabelog.com/tokyo/A1304/A130401/13171026/
ラーメン,ラーメン 富士丸 西早稲田店,"営業時間
[火～土]11:00～15:0017:00～(L.O.20:50)[日]11:00～15:00  
日曜営業
定休日
月曜日",東京都新宿区大久保2-8-16,https://tabelog.com/tokyo/A1305/A130504/13281367/
ラーメン,わ蔵 新宿店,"営業時間
24時間営業
日曜営業
定休日
無休",東京都新宿区歌舞伎町1-10-11 平沢第一ビル 1F,https://tabelog.com/tokyo/A1304/A130401/13025418/
ラーメン,麺庵大和,"営業時間
［火～日・祝］11:00～15:30（L.O.15:00）
日曜営業
定休日
月曜・不定休",東京都新宿区市谷台町18-5,https://tabelog.com/tokyo/A1309/A130903/13259236/
ラーメン,ライフイズベター…フロムユメヲカタレ,"営業時間
[火～土］11:30～14:3018:30～21:30［日］11:30～14:30
日曜営業
定休日
月曜日",東京都新宿区西早稲田1-18-2,https://tabelog.com/tokyo/A1305/A130504/13272878/
ラーメン,武道家 本店,"営業時間
[月～日]11:00～22:00
日曜営業
定休日
無休",東京都新宿区馬場下町62 白馬ビル 1F,https://tabelog.com/tokyo/A1305/A130504/13038035/
ラーメン,壱角家 新宿東南口店,"営業時間
全日11：00～翌3：00
日曜営業
定休日
無休",東京都新宿区新宿3-35-5 守ビル 1F,https://tabelog.com/tokyo/A1304/A130401/13194257/
ラーメン,支那そば屋 こうや,"営業時間
～年末年始の営業日程～12/29まで：通常営業12/30～2024/1/3：休業1/4以降：通常営業[月～金]11:30～22:00（L.O21:45）[土]11:30～21:00（L.O20:45）[祝日]Twitter（＠yotsuya_koya）やGoogleビジネスプロフィールをご確認下さい。※各日とも食材等の在庫状況により閉店時間やL.Oが早まる場合があります
定休日
日曜日",東京都新宿区四谷1-23 上野ＫＧビル 1Ｆ,https://tabelog.com/tokyo/A1309/A130902/13000840/
ラーメン,らーめん バリ男 神楽坂店,"営業時間
［月～金］11:00～15:30 17:00～22:10[土・日]11:00～21:00
日曜営業
定休日
無休",東京都新宿区神楽坂6-8-23,https://tabelog.com/tokyo/A1309/A130905/13228138/
ラーメン,旨辛ラーメン 表裏 高田馬場店,"営業時間
営業時間のご案内［月～金］11:00～24:30(L.O24:00)［土・日・祝日］11:00～23:00(L.O22:30)＊スープ、材料無くなり次第終了＊ラストオーダーは閉店時間30分前
日曜営業
定休日
年末年始",東京都新宿区高田馬場2-14-27,https://tabelog.com/tokyo/A1305/A130503/13161818/
ラーメン,支那蕎麦 澤田,"営業時間
[月・火・木・金]11:00～21:00[水]11:00～17:00[土]11:00～15:00
定休日
日曜日",東京都新宿区新宿1-12-1,https://tabelog.com/tokyo/A1304/A130402/13257218/
ラーメン,麺屋こころ 高田馬場店,"営業時間
11:00～15:0017:30～22:30
定休日
日曜日",東京都新宿区西早稲田2-21-7,https://tabelog.com/tokyo/A1305/A130504/13171425/
ラーメン,天下一品 歌舞伎町店,"営業時間
11：00～22：30
日曜営業
定休日
なし",東京都新宿区歌舞伎町1-14-3 第103東京ビル 1F・2F,https://tabelog.com/tokyo/A1304/A130401/13019259/
ラーメン,自家製中華そば としおか,"営業時間
11:00～14:00
定休日
日曜日",東京都新宿区弁天町20,https://tabelog.com/tokyo/A1305/A130504/13182315/
ラーメン,こころば,,東京都新宿区馬場下町14 清渓ビル 2F,https://tabelog.com/tokyo/A1305/A130504/13285501/
ラーメン,すごい煮干ラーメン凪 西新宿七丁目店,"営業時間
【月～土】10:00～22:30L.O【日祝】10:00～21:00L.Oいつもラーメン凪西新宿店をご利用いただきありがとうございます。10月29日(日)はスタッフ研修のため、17:00に閉店させていただきます。お客様にはご不便をおかけいたしますが、ご理解の程よろしくお願い申し上げます。
定休日
なし",東京都新宿区西新宿7-13-7 大森ビル 1F,https://tabelog.com/tokyo/A1304/A130401/13141868/
ラーメン,福しん 新大久保店,"営業時間
11:00～夜23:00
日曜営業
定休日
年末年始 他、臨時休業有り",東京都新宿区大久保1-15-17 サンハイム大久保　1F,https://tabelog.com/tokyo/A1304/A130404/13106899/
ラーメン,博多食堂 新宿店,,東京都新宿区新宿5-8-14 新宿オービル 1F,https://tabelog.com/tokyo/A1304/A130401/13250116/
ラーメン,山田屋,"営業時間
[月〜金]11:00～15:00  17:00〜21:00[土]11:00～15:00  17:00〜20:00
定休日
日曜、祝日",東京都新宿区西新宿4-11-18,https://tabelog.com/tokyo/A1304/A130401/13066030/
ラーメン,三昇,,東京都新宿区西五軒町9-5,https://tabelog.com/tokyo/A1309/A130905/13066019/
ラーメン,麺屋 きよし,"営業時間
11:00～23:00
定休日
日曜日",東京都新宿区山吹町263-2,https://tabelog.com/tokyo/A1309/A130905/13176054/
ラーメン,麺や 麦ゑ紋,"営業時間
11:00～23:00
日曜営業
定休日
無休",東京都新宿区西新宿7-4-6 ストーク新宿井岡 1F,https://tabelog.com/tokyo/A1304/A130401/13262885/
ラーメン,麺屋 我論,"営業時間
11:30〜15:00/18:30〜22:30
定休日
日曜日（祝日は営業）",東京都新宿区歌舞伎町1-1-5 Diner5GALLONS 1F,https://tabelog.com/tokyo/A1304/A130401/13247821/
ラーメン,らーめん 味來,"営業時間
11:00～22:00
定休日
日曜日",東京都新宿区大久保3-9-5,https://tabelog.com/tokyo/A1305/A130503/13288005/
ラーメン,日高屋 大久保北口店,,東京都新宿区百人町1-19-14,https://tabelog.com/tokyo/A1304/A130404/13105839/
ラーメン,新宿小滝橋 クマちゃんラーメン,"営業時間
[月〜土]10:00～16:00 17:00～22:00[日]10:00～16:00 17:00～20:00",東京都新宿区西新宿7-5-6 新宿ダイカンプラザ756 1F,https://tabelog.com/tokyo/A1304/A130401/13287605/
ラーメン,ピコピコポン,"営業時間
[月～金]11:00～15:30（L.O.15:20）17:00～22:30（L.O.22:00）[日]9:00～15:30（L.O.15:00）
日曜営業
定休日
土曜日",東京都新宿区高田馬場1-3-13,https://tabelog.com/tokyo/A1305/A130504/13221961/
ラーメン,大碗蘭州拉麺・刀削麺,"営業時間
11:00～23:00",東京都新宿区高田馬場2-14-6 2F,https://tabelog.com/tokyo/A1305/A130503/13268990/
ラーメン,Ramen Afro Beats,"営業時間
[火～土]11:00～14:3017:30～20:00[日]11:00～16:00
日曜営業
定休日
月曜日",東京都新宿区新宿1-16-10,https://tabelog.com/tokyo/A1304/A130402/13282860/
ラーメン,つけ麺屋 やすべえ 高田馬場店,"営業時間
月～土：11:00-22:00／日：11:00-21:00麺、スープ無くなり次第閉店
日曜営業
定休日
無休",東京都新宿区高田馬場1-22-7 １Ｆ,https://tabelog.com/tokyo/A1305/A130503/13000057/
ラーメン,らーめん 大 大久保店,"営業時間
[月～土]11:00～翌2:30
定休日
日曜日",東京都新宿区百人町1-20-3 バラードハイム新宿渡辺ビル 1F,https://tabelog.com/tokyo/A1304/A130404/13085897/
ラーメン,味楽,"営業時間
11:00～14:00／17:00～19:30
定休日
日曜日、祝日",東京都新宿区富久町5-10,https://tabelog.com/tokyo/A1309/A130903/13106031/
ラーメン,えっちゃんラーメン。,"営業時間
11/2718:00～22:00 一時休業ご迷惑をおかけいたしますが、よろしくお願いいたします。【月】8:00-【火～土】24時間営業【日】-朝7時閉店
日曜営業
定休日
無休",東京都新宿区歌舞伎町1-15-8 丸雄ビル 1F,https://tabelog.com/tokyo/A1304/A130401/13249836/
ラーメン,柳屋銀次郎,"営業時間
11:00～スープ終わり次第終了
日曜営業
定休日
月曜日",東京都新宿区西早稲田2-4-25 ハイネス西早稲田 1F,https://tabelog.com/tokyo/A1305/A130504/13216666/
ラーメン,日高屋 新宿東口店,"営業時間
10:30～翌3:30
日曜営業",東京都新宿区新宿3-21-1,https://tabelog.com/tokyo/A1304/A130401/13093135/
ラーメン,舎鈴 新宿センタービル店,"営業時間
[月・火・水・木・金]11:00～22:00(L.O.21:30)[土]11:00～21:00(L.O.20:30)[日・祝]11:00～16:30(L.O.16:00)
日曜営業
定休日
年末年始",東京都新宿区西新宿1-25-1 新宿センタービル B1F,https://tabelog.com/tokyo/A1304/A130401/13284323/
ラーメン,ふく流らーめん 轍 東京高田馬場本店,,東京都新宿区高田馬場2-14-3 三桂ビル 1F,https://tabelog.com/tokyo/A1305/A130503/13259843/
ラーメン,ひじり屋 西新宿店,"営業時間
[平日]11:30～14301800〜2330[土]11:30～23:00
定休日
日祝日",東京都新宿区西新宿6-16-12,https://tabelog.com/tokyo/A1304/A130401/13047076/
ラーメン,味八,,東京都新宿区西新宿7-1-7 ダイカンプラザA館 1F,https://tabelog.com/tokyo/A1304/A130401/13149493/
ラーメン,デアール,"営業時間
11:00～16:0018:00〜23:00
日曜営業
定休日
ディナーのみ日曜・祝日",東京都新宿区西新宿7-19-22 1F,https://tabelog.com/tokyo/A1304/A130401/13275865/
ラーメン,三ん寅,"営業時間
11:00～15:00(L.O) 17:30～20:00(L.O) (昼夜共に材料売り切れによる早目の終了あり)
日曜営業
定休日
不定休 (休みは店内とTwitterで告知)",東京都新宿区山吹町362 プレステージ362,https://tabelog.com/tokyo/A1309/A130905/13240660/
ラーメン,一心ラーメン,"営業時間
19:00～翌1:00※まん延防止等重点措置期間中は18:00～21:00
定休日
日曜日、祝日",東京都新宿区荒木町9-24,https://tabelog.com/tokyo/A1309/A130903/13000212/
ラーメン,中国ラーメン揚州商人 飯田橋ラムラ店,"営業時間
11:00～23:00(L.O.22:30)
日曜営業
定休日
無休",東京都新宿区神楽河岸1-1 飯田橋セントラルプラザラムラ 1F,https://tabelog.com/tokyo/A1309/A130905/13177400/
ラーメン,麺屋武蔵 鷹虎,"営業時間
11:00～22:30
日曜営業
定休日
無休",東京都新宿区高田馬場2-19-7 タックイレブンビル 1Ｆ,https://tabelog.com/tokyo/A1305/A130503/13035651/
ラーメン,ラーメン中本,,東京都新宿区新宿1丁目31-15,https://tabelog.com/tokyo/A1304/A130402/13047265/
ラーメン,焼きあご塩らー麺 たかはし 新宿本店,"営業時間
平日　11:00～翌2:00(LO 1:50)土日祝10:00～翌2:00(LO 1:50)
日曜営業
定休日
無休（年末年始を除く）",東京都新宿区歌舞伎町1-27-3 KKビル 1F,https://tabelog.com/tokyo/A1304/A130401/13178753/
ラーメン,AFURI 新宿住友ビル,"営業時間
11:00～20:00(Last order 19:30)
定休日
施設に準ずる",東京都新宿区西新宿2-6-1 新宿住友ビル B1F,https://tabelog.com/tokyo/A1304/A130401/13247855/
ラーメン,シンちゃんラーメン,"営業時間
＊月～日　10:00~23:00
日曜営業
定休日
なし",東京都新宿区新宿4-2-7,https://tabelog.com/tokyo/A1304/A130401/13273079/
ラーメン,らあめん 常護,"営業時間
［月・火・水・木・金・日］11:30～14:0018:00～21:00［土］11:30～14:00
定休日
日曜日",東京都新宿区下落合1-16,https://tabelog.com/tokyo/A1321/A132104/13258133/
ラーメン,山藤家,,東京都新宿区西落合1-1-14,https://tabelog.com/tokyo/A1321/A132101/13109800/
ラーメン,大平軒,"営業時間
[月～金]11:30～14:0018:00～20:00[土]11:30～14:00
定休日
日曜日、祝日",東京都新宿区四谷3-6 星ヶ丘ビル 1F,https://tabelog.com/tokyo/A1309/A130903/13232781/
ラーメン,中華そば 彩,"営業時間
［月～金］11:30～14:0018:00～21:00［土・祝］11:30～14:3018:00～21:00 　
定休日
日曜日",東京都新宿区下落合1-16-2 原ビル1階,https://tabelog.com/tokyo/A1321/A132104/13040231/
ラーメン,壱角家 西新宿店,"営業時間
[月～日]11:00～翌1:00
日曜営業
定休日
無休",東京都新宿区西新宿1-14-5 新和ビル 1F,https://tabelog.com/tokyo/A1304/A130401/13173574/
ラーメン,メルシー,"営業時間
11:00〜19:00
定休日
日・祝日",東京都新宿区馬場下町63,https://tabelog.com/tokyo/A1305/A130504/13000048/
ラーメン,麺匠 克味,"営業時間
11:00～14:3015:30～24:00（L.O.23:30)
定休日
日曜日",東京都新宿区住吉町8-10 ライオンズマンション市ヶ谷 １Ｆ,https://tabelog.com/tokyo/A1309/A130903/13091271/
ラーメン,麺友 一誠,"営業時間
11:30～15:0017:30～22:30ラストオーダー22:15
定休日
日曜日・祝日の月曜日　不定祝日",東京都新宿区高田馬場3-13-3,https://tabelog.com/tokyo/A1305/A130503/13001001/
ラーメン,はな火屋,"営業時間
11:00～15:0017:00～22:00
定休日
日曜日",東京都新宿区西新宿7-15-17 井西ビル 1F,https://tabelog.com/tokyo/A1304/A130401/13235318/
ラーメン,太陽のトマト麺 新宿ワシントンホテル支店,"営業時間
11:00～21:00(L.O.20:30)",東京都新宿区西新宿3-2-9 新宿ワシントンホテルビル本館 B1F,https://tabelog.com/tokyo/A1304/A130401/13236197/
ラーメン,喜多方ラーメン 坂内 新宿西口思い出横丁店,"営業時間
10:00～23:00
日曜営業
定休日
無休",東京都新宿区西新宿1-2-8,https://tabelog.com/tokyo/A1304/A130401/13131619/
ラーメン,日高屋 早稲田西口店,"営業時間
10:30～23:00(L.O.22:30)
日曜営業
定休日
無休",東京都新宿区馬場下町9 中羽ビル 1F,https://tabelog.com/tokyo/A1305/A130504/13166872/
ラーメン,鯛塩そば 灯花 本店,"営業時間
【11:00～22:00】【ラストオーダー21:50】【通し営業】【年中無休】
日曜営業
定休日
無休",東京都新宿区舟町12-13 石原マンション 1F,https://tabelog.com/tokyo/A1309/A130903/13181527/
ラーメン,ラーメン巌哲,"営業時間
[月～土］11:30～14:30 18:00～21:00
定休日
日曜日、祝日の月曜日",東京都新宿区西早稲田1-10-4,https://tabelog.com/tokyo/A1305/A130504/13167439/
ラーメン,横浜家系らーめん たけ家,,東京都新宿区荒木町8-3 プリモJKビル 1F,https://tabelog.com/tokyo/A1309/A130903/13183261/
ラーメン,四谷商店,"営業時間
営業時間・休業日は変更となる場合がございますので、HPにて最新情報をご確認ください
日曜営業
定休日
無休",東京都新宿区四谷1-9-6 YGビル 1F,https://tabelog.com/tokyo/A1309/A130902/13196247/
ラーメン,壱角家 新宿アルタ裏店,"営業時間
[月～木]11:00～23:00{金～日]24時間営業
日曜営業
定休日
無休",東京都新宿区新宿3-24-8 MOA CENTER BLDG. B1F,https://tabelog.com/tokyo/A1304/A130401/13251679/
ラーメン,一蘭 新宿中央東口店,"営業時間
9:00～翌6:00（L.O.翌6:00）※営業時間は変更になる場合がございますので、最新情報は公式HPをご確認ください
日曜営業
定休日
年中無休",東京都新宿区新宿3-34-11 ピースビル B1F,https://tabelog.com/tokyo/A1304/A130401/13100501/
ラーメン,耶曼牛肉面 新大久保駅前店,"営業時間
ランチ：11:00～15:00ディナー：17:00～23:00
日曜営業
定休日
無休",東京都新宿区百人町1-10-10 KMビル 3F,https://tabelog.com/tokyo/A1304/A130404/13250110/
ラーメン,味噌ラーメン百庵 西新宿店,"営業時間
11:00～22:00
日曜営業",東京都新宿区西新宿8-19-1 小林ビル 1F,https://tabelog.com/tokyo/A1304/A130401/13275275/
ラーメン,俺流塩らーめん 神楽坂上店,,東京都新宿区神楽坂5-26 カグラザカ5 1F,https://tabelog.com/tokyo/A1309/A130905/13286167/
ラーメン,博多 一風堂 高田馬場店,"営業時間
10:00～22:00",東京都新宿区西早稲田2-15-7,https://tabelog.com/tokyo/A1305/A130504/13004127/
ラーメン,札幌本舗,"営業時間
11:00～20:00(L.O.19:30)
定休日
日曜日",東京都新宿区西新宿6-5-1 新宿アイランドタワー アトリウム B1F,https://tabelog.com/tokyo/A1304/A130401/13042935/
ラーメン,中華そば 児ノ木,"営業時間
11:00〜15:0017:30〜21:00その他、臨時休業等の情報はTwitterにて随時更新しております
日曜営業
定休日
月、金",東京都新宿区上落合1-5-3,https://tabelog.com/tokyo/A1319/A131901/13154006/
ラーメン,ラー麺 ずんどう屋 新宿歌舞伎町店,"営業時間
24時間営業月曜AM6時～11時は休み
日曜営業
定休日
無休（年末年始を除く）",東京都新宿区歌舞伎町2-39-3 KMS会館 1F,https://tabelog.com/tokyo/A1304/A130401/13170275/
ラーメン,隴垣金城　蘭州清湯牛肉面,"営業時間
昼11:00～14:30 夜16:30～21:30
日曜営業
定休日
土曜日",東京都新宿区西早稲田1丁目9-10 扶桑ハイツ早稲田１F,https://tabelog.com/tokyo/A1305/A130504/13226035/
ラーメン,RAMEN MATSUI,"営業時間
[平日]11:00～15:00[土・日・祝]11:00～16:00※平日は15:00、土日祝は16:00迄にご来店、もしくはお並びいただければご提供可能です。味によって売り切れの可能性もありますので予めご了承ください。
日曜営業
定休日
毎週水曜＆木曜定休　※詳細はX、Instagramをご確認ください。",東京都新宿区四谷4-25-10 ダイアパレス御苑前 B-2,https://tabelog.com/tokyo/A1304/A130402/13285098/
ラーメン,歌舞伎町麺’S倶楽部 KING,,東京都新宿区歌舞伎町2-27-8 アタミビル 1F,https://tabelog.com/tokyo/A1304/A130401/13054275/
ラーメン,三田製麺所 新宿西口店,"営業時間
［月・日・祝］10:30～22:30(L.O.22:00)［火～土・祝前］10:30～翌2:30(L.O.翌2:00)
日曜営業
定休日
無休",東京都新宿区西新宿1-13-3 西新ビル1F,https://tabelog.com/tokyo/A1304/A130401/13119950/
ラーメン,風来居 新宿店,"営業時間
11:00～23:00( 通し営業 )スープが終わり次第終了いたします
日曜営業
定休日
無休",東京都新宿区西新宿7-19-18 セードル新宿ハイツ　１Ｆ,https://tabelog.com/tokyo/A1304/A130401/13001028/
ラーメン,札幌ラーメン 一石を投じる,,東京都新宿区歌舞伎町2-21-4 三経21ビル 1F,https://tabelog.com/tokyo/A1304/A130401/13291483/
ラーメン,壱○壱,,東京都新宿区西新宿7-11-16 プラスワンビル １Ｆ,https://tabelog.com/tokyo/A1304/A130401/13161001/
ラーメン,酒亭 かけそば かずまる田,,東京都新宿区津久戸町3-5,https://tabelog.com/tokyo/A1309/A130905/13228470/
ラーメン,満天らーめん,"営業時間
11:00～15:0017:00～22:00
日曜営業
定休日
水曜日",東京都新宿区西落合1-14-11,https://tabelog.com/tokyo/A1321/A132101/13253430/
ラーメン,江戸麺GOODLE 歌舞伎町店,"営業時間
5:00～13:00(L.O.12:30)
定休日
日曜日",東京都新宿区歌舞伎町1-11-12 KIビル 1F,https://tabelog.com/tokyo/A1304/A130401/13286090/
ラーメン,博多ラーメン 一心堂 早稲田店,"営業時間
11:00～15:0017:00～翌0:30
日曜営業",東京都新宿区早稲田町74 セルシオ早稲田 1F,https://tabelog.com/tokyo/A1305/A130504/13288537/
ラーメン,担々めん 漁〆,,東京都新宿区高田馬場4-17-15,https://tabelog.com/tokyo/A1305/A130503/13288902/
ラーメン,ラーメンセンター炎 西早稲田店,"営業時間
［平日］11:00～15:00   17:00〜22:00(L.O.21:30)［土、日、祝］11:00～22:00(L.O.21:30)
日曜営業
定休日
不定休",東京都新宿区西早稲田3-15-3 リアルビルディング西早稲田 1F,https://tabelog.com/tokyo/A1305/A130504/13291736/
ラーメン,萬馬軒 新宿西口店,"営業時間
11:00～15:3017:30～23:00
定休日
月曜日、日曜日",東京都新宿区西新宿7-1-3 1F,https://tabelog.com/tokyo/A1304/A130401/13291666/
ラーメン,マックドゥ 神宮球場店,,東京都新宿区霞ヶ丘町3-1 明治神宮球場,https://tabelog.com/tokyo/A1309/A130901/13160357/
ラーメン,一滴家 新宿エステックビル店,"営業時間
[月～金]11:30～14:30(L.O.14:00)
定休日
土曜・日曜・祝日",東京都新宿区西新宿1-24-1 エステック情報ビル 4F,https://tabelog.com/tokyo/A1304/A130401/13270555/
ラーメン,朱,,東京都新宿区歌舞伎町1-3-13 第五金嶋ひとみビル 1F,https://tabelog.com/tokyo/A1304/A130401/13285215/
ラーメン,壱角家 新宿靖国通店,"営業時間
24時間営業
日曜営業",東京都新宿区新宿3-22-9 丸一ビル 1F～4F,https://tabelog.com/tokyo/A1304/A130401/13289070/
ラーメン,麺屋 帆のる 新宿御苑前店,"営業時間
11:30～15:00(L.O.14:30)17:00～21:00(L.O.20:30)
日曜営業
定休日
火曜日",東京都新宿区新宿1-31-3 ダイヤパレス一丁目 B1F,https://tabelog.com/tokyo/A1304/A130402/13282593/
ラーメン,居酒屋　小滿,"営業時間
12:00～16:0017:00～23:00
日曜営業
定休日
不定休",東京都新宿区高田馬場2-19-4,https://tabelog.com/tokyo/A1305/A130503/13204832/
ラーメン,ラーメン 双六,"営業時間
[月・火・木・金・土]11:30～14:00
定休日
水曜日、日曜日、祝日",東京都新宿区新宿6-20-6 小山ビル 1F,https://tabelog.com/tokyo/A1304/A130401/13279526/
ラーメン,一条流中華そば 智颯,"営業時間
[木］10:00～14:00
定休日
月曜日、火曜日、水曜日、金曜日、土曜日、日曜日",東京都新宿区舟町4-1 メゾンド四谷 1F,https://tabelog.com/tokyo/A1309/A130903/13289172/
ラーメン,壱角家 新宿西口店,,東京都新宿区西新宿1-2-12 ミリオンアネックス西新宿 1～2F,https://tabelog.com/tokyo/A1304/A130401/13283540/
ラーメン,ハラルラーメン 新宿,"営業時間
11:30～15:0017:00～22:00
日曜営業
定休日
水曜日",東京都新宿区四谷1-23 上野ビル B1F,https://tabelog.com/tokyo/A1309/A130902/13289313/
ラーメン,はぐれ雲,"営業時間
11:00～22:00　(22:00Ｌ.O)
日曜営業
定休日
年中無休　(年末年始はお問い合わせ下さい)",東京都文京区本郷1-34-5 寿々屋ビル 1F,https://tabelog.com/tokyo/A1310/A131004/13164299/
ラーメン,こいけのいえけい,"営業時間
昼の部  11:00～15:00夜の部  17:30～21:00
日曜営業
定休日
【2023年1２月の休業日】12/1〜15は休まず営業します！！！※16(土)以降は台湾イベント出張がある為、未定です。改めてお知らせいたします。",東京都文京区千石4-25-6 夏野マンション102,https://tabelog.com/tokyo/A1323/A132301/13277318/
ラーメン,NOT ONLY TOKYO,"営業時間
10:30～15:0017:00～22:30
定休日
不定休",東京都文京区本駒込1-10-5 マキノビル 1F,https://tabelog.com/tokyo/A1323/A132301/13284164/
ラーメン,あしたか,,東京都文京区小石川5-34-6 シャルマン小石川,https://tabelog.com/tokyo/A1323/A132302/13147716/
ラーメン,どうとんぼり神座  東京ドームシティ店,"営業時間
［月～金］11:00～23:00(L.O.22:30)［土・日・祝］10:00～23:00(L.O.22:30)
日曜営業
定休日
無休",東京都文京区後楽1-3-61 黄色いビル別棟 2F,https://tabelog.com/tokyo/A1310/A131003/13173052/
ラーメン,らあめん花月嵐 江戸川橋店,"営業時間
[店内営業時間]11:00～23:00(L.O 22:30)
日曜営業
定休日
なし",東京都文京区関口1-7-5,https://tabelog.com/tokyo/A1309/A130905/13055923/
ラーメン,日高屋 茗荷谷店,"営業時間
10:30～翌2:00（L.O.翌1:30）
日曜営業
定休日
無休",東京都文京区小石川5-4-5 クレール21 1F,https://tabelog.com/tokyo/A1323/A132302/13129439/
ラーメン,生粋 花のれん,"営業時間
11:30～(L.O.14:45)17:30～(L.O.20:30)
日曜営業
定休日
月曜日(祝日は営業、翌火曜日休み)",東京都文京区大塚3-5-4 茗荷谷ハイツ 1Ｆ,https://tabelog.com/tokyo/A1323/A132302/13184374/
ラーメン,麺庵 利休,"営業時間
11:00～15:00",東京都文京区本郷4-3-2,https://tabelog.com/tokyo/A1310/A131004/13290349/
ラーメン,麺勇軒,"営業時間
11:00～翌5:00
日曜営業
定休日
無休",東京都文京区湯島3-46-2 長谷部ビル 1F,https://tabelog.com/tokyo/A1311/A131101/13199263/
ラーメン,本枯中華そば 魚雷,"営業時間
11:00～15:00（L.O.14:50）18:00～23:00（L.O.22:45）
日曜営業
定休日
水曜",東京都文京区小石川1-8-6 アルシオン文京小石川102,https://tabelog.com/tokyo/A1310/A131004/13103739/
ラーメン,らーめん登楽 ふみや,"営業時間
11:30～15:0018:30～22:00（スープがなくなり次第終了）
定休日
日曜・祝日・土曜不定休",東京都文京区本郷2-3-13,https://tabelog.com/tokyo/A1310/A131003/13051550/
ラーメン,博多ラーメン 長浜や 本郷三丁目店,,東京都文京区本郷2-40-9 ニュー赤門ビル1F,https://tabelog.com/tokyo/A1310/A131004/13284350/
ラーメン,湯島らーめん,"営業時間
［月～金］11:00 - 23:00［土］11:00 - 15:00
定休日
日、祝、年末（12/30 - 12/31）",東京都文京区湯島3-10-10 吉澤川辺ビル 1F,https://tabelog.com/tokyo/A1311/A131101/13097428/
ラーメン,馬場壱家 白山道,"営業時間
11:00～23:30
定休日
日曜日",東京都文京区白山5-33-14 野武士白山ビル 1F,https://tabelog.com/tokyo/A1323/A132301/13263286/
ラーメン,ラーメン大至,"営業時間
［月～金］11:00～15:0017:00～20:45(L.O.)［土］11:00～15:00
定休日
日曜日、祝日",東京都文京区湯島2-1-2 佐藤ビル 1F,https://tabelog.com/tokyo/A1310/A131002/13042832/
ラーメン,らぁめん末廣,"営業時間
月ー日　11：００－２５：００
日曜営業
定休日
年末年始除いて無休",東京都文京区千駄木3-37-5,https://tabelog.com/tokyo/A1311/A131106/13066080/
ラーメン,麺屋鈴春,"営業時間
［月・火・水］11:00～15:0018:00～20:30(L.O.）（材料切れ次第終了）［木］11:00〜15:00（材料切れ次第終了）［金・土・祝日］11:00〜16:00（材料切れ次第終了）金曜日はブタジマとしての営業となりブタジマ専用メニューのみになる（祝日の場合は【麺屋鈴春】営業です）
定休日
日曜日",東京都文京区本郷2-26-1 福重ビル 1F,https://tabelog.com/tokyo/A1310/A131004/13250293/
ラーメン,麺屋 睡蓮,"営業時間
［月～金］11:00～15:0018:00～21:00(食べ物L.O.19:45、飲み物L.O.21:00 ）［土］11:00～15:00(材料売切れの場合は閉店)
定休日
日曜日、祝日",東京都文京区湯島2-2-1 東邦深澤ビル1F,https://tabelog.com/tokyo/A1310/A131002/13170164/
ラーメン,中華蕎麦にし乃,"営業時間
昼の部 11:00〜15:00/夜の部 18:00〜21:00
日曜営業
定休日
【2023年1２月の休業日】12/1〜15は休まず営業します！！！※16(土)以降は台湾イベント出張がある為、未定です。改めてお知らせいたします。",東京都文京区本郷3-30-7 熊野ビル B101,https://tabelog.com/tokyo/A1310/A131004/13218311/
ラーメン,日高屋 春日駅前店,"営業時間
11:00～23:00(L.O.22:30)
日曜営業
定休日
無休",東京都文京区本郷4-24-5 春日ビル 1F,https://tabelog.com/tokyo/A1310/A131004/13231251/
ラーメン,麺や 越,,東京都文京区白山5-36-2,https://tabelog.com/tokyo/A1323/A132301/13137517/
ラーメン,とんちん亭,,東京都文京区本郷3-22-9,https://tabelog.com/tokyo/A1310/A131004/13018632/
ラーメン,岡村屋,,東京都文京区弥生2-12-3,https://tabelog.com/tokyo/A1311/A131106/13140152/
ラーメン,用心棒 本号,"営業時間
月～土昼の部11:00-15:00夜の部17:00-21:00日曜日昼のみ11:00-15:45
日曜営業
定休日
無し※年末年始除く",東京都文京区向丘1-20-6 ファミール本郷 1F,https://tabelog.com/tokyo/A1310/A131004/13116286/
ラーメン,ブタジマくん,"営業時間
[金]11:00～16:00
定休日
月曜日、火曜日、水曜日、木曜日、土曜日、日曜日",東京都文京区本郷2-26-1 福重ビル 1F,https://tabelog.com/tokyo/A1310/A131004/13272086/
ラーメン,13湯麺 湯島店,,東京都文京区湯島3-41-3,https://tabelog.com/tokyo/A1311/A131101/13285618/
ラーメン,French Noodle Factory,"営業時間
11:00 ～ 22:30（L.O22:00）
日曜営業
定休日
無休",東京都文京区春日1-1-1 東京ドームLaQua DELI&DISH,https://tabelog.com/tokyo/A1310/A131003/13284139/
ラーメン,えび豚骨拉麺 春樹 江戸川橋店,"営業時間
[月～土]11:00～翌1:00[日]11:00～23:00
日曜営業
定休日
無休",東京都文京区関口1-19-5 弥助ビル別館 1F,https://tabelog.com/tokyo/A1309/A130905/13159603/
ラーメン,織恩,"営業時間
【月～土】１１：００～１５：００　ＬＯ１４：３０【月～金】１7：００～２2：００　ＬＯ２１：３０                         または品切れ次第終了※緊急事態宣言中に関しては短縮営業を行っておりますのでご了承ください。
定休日
日曜",東京都文京区西片2-19-23 アールヴェール文京西片東大前１F,https://tabelog.com/tokyo/A1310/A131004/13117104/
ラーメン,我流担々麺 竹子 天神下店,"営業時間
[月～土]11:00～翌5:30[日・祝]11:00～23:00
日曜営業
定休日
無休",東京都文京区湯島3-38-11,https://tabelog.com/tokyo/A1311/A131101/13101187/
ラーメン,らーめん能登美,"営業時間
11:00~14:30
定休日
土、日",東京都文京区本郷1-4-1 全水道会館 1F,https://tabelog.com/tokyo/A1310/A131003/13274332/
ラーメン,ロジェ・カフェヌードル,"営業時間
11:00～19:30
定休日
日曜日、祝日",東京都文京区湯島2-3-15 田丸ビル 1F,https://tabelog.com/tokyo/A1311/A131101/13022245/
ラーメン,きなり屋,,東京都文京区小日向4-5-11,https://tabelog.com/tokyo/A1323/A132302/13104329/
ラーメン,武蔵家 白山店,,東京都文京区本駒込1-10-4 白山第一ビル　1F,https://tabelog.com/tokyo/A1323/A132301/13151745/
ラーメン,神勢。,"営業時間
[平日] 11:30～22:00(L.O)[土・日・祝] 11:30～15:30（L.O）
日曜営業
定休日
不定休",東京都文京区本郷3-39-9,https://tabelog.com/tokyo/A1310/A131004/13021646/
ラーメン,らーめん 一信,"営業時間
11:00～23:00
日曜営業
定休日
無休",東京都文京区本郷5-23-11 野神ビル 1F,https://tabelog.com/tokyo/A1310/A131004/13246383/
ラーメン,自家製麺 MENSHO TOKYO,"営業時間
定休日なし　11:00～22:00 (L.O 21:40)8/12,8/13　11:00〜20:00
日曜営業
定休日
無休(年末年始のみ休業）",東京都文京区春日1-15-9,https://tabelog.com/tokyo/A1310/A131003/13171239/
ラーメン,自家製麺 ほんま,"営業時間
[月・水・木・金・土]11:00～15:0018:00～21:00[日・祝]11:00～15:30
日曜営業
定休日
火曜日",東京都文京区本駒込5-58-7,https://tabelog.com/tokyo/A1323/A132301/13235081/
ラーメン,らぁめん 生姜は文化。,"営業時間
[月～金]11:00～15:0017:00～20:00[土・日・祝]11:00～20:00",東京都文京区本駒込6-6-2 沢谷ビル1F,https://tabelog.com/tokyo/A1323/A132301/13224621/
ラーメン,博多ラーメン つる,"営業時間
[月～日・祝]11:00～23:00
日曜営業",東京都文京区春日1-15-9 104,https://tabelog.com/tokyo/A1310/A131003/13150224/
ラーメン,ラーメンバル ゆきかげ,"営業時間
［火・水］11:00～14:0017:00～22:30［月・金］17:00～22:30［土・日］11:00～22:30
日曜営業
定休日
木曜日",東京都文京区根津2-18-3,https://tabelog.com/tokyo/A1311/A131106/13226881/
ラーメン,麺家 凛,"営業時間
[月～土]11:00～15:0017:00～21:30
定休日
日曜日",東京都文京区本郷2-39-7,https://tabelog.com/tokyo/A1310/A131004/13282413/
ラーメン,せたが屋 東京ドームシティ店,"営業時間
10:00～21:00
日曜営業
定休日
無休",東京都文京区後楽1-3-61 東京ドームシティ　GO-FUN内,https://tabelog.com/tokyo/A1310/A131003/13130547/
ラーメン,札幌味噌ラーメン 三好,,東京都文京区本郷6-25-14,https://tabelog.com/tokyo/A1310/A131004/13207102/
ラーメン,札幌熟成味噌らーめん匠神 湯島店,"営業時間
11:00～15:0017:00～23:00",東京都文京区湯島3-16-9,https://tabelog.com/tokyo/A1311/A131101/13227334/
ラーメン,横浜家系ラーメン 天神家,,東京都文京区湯島3-41-5,https://tabelog.com/tokyo/A1311/A131101/13282196/
ラーメン,麺屋げんぞう,"営業時間
[月～木]11:45～14:0017:00～24:00(L.O.23:30)[金・祝前日]11:45～14:0017:30～翌1:00[土]17:00～24:00
定休日
日曜・祝日",東京都文京区湯島3-35-3 中村ビル 1F,https://tabelog.com/tokyo/A1311/A131101/13101129/
ラーメン,君,,東京都文京区本郷3-15-2,https://tabelog.com/tokyo/A1310/A131004/13175823/
ラーメン,らあめん花月嵐 護国寺店,"営業時間
11:00～22:00
日曜営業
定休日
無休",東京都文京区音羽2-11-25,https://tabelog.com/tokyo/A1323/A132302/13266415/
ラーメン,麺処 大章,"営業時間
11:30～15:0017:00～20:00(L.O.19:30)
日曜営業
定休日
火曜日、第1・3月曜日",東京都文京区本駒込4-41-5,https://tabelog.com/tokyo/A1323/A132301/13196010/
ラーメン,俺の生きる道 白山,"営業時間
［月〜土］11:30〜15:0017:30〜21:30
定休日
日曜日",東京都文京区白山5-36-14 マガザン白山 1F,https://tabelog.com/tokyo/A1323/A132301/13202927/
ラーメン,大島ラーメン 護国寺店,"営業時間
11:00〜21:30ランチメニュー15時まで
日曜営業
定休日
年中無休",東京都文京区音羽1-17-15,https://tabelog.com/tokyo/A1323/A132302/13045579/
ラーメン,大王ラーメン,"営業時間
11:00～翌3:00
日曜営業
定休日
水曜日",東京都文京区関口1-41-1,https://tabelog.com/tokyo/A1305/A130504/13036665/
ラーメン,横浜家系ラーメン 本郷家,"営業時間
[月～金] 11:00～23:00[日]11:00～16:00
日曜営業
定休日
土曜・祝日",東京都文京区本郷4-1-3 本郷明和ビル 1F,https://tabelog.com/tokyo/A1310/A131004/13189109/
ラーメン,日高屋 後楽園白山通店,"営業時間
10:00～21:00(お酒L.O.20:00 料理L.O.20:30)
日曜営業
定休日
無休",東京都文京区本郷1-20-4,https://tabelog.com/tokyo/A1310/A131003/13073655/
ラーメン,らーめん安,,東京都文京区本郷3-28-13,https://tabelog.com/tokyo/A1310/A131004/13045231/
ラーメン,IZASA,,東京都文京区本郷5-25-17 ドミネンス本郷 1F,https://tabelog.com/tokyo/A1310/A131004/13161177/
ラーメン,麺屋 ねむ瑠,"営業時間
11:00～23:00(L.O.22:30)
日曜営業
定休日
無休（年末年始休暇あり）",東京都文京区本郷4-3-2,https://tabelog.com/tokyo/A1310/A131004/13186981/
ラーメン,家家家 本郷店,"営業時間
[月～土]11:00～24:00[日・祝]11:00～22:00
日曜営業
定休日
無休",東京都文京区本郷5-23-11 平木ビル 1F,https://tabelog.com/tokyo/A1310/A131004/13050309/
ラーメン,麺やひだまり,"営業時間
2023年10月14日は営業時間が16時~20時となりま。通常営業時間土曜日、日曜日11:30〜14:0017:00〜20:00火曜~金曜　11:30~17:00祝日の場合営業時間が変則的になります、Ｘを確認して下さい。
日曜営業
定休日
月曜日",東京都文京区千駄木3-43-9,https://tabelog.com/tokyo/A1311/A131106/13129718/
ラーメン,らーめん いっとく,"営業時間
月曜～土曜11:00～22:30日曜11:00～15:4517:30～22:30
日曜営業
定休日
元日",東京都文京区千駄木3-49-10,https://tabelog.com/tokyo/A1311/A131105/13047509/
ラーメン,札幌軒,"営業時間
11:00～22:30(L.O.22:00)
定休日
日曜日",東京都文京区大塚1-4-10 銀嶺ビル 2F,https://tabelog.com/tokyo/A1323/A132302/13003841/
ラーメン,まるきんラーメン 春日店,"営業時間
11:30～翌3:30
日曜営業
定休日
無休",東京都文京区小石川1-11-13,https://tabelog.com/tokyo/A1310/A131004/13018479/
ラーメン,麺や 穂ころび,"営業時間
[月・水・木・金]11:30～15:3018:00～21:30[火・土]11:30～15:30
定休日
日曜日、11/20",東京都文京区本郷3-33-3 本郷ビル 1F,https://tabelog.com/tokyo/A1310/A131004/13282349/
ラーメン,神名備,"営業時間
[水～金]11:45～14:00[土・日]12:00～14:0018:00～20:00昼・夜ともにスープがなくなり次第終了
日曜営業
定休日
月曜日、火曜日",東京都文京区千駄木4-21-3,https://tabelog.com/tokyo/A1311/A131105/13006070/
ラーメン,麺浪漫,"営業時間
11:00～15:00(L.O.14:45)17:00～21:00(L.O.20:45)
日曜営業
定休日
水曜日",東京都文京区千石4-44-8 LE-LION 1F,https://tabelog.com/tokyo/A1323/A132301/13284419/
ラーメン,麺処 大沼,"営業時間
11:00〜15:00 / 17:00〜21:00  　　　　　　　　L.O  20:30
日曜営業
定休日
月曜日",東京都文京区湯島3-35-6,https://tabelog.com/tokyo/A1311/A131101/13252714/
ラーメン,太陽のトマト麺 上野広小路店,"営業時間
11:00～23:00(LO.22:30)---
日曜営業",東京都文京区湯島3-39-1 武南ビル 1F,https://tabelog.com/tokyo/A1311/A131101/13165010/
ラーメン,らー麺 夢あかり,"営業時間
[月～土]11:30～15:00[月・水・金]18:00～21:00
定休日
日曜・祝日",東京都文京区大塚5-9-3,https://tabelog.com/tokyo/A1323/A132302/13042224/
ラーメン,らーめん 雅ノ屋,"営業時間
[月・水～金]11:30～21:00[火]11:30～18:00[土・祝]11:30～15:00
定休日
日曜日",東京都文京区本郷3-5-1,https://tabelog.com/tokyo/A1310/A131004/13113746/
ラーメン,博多 一風堂 東京ドームシティ ラクーア店,"営業時間
［月～金］11:00～21:00［土・日］10:30～21:00
日曜営業
定休日
無休",東京都文京区春日1-1-1 東京ドームシティ ラクーア 1F,https://tabelog.com/tokyo/A1310/A131003/13248539/
ラーメン,らーめん琴海 本郷店,"営業時間
［平日］11:00～22:00［土曜］11:00〜21:00［日曜　祝日］11:00〜20:00※臨時休業の場合もあります。
日曜営業
定休日
定休日なし",東京都文京区本郷3-18-8,https://tabelog.com/tokyo/A1310/A131004/13184581/
ラーメン,MENSHO,"営業時間
11:00～21:00 (L.O 20:40)年末年始は以下の営業時間です12/29: 通常営業12/30〜1/3 お休み1/4〜 通常営業
日曜営業
定休日
月曜",東京都文京区音羽1-17-16 中銀音羽マンシオン１F,https://tabelog.com/tokyo/A1323/A132302/13203848/
ラーメン,こうや麺房,"営業時間
［月～金］1100:～15:00(L.O.14:45)18:00～22:30(L.O.22:00)［土］11:00～15:00(L.O.14:30)
定休日
日曜日、祝日、第2土曜日",東京都文京区本郷2-10-8,https://tabelog.com/tokyo/A1310/A131002/13008465/
ラーメン,信濃神麺 烈士洵名,"営業時間
11:00～15:00 18:00～翌2:00
日曜営業
定休日
月曜日",東京都文京区西片1-15-6,https://tabelog.com/tokyo/A1310/A131004/13015465/
ラーメン,日高屋 江戸川橋店,"営業時間
［月～木］11:00～23:00［金］11:00～16:00［土・日・祝］11:00～23:00",東京都文京区関口1-10-11 江戸川橋マンション 1F,https://tabelog.com/tokyo/A1309/A130905/13196720/
ラーメン,麺屋 HERO,"営業時間
[月・火・木・金]11:00～14:0018:00～22:00[土・日]10:00～16:00
日曜営業
定休日
水曜日、不定休:祝日",東京都文京区本駒込5-41-5 松岡ビル 1F,https://tabelog.com/tokyo/A1323/A132301/13272659/
ラーメン,尾道ラーメン 麺一筋 新大塚店,"営業時間
11:00～24:00
日曜営業
定休日
無休（年末年始、大型連休除く）",東京都文京区大塚4-52-5 青山ビル1F,https://tabelog.com/tokyo/A1323/A132302/13043190/
ラーメン,麺処 しのぶ,"営業時間
11:00～(L.O.22:45)
日曜営業
定休日
無休(年始休業)",東京都文京区千駄木2-33-9,https://tabelog.com/tokyo/A1311/A131106/13278319/
ラーメン,助六,,東京都文京区本郷2-18-10,https://tabelog.com/tokyo/A1310/A131004/13022076/
ラーメン,らーめん味来 本駒込店,"営業時間
11:00～24:00",東京都文京区本駒込1-1-14,https://tabelog.com/tokyo/A1323/A132301/13286634/
ラーメン,札幌味噌らーめん ひつじの木 大森本店,"営業時間
11:00~21:00
定休日
不定休",東京都大田区大森北1-3-9 春日ビル 1F,https://tabelog.com/tokyo/A1315/A131502/13254596/
ラーメン,狐狸丸,"営業時間
★通常月　　　[昼]11～15:00のみ火水金　[昼]11～15:00[夜]17～22:00土日　　[昼]11～15:00[夜]17～21:00※最新情報は、当店のtwitterやFacebookを参照ください。
日曜営業
定休日
木曜日",東京都大田区西蒲田5-12-8 村川ビル 102,https://tabelog.com/tokyo/A1315/A131503/13205195/
ラーメン,空港ラーメン 天鳳,"営業時間
10:00～20:00（L.O.19:45）
日曜営業
定休日
無休",東京都大田区羽田空港3-3-2 羽田空港第1旅客ターミナル 北ウイング B1F,https://tabelog.com/tokyo/A1315/A131504/13045834/
ラーメン,らーめん 潤 蒲田店,"営業時間
[月～木・日・祝]10:00～24:00(L.O.23:45)[金・土]10:00～25:00(L.O.24:45)
日曜営業
定休日
無休",東京都大田区蒲田5-20-7,https://tabelog.com/tokyo/A1315/A131503/13022796/
ラーメン,福屋ラーメン店,"営業時間
[月〜土]11:00〜14:00 17:00〜20:00
定休日
日曜日",東京都大田区大森北3-27-1,https://tabelog.com/tokyo/A1315/A131502/13073746/
ラーメン,えび豚骨拉麺 希家 池上店,,東京都大田区池上6-3-7,https://tabelog.com/tokyo/A1317/A131714/13199702/
ラーメン,煮干しつけ麺 宮元,"営業時間
11:00～15:00 17:30〜21:00
定休日
日曜日",東京都大田区西蒲田7-8-1 1F,https://tabelog.com/tokyo/A1315/A131503/13180862/
ラーメン,麺喰屋 Senmi,"営業時間
[平日]11:00～14:3018:00～22:00(L.O.)[土日祝]11:00～14:3018:00～21:00(L.O.)
日曜営業
定休日
水曜日",東京都大田区矢口1-7-9,https://tabelog.com/tokyo/A1317/A131716/13117015/
ラーメン,楓 平和島店,"営業時間
11:30～15:0018:00～23:00
定休日
なし",東京都大田区大森北6-29-10  第3TAC平和島駅前ビル1F,https://tabelog.com/tokyo/A1315/A131502/13095446/
ラーメン,麺屋 つむぎ,"営業時間
11:00～14:3017:00～21:00[日]11:00～14:30
日曜営業
定休日
月曜日",東京都大田区仲池上1-16-8 小高ビル 1F,https://tabelog.com/tokyo/A1317/A131713/13274300/
ラーメン,町田商店 大森店,"営業時間
営業時間・休業日は変更となる場合がございますので、HPにて最新情報をご確認ください",東京都大田区山王2-2-7 八景坂ビル 1F,https://tabelog.com/tokyo/A1315/A131502/13284288/
ラーメン,ラーメン日本一,"営業時間
11:00～23:30
定休日
月曜日",東京都大田区矢口1-7-14 １階,https://tabelog.com/tokyo/A1317/A131716/13096296/
ラーメン,東京ラーメン空,"営業時間
10：00～21：00
日曜営業",東京都大田区羽田空港3-3-2 羽田空港第1旅客ターミナル 1F 北ウィング,https://tabelog.com/tokyo/A1315/A131504/13059520/
ラーメン,麺処 鳴声,"営業時間
[平日］11:00～14:30(L.O.14:15) 17:30～22:00(L.O.21:45)[土日祝］11:00～14:30(L.O.14:15) 17:30～21:30(L.O.21:15)
日曜営業
定休日
水曜日",東京都大田区南馬込5-39-12 1F,https://tabelog.com/tokyo/A1317/A131713/13150577/
ラーメン,東京ラーメン　一番亭,"営業時間
18:00～翌5:00
日曜営業
定休日
無休",東京都大田区西蒲田7-26-6,https://tabelog.com/tokyo/A1315/A131503/13107476/
ラーメン,ちばから 蒲田店,"営業時間
月、水、木、金、土　11時30分〜14時30分（LO）、18時〜21時30分（LO）日　11時30分〜14時30分（LO）、18時〜20時30分（LO）
日曜営業
定休日
火曜日",東京都大田区西蒲田7-51-12 ライオンズマンション 1F,https://tabelog.com/tokyo/A1315/A131503/13260611/
ラーメン,威風 環八羽田店,"営業時間
11:00～22:30
日曜営業",東京都大田区羽田4-4-29,https://tabelog.com/tokyo/A1315/A131504/13274247/
ラーメン,日高屋 大森西口店,"営業時間
[月～日]10:00～23:00(L.O.22:30)
日曜営業
定休日
無休",東京都大田区山王2-2-13,https://tabelog.com/tokyo/A1315/A131502/13073666/
ラーメン,さつまっこ マチノマ大森店,"営業時間
11:00～20:00
日曜営業
定休日
無休",東京都大田区大森西3-1-38 マチノマ大森 2F,https://tabelog.com/tokyo/A1315/A131502/13227940/
ラーメン,麺屋 まほろ芭,"営業時間
11:00〜22:00（L.O. 21:40）
日曜営業
定休日
火曜日",東京都大田区蒲田5-34-4,https://tabelog.com/tokyo/A1315/A131503/13221764/
ラーメン,らぁめん 葉月,"営業時間
[水～土]11:30～14:0018:00～20:30[日・祝]11:30～15:00売り切れ次第終了
日曜営業
定休日
月曜日、火曜日",東京都大田区雪谷大塚町11-8,https://tabelog.com/tokyo/A1317/A131714/13008248/
ラーメン,麺屋 中,"営業時間
11:00～15:0018:00～25:00スープ終了時閉店
日曜営業
定休日
不定休",東京都大田区西蒲田6-28-3,https://tabelog.com/tokyo/A1317/A131714/13099709/
ラーメン,つじ田 大森店,"営業時間
[月～日]11:00～21:00(L.O.)
日曜営業
定休日
無休",東京都大田区大森北1-30-4 小池ビル 1F,https://tabelog.com/tokyo/A1315/A131502/13274034/
ラーメン,むらもと,"営業時間
11:00～
日曜営業
定休日
月曜日、金曜日",東京都大田区北千束3-31-6,https://tabelog.com/tokyo/A1317/A131711/13003300/
ラーメン,なるめん,,東京都大田区北千束3-16-10,https://tabelog.com/tokyo/A1317/A131711/13251648/
ラーメン,横浜家系ラーメン 明豊家 下丸子店,,東京都大田区下丸子3-10-13,https://tabelog.com/tokyo/A1317/A131716/13269505/
ラーメン,みうら家 蒲田店,,東京都大田区西蒲田7-30-3,https://tabelog.com/tokyo/A1315/A131503/13261456/
ラーメン,龍の神,"営業時間
11:00～翌1:00(L.O.翌0:45)
定休日
無休",東京都大田区南雪谷2-17-12 横田ビル 1F,https://tabelog.com/tokyo/A1317/A131714/13182980/
ラーメン,らーめん蓮 蒲田本店,"営業時間
11:00～23:00
日曜営業
定休日
無",東京都大田区西蒲田8-22-3 インペリアル蒲田１F,https://tabelog.com/tokyo/A1315/A131503/13202023/
ラーメン,鶏ポタラーメン THANK 蒲田店,"営業時間
[月～金]11:30～15:0018:00～22:00[土・日・祝]11:30～20:00
日曜営業
定休日
ＧＷ・お盆・年末年始はお休みとなります。",東京都大田区蒲田5-43-6,https://tabelog.com/tokyo/A1315/A131503/13291692/
ラーメン,ONORI,"営業時間
11:30～14:30(L.O.)18:00～22:30(L.O.)
日曜営業
定休日
木曜日",東京都大田区大森西6-15-17,https://tabelog.com/tokyo/A1315/A131503/13283182/
ラーメン,楓,"営業時間
11:30～15:00(L.O.)17:30～23:00(L.O.)2021/10/25から変更
日曜営業
定休日
年中無休",東京都大田区東六郷2-8-1,https://tabelog.com/tokyo/A1315/A131503/13036918/
ラーメン,連,"営業時間
11：30～14：3017：30～23：30
定休日
日曜日",東京都大田区大森中2-2-1 1F,https://tabelog.com/tokyo/A1315/A131503/13110561/
ラーメン,餃子とタンメン 天,"営業時間
9:30～22:00(L.O.21:30)
日曜営業
定休日
無休",東京都大田区羽田空港3-4-2 羽田空港 第2旅客ターミナル1F マーケットプレイス,https://tabelog.com/tokyo/A1315/A131504/13201506/
ラーメン,ラーメン ビッグ,,東京都大田区多摩川1-2-25,https://tabelog.com/tokyo/A1317/A131716/13243228/
ラーメン,ラーメン 環2家 蒲田店,"営業時間
営業時間11時～22時（ラストオーダー21時30分）
日曜営業
定休日
12月の定休日：11日（月）、25日（月）",東京都大田区西蒲田7-1-10,https://tabelog.com/tokyo/A1315/A131503/13257702/
ラーメン,横浜ラーメン 響家,,東京都大田区大森北1-4-10,https://tabelog.com/tokyo/A1315/A131502/13285565/
ラーメン,らあめん花月嵐 大森町店,"営業時間
[店内営業時間]11:00～26:00
日曜営業
定休日
 なし",東京都大田区大森西3-25-5,https://tabelog.com/tokyo/A1315/A131502/13055921/
ラーメン,一基,"営業時間
11:00～翌4:00
日曜営業
定休日
無休",東京都大田区西蒲田7-67-12,https://tabelog.com/tokyo/A1315/A131503/13162825/
ラーメン,中華そば 春夏◯冬,"営業時間
［火～土］11:00～15:00(L.O.14:30)17:30～23:00(L.O.22:30)［日］11:00～15:30(L.O.15:00)
日曜営業
定休日
月曜日",東京都大田区蒲田5-19-5,https://tabelog.com/tokyo/A1315/A131503/13281267/
ラーメン,日高屋 蒲田南口店,"営業時間
9:00～21:00(お酒L.O.20:00 料理L.O.20:30)
日曜営業
定休日
無休",東京都大田区西蒲田8-1-6,https://tabelog.com/tokyo/A1315/A131503/13073652/
ラーメン,横浜家系ラーメン 武,"営業時間
[月～木]11:00～翌1:00[金・土]11:00～翌3:00[日]11:00～23:00
日曜営業
定休日
無休",東京都大田区西蒲田7-1-9 1F,https://tabelog.com/tokyo/A1315/A131503/13188133/
ラーメン,京穂 蘭州ラーメン,,東京都大田区大森北1-8-11 紅屋ビル 1F,https://tabelog.com/tokyo/A1315/A131502/13248915/
ラーメン,グッドモーニング ラーメンショップ,"営業時間
[月・火・木・金]6:00～13:00
定休日
水曜・土曜・日曜・祝日",東京都大田区羽田1-3-7,https://tabelog.com/tokyo/A1315/A131504/13110482/
ラーメン,長浜ナンバーワン  東京大岡山店,"営業時間
11：00～21:00※但しスープ終了時は早めに閉店する場合あり
日曜営業
定休日
火曜日",東京都大田区北千束1-44-5 甲菱社ビル 1F,https://tabelog.com/tokyo/A1317/A131711/13211262/
ラーメン,横浜家系らーめん 希家 矢口渡店,,東京都大田区多摩川1-6-19,https://tabelog.com/tokyo/A1317/A131716/13193258/
ラーメン,誠屋 大森山王店,"営業時間
11:30～14:3018:00～23:00
日曜営業
定休日
月曜日",東京都大田区山王2-17-3 小松ビル　１Ｆ,https://tabelog.com/tokyo/A1315/A131502/13019951/
ラーメン,尾道ラーメン 八じゅう 蒲田本店,"営業時間
11:30～15:0017:00～22:00※月曜祝祭日の場合翌営業日
日曜営業
定休日
月曜日",東京都大田区西蒲田7-8-1,https://tabelog.com/tokyo/A1315/A131503/13269554/
ラーメン,釜玉中華そば ナポレオン軒  京急蒲田店,"営業時間
11:00～15:0017:00～23:00
日曜営業",東京都大田区蒲田4-15-1,https://tabelog.com/tokyo/A1315/A131503/13278355/
ラーメン,さつまっこ  平和島店,"営業時間
午前11時～翌朝5時
日曜営業
定休日
年中無休（正月のみ休み）",東京都大田区大森本町2-27-7,https://tabelog.com/tokyo/A1315/A131502/13090829/
ラーメン,笑麺亭 環七馬込店,"営業時間
11:30～14:3018:00～24:00 
日曜営業
定休日
火曜日",東京都大田区南馬込1-15-2,https://tabelog.com/tokyo/A1317/A131713/13127514/
ラーメン,ラーメン道楽 環八矢口渡店,,東京都大田区多摩川1-2-5 堀谷ビル 1F,https://tabelog.com/tokyo/A1317/A131716/13252111/
ラーメン,宍道湖しじみ中華蕎麦 琥珀 東京本店,"営業時間
［ 平日 ］11:30 〜 15:00 L.O
定休日
土曜・日曜・祝日（臨休はTwitterにて告知 @ramenkohaku）",東京都大田区西六郷2-1-3,https://tabelog.com/tokyo/A1315/A131503/13234195/
ラーメン,プラスメンショー,"営業時間
[月・火・木～日]11:30～14:00(L.O.13:30)17:00～21:00(L.O.20:30)
日曜営業
定休日
水曜日",東京都大田区上池台1-16-2,https://tabelog.com/tokyo/A1317/A131714/13246818/
ラーメン,横浜家系らーめん 戸手家,"営業時間
11:00～23:00(L.O.22:45)
日曜営業",東京都大田区西糀谷4-27-8,https://tabelog.com/tokyo/A1315/A131504/13285844/
ラーメン,吟太,,東京都大田区西蒲田7-1-8,https://tabelog.com/tokyo/A1315/A131503/13140605/
ラーメン,京紫灯花繚乱 蒲田店,"営業時間
11:00～21:30
日曜営業
定休日
無休",東京都大田区西蒲田7-68-1 グランデュオ蒲田 東館 6F,https://tabelog.com/tokyo/A1315/A131503/13250088/
ラーメン,元祖中華つけ麺大王 蒲田東口店,"営業時間
9:00～翌6:00
日曜営業
定休日
無休",東京都大田区蒲田5-19-17,https://tabelog.com/tokyo/A1315/A131503/13100838/
ラーメン,らーめん ぶたまろ,"営業時間
11:00～14:0018:00～20:30（L.O.）※第1第3第5火曜は昼営業のみ
日曜営業
定休日
毎週水曜・第2第4火曜",東京都大田区南蒲田2-6-5,https://tabelog.com/tokyo/A1315/A131503/13237058/
ラーメン,辛しや,"営業時間
平日：11:00 - 14:30  17:00-25:00 土曜：11:00 - 1430   17:00-25:00 日曜：11:00 - 23:00 祝前：11:00 - 25:00祝日：11:00 - 25:0015時〜17時も営業中
日曜営業
定休日
不定休",東京都大田区矢口1-6-14,https://tabelog.com/tokyo/A1317/A131716/13047215/
ラーメン,由丸製麺所 平和島店,"営業時間
11:00～23:00
定休日
年中無休",東京都大田区大森北3-39-5,https://tabelog.com/tokyo/A1315/A131502/13152578/
ラーメン,ラーメン髭,,東京都大田区大森本町2-28-5,https://tabelog.com/tokyo/A1315/A131502/13043617/
ラーメン,田中そば店 蒲田店,"営業時間
［月～金］11:00～15:0017:00～22:00［土・日・祝］11:00～21:00
日曜営業
定休日
無休",東京都大田区蒲田5-15-2 チェリオビル 1F,https://tabelog.com/tokyo/A1315/A131503/13234567/
ラーメン,どさん子 大田文化の森前店,"営業時間
11:30～14:3019:00～翌2:30
日曜営業
定休日
無休",東京都大田区中央4-32-4,https://tabelog.com/tokyo/A1315/A131502/13130717/
ラーメン,らーめん凌駕,"営業時間
[月～土] 11:00～22:00(L.O.21:45)※スタッフ不足の日中休みする場合あり11:00～14:4517:30～22:00(L.O.21:45)
定休日
日曜日",東京都大田区北千束3-29-11,https://tabelog.com/tokyo/A1317/A131711/13048427/
ラーメン,新潟発祥 なおじ 糀谷店,"営業時間
11:00～15:00※時々夜営業もあり
定休日
日曜日",東京都大田区萩中2-9-4 宮崎ビル 1F,https://tabelog.com/tokyo/A1315/A131504/13242019/
ラーメン,麺屋チキポタ,"営業時間
■通常営業日/時間[火～土]11:30～14:0020:00～23:00[日・祝]11:30～17:00
日曜営業
定休日
月曜日",東京都大田区南千束1-1-2 1F,https://tabelog.com/tokyo/A1317/A131714/13273097/
ラーメン,ユース軒,"営業時間
[月・火・水・金・土・日]11:00～15:0017:00～22:00
日曜営業
定休日
木曜日",東京都大田区池上6-6-8,https://tabelog.com/tokyo/A1317/A131714/13277923/
ラーメン,蒲田いっ家,"営業時間
【平日・土・日・祝】11:00～23:00 (L.O.22:15) 
日曜営業
定休日
なし",東京都大田区蒲田5-10-7,https://tabelog.com/tokyo/A1315/A131503/13165589/
ラーメン,麺屋 ちょこざい,"営業時間
ランチ　11：00～15：00（L.O.14：45）ディナー　17：00～23：00（L.O.22：45）
定休日
日曜日",東京都大田区西蒲田7-4-5 小山ビル 1F,https://tabelog.com/tokyo/A1315/A131503/13230870/
ラーメン,東京豚骨ラーメン ばんから 大森店,"営業時間
11:00～翌2:00(L.O.翌1:30)
日曜営業
定休日
無休",東京都大田区山王2-2-11,https://tabelog.com/tokyo/A1315/A131502/13288753/
ラーメン,ラーメン奏,,東京都大田区西蒲田7-34-1 ステップスオガワ 1F,https://tabelog.com/tokyo/A1315/A131503/13287480/
ラーメン,横浜家系ラーメン 横浜道 蒲田店,"営業時間
[月～土・祝前日の日]11:00～翌2:00[日・祝]11:00～23:00
日曜営業
定休日
無休",東京都大田区蒲田5-9-11,https://tabelog.com/tokyo/A1315/A131503/13213362/
ラーメン,ラーメンがらがら,"営業時間
17:00～24:00
定休日
日曜日",東京都大田区西糀谷4-27-4,https://tabelog.com/tokyo/A1315/A131504/13066379/
ラーメン,らーめん せたが屋 羽田国際空港店,"営業時間
9:00-21:30
日曜営業
定休日
無休",東京都大田区羽田空港2-6-5 羽田国際空港ターミナルビル4Ｆ　江戸小路,https://tabelog.com/tokyo/A1315/A131504/13117591/
ラーメン,らーめん亭 ひなり竜王,"営業時間
11:00～14:30 18:00～20:30(売り切れ時閉店)
定休日
日曜日",東京都大田区大森中2-14-17,https://tabelog.com/tokyo/A1315/A131503/13276299/
ラーメン,麺でる 田園調布本店,"営業時間
［月・水・木・土］12:00〜14:00
定休日
火・金・日",東京都大田区田園調布1-21-2,https://tabelog.com/tokyo/A1317/A131714/13010431/
ラーメン,さぃきょう,,東京都大田区大森北3-39-13 世紀コーポ平和島 1F,https://tabelog.com/tokyo/A1315/A131502/13207774/
ラーメン,博多ラーメン 長浜や 大森店,"営業時間
11:00～15:00 17:00～22:30",東京都大田区大森北1-29-6 石渡ビル 1F,https://tabelog.com/tokyo/A1315/A131502/13231881/
ラーメン,博多ラーメン 一心堂  蒲田店,,東京都大田区蒲田5-12-2 2F,https://tabelog.com/tokyo/A1315/A131503/13187735/
ラーメン,六厘舎 羽田空港店,"営業時間
4:00～翌1:00",東京都大田区羽田空港2-6-5 東京スカイキッチン 3F,https://tabelog.com/tokyo/A1315/A131504/13167738/
ラーメン,ヨネ家,"営業時間
11:00～14:0017:00～22:00
日曜営業
定休日
水曜日",東京都大田区池上3-35-7,https://tabelog.com/tokyo/A1317/A131714/13133181/
ラーメン,麺や新源,,東京都大田区北千束1-48-1,https://tabelog.com/tokyo/A1317/A131711/13133716/
ラーメン,幸福麺処　もっちりや,"営業時間
11:30～22:30(L.O:22:00)
日曜営業
定休日
不定休",東京都大田区平和島1-1-1 ビッグファン平和島 B棟1Fフードコート,https://tabelog.com/tokyo/A1315/A131502/13105084/
ラーメン,ラーメン 鷹の目 蒲田店,"営業時間
11:00～15:00 17:00～22:00
日曜営業
定休日
無休",東京都大田区西蒲田8-2-1,https://tabelog.com/tokyo/A1315/A131503/13234052/
ラーメン,らーめん 大 大森店,"営業時間
11:30～翌1:00(L.O.翌0:15)
日曜営業
定休日
無休",東京都大田区大森東1-3-12,https://tabelog.com/tokyo/A1315/A131502/13022437/
ラーメン,らーめん 一会,"営業時間
11:30～15:0017:30～23:00",東京都大田区大森北1-9-6,https://tabelog.com/tokyo/A1315/A131502/13045576/
ラーメン,らーめん ぎょうざ ゆう,,東京都大田区東六郷2-17-6,https://tabelog.com/tokyo/A1315/A131503/13208854/
ラーメン,鶴見家 平和島店,"営業時間
AM11：00～25：00
日曜営業
定休日
月曜日",東京都大田区大森本町2-31-21,https://tabelog.com/tokyo/A1315/A131502/13182561/
ラーメン,豚星,,東京都大田区仲六郷2-13-13,https://tabelog.com/tokyo/A1315/A131503/13172593/
ラーメン,壱角家 蒲田店,"営業時間
［月～土］11:00～翌2:00［日］11:00～翌1:00
日曜営業
定休日
無休",東京都大田区蒲田5-28-2 1F,https://tabelog.com/tokyo/A1315/A131503/13173177/
ラーメン,ラーメン 宮郎,"営業時間
［月〜土］11時〜15時、17:30時〜21時
定休日
日曜日",東京都大田区西蒲田7-63-9 パブセブン 1F,https://tabelog.com/tokyo/A1315/A131503/13209616/
ラーメン,喜多方ラーメン 坂内 小法師 西蒲田店,"営業時間
11:00～21:00
日曜営業
定休日
無休",東京都大田区西蒲田7-6-2,https://tabelog.com/tokyo/A1315/A131503/13040353/
ラーメン,しなそば 天味,"営業時間
ランチ　  11：30～14：30（L.O.14:30）ディナー  18：00～22：00（L.O.22：00）土日祝　  11：30～20：00（L.O.20:00)
日曜営業
定休日
月曜日",東京都大田区西蒲田7-32-3 メゾンアストリア 1F,https://tabelog.com/tokyo/A1315/A131503/13242218/
ラーメン,ラーメン 晃煇,"営業時間
[月・火・木・金]11:30～14:3018:00～21:00[土・日・祝］11:30～15:00 18:00～20:00
日曜営業
定休日
水曜日",東京都大田区池上3-25-7,https://tabelog.com/tokyo/A1317/A131714/13231324/
ラーメン,らーめん飛粋,"営業時間
[月～土］11:00〜16:00 17:00〜21:00
定休日
日曜日",東京都大田区蒲田5-2-5,https://tabelog.com/tokyo/A1315/A131503/13217922/
ラーメン,らぁ麺 鶏だし屋,"営業時間
9:00～20:30(L.O)20:00
日曜営業
定休日
無",東京都大田区羽田空港3-4-2 羽田空港 国内線 第2旅客ターミナル 3F,https://tabelog.com/tokyo/A1315/A131504/13214993/
ラーメン,中華そば なかはら,"営業時間
[月〜土]11:00～15:0017:00～21:00[日]11:00～15:00
日曜営業
定休日
水曜日",東京都大田区東雪谷1-8-1,https://tabelog.com/tokyo/A1317/A131714/13272277/
ラーメン,ラーメン 司,,東京都大田区東海3-2-7,https://tabelog.com/tokyo/A1315/A131502/13139047/
ラーメン,中華そば 結。,"営業時間
平日 昼11:00~14:30/ 夜　17：30～21：30土曜 昼11:00~15:30/ 夜　17：30～21：30日曜または連休最終日　 昼11:00~15:30/ 夜　17：30～21：00
日曜営業
定休日
不定休",東京都大田区大森北1-26-5 浅野ビル 1F,https://tabelog.com/tokyo/A1315/A131502/13251216/
ラーメン,麺屋ごせつ,"営業時間
11:00～15:0017:00～22:30
定休日
不定休",東京都大田区羽田旭町3-6,https://tabelog.com/tokyo/A1315/A131504/13280335/
ラーメン,中華そば つの井,"営業時間
11:30～14:3018:00～21:00(スープ切れの際は早仕舞いあり)
定休日
日曜日、祝日",東京都大田区仲六郷2-29-10,https://tabelog.com/tokyo/A1315/A131503/13228126/
ラーメン,ラーメン紋蔵,"営業時間
月～金11：30～14：0017：30～23：30(ＬＯ：22：30）土17：30～23：30（ＬＯ：22：30）
定休日
日曜・祭日",東京都大田区羽田4-4-6,https://tabelog.com/tokyo/A1315/A131504/13046599/
ラーメン,羽田大勝軒,"営業時間
10:00～20:00(L.O.19:30)
日曜営業
定休日
無休",東京都大田区羽田空港3-3-2 第1旅客ターミナル 2F,https://tabelog.com/tokyo/A1315/A131504/13163951/
ラーメン,ラーメン タロー 大森の陣,"営業時間
ラーメンタロー 営業時間⏰ ・大森の陣平日：11:00〜15:30 17:00〜23:30 日曜のみ：11:00〜21:00水曜日は平打ち麺 
日曜営業
定休日
無休",東京都大田区大森北1-3-12,https://tabelog.com/tokyo/A1315/A131502/13138158/
ラーメン,麺屋 旧月,"営業時間
【月〜金】11:30〜15:00/17:00〜23:00【土•日•祝】11:30〜22:30
日曜営業
定休日
水曜日",東京都大田区蒲田4-6-8,https://tabelog.com/tokyo/A1315/A131503/13269694/
ラーメン,博多ラーメン 長浜や 平和島店,,東京都大田区大森西2-33 川嵜ビルA,https://tabelog.com/tokyo/A1315/A131502/13264851/
ラーメン,麺処 真名呼,"営業時間
[月・火・金・土・日]11:00～14:45(L.O.)[水]11:00～14:45(L.O.) 18:00～20:45(L.O.)
日曜営業
定休日
木曜日",東京都大田区千鳥1-18-4,https://tabelog.com/tokyo/A1317/A131714/13281193/
ラーメン,麺屋 婆娑羅,"営業時間
11:30～14:30
定休日
日曜日",東京都大田区北千束3-23-8,https://tabelog.com/tokyo/A1317/A131711/13023109/
ラーメン,インディアン 本店,,東京都大田区西蒲田6-26-3 SSビル 1F,https://tabelog.com/tokyo/A1317/A131714/13003311/
ラーメン,旨辛タンメン 荒木屋,"営業時間
[月・水・木・金・土・日]11:00～14:0017:30～20:00麺切れ次第終了
日曜営業
定休日
火曜日",東京都大田区西蒲田7-63-1,https://tabelog.com/tokyo/A1315/A131503/13180932/
ラーメン,壱鵠堂 環八糀谷店,"営業時間
24時間営業
日曜営業
定休日
年中無休",東京都大田区萩中2-3-6,https://tabelog.com/tokyo/A1315/A131504/13057412/
ラーメン,つけ麺 燕武,"営業時間
[火～土]11:00～15:00(L.O.14:45)17:30～(売り切れ次第終了)[日]11:00～15:00(L.O.14:45)
日曜営業
定休日
月曜日",東京都大田区千鳥3-24-7 千鳥ビル 1F,https://tabelog.com/tokyo/A1317/A131716/13280794/
ラーメン,らうめん しんか,"営業時間
[火～日]11:00-15:00/ 18:00-24：00定休日　月曜日6月12日より上記営業時間に変更になります。
日曜営業
定休日
月曜日",東京都大田区蒲田5-24-1,https://tabelog.com/tokyo/A1315/A131503/13021003/
ラーメン,ラーメン浪漫,,東京都大田区西蒲田6-3-12,https://tabelog.com/tokyo/A1317/A131714/13156438/
ラーメン,中華soba いそべ,"営業時間
［火・木・土・日］11:30～14:3018:00～21:00［月・金］11:30～14:30
日曜営業
定休日
水曜日",東京都大田区多摩川1-20-14,https://tabelog.com/tokyo/A1317/A131716/13191494/
ラーメン,ひるがお 大岡山店,"営業時間
11:00～21:00
日曜営業
定休日
無休",東京都大田区北千束1-44-4,https://tabelog.com/tokyo/A1317/A131711/13152739/
ラーメン,栄喜,,東京都大田区山王4-19-4,https://tabelog.com/tokyo/A1315/A131502/13127404/
ラーメン,麺屋 だるま 六郷店,"営業時間
[月～日]11:00～15:00 17:00～21:00
日曜営業
定休日
不定休",東京都大田区仲六郷4-20-9,https://tabelog.com/tokyo/A1315/A131503/13194264/
ラーメン,中華食堂,"営業時間
［月・火・水・木・土］11:00～19:30［金・日］11:00～20:00",東京都大田区羽田空港3-3-2 第1旅客ターミナルB1  マーケットプレイス,https://tabelog.com/tokyo/A1315/A131504/13231315/
ラーメン,元祖ニュータンタンメン本舗 羽田店,"営業時間
11:30～23：30
定休日
水曜日",東京都大田区羽田旭町3-3 東邦ビル1F,https://tabelog.com/tokyo/A1315/A131504/13049186/
ラーメン,名物よだれ鶏と濃厚鶏白湯麺MATSURIKA 武蔵新田,"営業時間
【火～日】11:30～14:3017:30～21:30(L.O)
日曜営業
定休日
月曜、第4日曜",東京都大田区矢口1-13-15 1F,https://tabelog.com/tokyo/A1317/A131716/13233890/
ラーメン,豚山 大森店,"営業時間
営業時間・休業営業時間・休業日は変更となる場合がございますので、HPにて最新情報をご確認ください
定休日
無休",東京都大田区山王2-2-6,https://tabelog.com/tokyo/A1315/A131502/13244890/
ラーメン,ラーメン酒場 轍,"営業時間
11:00～15:0017:00～23:00
日曜営業
定休日
火曜日",東京都大田区蒲田4-7-8,https://tabelog.com/tokyo/A1315/A131503/13271044/
ラーメン,らあめん花月嵐 西蒲田店,"営業時間
[月～土曜]11:00～22:00[日曜]11:00～15:00
日曜営業
定休日
なし",東京都大田区西蒲田8-24-7,https://tabelog.com/tokyo/A1315/A131503/13129328/
ラーメン,中華そば 円月,"営業時間
11:30～14:3016:00～22:30",東京都大田区山王2-1-5 大森駅ララビル B1F,https://tabelog.com/tokyo/A1315/A131502/13275657/
ラーメン,喜多方ラーメン 坂内 大森東口店,"営業時間
11:00～22:00(L.O.21:45)
日曜営業
定休日
無休",東京都大田区大森北1-11-18 1F,https://tabelog.com/tokyo/A1315/A131502/13008299/
ラーメン,らーめん　正道,"営業時間
[月・水～日]11:30～14:00 19:00～翌1:00
日曜営業
定休日
火曜日",東京都大田区西糀谷3-36-7,https://tabelog.com/tokyo/A1315/A131504/13060716/
ラーメン,ミッキーズハウス,"営業時間
[平日]11:00～14:0016:00～22:00[土]11:00～22:00[日・祝]11:00～21:30
日曜営業
定休日
水曜日",東京都大田区大森東2-2-11,https://tabelog.com/tokyo/A1315/A131502/13088734/
ラーメン,中華そば 裏慶,"営業時間
[火〜土]昼11:00〜14:30  夜18:00〜21:00[日・祝]昼11:00〜14:30
日曜営業
定休日
月曜日",東京都大田区多摩川1-1-6,https://tabelog.com/tokyo/A1317/A131716/13281355/
ラーメン,Homemade Ramen 青麦,"営業時間
[月～日]11:00～14:30(L.O.)18:00～21:00(L.O.)
日曜営業
定休日
無休",東京都大田区大森北2-4-8 宏和ハイツ 1F,https://tabelog.com/tokyo/A1315/A131502/13252059/
ラーメン,三三七 大森店,"営業時間
11:00～22:30（ラストオーダー22時）
日曜営業
定休日
無休",東京都大田区山王2-2-13,https://tabelog.com/tokyo/A1315/A131502/13133355/
ラーメン,瀬戸内らーめん がいなもん,"営業時間
・昼の部11:30～13:45・夜の部18:00〜21:00
定休日
木曜日・日曜日・祝日",東京都大田区東雪谷2-4-6,https://tabelog.com/tokyo/A1317/A131714/13120444/
ラーメン,ラーメン さくらっ娘,,東京都大田区池上6-34-1 プラーズ池上 1F,https://tabelog.com/tokyo/A1317/A131714/13192529/
ラーメン,和鉄 蒲田店,"営業時間
11:00～24:00",東京都大田区蒲田5-19-1 第２５東京ビル　１Ｆ,https://tabelog.com/tokyo/A1315/A131503/13005111/
ラーメン,横浜らーめん 六壱家,,東京都大田区大森西5-10-7,https://tabelog.com/tokyo/A1315/A131502/13195949/
ラーメン,担担麺専門店 麺屋うさぎ,,東京都大田区萩中2-6-16,https://tabelog.com/tokyo/A1315/A131504/13259883/
ラーメン,元祖ニュータンタンメン本舗 蒲田西口店,"営業時間
【月・火・木】11：30～15：00【金】11：30～15：0018：00～22：00(L.O.21：30)【土・日】11：30～22：00(L.O.21：30)【祝日】11：30～18：00(L.O.17：45)
日曜営業
定休日
水曜日",東京都大田区西蒲田7-1-11 第104東京ビル 2F,https://tabelog.com/tokyo/A1315/A131503/13259046/
ラーメン,福屋 矢口店,"営業時間
11:30～15:00 17:00～21:00
日曜営業
定休日
水曜日",東京都大田区多摩川1-7-5,https://tabelog.com/tokyo/A1317/A131716/13066388/
ラーメン,まるきんラーメン 雪谷店,"営業時間
[月～土・祝]11:30～15:30（ランチタイム）18:30～翌3:30[日]11:30～翌3:30
日曜営業
定休日
無休",東京都大田区南雪谷2-1-11,https://tabelog.com/tokyo/A1317/A131714/13017733/
ラーメン,つけ麺 鵜の木堂,"営業時間
[火曜日～日曜・祝日]11:00～15:00  不定休 だいたい月曜日休みツイッターにて。@Unokidou2特製には、炭火炙りチャーシュー！つけ麺、辛味まぜそば、中華そば売り切れ閉店アリ
日曜営業
定休日
月曜日",東京都大田区鵜の木2-3-12,https://tabelog.com/tokyo/A1317/A131716/13096448/
ラーメン,北海道らーめん 奏 蒲田店,,東京都大田区西蒲田8-22-3,https://tabelog.com/tokyo/A1315/A131503/13216593/
ラーメン,武松家 大森店,"営業時間
[火～土]11:00～23:00(L.O.22：30)[日]11:00～20:00
日曜営業
定休日
月曜日",東京都大田区山王2-3-6,https://tabelog.com/tokyo/A1315/A131502/13264955/
ラーメン,彩鳳ラーメン 羽田空港第3ベイサイド店,,東京都大田区羽田空港3-3-2 羽田空港第1旅客ターミナル 2F,https://tabelog.com/tokyo/A1315/A131504/13145748/
ラーメン,龍源 池上店,,東京都大田区池上5-12-2,https://tabelog.com/tokyo/A1317/A131714/13188080/
ラーメン,横浜家系ラーメン 大輝家,"営業時間
朝ラ7:00～11:00［月～金]7:00～24:00[土・日]11:00～24:00
日曜営業",東京都大田区蒲田4-16-8,https://tabelog.com/tokyo/A1315/A131503/13272589/
ラーメン,じゃんじゃん軒 大森南店,,東京都大田区大森南3丁目26-8,https://tabelog.com/tokyo/A1315/A131502/13134724/
ラーメン,和渦製麺,"営業時間
11:00～14:3018:00～20:00
定休日
日曜日",東京都大田区南蒲田1-22-12,https://tabelog.com/tokyo/A1315/A131503/13286469/
ラーメン,横浜家系ラーメン 志田家 蒲田店,,東京都大田区蒲田5-18-2,https://tabelog.com/tokyo/A1315/A131503/13220607/
ラーメン,楓 京急蒲田店,"営業時間
月〜土 11:30～15:00 18:00～23:00日・祝 11:30〜15:00 18:00〜22:30
日曜営業
定休日
無休",東京都大田区蒲田4-19-2,https://tabelog.com/tokyo/A1315/A131503/13134412/
ラーメン,らぁ麺 才色兼備,,東京都大田区大森西3-24-6,https://tabelog.com/tokyo/A1315/A131502/13289153/
ラーメン,中華そば 梟,"営業時間
[月・水・木・金・土・日]11:00～15:00
日曜営業
定休日
火曜日",東京都大田区東矢口3-1-11,https://tabelog.com/tokyo/A1317/A131714/13222486/
ラーメン,中華そば やま福,"営業時間
11:30～15:00(L.O.14:50)18:00～21:00(L.O.20:50)
日曜営業
定休日
無休",東京都大田区西蒲田7-64-1,https://tabelog.com/tokyo/A1315/A131503/13255856/
ラーメン,雪あかり 羽田空港店,"営業時間
11:00～22:00(L.O.21:00)
日曜営業",東京都大田区羽田空港3-3-2 羽田空港第1旅客ターミナル 1F 到着南ウィング2番出口前,https://tabelog.com/tokyo/A1315/A131504/13194823/
ラーメン,天下一品 蒲田店,"営業時間
11:00～22:30(L.O. 22:00)(木曜・金曜・土曜・祝前)11:00～翌3:00(L.O.翌:2:45) 
日曜営業
定休日
無休",東京都大田区西蒲田7-5-13 柴一ビル　１Ｆ,https://tabelog.com/tokyo/A1315/A131503/13019262/
ラーメン,しま坂,"営業時間
11:30～14:0018:00～23:30",東京都大田区北千束1-59-8,https://tabelog.com/tokyo/A1317/A131711/13003258/
ラーメン,手打ち麺処 好き酒師,"営業時間
［火・水・金・土］11:00～14:00
定休日
月曜日、木曜日、日曜日",東京都大田区矢口1-29-5 伊藤荘 1F,https://tabelog.com/tokyo/A1317/A131716/13285956/
ラーメン,麺屋 なおと,"営業時間
11:00～23:00
日曜営業
定休日
無休(不定休)",東京都大田区西蒲田7-28-5 中島ビル 1F,https://tabelog.com/tokyo/A1315/A131503/13269614/
ラーメン,さつまっこ 田園調布店,"営業時間
11:00~20:00
日曜営業
定休日
無休",東京都大田区田園調布2丁目15-2,https://tabelog.com/tokyo/A1317/A131704/13045992/
ラーメン,ラーメン道楽 蒲田店,"営業時間
◆全日24時間営業
日曜営業
定休日
年中無休",東京都大田区蒲田5-43-9,https://tabelog.com/tokyo/A1315/A131503/13040001/
ラーメン,威風 蒲田南店,"営業時間
10:30～翌1:00(L.O.翌0:30)",東京都大田区蒲田4-42-12,https://tabelog.com/tokyo/A1315/A131503/13273122/
ラーメン,らーめん 八快,"営業時間
[月・水～土]11:30～14:3017:30～21:30[日・祝]11:30～15:0017:30～21:00
日曜営業
定休日
火曜",東京都大田区矢口1-15-7,https://tabelog.com/tokyo/A1317/A131716/13097657/
ラーメン,さつまっこ MEGAドンキホーテ大森山王店,"営業時間
11:00～4:00
日曜営業
定休日
不定休",東京都大田区山王3-6-5 MEGAドンキホーテ大森山王店 別棟 1F,https://tabelog.com/tokyo/A1315/A131502/13206920/
ラーメン,どうとんぼり 神座 羽田エアポートガーデン店,"営業時間
11:00～21:00(L.O.20:30)",東京都大田区羽田空港2-7-1 羽田エアポートガーデン 1F,https://tabelog.com/tokyo/A1315/A131504/13279630/
ラーメン,羊と狼,"営業時間
11:00～15:0017:30～23:00（土・日・祝は22時まで）
日曜営業
定休日
月曜日",東京都大田区大森北6-25-16,https://tabelog.com/tokyo/A1315/A131502/13167507/
ラーメン,日高屋 京急蒲田駅前店,"営業時間
10:30～翌1:30(L.O.1:00)[木]10:30～23:00[土・日・祝]10:30～22:30
日曜営業",東京都大田区蒲田4-15-8,https://tabelog.com/tokyo/A1315/A131503/13186983/
ラーメン,麺場 田所商店 池上店,"営業時間
11:00～23:00(L.O.22:30)
日曜営業
定休日
無休",東京都大田区池上3-39-18,https://tabelog.com/tokyo/A1317/A131714/13228752/
ラーメン,平和家,"営業時間
[月～金]11:00～14:30(L.O.14:00)
定休日
土曜日、日曜日、祝日(※催事により変更あり)",東京都大田区平和島6-1-1 東京流通センター 2F,https://tabelog.com/tokyo/A1315/A131502/13261443/
ラーメン,イレブンフーズ源流,"営業時間
[月～日]9:00～17:00(L.O.16:30)
日曜営業
定休日
無休",東京都大田区西糀谷2-26-4,https://tabelog.com/tokyo/A1315/A131504/13009678/
ラーメン,覇王,,東京都大田区中央1-18-4,https://tabelog.com/tokyo/A1315/A131502/13130838/
ラーメン,ラーメン大木戸,"営業時間
［月～金・日・祝］11:00～15:0017:00～22:00［土］11:15～:20:00
定休日
不定休",東京都大田区大森西7-7-17,https://tabelog.com/tokyo/A1315/A131503/13166256/
ラーメン,中華ソバ ちゃるめ,"営業時間
[火～金］11:00～15:00 18:00～21:00(売切れ仕舞い)[土・日・祝]11:00～15:00(売切れ仕舞い)
日曜営業
定休日
月曜",東京都大田区萩中2-1-4 丸栄ビルEAST 1F,https://tabelog.com/tokyo/A1315/A131504/13231202/
ラーメン,日高屋 平和島駅前店,"営業時間
［月～木］11:00～22:15(L.O.21:45)［金］11:00～23:00［土・日・祝］10:30～23:00
日曜営業
定休日
無休",東京都大田区大森北6-13-9,https://tabelog.com/tokyo/A1315/A131502/13217721/
ラーメン,らあめん 花月嵐 武蔵新田店,"営業時間
[店内営業時間]11:00～24:00
定休日
なし",東京都大田区千鳥2-27-20,https://tabelog.com/tokyo/A1317/A131716/13097316/
ラーメン,味の山王,,東京都大田区山王1-31-15,https://tabelog.com/tokyo/A1315/A131502/13106040/
ラーメン,ラーメン 大 蒲田店,"営業時間
11:30～翌1:00
日曜営業
定休日
無休",東京都大田区蒲田5-1-5,https://tabelog.com/tokyo/A1315/A131503/13040594/
ラーメン,いずみ家,"営業時間
[月・火・木・金・土・日]11:00～15:00 17:00～20:00
日曜営業
定休日
水曜日、第3火曜日",東京都大田区東馬込1-12-2,https://tabelog.com/tokyo/A1317/A131712/13153491/
ラーメン,つけ麺 たけもと,"営業時間
[月・水・木・金・土・日]11:00～15:0017:00～22:00
日曜営業
定休日
火曜日",東京都大田区南雪谷2-12-6,https://tabelog.com/tokyo/A1317/A131714/13146647/
ラーメン,日高屋 蒲田東口店,"営業時間
[月～木]9:00～翌4:00(L.O.翌3:30)[金～日]24時間営業
日曜営業",東京都大田区蒲田5丁目18-6,https://tabelog.com/tokyo/A1315/A131503/13090393/
ラーメン,山小屋 大森北店,"営業時間
19:00～翌2:00(L.O.1:30)
定休日
日曜日",東京都大田区大森北1-7,https://tabelog.com/tokyo/A1315/A131502/13093022/
ラーメン,中華そば さとう,"営業時間
11:00～14:0016:30～20:00(第2日曜日は11:00～14:00のみの営業)
日曜営業
定休日
月曜日、祝日、第3火曜日",東京都大田区羽田4-20-11,https://tabelog.com/tokyo/A1315/A131504/13132475/
ラーメン,日高屋 大岡山店,,東京都大田区北千束1-44-1 リバーレプラザ大岡山 1F,https://tabelog.com/tokyo/A1317/A131711/13209976/
ラーメン,Ramen鯛魔神,"営業時間
11:30～15:0018:00～21:00 
日曜営業
定休日
水曜日",東京都大田区西蒲田7-42-7,https://tabelog.com/tokyo/A1315/A131503/13287689/
ラーメン,麺場 Voyage,"営業時間
[月・土・日・祝] 11:00～15:00 [火〜金] 11:00～15:00 17:30～22:30
日曜営業
定休日
不定休",東京都大田区蒲田4-37-7,https://tabelog.com/tokyo/A1315/A131503/13211668/
ラーメン,NIBOSHI MANIA,"営業時間
11:00～なくなり次第終了
日曜営業
定休日
月曜日",東京都大田区西蒲田8-2-1 西蒲田スカイハイツ108B,https://tabelog.com/tokyo/A1315/A131503/13276323/
ラーメン,豚山 蒲田店,"営業時間
営業時間・休業営業時間・休業日は変更となる場合がございますので、HPにて最新情報をご確認ください
日曜営業
定休日
無休",東京都大田区蒲田5-45-5 ドミール蒲田,https://tabelog.com/tokyo/A1315/A131503/13269287/
ラーメン,中華蕎麦 晴天,"営業時間
11:30～15:00
定休日
不定休",東京都大田区池上3-38-21,https://tabelog.com/tokyo/A1317/A131714/13277418/
ラーメン,らあめん花月嵐 大森東口店,"営業時間
[店内営業時間]11:00～26:00[テイクアウト販売時間]11:00～26:00[出前館受付時間]11:00～20:00[Uber Eats受付時間]11:00～20:00
日曜営業
定休日
無休(年末年始のみ休み)",東京都大田区大森北1-4-2,https://tabelog.com/tokyo/A1315/A131502/13172766/
ラーメン,ラーメン和,"営業時間
営業時間11：00～22：00
定休日
不定休",東京都大田区大森西3-12-28,https://tabelog.com/tokyo/A1315/A131502/13066391/
ラーメン,中華そば 天辺月,"営業時間
11:30～15:0017:00～22:30
日曜営業
定休日
不定休",東京都大田区大森北1-11-5 登丸ビル 1F,https://tabelog.com/tokyo/A1315/A131502/13277982/
ラーメン,道玄家 蒲田東店,,東京都大田区蒲田5-28-4 明治安田生命蒲田東ビル 1F,https://tabelog.com/tokyo/A1315/A131503/13168525/
ラーメン,ラーチャン専門店 我武者羅 蒲田店,"営業時間
［平日］11:00～15:00, 17:00〜21:00［土日祝］7:00～21:007:00〜10:30  日替わりラーメン、カレーのみ10:30〜   通常メニュー
日曜営業
定休日
無休",東京都大田区西蒲田8-23-8,https://tabelog.com/tokyo/A1315/A131503/13258670/
ラーメン,徳福 蒲田店,"営業時間
11:00～23:00
日曜営業
定休日
無休",東京都大田区西蒲田7-67-7 ミハルビル　１Ｆ,https://tabelog.com/tokyo/A1315/A131503/13109426/
ラーメン,ラーメン 一本屋,,東京都大田区上池台1-44-1 ライオンズマンション上池台 1F,https://tabelog.com/tokyo/A1317/A131714/13233715/
ラーメン,インディアン 池上店,"営業時間
11:00～20:15
日曜営業
定休日
月曜日",東京都大田区池上6-5-11,https://tabelog.com/tokyo/A1317/A131714/13042066/
ラーメン,三田製麺所 蒲田東口店,"営業時間
［月～日］10:00～23:00(L.O.22:30)
日曜営業
定休日
無休",東京都大田区蒲田5-8-9 リバーサイド蒲田 1 F,https://tabelog.com/tokyo/A1315/A131503/13212410/
ラーメン,上々家,,東京都大田区萩中3-4-4 1F,https://tabelog.com/tokyo/A1315/A131504/13153733/
ラーメン,和風つけ麺 鉄,"営業時間
17:00～23:00(料理L.O.22:00 ドリンクL.O.22:30)",東京都大田区大森北1-11-1 大森柳原ビル B1F,https://tabelog.com/tokyo/A1315/A131502/13255452/
ラーメン,むぎとオリーブ 羽田T2国際線フードコート,,東京都大田区羽田空港3-4-2 羽田空港第2ターミナル 2F フードコート,https://tabelog.com/tokyo/A1315/A131504/13245909/
ラーメン,コタン,,東京都大田区仲六郷1-28-13,https://tabelog.com/tokyo/A1315/A131503/13163827/
ラーメン,日高屋 雑色駅前店,"営業時間
10:30～24:00(L.O.23:30)",東京都大田区仲六郷2-28-4,https://tabelog.com/tokyo/A1315/A131503/13279823/
ラーメン,らーめん食堂 木下風,"営業時間
11:30～14:0017:00～23:00
日曜営業
定休日
水曜日",東京都大田区西糀谷1-23-3,https://tabelog.com/tokyo/A1315/A131504/13278793/
ラーメン,博多禿鷹 多摩川店,,東京都大田区多摩川1-36-1 シティ矢口 1F,https://tabelog.com/tokyo/A1317/A131716/13276786/
ラーメン,横浜家系ラーメン 寛ぎ家,"営業時間
11:45～14:0017:00～翌3:00",東京都大田区下丸子3-16-7,https://tabelog.com/tokyo/A1317/A131716/13243108/
ラーメン,福屋 雑色店,,東京都大田区東六郷2-8-2,https://tabelog.com/tokyo/A1315/A131503/13242459/
ラーメン,豚骨らーめん 無限,,東京都大田区東六郷2-11-11,https://tabelog.com/tokyo/A1315/A131503/13221054/
ラーメン,紅桜,,東京都大田区萩中2-8-16,https://tabelog.com/tokyo/A1315/A131504/13288768/
ラーメン,モンモン,,東京都大田区羽田旭町3-6,https://tabelog.com/tokyo/A1315/A131504/13233112/
ラーメン,麺匠 さざ波,"営業時間
22:00～翌9:00(LO8:30)
定休日
日曜日",東京都大田区西蒲田7-6-9 高橋ビル 1F,https://tabelog.com/tokyo/A1315/A131503/13290604/
ラーメン,カオソーイ,,東京都大田区大森西1-3-26,https://tabelog.com/tokyo/A1315/A131502/13238154/
ラーメン,ラーメン処熊っこ,"営業時間
11:30～14:00 17:30～23:00（日曜22:00まで） 
定休日
月曜",東京都大田区東蒲田1-12-10,https://tabelog.com/tokyo/A1315/A131503/13066410/
ラーメン,麺屋 銀星 穴守稲荷,"営業時間
11:00〜15:0017:00〜23:00
日曜営業
定休日
不定休",東京都大田区羽田4-10-4,https://tabelog.com/tokyo/A1315/A131504/13291366/
ラーメン,餃々軒,,東京都大田区羽田3-1-4,https://tabelog.com/tokyo/A1315/A131504/13192729/
ラーメン,どさん子大将 北糀谷店,"営業時間
11:00～14:0018:00～24:00
日曜営業
定休日
水曜日、第3木曜日",東京都大田区北糀谷1-19-3,https://tabelog.com/tokyo/A1315/A131504/13129624/
ラーメン,@EATS,"営業時間
12:00～23:00(料理L.O. 22:00 ドリンクL.O. 22:30)
定休日
月曜日",東京都大田区大森中2-2-14,https://tabelog.com/tokyo/A1315/A131503/13286343/
ラーメン,あさひ家,"営業時間
19:00～翌5:00
日曜営業
定休日
無休",東京都大田区東蒲田1-1-20,https://tabelog.com/tokyo/A1315/A131503/13100541/
ラーメン,ピッコリー,"営業時間
10:00～18:00",東京都大田区本羽田1-23-25,https://tabelog.com/tokyo/A1315/A131504/13274561/
ラーメン,たちばな家,"営業時間
11:00～15:0017:00～20:00
日曜営業
定休日
火曜日",東京都西多摩郡檜原村本宿5574,https://tabelog.com/tokyo/A1330/A133001/13010254/
ラーメン,MACHIKADO,"営業時間
11:30～15:00(L.O.14:30)17:00～23:00(L.O.22:00)
日曜営業
定休日
月曜日",東京都渋谷区恵比寿4-8-10,https://tabelog.com/tokyo/A1303/A130302/13282878/
ラーメン,らーめんやさん,,東京都あきる野市引田547,https://tabelog.com/tokyo/A1330/A133001/13020314/
ラーメン,香,"営業時間
火曜日～日曜日１１：３０〜売り切れ次第終了。
日曜営業
定休日
月曜日",東京都あきる野市草花1488,https://tabelog.com/tokyo/A1330/A133002/13112083/
ラーメン,風来坊,,東京都あきる野市雨間206-2,https://tabelog.com/tokyo/A1330/A133001/13023372/
ラーメン,三ツ矢堂製麺 あきる野店,"営業時間
11:00～16:0017:30～23:00
日曜営業
定休日
無休",東京都あきる野市小川43-1,https://tabelog.com/tokyo/A1330/A133001/13145000/
ラーメン,ラーメン天和,,東京都あきる野市五日市64,https://tabelog.com/tokyo/A1330/A133001/13198497/
ラーメン,らーめん 五ノ神精肉店,"営業時間
11:00～15:00 17:00～21:30
日曜営業
定休日
不定休",東京都あきる野市小川東3-9-13,https://tabelog.com/tokyo/A1330/A133001/13200324/
ラーメン,麺処 いし川,"営業時間
11:00～14:00
定休日
不定休",東京都あきる野市二宮337-1,https://tabelog.com/tokyo/A1330/A133001/13154726/
ラーメン,麺処 ひみつ屋,,東京都あきる野市伊奈1092,https://tabelog.com/tokyo/A1330/A133001/13257718/
ラーメン,大吉製麺,,東京都あきる野市草花1442,https://tabelog.com/tokyo/A1330/A133002/13118576/
ラーメン,美豚,"営業時間
月～土11:30～翌4:00　日11:30～23:00（月曜が祝日の場合は4:00まで）
日曜営業
定休日
なし",東京都あきる野市秋川2-2-4,https://tabelog.com/tokyo/A1330/A133001/13106082/
ラーメン,池谷精肉店,"営業時間
[月～金]11:40～14:50(L.O) 18:00～19:50(L.O)[土]11:40～19:50(L.O)
定休日
日曜日",東京都あきる野市秋川1-2-5,https://tabelog.com/tokyo/A1330/A133001/13010215/
ラーメン,大勝軒,,東京都あきる野市秋川6-1-6,https://tabelog.com/tokyo/A1330/A133001/13020312/
ラーメン,美イ美,"営業時間
11：00～14：3017：00～21：00
日曜営業
定休日
月曜日",東京都あきる野市小川東3-10-4,https://tabelog.com/tokyo/A1330/A133001/13066414/
ラーメン,大勝軒 増戸店,"営業時間
11:00～15:00
日曜営業
定休日
月曜日、火曜日、水曜日",東京都あきる野市伊奈891-9,https://tabelog.com/tokyo/A1330/A133001/13019612/
ラーメン,太公望ラーメン,"営業時間
11:00～14:50 17:00～20:50
日曜営業
定休日
水曜日、第2木曜日",東京都あきる野市秋川1-2-6,https://tabelog.com/tokyo/A1330/A133001/13019611/
ラーメン,屋台村 夢眠,,東京都あきる野市舘谷195,https://tabelog.com/tokyo/A1330/A133001/13112518/
ラーメン,淡淡,,東京都国分寺市本町2-4-5 千成ホテル 1F,https://tabelog.com/tokyo/A1325/A132502/13045406/
ラーメン,太陽のトマト麺 ミーツ国分寺店,"営業時間
11:00～23:00 (L.O.22:30)",東京都国分寺市本町3-1-1 ミーツ国分寺,https://tabelog.com/tokyo/A1325/A132502/13278180/
ラーメン,ガラージ製麺所,"営業時間
11:30～14:00(L.O.13:30)
定休日
不定休　(定休日はお店のTwitterまたはFacebookに掲載されている)",東京都国分寺市東恋ケ窪2-6-18,https://tabelog.com/tokyo/A1325/A132502/13271355/
ラーメン,豚NOVA,"営業時間
11:00～21:00",東京都国分寺市本多2-1-14 西野ビル 1F,https://tabelog.com/tokyo/A1325/A132502/13289778/
ラーメン,濃厚焼きあご煮干し つけ麺さか田,"営業時間
平日11:00〜24:00土日11:00〜24:00スープ無くなり次第営業終了
日曜営業
定休日
不定休",東京都国分寺市本町2-12-5,https://tabelog.com/tokyo/A1325/A132502/13258174/
ラーメン,らーめん武道家 口,"営業時間
[月～日]11:00～翌2:00
日曜営業
定休日
無休",東京都国分寺市本町2-2-9,https://tabelog.com/tokyo/A1325/A132502/13125863/
ラーメン,元祖博多中洲屋台ラーメン 一竜 国分寺店,"営業時間
11:00～翌2:00",東京都国分寺市本町2-10-5 プラザ国分寺 1F,https://tabelog.com/tokyo/A1325/A132502/13208575/
ラーメン,むたひろ食堂,"営業時間
[火～土]11:00～15:0018:00～22:00[日]11:00～15:0018:00～21:00
日曜営業
定休日
月曜日",東京都国分寺市東恋ヶ窪4-26-6,https://tabelog.com/tokyo/A1325/A132502/13290294/
ラーメン,立川マシマシ 国分寺店,,東京都国分寺市本町2-3-1,https://tabelog.com/tokyo/A1325/A132502/13227323/
ラーメン,味噌中華そば ムタヒロ,"営業時間
【昼】11:30〜15:00 (L.O)【夜】18:00〜22:30 (L.O)                   (日曜日は21:00まで)
日曜営業
定休日
無休",東京都国分寺市西恋ヶ窪2-6-5,https://tabelog.com/tokyo/A1325/A132502/13185679/
ラーメン,らぁ麺 はやし田 国立店,"営業時間
11:00～22:00
日曜営業
定休日
無休",東京都国分寺市富士本1-1-1,https://tabelog.com/tokyo/A1325/A132503/13254276/
ラーメン,博多ラーメン 福や 国分寺店,,東京都国分寺市南町3-18-4,https://tabelog.com/tokyo/A1325/A132502/13266096/
ラーメン,らいおん亭,"営業時間
【日】11：30～20：00【土】11：30～22：00【月・火・水・木・金】11：30～21：00
日曜営業
定休日
年中無休",東京都国分寺市南町2-1-36,https://tabelog.com/tokyo/A1325/A132502/13016074/
ラーメン,らーめん味噌まる,,東京都国分寺市光町1-39-23,https://tabelog.com/tokyo/A1325/A132503/13154051/
ラーメン,白河中華そば 孫市,"営業時間
11:30～15:00(L.O.14:45) 18:00～21:00(L.O.20:45)
日曜営業
定休日
水曜・不定休",東京都国分寺市日吉町3-31-2,https://tabelog.com/tokyo/A1325/A132502/13016224/
ラーメン,鶏そば  ムタヒロ 2号店,"営業時間
【昼】 11:30～15:00(L.O)【夜】 18:00～23:00(L.O)   日曜日は21:00閉店
日曜営業
定休日
なし",東京都国分寺市本町2-3-6 タリホービル 1Ｆ右,https://tabelog.com/tokyo/A1325/A132502/13147068/
ラーメン,麺食堂くにを,"営業時間
[月・火・木・金・土]11:30～14:40(L.O.)18:00～20:40(L.O.)[水]11:30～14:40(L.O.)
定休日
日曜日",東京都国分寺市本町2-25-5,https://tabelog.com/tokyo/A1325/A132502/13260932/
ラーメン,自家製麺つけ麺 紅葉,"営業時間
[火～金・日]11:30～14:30(L.O.)17:30～21:00(L.O.)
日曜営業
定休日
月曜・土曜",東京都国分寺市本町2-2-15,https://tabelog.com/tokyo/A1325/A132502/13026356/
ラーメン,北海道らーめん奥原流 久楽 セレオ国分寺店,"営業時間
11:00～22:00",東京都国分寺市南町3-20-3 セレオ国分寺 9F,https://tabelog.com/tokyo/A1325/A132502/13254450/
ラーメン,壱角家 国分寺店,"営業時間
[月〜土]10:00～翌2:00 [日・祝]10:00～23:00
日曜営業
定休日
無休",東京都国分寺市南町3-18-17 サイトウビル 1F,https://tabelog.com/tokyo/A1325/A132502/13183426/
ラーメン,中華そば ムタヒロ  1号店,"営業時間
【昼】  11:30～15:00(L.O)【夜】  18:00〜23:00(L.O)    (日曜日は21:00閉店)
日曜営業
定休日
年中無休",東京都国分寺市南町3-15-9 寿コーポB号 1F,https://tabelog.com/tokyo/A1325/A132502/13131257/
ラーメン,RAMEN WANTO,"営業時間
[月～土]11:00～15:00(L.O.14:45)18:00～21:00(L.O.20:45)[日]11:00～15:00(L.O.14:45)
日曜営業
定休日
無休",東京都国分寺市南町3-1-2,https://tabelog.com/tokyo/A1325/A132502/13258366/
ラーメン,中華そば ふうみどう,"営業時間
11:30～15:00(L.O.14:50)18:00～21:00(L.O.20:50)
定休日
日曜日",東京都国分寺市本町2-12-1,https://tabelog.com/tokyo/A1325/A132502/13128243/
ラーメン,とんとんラーメン,"営業時間
10:30～20:00
日曜営業
定休日
月曜日(月曜日が祝日の場合は営業し翌日火曜日休み)",東京都国分寺市日吉町4-17-5,https://tabelog.com/tokyo/A1325/A132502/13022674/
ラーメン,ラーメン木村亭,,東京都国分寺市本町2-11-10 グリーンパーク 102,https://tabelog.com/tokyo/A1325/A132502/13183128/
ラーメン,麺創研 紅 国分寺,"営業時間
11:00〜22:00(L.O) ⭕中休みナシ
日曜営業
定休日
月曜定休　※年末年始・臨時研究日アリ",東京都国分寺市本町2-2-15,https://tabelog.com/tokyo/A1325/A132502/13180975/
ラーメン,日高屋 国分寺北口店,"営業時間
11:00～翌3:00(L.O.翌2:30)
日曜営業
定休日
無休",東京都国分寺市本町2-10-1,https://tabelog.com/tokyo/A1325/A132502/13122990/
ラーメン,熊祥,"営業時間
[月～日]11:30～22:00
日曜営業
定休日
不定休",東京都国分寺市西元町2-17-11,https://tabelog.com/tokyo/A1325/A132502/13048963/
ラーメン,ホーライ,,東京都国分寺市西恋ケ窪3-20-1 1F,https://tabelog.com/tokyo/A1325/A132502/13191412/
ラーメン,三田製麺所 国分寺並木店,"営業時間
[月〜木・日]11:00～23:30(L.O)[金・土・祝前日]11:00～0:30(L.O)
日曜営業
定休日
無休",東京都国分寺市北町1-7-5,https://tabelog.com/tokyo/A1325/A132502/13122800/
ラーメン,拉麺 瑞笑,"営業時間
平日11:30〜14:00LO17:30〜20:00LO土　日　祝日11:30〜14:30LO17:30〜20:00LO売り切れ早仕舞いあり
日曜営業
定休日
月曜　金曜",東京都国分寺市本町2-13-8,https://tabelog.com/tokyo/A1325/A132502/13243646/
ラーメン,花水木,,東京都国分寺市南町1-13-1,https://tabelog.com/tokyo/A1325/A132502/13200403/
ラーメン,ラーメン魁力屋 国分寺並木町店,"営業時間
11:00～24:00(L.O.23:45)",東京都国分寺市並木町2-28-9,https://tabelog.com/tokyo/A1325/A132502/13288892/
ラーメン,えどっこ,,東京都国分寺市本町3-12-16,https://tabelog.com/tokyo/A1325/A132502/13238047/
ラーメン,らーめん さんさん,"営業時間
11:45～13:3018:00～翌1:00
定休日
土曜・日曜・祝日",東京都国立市北1-6-8,https://tabelog.com/tokyo/A1325/A132503/13089659/
ラーメン,日高屋 国立南口店,"営業時間
11:00～23:00(L.O.22:30)
日曜営業
定休日
年中無休",東京都国立市東1-4-7,https://tabelog.com/tokyo/A1325/A132503/13120685/
ラーメン,横浜ラーメン 花笠家,"営業時間
[月～日]11:00～24:00[土・日・祝]11:00～23:00",東京都国立市東1-7-11,https://tabelog.com/tokyo/A1325/A132503/13234844/
ラーメン,ラーメンショップ,,東京都国立市北1-9-11,https://tabelog.com/tokyo/A1325/A132503/13137771/
ラーメン,らぁめんめんや,,東京都国立市北3-25-3,https://tabelog.com/tokyo/A1325/A132503/13144297/
ラーメン,ラーメン 将太 国立府中インター店,"営業時間
10:30～22:30(L.O.22:15)
日曜営業
定休日
無休",東京都国立市谷保620-1,https://tabelog.com/tokyo/A1325/A132503/13287543/
ラーメン,くぬぎ,,東京都国立市東1-6-10 三笑ビル 1F,https://tabelog.com/tokyo/A1325/A132503/13148068/
ラーメン,丸信中華そば,"営業時間
[日・月・木・金・土]11:00～14:00　17:00～20:00
日曜営業
定休日
火曜日・水曜日",東京都国立市富士見台1-16-16,https://tabelog.com/tokyo/A1325/A132503/13091589/
ラーメン,中華そば 初代 修,"営業時間
[月～金]11:30～14:3018:00～21:00[土・日・祝]11:30～15:00
日曜営業
定休日
不定休",東京都国立市中1-14-45,https://tabelog.com/tokyo/A1325/A132503/13194134/
ラーメン,幸楽苑 国立府中インター店,"営業時間
[月～金]10:00～22:00[土・日]9:00～22:00
日曜営業",東京都国立市泉4-14-1,https://tabelog.com/tokyo/A1325/A132503/13138370/
ラーメン,横浜家系ラーメン孝太郎 国立店,"営業時間

日曜営業",東京都国立市東1-14-10,https://tabelog.com/tokyo/A1325/A132503/13292106/
ラーメン,中華そば専門店 八王子らーめん よしだ,"営業時間
11:00～2:00
日曜営業
定休日
無休",東京都八王子市東町1-3,https://tabelog.com/tokyo/A1329/A132904/13257941/
ラーメン,中華そば専門店 大勝軒,"営業時間
11:00～21:00
日曜営業
定休日
不定休",東京都八王子市子安町4-26-6,https://tabelog.com/tokyo/A1329/A132904/13284155/
ラーメン,びんびん 高尾店,"営業時間
ランチ　11：00～ディナー　～26：00
日曜営業
定休日
無休",東京都八王子市初沢町1231-17 リキエイビル 102,https://tabelog.com/tokyo/A1329/A132905/13188042/
ラーメン,らーめん愉悦処 鏡花 八王子想庵,"営業時間
[月～金]　11:00～15:0017:00～21:00[土・日・祝]11:00～21:00
日曜営業
定休日
なし",東京都八王子市中町7-9 中町ビル1F,https://tabelog.com/tokyo/A1329/A132904/13272507/
ラーメン,元祖敏々亭 びんびん 本店,"営業時間
11：00～24：00◎11：00～24：00の通し営業
定休日
年中無休",東京都八王子市子安町1-8-17,https://tabelog.com/tokyo/A1329/A132904/13151123/
ラーメン,麺場 田所商店 多摩ニュータウン店,"営業時間
11:00～22:30
日曜営業
定休日
無休",東京都八王子市堀之内3-1-41,https://tabelog.com/tokyo/A1329/A132904/13254023/
ラーメン,横浜家系 まるに家,,東京都八王子市寺町49-3 NK第2ビル 1F,https://tabelog.com/tokyo/A1329/A132904/13178268/
ラーメン,にんにくや 堀之内店,"営業時間
19:00～翌2:30
定休日
不定休",東京都八王子市堀之内3-6-10,https://tabelog.com/tokyo/A1329/A132904/13150476/
ラーメン,松木 田田,"営業時間
[月～水・金～日]11:00～23:00
日曜営業
定休日
木曜・隔週水曜",東京都八王子市松木15-10,https://tabelog.com/tokyo/A1329/A132904/13232487/
ラーメン,ぶっ豚 八王子店,,東京都八王子市子安町1-2-1,https://tabelog.com/tokyo/A1329/A132904/13241471/
ラーメン,新松木 大和家,"営業時間
11:00～翌2:00
日曜営業",東京都八王子市松木31-15,https://tabelog.com/tokyo/A1329/A132904/13227392/
ラーメン,麺処あずき,"営業時間
【火～日】・・・ランチのみ11：00～15：00【土・日】・・・ランチ＋ディナー11：00～15：00　　17：00～20：00
日曜営業
定休日
月曜日",東京都八王子市本町14-10 金子ビル102,https://tabelog.com/tokyo/A1329/A132904/13127801/
ラーメン,でうら,"営業時間
11:00～15:00
定休日
水曜日、日曜日、祝日",東京都八王子市台町1-6-12,https://tabelog.com/tokyo/A1329/A132904/13018484/
ラーメン,麺処 ますや,"営業時間
[昼の部]11:00～15:00(L.O.14:30)[夜の部]【火～木曜日】17:00～21:00(L.O.20:30)【金～日曜日】17:00～22:00(L.O.21:30)
日曜営業
定休日
月曜日",東京都八王子市横山町7-2,https://tabelog.com/tokyo/A1329/A132904/13279115/
ラーメン,らｰめん むらたや,"営業時間
[月～金]11:30～15:0017:00～23:00[土]11:30～23:00
定休日
日曜",東京都八王子市犬目町909,https://tabelog.com/tokyo/A1329/A132904/13024490/
ラーメン,一陽来福,,東京都八王子市楢原町472-1,https://tabelog.com/tokyo/A1329/A132904/13019677/
ラーメン,江川亭 八王子北店,"営業時間
11:00～22:00(ラストオーダー閉店30分前)※臨時休や営業時間変更の場合は、HPのお知らせに掲載いたします。
日曜営業
定休日
月曜日（祝日は営業、翌日代休）",東京都八王子市小宮町1111-1,https://tabelog.com/tokyo/A1329/A132904/13046964/
ラーメン,ら～めん 熊八,"営業時間
[月～土]10:30～21:30(L.O.)[日]10:30～20:00(L.O.)
日曜営業
定休日
2022年:不定休、2023年1月～水曜日、他不定休",東京都八王子市散田町3-18-4 青木ビル1F,https://tabelog.com/tokyo/A1329/A132904/13121665/
ラーメン,らあめん花月嵐 八王子片倉店,"営業時間
[店内営業時間]11:00～22:00
日曜営業
定休日
なし",東京都八王子市片倉町2213-1,https://tabelog.com/tokyo/A1329/A132904/13214710/
ラーメン,中華そば専門店 一六食堂,"営業時間
11:00～15:00
日曜営業
定休日
無休",東京都八王子市小宮町919-11,https://tabelog.com/tokyo/A1329/A132904/13252179/
ラーメン,東京油組総本店 八王子組,"営業時間
11:00～23:00
日曜営業
定休日
無休",東京都八王子市明神町4-7-4,https://tabelog.com/tokyo/A1329/A132904/13258532/
ラーメン,ラーメンエース 八王子店,"営業時間
[月～土・祝]11:30～14:3018:00～22:00
定休日
日曜日",東京都八王子市中野町2686-11,https://tabelog.com/tokyo/A1329/A132904/13133359/
ラーメン,中華そば専門店 麺楽,,東京都八王子市台町4-30-7,https://tabelog.com/tokyo/A1329/A132904/13230111/
ラーメン,茨城豚骨 美しょう,"営業時間
11:00〜15:0017:00〜22:00
日曜営業
定休日
無休",東京都八王子市三崎町2-7 ヨーロービル1F,https://tabelog.com/tokyo/A1329/A132904/13288965/
ラーメン,初富士,"営業時間
11:00-19:00
定休日
日曜日",東京都八王子市中野上町4-17-4,https://tabelog.com/tokyo/A1329/A132904/13024767/
ラーメン,屋台ラーメン しゅんやっちゃん,"営業時間
［火～土］18:00～23:00
定休日
不定休雨又は雨予報の時はお休み",東京都八王子市初沢町1277-8,https://tabelog.com/tokyo/A1329/A132905/13256299/
ラーメン,しょうゆのおがわや 小宮店,"営業時間
[月～金] 11:00～23:00[土・日・祝] 11:00～23:00【年末年始営業のお知らせ】2023/12/28⇒通常営業12/29⇒通常営業12/30～2024/1/3⇒休業1/4⇒11時～22時（通し営業）1/5～⇒通常営業
日曜営業
定休日
無休（年末年始除く）",東京都八王子市小宮町233-2,https://tabelog.com/tokyo/A1329/A132904/13152999/
ラーメン,中華そば 一信,"営業時間
[火～金]11:30～14:0018:00～21:00(L.O.) ［土・日・祝］11:30～14:3018:00～21:00(L.O.) 
日曜営業
定休日
月曜日(祝日等営業)",東京都八王子市堀之内3-35-1 ラルジュ菜の花 1F,https://tabelog.com/tokyo/A1329/A132904/13178525/
ラーメン,八作,"営業時間
11:00～16:00
日曜営業
定休日
木曜日",東京都八王子市並木町14-19,https://tabelog.com/tokyo/A1329/A132904/13019828/
ラーメン,びんびん亭 八王子ユーロード店,,東京都八王子市横山町11-1,https://tabelog.com/tokyo/A1329/A132904/13202346/
ラーメン,麺屋 悟空,,東京都八王子市千人町2-20-5,https://tabelog.com/tokyo/A1329/A132904/13130005/
ラーメン,壱角家 西八王子店,"営業時間
[月～日]10:30～翌3:00
日曜営業
定休日
無休",東京都八王子市千人町2-20-5 栗林ビル 1F,https://tabelog.com/tokyo/A1329/A132904/13175121/
ラーメン,らーめん チャアヤ,"営業時間
[月～日]11:30～14:3017:00～23:00
日曜営業
定休日
無休",東京都八王子市子安町1-2-2 川和ビル,https://tabelog.com/tokyo/A1329/A132904/13097218/
ラーメン,濃厚タンメン子安食堂,,東京都八王子市子安町4-10-9 西村ビル 1F,https://tabelog.com/tokyo/A1329/A132904/13275903/
ラーメン,極濃つけ麺ブンブンマル,"営業時間
[月・水～日]17:00～23:00
日曜営業
定休日
火曜・第1,3水曜",東京都八王子市下柚木321-1,https://tabelog.com/tokyo/A1329/A132904/13093698/
ラーメン,天下一品 八王子店,"営業時間
 11:00～20:00(L.O.21:50)夏季休業8/16（月）、8/17（火）、8/18（水）
日曜営業
定休日
なし",東京都八王子市東町12-7 王将ビル　１Ｆ,https://tabelog.com/tokyo/A1329/A132904/13019269/
ラーメン,一平ラーメン,"営業時間
11：00～23：00
日曜営業
定休日
無休",東京都八王子市東町12-4,https://tabelog.com/tokyo/A1329/A132904/13056384/
ラーメン,らーめん 尾又家,"営業時間
[月～日]11:00～24:00",東京都八王子市明神町4-7-2 内藤落合ビル 1F,https://tabelog.com/tokyo/A1329/A132904/13251118/
ラーメン,麺や樽座 小宮店,"営業時間
※2023/12〜閉店時間が早まる日がありますm(__)m例:土曜 閉店21:00など月〜土曜 11:30〜23:00（ラストオーダー22:45)日・祝 11:30〜21:00(ラストオーダー20:45)最新の情報は当店のTwitterやInstagramをご確認ください
日曜営業
定休日
定休日なし",東京都八王子市小宮町941-1,https://tabelog.com/tokyo/A1329/A132904/13041366/
ラーメン,ラーメン 花木流味噌,"営業時間
ランチ　11：00～18：00ディナー　18：00～25：00※日曜日のみ23時終了
日曜営業
定休日
不定休",東京都八王子市東町1-2,https://tabelog.com/tokyo/A1329/A132904/13245967/
ラーメン,長崎らーめん 西海製麺所 八王子みなみ野店,"営業時間
11:00～21:00((.O.20:00)
日曜営業
定休日
無休",東京都八王子市みなみ野1-2-1 アクロスモール八王子みなみ野1F,https://tabelog.com/tokyo/A1329/A132904/13034148/
ラーメン,ちとせ,"営業時間
[月～金・日・祝]11:00～20:00
定休日
毎週土曜日",東京都八王子市南新町8,https://tabelog.com/tokyo/A1329/A132904/13056891/
ラーメン,タマゾウ-86,,東京都八王子市中町12-12,https://tabelog.com/tokyo/A1329/A132904/13195953/
ラーメン,はる太郎,"営業時間
1100-2030",東京都八王子市長房町375-8,https://tabelog.com/tokyo/A1329/A132904/13127109/
ラーメン,長浜らーめん,,東京都八王子市東町1-3,https://tabelog.com/tokyo/A1329/A132904/13260970/
ラーメン,煮干鰮らーめん 圓 八王子本店,"営業時間
[月～金]11:00～22:00まで通し営業[土・日]11:00～22:00まで通し営業年中無休
日曜営業
定休日
無休",東京都八王子市横山町21-21,https://tabelog.com/tokyo/A1329/A132904/13091258/
ラーメン,長浜らーめん,"営業時間
10：00～翌日08：00
日曜営業
定休日
年中無休",東京都八王子市大谷町355-2,https://tabelog.com/tokyo/A1329/A132904/13066121/
ラーメン,みそ処 麺屋 いっぱし,"営業時間
11:30～14:2017:30～21:40
日曜営業
定休日
火曜日",東京都八王子市東町10-8 DADA Base 3 1F,https://tabelog.com/tokyo/A1329/A132904/13242915/
ラーメン,極壱,"営業時間
月曜〜土曜　11時〜22時 Lo 15分前
定休日
日曜日　(祝)",東京都八王子市大塚623-6 水野ビル,https://tabelog.com/tokyo/A1329/A132903/13249032/
ラーメン,鶏白湯 白,"営業時間
11:00～23:00
日曜営業
定休日
なし",東京都八王子市横山町5-9,https://tabelog.com/tokyo/A1329/A132904/13270184/
ラーメン,松葉,"営業時間
[月～金] 10:30～15:30  17:30～20:00［土.祝日］ 11:00～15:00  17:30～20:00店休日はFacebook『中華そば松葉』で確認出来ます。
定休日
日曜日",東京都八王子市元本郷3-17-15,https://tabelog.com/tokyo/A1329/A132904/13179167/
ラーメン,五穀みそらーめん 味噌屋 蔵之介 八王子みなみ野店,"営業時間
11:00～15:0017:00～22:00
日曜営業",東京都八王子市西片倉3-1-10,https://tabelog.com/tokyo/A1329/A132904/13284165/
ラーメン,南京亭 八王子新滝山街道店,"営業時間
24時間営業
日曜営業
定休日
無休",東京都八王子市梅坪町134-1,https://tabelog.com/tokyo/A1329/A132904/13109893/
ラーメン,鶏白湯そば 界,,東京都八王子市千人町2-20-5 小寺ビル 1F,https://tabelog.com/tokyo/A1329/A132904/13281169/
ラーメン,高社楼,"営業時間

日曜営業
定休日
火曜日",東京都八王子市元横山町2-20-7,https://tabelog.com/tokyo/A1329/A132904/13063256/
ラーメン,和風中華 武蔵野餃子房,"営業時間
11:00～21:00
日曜営業
定休日
無休",東京都八王子市別所2-56 ぐりーんうぉーく多摩 レストラン棟 1F,https://tabelog.com/tokyo/A1329/A132904/13160682/
ラーメン,鴨と上州地鶏 中華そば 鷹,"営業時間
11:00～15:3017:00～23:00
日曜営業
定休日
無休",東京都八王子市打越町335-1 京王リトナード北野 2F,https://tabelog.com/tokyo/A1329/A132904/13277908/
ラーメン,横浜家系らーめん 北野家,,東京都八王子市北野町584-28 エステート北野II 1F,https://tabelog.com/tokyo/A1329/A132904/13105076/
ラーメン,口樂,"営業時間
[木〜日]11:00〜14:30  18:00～21:00※日曜昼のみ※臨時休業あり
定休日
月曜日",東京都八王子市下柚木2-9-11 シルキーパレスⅡ 1F,https://tabelog.com/tokyo/A1329/A132904/13144054/
ラーメン,中華そば 吾衛門,"営業時間
11:00～17:00
定休日
日曜日、祝日",東京都八王子市千人町3-3-3,https://tabelog.com/tokyo/A1329/A132904/13019588/
ラーメン,大珍飯店,,東京都八王子市八日町1-18-1,https://tabelog.com/tokyo/A1329/A132904/13193457/
ラーメン,でんでん,"営業時間
【昼の営業】11:30～15:00【夜の営業(木・金・土のみ)】19:00～21:30
日曜営業
定休日
火曜・祝日",東京都八王子市子安町1-37-6,https://tabelog.com/tokyo/A1329/A132904/13024473/
ラーメン,ハイデン.コッコFACTORY 戦慄のワコマチカ,"営業時間
〔月・水・木・金〕11:00～15:00〔日・祝〕11:00～15:00
日曜営業
定休日
火曜日　土曜日",東京都八王子市千人町2-16-6,https://tabelog.com/tokyo/A1329/A132904/13280059/
ラーメン,丸源ラーメン 八王子南大沢店,"営業時間
月〜日10:30〜24:00
日曜営業
定休日
なし",東京都八王子市南大沢1-22-16,https://tabelog.com/tokyo/A1329/A132904/13201525/
ラーメン,日高屋 八王子南口店,"営業時間
11:00～23:00（LO.23:00）
日曜営業
定休日
無休",東京都八王子市子安町4-7-1 サザンスカイタワー八王子3F,https://tabelog.com/tokyo/A1329/A132904/13120108/
ラーメン,夢を語れ 八王子,"営業時間
[月・木～日]11:00～14:00(L.O.)18:00～21:30(L.O.) [火]11:00～14:00(L.O.)
日曜営業
定休日
水曜日・臨時休業あり",東京都八王子市上野町15-4 上野町ビル 1F,https://tabelog.com/tokyo/A1329/A132904/13271206/
ラーメン,三ツ矢堂製麺 ぐりーんうぉーく多摩店,"営業時間
11:00～20:30(L.O)",東京都八王子市別所2-56 ぐりーんうぉーく多摩,https://tabelog.com/tokyo/A1329/A132904/13098340/
ラーメン,らぁめん 大安,"営業時間
[月～金]11:00～14:0017:00～20:00[土]11:00～15:00(スープがなくなり次第終了)
定休日
日曜日、祝日",東京都八王子市子安町1-11-10 エリートビル　１Ｆ,https://tabelog.com/tokyo/A1329/A132904/13114440/
ラーメン,麺や 樽座 子安町店,"営業時間
月 11:30〜15:00(月曜は昼営業のみ）水〜日 11:30〜15:00 / 18:00〜22:00                     （ラストオーダー21:45)※2022年11月より火曜定休
日曜営業
定休日
火曜",東京都八王子市子安町1-3-14,https://tabelog.com/tokyo/A1329/A132904/13086486/
ラーメン,ラーメンショップ 八王子新滝山街道店,"営業時間
日曜日	11時00分～19時00分月曜日	11時00分～19時00分火曜日	定休日水曜日	11時00分～19時00分木曜日	11時00分～19時00分金曜日	11時00分～19時00分土曜日	11時00分～19時00分
定休日
火曜日",東京都八王子市梅坪町261-2,https://tabelog.com/tokyo/A1329/A132904/13274365/
ラーメン,味の天徳 八王子店,"営業時間
24時間営業
日曜営業
定休日
無休",東京都八王子市中町7-7,https://tabelog.com/tokyo/A1329/A132904/13092022/
ラーメン,シゲジン,"営業時間
［火～木］12:00～15:00 18:00～24:00［金・土］12:00～15:00 18:00～翌3:00［日］12:00～22:00
日曜営業
定休日
月曜日",東京都八王子市中町8-9 八王子コスモビル 103,https://tabelog.com/tokyo/A1329/A132904/13225219/
ラーメン,らーめん にじいろ,"営業時間
［火•水•木］11:00～14:00  17:00〜20:00［金•土•日•祝日］11:00〜15:00
日曜営業
定休日
月曜日（祝日の場合翌日）",東京都八王子市西寺方町67-4,https://tabelog.com/tokyo/A1329/A132905/13222082/
ラーメン,麺でる 南大沢店,"営業時間
11:00～15:00(L.O.14:50)17:30～22:00",東京都八王子市南大沢2-213-9 パークハウス南大沢 1F,https://tabelog.com/tokyo/A1329/A132904/13155584/
ラーメン,らあめん花月嵐 京王堀之内店,"営業時間
[店内営業時間]11:00～24:00
日曜営業
定休日
なし",東京都八王子市別所2-1 ビア長池 本館 3F,https://tabelog.com/tokyo/A1329/A132904/13187236/
ラーメン,八王子 響,"営業時間
11:30～15:00(売り切れ次第閉店)
日曜営業
定休日
月曜日、火曜日",東京都八王子市平岡町15-14 明光ビル1F,https://tabelog.com/tokyo/A1329/A132904/13204715/
ラーメン,めんめん,"営業時間
［月・火・木～土］11:00～17:00
定休日
水曜・日曜・祝日",東京都八王子市台町4-9-8,https://tabelog.com/tokyo/A1329/A132904/13163704/
ラーメン,らーめん 大紅,,東京都八王子市堀之内3-11-14,https://tabelog.com/tokyo/A1329/A132904/13127300/
ラーメン,味幸,"営業時間
11:00～売り切れ次第終了
日曜営業
定休日
水曜日",東京都八王子市西寺方町23-3,https://tabelog.com/tokyo/A1329/A132905/13019594/
ラーメン,ポパイ ラーメンレストラン,"営業時間
11:00～22:00（L.O.21:20）
日曜営業
定休日
無休",東京都八王子市大塚622-11,https://tabelog.com/tokyo/A1329/A132903/13056425/
ラーメン,トモエ 八王子店,"営業時間
11:00～19:30
日曜営業
定休日
月曜日",東京都八王子市散田町5-18-13,https://tabelog.com/tokyo/A1329/A132904/13040466/
ラーメン,秦山屋,"営業時間
11:00～15:00　17:00～21:00
日曜営業
定休日
火曜日",東京都八王子市谷野町391-11,https://tabelog.com/tokyo/A1329/A132904/13269231/
ラーメン,ラーメン専門 藍華,"営業時間
11:00～15:0018:00～22:00
日曜営業
定休日
不定休",東京都八王子市元横山町2-22-3,https://tabelog.com/tokyo/A1329/A132904/13010255/
ラーメン,ラーメン花,,東京都八王子市中町10-3,https://tabelog.com/tokyo/A1329/A132904/13143050/
ラーメン,横濱家 八王子みなみ野店,"営業時間
【平日】11:00～16:00・18：00～22:00(L.O.21:45)【土日祭日】11:00～22:00（L.O. 21:45）
日曜営業
定休日
年中無休",東京都八王子市みなみ野2-15-10,https://tabelog.com/tokyo/A1329/A132904/13020673/
ラーメン,アメミ屋,,東京都八王子市台町1-17-5,https://tabelog.com/tokyo/A1329/A132904/13151866/
ラーメン,中華そば 麺や 八八,,東京都八王子市大横町13-1,https://tabelog.com/tokyo/A1329/A132904/13278098/
ラーメン,えびす丸,"営業時間
11:00～16:00
定休日
日曜日、祝日",東京都八王子市片倉町2348,https://tabelog.com/tokyo/A1329/A132904/13020356/
ラーメン,タンポポ,"営業時間
11：30～15：00（L.O.14：30）
日曜営業
定休日
木曜日",東京都八王子市北野町547-20,https://tabelog.com/tokyo/A1329/A132904/13133141/
ラーメン,ラーメン二郎 めじろ台店,"営業時間
［月・火・水・金・土］11:00～14:3017:30～20:30［日］11:00～15:00
定休日
木曜日、祝日",東京都八王子市椚田町513-9,https://tabelog.com/tokyo/A1329/A132904/13209016/
ラーメン,めんくい亭,"営業時間
11:30～20:00
日曜営業
定休日
火曜日",東京都八王子市暁町1-5-13,https://tabelog.com/tokyo/A1329/A132904/13160779/
ラーメン,一麺,,東京都八王子市三崎町5-13,https://tabelog.com/tokyo/A1329/A132904/13010256/
ラーメン,らーめん 楓,"営業時間
［月曜日〜金曜日］11:00〜15:30(L.O)17:30〜22:00(L.O)［土・日・祝］11:00〜21:00
日曜営業
定休日
なし",東京都八王子市大和田町5-10-1,https://tabelog.com/tokyo/A1329/A132904/13020728/
ラーメン,鴨中華そば 楓,"営業時間
昼営業11:00～14:30夜営業17:30～22:00
日曜営業
定休日
無休",東京都八王子市明神町3-24-12 フィシオ京王八王子 1F,https://tabelog.com/tokyo/A1329/A132904/13261010/
ラーメン,長浜家,,東京都八王子市天神町2-13-2,https://tabelog.com/tokyo/A1329/A132904/13020674/
ラーメン,天下一品 多摩ニュータウン店,"営業時間
11:00～23:00(L.O.22:45)
日曜営業
定休日
無休",東京都八王子市松木34-4,https://tabelog.com/tokyo/A1329/A132904/13019264/
ラーメン,分田上,"営業時間
11:00～17:00
日曜営業
定休日
月曜日、火曜日",東京都八王子市下柚木321-1,https://tabelog.com/tokyo/A1329/A132904/13010292/
ラーメン,麺処 そら亭,"営業時間
[火・水・金]11:30～14:00(L.O.)18:00～21:00(L.O.)[土・日・祝]11:30～15:00(L.O.)
日曜営業
定休日
月曜日、木曜日",東京都八王子市打越町334-5 スカイマンション,https://tabelog.com/tokyo/A1329/A132904/13234990/
ラーメン,八王子 大和家,"営業時間
11:00～翌1:00",東京都八王子市東町1-2,https://tabelog.com/tokyo/A1329/A132904/13108543/
ラーメン,黙古寿,"営業時間
11:00～17:00
日曜営業
定休日
月曜・第３火曜",東京都八王子市狭間町1451-1,https://tabelog.com/tokyo/A1329/A132904/13035105/
ラーメン,横浜家系ラーメン王子家,,東京都八王子市中町4-12,https://tabelog.com/tokyo/A1329/A132904/13186740/
ラーメン,中華そば 藤,"営業時間
11:30～19:00
日曜営業
定休日
月曜日",東京都八王子市東浅川町562-7,https://tabelog.com/tokyo/A1329/A132904/13236750/
ラーメン,弘富,"営業時間
[月～土]11:00～18:00
定休日
日曜日",東京都八王子市明神町3-11-1,https://tabelog.com/tokyo/A1329/A132904/13036187/
ラーメン,片倉 大和家,"営業時間
[月～日]11:00～24:00
日曜営業
定休日
無休",東京都八王子市片倉町489-4,https://tabelog.com/tokyo/A1329/A132904/13240591/
ラーメン,くるまやラーメン 八王子店,"営業時間
11:00～翌2:00
日曜営業
定休日
火曜日",東京都八王子市川口町1568-5,https://tabelog.com/tokyo/A1329/A132904/13020729/
ラーメン,中華蕎麦 かくれんぼ,,東京都八王子市めじろ台1-9-1 2F,https://tabelog.com/tokyo/A1329/A132904/13279812/
ラーメン,海老香る 旨辛味噌ラーメン RE:唐唐郎,"営業時間
通常営業12:00～16:0018:00〜23:00
日曜営業
定休日
毎週月曜日と第2日曜日は、定休日になります",東京都八王子市中町10-1 アートハウス 1F,https://tabelog.com/tokyo/A1329/A132904/13261323/
ラーメン,星の家,,東京都八王子市中野上町1-5-12,https://tabelog.com/tokyo/A1329/A132904/13006014/
ラーメン,一風堂 セレオ八王子店,"営業時間
11:00～21:30
日曜営業
定休日
施設の定休日に準ずる",東京都八王子市旭町1-1 セレオ八王子 北館9F,https://tabelog.com/tokyo/A1329/A132904/13236804/
ラーメン,らーめん まる重,,東京都八王子市南大沢1-22-4,https://tabelog.com/tokyo/A1329/A132904/13138925/
ラーメン,長崎らーめん 西海製麺所 八王子市役所横店,"営業時間
11:00～20:00
日曜営業
定休日
無休",東京都八王子市元本郷町3-17-12,https://tabelog.com/tokyo/A1329/A132904/13019610/
ラーメン,小川流 八王子みなみ野店,"営業時間
平日/11:00-23:00 土日祝/11:00-23:00【年末年始営業のお知らせ】2023/12/28⇒通常営業12/29⇒11時～22時（通し営業）12/30～2024/1/3⇒休業1/4⇒11時～22時（通し営業）1/5～⇒通常営業
日曜営業
定休日
無休（年末年始除く）",東京都八王子市片倉町1919-7,https://tabelog.com/tokyo/A1329/A132904/13114336/
ラーメン,みんみんラーメン 本店,"営業時間
11:00～16:00(L.O.15:40頃)17:00～20:00(L.O.19:40頃)
日曜営業
定休日
月曜日",東京都八王子市楢原町437-1,https://tabelog.com/tokyo/A1329/A132904/13016383/
ラーメン,おゆう,"営業時間
11:00～15:0017:00～21:00
日曜営業
定休日
火曜日",東京都八王子市戸吹町157-1,https://tabelog.com/tokyo/A1330/A133001/13143182/
ラーメン,清勝丸 南大沢ミートレア,"営業時間
11:00～22:00
日曜営業
定休日
不定休",東京都八王子市南大沢2-1-6 フレンテ南大沢新館 5F,https://tabelog.com/tokyo/A1329/A132904/13229648/
ラーメン,らーめん なぶら,"営業時間
「火～日」11:30～14:3017:30～21:00(L.O.20:30)
日曜営業
定休日
月曜日",東京都八王子市左入町406-3,https://tabelog.com/tokyo/A1329/A132904/13024083/
ラーメン,日高屋 西八王子店,"営業時間
9:45～23:00(LO22:30)
日曜営業
定休日
無休",東京都八王子市千人町3-2-1,https://tabelog.com/tokyo/A1329/A132904/13126939/
ラーメン,博多長浜らーめん 六角堂 八王子店,"営業時間
[月～土]11:00～翌2:00[日]11:00～24:00",東京都八王子市堀之内2-12-5,https://tabelog.com/tokyo/A1329/A132904/13061595/
ラーメン,びんびん 西八王子店,"営業時間
11:00〜翌2:00",東京都八王子市千人町2-1-1 FLEX西八王子 1F,https://tabelog.com/tokyo/A1329/A132904/13177328/
ラーメン,ラーメンショップ 上柚木店,,東京都八王子市上柚木1083-1,https://tabelog.com/tokyo/A1329/A132904/13158595/
ラーメン,しょうしょう,,東京都八王子市堀之内2-29-3,https://tabelog.com/tokyo/A1329/A132904/13045379/
ラーメン,八代目 哲麺 めじろ台店,"営業時間
11:00～23:00
日曜営業
定休日
無休",東京都八王子市めじろ台2-65-6,https://tabelog.com/tokyo/A1329/A132904/13107900/
ラーメン,いち福,,東京都八王子市千人町2-20-2,https://tabelog.com/tokyo/A1329/A132904/13168408/
ラーメン,田田 八王子店,"営業時間
[月～日]11:00～翌1:00
日曜営業
定休日
無休",東京都八王子市三崎町4-10 三崎セントラルビル 1F,https://tabelog.com/tokyo/A1329/A132904/13254950/
ラーメン,らーめん花月嵐 ファブ南大沢店,"営業時間
[店内営業時間]11:00～23:00（L.O 22：30）[テイクアウト販売時間]11:00～23:00[出前館受付時間]11:00～19:00[Uber Eats受付時間]11:00～19:00
日曜営業
定休日
なし",東京都八王子市南大沢2-3 ファブ南大沢 3F,https://tabelog.com/tokyo/A1329/A132904/13160970/
ラーメン,壱発ラーメン 八王子本店,"営業時間
10:00～23:00
日曜営業
定休日
12/31、1/1",東京都八王子市万町19-1,https://tabelog.com/tokyo/A1329/A132904/13006016/
ラーメン,らーめん いち,"営業時間
11:00～19:00（売切れ時閉店）
日曜営業
定休日
火曜.水曜  (祝日の場合営業、翌営業日に振替休)",東京都八王子市子安町1-7-6 飯室ビル 1F,https://tabelog.com/tokyo/A1329/A132904/13209767/
ラーメン,鶏と鳴く,"営業時間
[土・日]11:00～14:30
日曜営業
定休日
月曜日、火曜日、水曜日、木曜日、金曜日",東京都八王子市明神町3-24-12,https://tabelog.com/tokyo/A1329/A132904/13268769/
ラーメン,麺や石川,"営業時間
6:00～22:00
日曜営業
定休日
無休",東京都八王子市石川町2975 石川パーキングエリア 下り線,https://tabelog.com/tokyo/A1329/A132904/13119722/
ラーメン,らーめん 輝,"営業時間
11:00～15:0017:00～21:00(L.O.20:45)
日曜営業
定休日
年末年始",東京都八王子市東浅川町562-1,https://tabelog.com/tokyo/A1329/A132904/13280080/
ラーメン,十八製麺,,東京都八王子市高倉町54-1,https://tabelog.com/tokyo/A1329/A132904/13145824/
ラーメン,タンタン,"営業時間
[火～金]11:00～14:30
定休日
月曜日、土曜日、日曜日、祝日",東京都八王子市子安町1-30-6,https://tabelog.com/tokyo/A1329/A132904/13046007/
ラーメン,らーめん 善,"営業時間
11:30～15:0017:30～21:00
日曜営業
定休日
木曜日",東京都八王子市めじろ台2-33-13,https://tabelog.com/tokyo/A1329/A132904/13032565/
ラーメン,めん屋 とんぼ,,東京都八王子市大和田町7-8-8,https://tabelog.com/tokyo/A1329/A132904/13226727/
ラーメン,長崎らーめん 西海製麺所 高尾駅前店,"営業時間
11:00～20:30(L.O.20:00)
日曜営業
定休日
無休",東京都八王子市初沢町1231-5,https://tabelog.com/tokyo/A1329/A132905/13036656/
ラーメン,まこと,"営業時間
11:00～15:00
日曜営業
定休日
火曜日",東京都八王子市長沼町877,https://tabelog.com/tokyo/A1329/A132904/13066126/
ラーメン,らあめん花月嵐 京王八王子店,"営業時間
[店内営業時間]11:00～24:00[出前館受付時間]11:00～21:00[Uber Eats受付時間]11:00～24:00
日曜営業
定休日
なし",東京都八王子市東町1-2,https://tabelog.com/tokyo/A1329/A132904/13055950/
ラーメン,ほっこり中華そば もつけ,"営業時間
10:40～15:00
日曜営業
定休日
火曜日",東京都八王子市万町34-1,https://tabelog.com/tokyo/A1329/A132904/13192847/
ラーメン,東池袋 大勝軒 八王子店,"営業時間
11:00～14:30(L.O.14:20) 17:00～20:30
日曜営業
定休日
水曜日、第1・3火曜日",東京都八王子市東町1-18,https://tabelog.com/tokyo/A1329/A132904/13019613/
ラーメン,高根家,"営業時間
11:00～14:30(L.O.14:20)18:00～20:00(L.O.19:50)
日曜営業
定休日
月曜日",東京都八王子市絹ケ丘1-1-8,https://tabelog.com/tokyo/A1329/A132904/13020426/
ラーメン,北海道ラーメン味源,,東京都八王子市三崎町5-12,https://tabelog.com/tokyo/A1329/A132904/13091125/
ラーメン,道,,東京都八王子市四谷町1917,https://tabelog.com/tokyo/A1329/A132904/13151119/
ラーメン,青葉 八王子店,"営業時間
10:30～22:00
日曜営業
定休日
年中無休",東京都八王子市南新町15-1,https://tabelog.com/tokyo/A1329/A132904/13010262/
ラーメン,麺とスープの店 歩き出せ クローバー,"営業時間
毎週木曜日のみ営業11:30~14:30(スープ無くなり次第終了)
定休日
月曜,火曜,水曜,金曜,土曜,日曜",東京都八王子市明神町3-24-12,https://tabelog.com/tokyo/A1329/A132904/13267907/
ラーメン,煮干しそば 虎空,"営業時間
［月・水・木・金］11:00～16:0018:00～22:00［土・日・祝］11:00～22:00
日曜営業
定休日
火曜日",東京都八王子市大塚1498-1,https://tabelog.com/tokyo/A1329/A132903/13223901/
ラーメン,めんや蔵,,東京都八王子市打越町1195-5,https://tabelog.com/tokyo/A1329/A132904/13022488/
ラーメン,音七,,東京都八王子市子安町4-1-1,https://tabelog.com/tokyo/A1329/A132904/13236502/
ラーメン,タマゾウ,,東京都八王子市中町9-8 小松ビル 1F,https://tabelog.com/tokyo/A1329/A132904/13213555/
ラーメン,麺笑 巧真,"営業時間
[月～金]11:00～14:3018:00～22:00[土・日・祝]11:00～16:00
日曜営業
定休日
無休",東京都八王子市明神町4-12-2,https://tabelog.com/tokyo/A1329/A132904/13246669/
ラーメン,麺や 睡蓮,"営業時間
11:00～15:00
定休日
日曜日",東京都八王子市元本郷町3-17-1,https://tabelog.com/tokyo/A1329/A132904/13284815/
ラーメン,大進亭,"営業時間
11：00～21：00
日曜営業
定休日
年中無休",東京都八王子市大楽寺町184,https://tabelog.com/tokyo/A1329/A132904/13010459/
ラーメン,南大沢 らーめん家,"営業時間
10:00～21:00
日曜営業
定休日
無休",東京都八王子市南大沢2-2 パオレビル 4F,https://tabelog.com/tokyo/A1329/A132904/13245841/
ラーメン,ラーメン二郎 八王子野猿街道店 ２,"営業時間
月　定休日(祝日も定休日になります)火〜金11:00〜15:00頃17:30〜21:00土11:00〜20:00頃通し営業日9:30~16:30頃材料切れの為、営業を終了する場合もあります。
日曜営業
定休日
月曜日臨時休業ありTwitter要確認。",東京都八王子市堀之内2-13-16,https://tabelog.com/tokyo/A1329/A132904/13025633/
ラーメン,日高屋 八王子店,"営業時間
[月～木]9:00～23:00(L.O.22:30)[金・土]24時間営業[日・祝]7:00～23:00(L.O.22:30)
日曜営業",東京都八王子市旭町6-10 第51東京ビル 1F,https://tabelog.com/tokyo/A1329/A132904/13109993/
ラーメン,しょうゆのおがわや 北野店,"営業時間
11:00～23:00【平日・土日祝全て通し営業】【年末年始営業のお知らせ】2023/12/28⇒通常営業12/29⇒通常営業12/30～2024/1/3⇒休業1/4⇒11 時～22 時（通し営業）1/5～⇒通常営業
日曜営業
定休日
無休(年末年始を除く)",東京都八王子市打越町344-4,https://tabelog.com/tokyo/A1329/A132904/13174143/
ラーメン,ラーメン専門店 竹の家,"営業時間
10:00～19:30
日曜営業
定休日
水曜日",東京都八王子市中町4-2,https://tabelog.com/tokyo/A1329/A132904/13016396/
ラーメン,百馬,"営業時間
１８：００～２４：００日曜１４：００～２１：００
日曜営業
定休日
不定休",東京都八王子市南町3-17,https://tabelog.com/tokyo/A1329/A132904/13114363/
ラーメン,豚骨ソバ かなえ,"営業時間
11:30～スープなくなるまで12月26日以降11:30～14:3017:30～22:00
日曜営業",東京都八王子市千人町3-2-1,https://tabelog.com/tokyo/A1329/A132904/13266891/
ラーメン,中華そば 弥栄,"営業時間
11:00～15:0018:00～20:00頃
日曜営業
定休日
月曜日",東京都八王子市千人町2-3-3,https://tabelog.com/tokyo/A1329/A132904/13196346/
ラーメン,中華お食事処 つばさ,"営業時間
11:30～14:30 17:00～19:00
日曜営業
定休日
水曜日",東京都八王子市千人町2-3-4 一二三ビル 1F,https://tabelog.com/tokyo/A1329/A132904/13227183/
ラーメン,半チャンラーメン たまぞう,"営業時間
11:00～
日曜営業
定休日
無休",東京都八王子市下柚木2-12-10,https://tabelog.com/tokyo/A1329/A132904/13188424/
ラーメン,味よし,"営業時間
11:00～14:0017:00～20:00
日曜営業
定休日
月",東京都八王子市中野町2727,https://tabelog.com/tokyo/A1329/A132904/13066124/
ラーメン,たからや食堂,"営業時間
11:00~15:0017:00~20:00
日曜営業
定休日
水曜",東京都八王子市中野山王3-23-16,https://tabelog.com/tokyo/A1329/A132904/13066122/
ラーメン,麺屋 いちむら,"営業時間
[火～日]11:00～19:00
定休日
月曜日",東京都八王子市めじろ台1-8-25 アゴラビル 1F,https://tabelog.com/tokyo/A1329/A132904/13289460/
ラーメン,濃厚鶏白湯つけ麺 どっかん 高尾南口駅前店,,東京都八王子市初沢町1231-35 京王高尾ビルアネックス 2F,https://tabelog.com/tokyo/A1329/A132905/13265026/
ラーメン,ごはんどき 八王子四谷店,"営業時間
11:00～20:00
日曜営業
定休日
不定休",東京都八王子市四谷町651 マルハン八王子四谷店併設,https://tabelog.com/tokyo/A1329/A132904/13021725/
ラーメン,らーめん寛,"営業時間
11:00～14:0017:00～20:00
日曜営業
定休日
水曜日、第1・3木曜日",東京都八王子市追分町8-8 マンションリッチ 1F,https://tabelog.com/tokyo/A1329/A132904/13283016/
ラーメン,からみそラーメン ふくろう 八王子店,"営業時間
11:00～15:30（L.O. 15:00）18:00～22:30（L.O. 22:00）
定休日
火曜日",東京都八王子市横山町20-19,https://tabelog.com/tokyo/A1329/A132904/13291654/
ラーメン,弁慶,,東京都八王子市大和田町3-7-15,https://tabelog.com/tokyo/A1329/A132904/13042981/
ラーメン,らぁ麺 金蔵,,東京都八王子市楢原町1473-8,https://tabelog.com/tokyo/A1329/A132904/13285718/
ラーメン,らーめん つがる,,東京都八王子市椚田町542-6,https://tabelog.com/tokyo/A1329/A132904/13239804/
ラーメン,お食事処 匠海,"営業時間
17:00～24:00",東京都八王子市四谷町632-1,https://tabelog.com/tokyo/A1329/A132904/13245065/
ラーメン,とんこつ椿家,"営業時間
[月～金]11:00～18:00[土]11:00～16:00
定休日
不定休",東京都八王子市片倉町1404-1 FOODS FUU　２Ｆ,https://tabelog.com/tokyo/A1329/A132904/13094733/
ラーメン,100圓ラーメン,"営業時間
火〜日11:00〜19:00
日曜営業
定休日
月",東京都八王子市中町11-8 桑都テラス,https://tabelog.com/tokyo/A1329/A132904/13291867/
ラーメン,麺や 睡蓮,"営業時間
【月～金】11:00～20:00【土・祝】11:00～15:00
定休日
日曜日",東京都八王子市元本郷3-17-1,https://tabelog.com/tokyo/A1329/A132904/13285073/
ラーメン,勝,,東京都八王子市千人町2-3-8 磯間ビル 1F,https://tabelog.com/tokyo/A1329/A132904/13285861/
ラーメン,十三番,,東京都八王子市大和田町6-5-15,https://tabelog.com/tokyo/A1329/A132904/13160154/
ラーメン,八王子釜玉中華蕎麦専門店,,東京都八王子市明神町2-22-2,https://tabelog.com/tokyo/A1329/A132904/13282029/
ラーメン,豚山 八王子北野店,"営業時間
11:00〜22:00
定休日
月曜日",東京都八王子市北野町524-23,https://tabelog.com/tokyo/A1329/A132904/13289224/
ラーメン,麺処 幸,"営業時間
［火～土］17:30～23:30(L.O.23:00)［日］17:30～21:00（L.O.20:50)
日曜営業
定休日
月曜日",東京都八王子市暁町1-8-18,https://tabelog.com/tokyo/A1329/A132904/13281059/
ラーメン,鶏白湯専門店 つけ麺 まるや 八王子楢原店,,東京都八王子市楢原町563-10,https://tabelog.com/tokyo/A1329/A132904/13291372/
ラーメン,平日時々らーめん,,東京都八王子市本町20-17,https://tabelog.com/tokyo/A1329/A132904/13244901/
ラーメン,幸楽苑 イーアス高尾店,"営業時間
10:00～21:00
日曜営業
定休日
無休",東京都八王子市東浅川町550-1 イーアス高尾 2F フードコート,https://tabelog.com/tokyo/A1329/A132904/13210018/
ラーメン,西海製麺所 フライング フィッシュ 高尾山展望台店,,東京都八王子市高尾町2205 高尾山展望レストラン,https://tabelog.com/tokyo/A1329/A132905/13252552/
ラーメン,路地裏,,東京都八王子市南町2-2 フロムザ青山岡本ビル 1F,https://tabelog.com/tokyo/A1329/A132904/13192355/
ラーメン,博多長浜らーめん 六角堂 × $LOFT$,,東京都八王子市中町10-2,https://tabelog.com/tokyo/A1329/A132904/13288513/
ラーメン,麺匠 えい蔵 東伏見店,,東京都西東京市富士町4-17-9 東伏見駅北口ビル 1F,https://tabelog.com/tokyo/A1321/A132105/13203724/
ラーメン,中華そば 西の,"営業時間
［月～土］11:00～16:00 18:00～20:30［日］11:00～16:00
日曜営業
定休日
無休",東京都西東京市田無町4-26-3,https://tabelog.com/tokyo/A1328/A132801/13231523/
ラーメン,麺や あらた,"営業時間
[月～土]11:00～15:00 (L.O 14:45)17:00～21:00 (L.O 21:00)※ただしスープが無くなり次第終了
定休日
日曜日",東京都西東京市田無町3-11-13 ラ・メーサ田無 1F,https://tabelog.com/tokyo/A1328/A132801/13287938/
ラーメン,味一,"営業時間
［月・水・木・金］11:00～15:0018:00～20:00［土・日・祝］11:00～15:00
日曜営業
定休日
火曜日",東京都西東京市富士町4-17-7 片井木ビル 1F,https://tabelog.com/tokyo/A1328/A132801/13151002/
ラーメン,ラーメン二郎 ひばりヶ丘駅前店,"営業時間
［月・火・木・金］11:30～14:3018:00～21:00［水］11:30～14:30［土］11:00～17:00
定休日
日曜日",東京都西東京市谷戸町3-27-24 ひばりがおかプラザ　１Ｆ,https://tabelog.com/tokyo/A1328/A132801/13024745/
ラーメン,吉笑らーめん 東伏見店,"営業時間
11:00〜26:00
日曜営業
定休日
年中無休",東京都西東京市富士町4-16-6,https://tabelog.com/tokyo/A1328/A132801/13104334/
ラーメン,らーめん　柳沢家,"営業時間
11：30～15：0017：30～23：30
日曜営業
定休日
月曜日",東京都西東京市柳沢6-1-11,https://tabelog.com/tokyo/A1328/A132801/13104032/
ラーメン,らあめん花月嵐 西原町店,"営業時間
[店内営業時間]11:00～23:00（L.O 22:30）[出前館受付時間]11:00～21:00[Uber Eats受付時間]11:00～21:30
日曜営業
定休日
なし",東京都西東京市西原町3-9-14,https://tabelog.com/tokyo/A1328/A132801/13055935/
ラーメン,麺屋 瑞風,,東京都西東京市田無町3-11-13 ラ・メーサ田無 1F,https://tabelog.com/tokyo/A1328/A132801/13194366/
ラーメン,江川亭 保谷店,"営業時間
11:00～22:00(ﾗｽﾄｵｰﾀﾞｰ閉店30分前)※臨時休や営業時間変更の場合は、HPのお知らせに掲載いたします。
日曜営業
定休日
月曜日（祝日は営業、翌日代休）",東京都西東京市下保谷4-9-15,https://tabelog.com/tokyo/A1328/A132801/13133231/
ラーメン,ラーメンくれは,"営業時間
[水～金]11:30～16:00 17:30～22:00[土･日]11:30～22:00
日曜営業
定休日
月曜日、火曜日",東京都西東京市向台町1-2-42,https://tabelog.com/tokyo/A1328/A132801/13110328/
ラーメン,幸楽苑 田無店,"営業時間
10:00～22:00
日曜営業
定休日
無休",東京都西東京市北原町3-3-56,https://tabelog.com/tokyo/A1328/A132801/13155606/
ラーメン,二代目 麺屋万代,,東京都西東京市田無町5-8-10 ライオンズマンション田無第2 1F,https://tabelog.com/tokyo/A1328/A132801/13212124/
ラーメン,味噌屋蔵之介 五穀みそらーめん ひばりが丘店,"営業時間
11:00～24:00",東京都西東京市ひばりが丘北4-1-30 SRビル 1F,https://tabelog.com/tokyo/A1328/A132801/13245198/
ラーメン,たなか青空笑店,"営業時間
11:00～15:0018:00～21:00(L.O.20:45)
日曜営業
定休日
木曜日(他不定休あり)",東京都西東京市東伏見1-1-18,https://tabelog.com/tokyo/A1328/A132801/13257098/
ラーメン,日高屋 田無アスタ店,"営業時間
[月～日]10:00 ～ 翌2:00(L.O.1:45)
日曜営業
定休日
施設に準ずる",東京都西東京市田無町2-1-1 田無アスタ専門店街 1F,https://tabelog.com/tokyo/A1328/A132801/13098017/
ラーメン,麺家 宝,,東京都西東京市南町4-3-9,https://tabelog.com/tokyo/A1328/A132801/13010419/
ラーメン,麺匠 鶏吟  保谷店,"営業時間
11:00～翌1:00
日曜営業
定休日
月曜日",東京都西東京市東町3-14-27 マイティービル 1F,https://tabelog.com/tokyo/A1328/A132801/13251885/
ラーメン,麺や 谷口,"営業時間
11:00～15:0017:00～21:00
日曜営業
定休日
無休",東京都西東京市ひばりヶ丘北3-3-22 エトワールビル 1F,https://tabelog.com/tokyo/A1328/A132801/13266241/
ラーメン,くるまやラーメン 保谷新町店,"営業時間
11:00～21:00(L.O.20:45)
日曜営業
定休日
火曜日",東京都西東京市新町4-2,https://tabelog.com/tokyo/A1320/A132003/13057027/
ラーメン,横浜家系ラーメン 大幸家 田無本店,"営業時間
ランチ　11:00～15:00ディナー　17:00～21:00
日曜営業
定休日
不定休",東京都西東京市田無町4-28-8 1F,https://tabelog.com/tokyo/A1328/A132801/13254196/
ラーメン,名代にぼしラーメン 渋谷 時代屋,"営業時間

日曜営業",東京都西東京市東町3-14-26 三和商事ビル 1F,https://tabelog.com/tokyo/A1328/A132801/13058552/
ラーメン,麺屋 ジャイアン 田無本店,"営業時間
11:00～22:00売り切れ次第終了
日曜営業
定休日
不定休",東京都西東京市田無町2-9-1,https://tabelog.com/tokyo/A1328/A132801/13143526/
ラーメン,ことぶき,,東京都西東京市ひばりヶ丘北3-3-33 1F,https://tabelog.com/tokyo/A1328/A132801/13167459/
ラーメン,せい家  ひばりが丘店,,東京都西東京市ひばりが丘北3-3-23 香蘭ビル 1F,https://tabelog.com/tokyo/A1328/A132801/13180197/
ラーメン,サニー,"営業時間
11:30～15:00
日曜営業
定休日
水曜日、第3火曜日",東京都西東京市ひばりが丘北3-2-5,https://tabelog.com/tokyo/A1328/A132801/13016171/
ラーメン,イノショウ,"営業時間
10:00～24:00
日曜営業
定休日
年中無休",東京都西東京市東町3-14-5 エミオ保谷 1F,https://tabelog.com/tokyo/A1328/A132801/13149754/
ラーメン,らーめん龍,"営業時間
11:30～15:00 19:00～23:00(L.O.22:00)
日曜営業
定休日
水曜日",東京都西東京市柳沢2-7-1 イレール並木 １Ｆ,https://tabelog.com/tokyo/A1328/A132801/13155774/
ラーメン,田無 大勝軒,"営業時間
[火～日]11:00～20:00※スープが無くなり次第終了
日曜営業
定休日
月曜日",東京都西東京市田無町4-25-1 磯野ビル 1F,https://tabelog.com/tokyo/A1328/A132801/13234645/
ラーメン,一丸,"営業時間
11:00～15:00 17:00～23:00 [日・祝] 11:00～15:00 17:00～20:00 （スープが無くなり次第終了）
日曜営業
定休日
火曜日、水曜日",東京都西東京市柳沢6-1-2 宮沢ビル　１Ｆ,https://tabelog.com/tokyo/A1328/A132801/13021289/
ラーメン,町田商店 田無店,"営業時間
営業時間・休業日は変更となる場合がございますので、HPにて最新情報をご確認ください
日曜営業
定休日
年中無休",東京都西東京市西原町1-8-5,https://tabelog.com/tokyo/A1328/A132801/13233313/
ラーメン,一八亭,"営業時間
火曜日〜金曜日(祭日含)11：00～15:0017:00〜翌4:00(LO3:30)土曜日11:00〜翌4:00 日曜/11：00～23:00 (LO22:30)
日曜営業
定休日
月曜日(但し祭日の場合は23:00まで営業) 翌日火曜日振り替え休日",東京都西東京市柳沢2-1-23 リバーランド柳沢 1F,https://tabelog.com/tokyo/A1328/A132801/13066428/
ラーメン,麺匠 ヒムロク,,東京都西東京市田無町3-9-10,https://tabelog.com/tokyo/A1328/A132801/13061645/
ラーメン,竹屋 田無店,"営業時間
[月～土曜]11：00～22：00[日曜・祝日]11：00～21：00
日曜営業
定休日
火曜日午後(スープ切れまで)",東京都西東京市田無町4丁目4-13,https://tabelog.com/tokyo/A1328/A132801/13097813/
ラーメン,ラーメン 豚壱,"営業時間
11:30～14:3017:00～22:30
日曜営業
定休日
月曜日",東京都西東京市南町4-4-2 プリンスプラザ田無 1F,https://tabelog.com/tokyo/A1328/A132801/13267645/
ラーメン,鶏拉麺JIN,"営業時間
11:30～15:00 17:00～22:30
日曜営業
定休日
水曜日",東京都西東京市保谷町3-11-24,https://tabelog.com/tokyo/A1328/A132801/13233084/
ラーメン,ラーメンチョップ,"営業時間
11:00～14:3017:00～20:00
日曜営業
定休日
月曜日(祝日は営業、翌火曜日代休)",東京都西東京市保谷町5-8-15,https://tabelog.com/tokyo/A1328/A132801/13277426/
ラーメン,麺工房 大番,"営業時間
[月～水・土・日]11:30～15:00[金]11:30～15:0017:00～22:00
日曜営業
定休日
木曜日",東京都西東京市ひばりが丘北3-3-21,https://tabelog.com/tokyo/A1328/A132801/13066415/
ラーメン,麺匠 えい蔵 田無店,"営業時間
11:30～15:00(L.O.15:00)18:00～2.00(L.O.1:30)
日曜営業
定休日
無休",東京都西東京市田無町3-9-23,https://tabelog.com/tokyo/A1328/A132801/13120840/
ラーメン,らーめん わかつ,"営業時間
[月・火・木・金]11:30～15:00 18:00～21:00[水・土・祝]11:30～15:00
定休日
日曜日",東京都西東京市東町3-11-2 グランドハイム保谷 2番街 1F,https://tabelog.com/tokyo/A1328/A132801/13231988/
ラーメン,横浜家系ラーメン 赤家 田無店,,東京都西東京市田無町3-11-12 みどりやビル 1F,https://tabelog.com/tokyo/A1328/A132801/13289799/
ラーメン,和風らーめん 舌鼓,"営業時間
11:00～20:00
日曜営業
定休日
水・木曜日",東京都西東京市住吉町4-5-4,https://tabelog.com/tokyo/A1328/A132801/13249947/
ラーメン,横浜家系ラーメン 馬場壱家 山の陣,"営業時間
11:00～24:00",東京都西東京市ひばりヶ丘北3-3-14 第1清水ビル 1F,https://tabelog.com/tokyo/A1328/A132801/13252723/
ラーメン,天安樓,,東京都西東京市北原町3-6-38,https://tabelog.com/tokyo/A1328/A132801/13114409/
ラーメン,白龍,,東京都西東京市富士町1-13-11,https://tabelog.com/tokyo/A1328/A132801/13066427/
ラーメン,麺屋 けい,,東京都西東京市保谷町3-8-5,https://tabelog.com/tokyo/A1328/A132801/13285656/
ラーメン,麺屋海神 吉祥寺店,"営業時間
11:00～23:00(L.O.)
日曜営業
定休日
なし",東京都武蔵野市吉祥寺南町1-5-9 くまもとビル 2F,https://tabelog.com/tokyo/A1320/A132001/13117094/
ラーメン,麺ハチイチ/81 NOODLE BAR,"営業時間
麺ハチイチ全日　11:30～15:30 LO15:0081NOODLE BAR平日     18:00〜24:00(LO23:00)土日祝   17:00〜23:00(LO22:00)
日曜営業
定休日
不定休(詳しくはフェイスブックをご覧になって下さい。)",東京都武蔵野市吉祥寺本町2-21-10 モミジ第三ビル１階,https://tabelog.com/tokyo/A1320/A132001/13224712/
ラーメン,三鷹らーめん酒場SAL,"営業時間
【月〜土】17:00〜24:00 ※最終入店23:00ラストオーダーフード…23:00 ドリンク…23:30※年末年始の営業は12/31〜1/5までお休みとさせていただきます。※金土はお電話でのみご予約を受付しております。　ネット予約は停止しています。※月曜日が祝日の場合、日曜日営業致します。　その場合月曜日が振替でお休みです。
定休日
日曜日　※金土は電話予約のみ受付しております。年末年始の営業は12/31〜1/5までお休みとさせていただきます。",東京都武蔵野市中町1-21-8 イトーピア武蔵野ブランマーク 1F,https://tabelog.com/tokyo/A1320/A132002/13249011/
ラーメン,田中そば店 武蔵境店,"営業時間
［月～金］11:00～15:4517:00～22:00［土・日・祝］11:00～21:00
日曜営業
定休日
無休",東京都武蔵野市境2-2-22 宮城屋ビル,https://tabelog.com/tokyo/A1320/A132003/13236225/
ラーメン,間借りらーめん,"営業時間
11:30～19:00
日曜営業
定休日
月曜日、火曜日、水曜日",東京都武蔵野市吉祥寺南町2-4-3,https://tabelog.com/tokyo/A1320/A132001/13258140/
ラーメン,野方ホープ 吉祥寺店,"営業時間
11:00～翌4:00(L.O 3:30)
日曜営業
定休日
無休",東京都武蔵野市吉祥寺本町1-18-3 サニーシティ　Ｂ１Ｆ,https://tabelog.com/tokyo/A1320/A132001/13094085/
ラーメン,春木屋 吉祥寺店,"営業時間
11:00～21:00
日曜営業
定休日
水曜日",東京都武蔵野市吉祥寺本町2-14-1,https://tabelog.com/tokyo/A1320/A132001/13005741/
ラーメン,いなり,"営業時間
[月・火・水・木・金]11:00～21:00（L.O 20:45）[土]11:00～18:00（L.O 17:30）
定休日
日曜日、祝日",東京都武蔵野市中町1-19-9,https://tabelog.com/tokyo/A1320/A132002/13160701/
ラーメン,豚山 吉祥寺店,"営業時間
営業時間・休業日は変更となる場合がございますので、HPにて最新情報をご確認ください
日曜営業",東京都武蔵野市吉祥寺南町1-2-2,https://tabelog.com/tokyo/A1320/A132001/13285695/
ラーメン,三鷹大勝軒,,東京都武蔵野市吉祥寺本町1-31-3 みそのビル 1F,https://tabelog.com/tokyo/A1320/A132001/13210436/
ラーメン,武道家 吉祥寺店,"営業時間
11:00～翌2:00
日曜営業
定休日
無休",東京都武蔵野市吉祥寺南町1-5-11 丸善ビル 1F,https://tabelog.com/tokyo/A1320/A132001/13159783/
ラーメン,つけ麺 えん寺 吉祥寺総本店,"営業時間
[月〜金]11:00～16:00、17:30～22:00(L.O.)[土・日・祝]11:00～22:00(L.O.)
日曜営業
定休日
年中無休（年末年始の休みあり）",東京都武蔵野市吉祥寺南町1-1-1 南陽ビル　1F,https://tabelog.com/tokyo/A1320/A132001/13104794/
ラーメン,一圓 三鷹北口店,"営業時間
11:00～15:3017:00〜20:00(19:30L.O)月曜日定休日
日曜営業
定休日
月曜日",東京都武蔵野市西久保1丁目6-21 １階,https://tabelog.com/tokyo/A1320/A132002/13054349/
ラーメン,壱角家 三鷹駅前店,"営業時間
[月～日]10:30～翌2:00
日曜営業
定休日
無休",東京都武蔵野市中町1-1-10 香月駅前ビル 1F,https://tabelog.com/tokyo/A1320/A132002/13169723/
ラーメン,おおむら,"営業時間
11:00～22:00
日曜営業",東京都武蔵野市吉祥寺南町1-3-1,https://tabelog.com/tokyo/A1320/A132001/13093763/
ラーメン,丸善,"営業時間
11:00～16:00
定休日
日曜日、祝日",東京都武蔵野市境5-17-12,https://tabelog.com/tokyo/A1320/A132003/13010027/
ラーメン,天下一品 吉祥寺店,"営業時間
[月～木]11:00～翌3:00[金・土]11:00～翌4:00[日]11:00～翌2:00
日曜営業
定休日
無休",東京都武蔵野市吉祥寺南町1-3-3,https://tabelog.com/tokyo/A1320/A132001/13010043/
ラーメン,麺屋武蔵 虎洞,"営業時間
11:00～23:00
日曜営業
定休日
無休",東京都武蔵野市吉祥寺本町1-1-7,https://tabelog.com/tokyo/A1320/A132001/13019140/
ラーメン,らぁ麺 さわ田,"営業時間
通常時営業時間11:00～23:00金・土のみ25:00まで営業
日曜営業
定休日
年末年始",東京都武蔵野市吉祥寺南町1-1-4 三河屋ビル 1F,https://tabelog.com/tokyo/A1320/A132001/13256845/
ラーメン,Tombo,"営業時間
11:30～14:3018:00～21:00(スープ無くなり次第終了) 
日曜営業
定休日
金曜日",東京都武蔵野市吉祥寺南町4-16-12 リトハイム 101,https://tabelog.com/tokyo/A1320/A132001/13212388/
ラーメン,ラーメン きら星,"営業時間
11:30～15:00(L.O.14:45) 17:30～19:00(L.O.18:45)
定休日
日曜日",東京都武蔵野市境南町3-11-13,https://tabelog.com/tokyo/A1320/A132003/13009991/
ラーメン,祥,"営業時間
10:30～翌4:00
日曜営業
定休日
なし",東京都武蔵野市吉祥寺本町1-13-1,https://tabelog.com/tokyo/A1320/A132001/13093896/
ラーメン,ラーメン 裏健やか,"営業時間
[月]11:00～15:0018:00～21:00
定休日
火曜～日曜",東京都武蔵野市中町1-28-1 矢島ビル102,https://tabelog.com/tokyo/A1320/A132002/13217696/
ラーメン,博多 一風堂 吉祥寺店,"営業時間
[月～金]11:00～22:00(L.O.21:30)[土・日]10:00～22:00(L.O.21:30)
日曜営業
定休日
無休",東京都武蔵野市吉祥寺本町 1-10-4 古城ビル 1F,https://tabelog.com/tokyo/A1320/A132001/13248863/
ラーメン,タムジャイサムゴー 吉祥寺店,"営業時間
11:00～22:00（L.O.21:30）平日限定ランチタイム 11:00～17:00
日曜営業
定休日
12月31日(日)18:00閉店(17:30Lo)、1月1日(月)休業",東京都武蔵野市吉祥寺本町1-8-10 Kichijoji ex 1F,https://tabelog.com/tokyo/A1320/A132001/13267321/
ラーメン,ホープ軒本舗 吉祥寺店,"営業時間
11:00～24:00
日曜営業
定休日
第1・3水曜日",東京都武蔵野市吉祥寺本町1-14-12,https://tabelog.com/tokyo/A1320/A132001/13005735/
ラーメン,成蹊前ラーメン,"営業時間
11:15～15:30（L.O.）
日曜営業
定休日
水曜日",東京都武蔵野市吉祥寺北町3-4-3,https://tabelog.com/tokyo/A1320/A132001/13183927/
ラーメン,ラーメン 大山家,"営業時間
[月～土]11:00～23:00[日]11:00～22:00
日曜営業",東京都武蔵野市境南町5-3-16,https://tabelog.com/tokyo/A1320/A132003/13015965/
ラーメン,せい家 武蔵境店,,東京都武蔵野市境2-2-23,https://tabelog.com/tokyo/A1320/A132003/13178969/
ラーメン,中華つけ蕎麦 でき心,,東京都武蔵野市吉祥寺本町1-35-17 吉祥寺ビル 1F,https://tabelog.com/tokyo/A1320/A132001/13287380/
ラーメン,進ちゃん,"営業時間
［月～木］11:00～15:00(ラーメン)17:00～21:00 (L.O.20:30) (ラーメン・居酒屋)［金・土・祝祝の前日］11:00～21:30 (L.O.21:00) (ラーメン・居酒屋)［日］11:00～21:00 (L.O.20:30)  (ラーメン・居酒屋)
日曜営業
定休日
コピス吉祥寺店に準ずる。",東京都武蔵野市吉祥寺本町1-8-16 F&Fコピスビル B1F,https://tabelog.com/tokyo/A1320/A132001/13237509/
ラーメン,鯨人,"営業時間
[月～土]11:00～15:0018:00～21:00[日]11:00～15:00
日曜営業",東京都武蔵野市西久保1-5-8,https://tabelog.com/tokyo/A1320/A132002/13285898/
ラーメン,一蘭 吉祥寺店,"営業時間
10:00～翌6:00(LO 翌6:00)※営業時間は変更になる場合がございますので、最新情報は公式HPをご確認ください
日曜営業
定休日
年中無休",東京都武蔵野市吉祥寺本町1-9-8 アソルティ吉祥寺本町 B2F,https://tabelog.com/tokyo/A1320/A132001/13147972/
ラーメン,中華そば 青葉 吉祥寺店,"営業時間
10:00～24:00
日曜営業
定休日
無休",東京都武蔵野市吉祥寺本町1-8-21,https://tabelog.com/tokyo/A1320/A132001/13209977/
ラーメン,ラーメン 健やか,"営業時間
11:00～15:0018:00～21:00
日曜営業
定休日
月曜日（裏健やかとして営業）",東京都武蔵野市中町1-28-1 矢島ビル 102,https://tabelog.com/tokyo/A1320/A132002/13207054/
ラーメン,風雲児 吉祥寺店,"営業時間
営業時間・休業日は変更となる場合がございますので、HPにて最新情報をご確認ください
定休日
なし",東京都武蔵野市吉祥寺本町1-8-1 原田第二ビル 1F,https://tabelog.com/tokyo/A1320/A132001/13282508/
ラーメン,武蔵家,"営業時間
[月～土]11:00～翌1:30(L.O.)[日]11:00～翌0:30(L.O.)翌日月曜が祝日の場合は～翌1 :30
日曜営業
定休日
無休",東京都武蔵野市吉祥寺南町1-8-11 弥生ビル 1Ｆ,https://tabelog.com/tokyo/A1320/A132001/13005872/
ラーメン,日高屋 吉祥寺南口店,"営業時間
24時間営業
日曜営業
定休日
年中無休",東京都武蔵野市吉祥寺南町1-5-7 雪ビル1F,https://tabelog.com/tokyo/A1320/A132001/13136355/
ラーメン,大黒屋 三谷店,"営業時間
12:00～15:0018:00～20:30（L.O.）
日曜営業
定休日
木曜日",東京都武蔵野市西久保1-6-17,https://tabelog.com/tokyo/A1320/A132002/13104216/
ラーメン,ハナイロモ麺,"営業時間
11:00～15:00(L.O.14:30)17:00～20:00(L.O.19:30)
日曜営業
定休日
水曜日",東京都武蔵野市吉祥寺本町1-31-4 日得ビル1F,https://tabelog.com/tokyo/A1320/A132001/13258638/
ラーメン,蒙古タンメン中本 吉祥寺店,"営業時間
10:30～23:00
日曜営業
定休日
年末年始",東京都武蔵野市吉祥寺南町2-9-10 吉祥寺ファーストビル　１Ｆ,https://tabelog.com/tokyo/A1320/A132001/13023416/
ラーメン,麺僧 吉祥寺南口店,"営業時間
11:30～22:30
日曜営業
定休日
水曜日",東京都武蔵野市吉祥寺南町1-11-2,https://tabelog.com/tokyo/A1320/A132001/13005869/
ラーメン,吉祥寺 真風,"営業時間
11:30～14:00 18:00～20:00
日曜営業
定休日
火曜日、水曜日",東京都武蔵野市吉祥寺南町2-6-2 松岡ビル　１Ｆ,https://tabelog.com/tokyo/A1320/A132001/13024959/
ラーメン,じげもんとん ちゃんぽん スタイル 三鷹店,"営業時間
[月～土]11:00～15:30 17：00～22：00 [日]11:30～15:30 17:00～21:00
日曜営業
定休日
無し",東京都武蔵野市中町1-20-10,https://tabelog.com/tokyo/A1320/A132002/13224337/
ラーメン,宏ちゃん,"営業時間
11:00～23:00 
定休日
不定休",東京都武蔵野市吉祥寺本町1-11-20,https://tabelog.com/tokyo/A1320/A132001/13131949/
ラーメン,東池袋 大勝軒 吉祥寺,"営業時間
11:00～20:00
日曜営業
定休日
木曜日",東京都武蔵野市吉祥寺南町2-4-7 吉祥寺ソシアルビルB1,https://tabelog.com/tokyo/A1320/A132001/13016016/
ラーメン,東京味噌らーめん 鶉,"営業時間
[月・火・水・金]11:00～15:00[土・日]11:00～16:00
日曜営業
定休日
木曜日・他臨時休業あり",東京都武蔵野市境2-3-19,https://tabelog.com/tokyo/A1320/A132003/13177636/
ラーメン,麺屋 さくら井,"営業時間
[月・火・木・金・日]11:30～15:00[土]11:30～15:0018:00～20:30
日曜営業
定休日
水曜日(水曜は豚骨魚介のお店 KEN軒 として営業)",東京都武蔵野市西久保2-15-27,https://tabelog.com/tokyo/A1320/A132002/13202438/
ラーメン,ラーメンタイム,,東京都武蔵野市関前5-9-6,https://tabelog.com/tokyo/A1320/A132003/13066170/
ラーメン,吉祥寺家,"営業時間
[月～日]11:00～翌2:00
日曜営業
定休日
無休",東京都武蔵野市吉祥寺南町1-1-2 大竹ビル B1F,https://tabelog.com/tokyo/A1320/A132001/13218683/
ラーメン,日高屋 吉祥寺本町通店,"営業時間
10:00～21:00(L.O.20:40)
日曜営業
定休日
無休",東京都武蔵野市吉祥寺本町1-13-3 竹本ビル　Ｂ１Ｆ,https://tabelog.com/tokyo/A1320/A132001/13040191/
ラーメン,武蔵家 武蔵境店,"営業時間
10:00～翌1:00",東京都武蔵野市境2-2-2 1F・2F,https://tabelog.com/tokyo/A1320/A132003/13115640/
ラーメン,味噌一 三鷹店,"営業時間
11:00～20:00
日曜営業
定休日
無休",東京都武蔵野市西久保2-3-14,https://tabelog.com/tokyo/A1320/A132002/13047585/
ラーメン,モンタナ,"営業時間
ランチタイム11:30～15:00ディナータイム17:00～",東京都武蔵野市吉祥寺本町2-10-2 本町田中ビル 1F,https://tabelog.com/tokyo/A1320/A132001/13220315/
ラーメン,三田製麺所 吉祥寺店,"営業時間
[月]11:00～23:00(L.O.22:40)[火]11:00～翌0:30(L.O.24:00)[水～金・祝前]11:00～翌3:00(L.O.2:30)[土]10:00～翌3:00(L.O.2:30)[日・祝]10:00～23:00(L.O.22:40)
日曜営業",東京都武蔵野市吉祥寺南町1-2-7 三ツ浜ビル 1F,https://tabelog.com/tokyo/A1320/A132001/13262931/
ラーメン,らーめん　川喜屋,"営業時間
11:30～14:30    17:30～20:30(LO・・・火を落とす)
日曜営業
定休日
土曜日・日曜日の夜の営業はなし",東京都武蔵野市境南町2-13-2,https://tabelog.com/tokyo/A1320/A132003/13126008/
ラーメン,支那そば あおば,"営業時間
11:00～15:30
日曜営業
定休日
月曜・火曜",東京都武蔵野市関前4-16-6,https://tabelog.com/tokyo/A1320/A132003/13010036/
ラーメン,花木流味噌 三鷹店,,東京都武蔵野市中町1-13-8 高匠ビル 1F,https://tabelog.com/tokyo/A1320/A132002/13267236/
ラーメン,貝出汁 中華そば 竹祥,"営業時間
11:30～15:30(L.O.15:15)17:30～21:00(L.O.20:45)
日曜営業
定休日
第2・4月曜日",東京都武蔵野市吉祥寺本町1-24-6 B1F,https://tabelog.com/tokyo/A1320/A132001/13251742/
ラーメン,つばさ家 武蔵境店,"営業時間
[月～土]11:30～16:00 17:00～24:00[日]11:30～16:00
日曜営業
定休日
無休",東京都武蔵野市境1-12-2 シーザスパレスビル　１Ｆ,https://tabelog.com/tokyo/A1320/A132003/13041952/
ラーメン,中華そば 一陽来復,"営業時間
[月～土]11:30～15:00(L.O.14:45)17:30～23:00(.LO.22:45)[日・祝]11:30～21:00(L.O.20:45)※連休の場合は最終日のみ日祝扱い
日曜営業
定休日
不定休（詳細は店舗Instagramをご覧下さい）",東京都武蔵野市境2-2-6 EKビル 1F,https://tabelog.com/tokyo/A1320/A132003/13232375/
ラーメン,日高屋 武蔵境北口店,"営業時間
11:00～翌2:30
日曜営業
定休日
なし",東京都武蔵野市境2-2-22 ボナールビル 1F,https://tabelog.com/tokyo/A1320/A132003/13041346/
ラーメン,スタミナラーメン のぶちゃん,,東京都武蔵野市吉祥寺東町1-18-18,https://tabelog.com/tokyo/A1320/A132001/13130975/
ラーメン,ラーメン 洞くつ家,"営業時間
[火～日・祝]6:00～23:00
日曜営業
定休日
月曜日(祝日の場合は翌火曜日)",東京都武蔵野市吉祥寺南町2-2-4,https://tabelog.com/tokyo/A1320/A132001/13010014/
ラーメン,珍来亭,"営業時間
11:30～15:0017:00～21:00(L.O.)
日曜営業
定休日
水曜日",東京都武蔵野市吉祥寺本町1-1-9,https://tabelog.com/tokyo/A1320/A132001/13015931/
ラーメン,丸幸,"営業時間
11:30～15:00 17:00～22:00
日曜営業
定休日
火曜日",東京都武蔵野市境2-14-12 スイングマンション　１Ｆ,https://tabelog.com/tokyo/A1320/A132003/13010000/
ラーメン,日高屋 三鷹北口店,"営業時間
11:00～23:00(L.O.22:30)
日曜営業
定休日
無休",東京都武蔵野市中町1-17-3 TESビル　１Ｆ,https://tabelog.com/tokyo/A1320/A132002/13060253/
ラーメン,麺や純氣,"営業時間
昼の部11:00～15:00　夜の部17:30～20:30　各時間30分前ラストオーダー※また営業時間内でも、食材切れの場合は閉店となります。定休日:火曜日　(火)が祝日の場合は営業あり、翌日振替休業※月曜日は昼の部のみ営業その他の休業などは、当店営業カレンダーに基づきます。
日曜営業
定休日
定休日:火曜日　(火)が祝日の場合は営業あり、翌日振替休業 ※月曜日は昼の部のみ営業",東京都武蔵野市境南町5-11-2 比留間ビル 1F,https://tabelog.com/tokyo/A1320/A132003/13262032/
ラーメン,KEN軒,"営業時間
11:30～15:0018:00～20:30
定休日
月曜日、火曜日、木曜日、金曜日、土曜日、日曜日",東京都武蔵野市西久保2-15-27,https://tabelog.com/tokyo/A1320/A132002/13255066/
ラーメン,大龍,"営業時間
11:30～翌2:00 
日曜営業
定休日
火曜",東京都武蔵野市境南町2-1-20,https://tabelog.com/tokyo/A1320/A132003/13061059/
ラーメン,多摩味,,東京都武蔵野市西久保2-28-1,https://tabelog.com/tokyo/A1320/A132002/13156486/
ラーメン,台湾ラーメン桃李,"営業時間
10:30～17:00(L.O.16:30)
日曜営業",東京都武蔵野市吉祥寺本町4-25-7,https://tabelog.com/tokyo/A1320/A132001/13274998/
ラーメン,壱角家 吉祥寺駅前店,"営業時間
11:00～翌3:00
日曜営業
定休日
不定休",東京都武蔵野市吉祥寺本町1-1-3 1F・2F,https://tabelog.com/tokyo/A1320/A132001/13292074/
ラーメン,中華そば べぃしっく,"営業時間
6:00〜14:30
日曜営業
定休日
月曜日",東京都武蔵野市中町1-19-11,https://tabelog.com/tokyo/A1320/A132002/13291958/
ラーメン,中華そば専門店 古今食堂,"営業時間
［水・木・金］12:00～14:00※スープ切れ次第終了
定休日
月曜日、火曜日、土曜日、日曜日",東京都武蔵野市西久保2-6-2 井上ビル 1F,https://tabelog.com/tokyo/A1320/A132002/13265893/
ラーメン,煮干しらーめん青樹,"営業時間
[月～金]11:00～23:00[土・祝日]11:00～22:00当面日曜日定休
日曜営業
定休日
当面日曜日",東京都立川市高松町3-14-1,https://tabelog.com/tokyo/A1329/A132901/13145983/
ラーメン,楽観 立川店,"営業時間
11:00〜23:0011:00〜2４:00(金土)
日曜営業
定休日
年中無休",東京都立川市曙町2-23-1 ソシアルビル 1F,https://tabelog.com/tokyo/A1329/A132901/13143405/
ラーメン,鏡花,"営業時間
11:30～15:00 18:00～22:00土日祝営業時間 １１：３０～２２：００[通し営業]
日曜営業
定休日
年中無休",東京都立川市柴崎町2-12-20,https://tabelog.com/tokyo/A1329/A132901/13005986/
ラーメン,かぐら,"営業時間
11:00 ～ 24：00
日曜営業
定休日
なし",東京都立川市錦町1-6-13 苅田ビル1F,https://tabelog.com/tokyo/A1329/A132901/13132707/
ラーメン,中華そば おや麺,"営業時間
11:30～16:00 18:00～22:00
日曜営業
定休日
水曜日",東京都立川市高松町1-30-13,https://tabelog.com/tokyo/A1329/A132901/13279566/
ラーメン,ばんから 立川北口店,,東京都立川市曙町2-2-25 立川タクロスビル 1F,https://tabelog.com/tokyo/A1329/A132901/13200940/
ラーメン,喜奴屋,,東京都立川市一番町5-5-2,https://tabelog.com/tokyo/A1329/A132901/13025740/
ラーメン,蒙古タンメン中本 立川店,"営業時間
10:00～21:00
日曜営業
定休日
火曜日",東京都立川市錦町2-2-33 M-1ビル 1F,https://tabelog.com/tokyo/A1329/A132901/13200620/
ラーメン,北海道味噌 あさ陽,"営業時間
［月～土］11:00～22:30［日］10:30～21:30
日曜営業
定休日
無休",東京都立川市柴崎町3-6-29 ラーメンスクエア,https://tabelog.com/tokyo/A1329/A132901/13257951/
ラーメン,宝華らぁめん,"営業時間
[月～土] 11:30～24:00[日] 11:30～22:00
日曜営業
定休日
無休",東京都立川市柴崎町3-7-4 山三第二ビル　１Ｆ,https://tabelog.com/tokyo/A1329/A132901/13021243/
ラーメン,麺の章 九州 とりとん,,東京都立川市柴崎町3-6-29 アレアレア2 3F,https://tabelog.com/tokyo/A1329/A132901/13251473/
ラーメン,立川 大勝軒,"営業時間
11:00〜21:00金曜日のみ23:00まで営業
日曜営業
定休日
年末年始",東京都立川市錦町2-1-3 ICHIGO-M2ビル 1F,https://tabelog.com/tokyo/A1329/A132901/13253659/
ラーメン,中国ラーメン揚州商人 立川店,"営業時間
11:00～翌4:30(L.O.4:00)
日曜営業
定休日
無休",東京都立川市曙町2-15-20 労働会館　１Ｆ,https://tabelog.com/tokyo/A1329/A132901/13010213/
ラーメン,極ジョー,"営業時間
［月～土］11:00～23:00(L.O.22:30)［日］11:00～22:00(L.O.21:30)
日曜営業
定休日
無休",東京都立川市柴崎町3-6-29 アレアレア2 3F,https://tabelog.com/tokyo/A1329/A132901/13167044/
ラーメン,博多一幸舎 ららぽーと立川立飛店,"営業時間
10:00～21:00(L.O.20:30)
日曜営業
定休日
無休",東京都立川市泉町935-1 ららぽーと立川立飛 3F,https://tabelog.com/tokyo/A1329/A132901/13189972/
ラーメン,どうとんぼり神座 ららぽーと立川立飛店,"営業時間
10:00～21:00
日曜営業",東京都立川市泉町935-1 ららぽーと立川立飛 3F,https://tabelog.com/tokyo/A1329/A132901/13269985/
ラーメン,らあめん花月嵐 立川北口店,"営業時間
[店内営業時間]11:00～24:00[出前館受付時間]11:00～21:00[Uber Eats受付時間]11:00～21:00
定休日
なし",東京都立川市曙町2-17-15 サンライズビル1F,https://tabelog.com/tokyo/A1329/A132901/13048870/
ラーメン,天下一品 立川店,"営業時間
11:00～23:00(L.O.22:45)[日・祝]11:00～22:00(L.O.21:45)
日曜営業
定休日
不定休",東京都立川市錦町1-4-24,https://tabelog.com/tokyo/A1329/A132901/13019270/
ラーメン,元祖一条流 がんこラーメン 立川たま館分店,"営業時間
11:00～23:00",東京都立川市錦町1-2-16 立川アーバンホテル 立川らーめんたま館,https://tabelog.com/tokyo/A1329/A132901/13263959/
ラーメン,三番亭,"営業時間
11:00～20:00　麺切れ終了  
日曜営業
定休日
月曜日",東京都立川市砂川町3丁目8-4,https://tabelog.com/tokyo/A1329/A132901/13041527/
ラーメン,ORENO虜RAMEN,,東京都立川市錦町1-6-15 梨美加ビル 1F,https://tabelog.com/tokyo/A1329/A132901/13290050/
ラーメン,らーめん チキント,"営業時間
11:30～15:0017:30～21:00※昼夜営業状況は日により異なるため、公式Twitterよりご確認ください。
日曜営業
定休日
月曜日",東京都立川市柴崎町3-4-9,https://tabelog.com/tokyo/A1329/A132901/13125378/
ラーメン,一風堂 ルミネ立川店,,東京都立川市曙町2-1-1 ルミネ立川店 8F,https://tabelog.com/tokyo/A1329/A132901/13244382/
ラーメン,らーめん・らんぶる,"営業時間
11:30〜23:00",東京都立川市曙町1-24-12,https://tabelog.com/tokyo/A1329/A132901/13066160/
ラーメン,満北亭 昭和公園北店,"営業時間
11:00～1:30（翌1時ラストオーダー）
日曜営業
定休日
年中無休",東京都立川市砂川町1-23-1,https://tabelog.com/tokyo/A1329/A132901/13122737/
ラーメン,壱七家  立川店,"営業時間
11:00～28:00
日曜営業
定休日
無休",東京都立川市柴崎町3-1-9,https://tabelog.com/tokyo/A1329/A132901/13056079/
ラーメン,日の出屋,"営業時間
11:00～15:00(L.O.14:50)13:30～15:00（ワンコインタイム）
定休日
月火金曜休み",東京都立川市羽衣町1-8-6,https://tabelog.com/tokyo/A1329/A132901/13092206/
ラーメン,日高屋 立川南口駅前店,"営業時間
［月～木］9:30～翌4:00(L.O.翌3:30)［金・土］24時間営業［日・祝］～23:00
日曜営業
定休日
無休",東京都立川市柴崎町3-1-3 立川南口駅前ビル,https://tabelog.com/tokyo/A1329/A132901/13156316/
ラーメン,らーめん カッパファクトリー,"営業時間
11:00～L.O.14:4517:00～L.O.20:45",東京都立川市高松町3-14-14 OTビル 1F,https://tabelog.com/tokyo/A1329/A132901/13273876/
ラーメン,北海道らーめん 味源 立川北口店,"営業時間
11:00～22:00(L.O.21:40)
日曜営業
定休日
無休",東京都立川市曙町2-6-5,https://tabelog.com/tokyo/A1329/A132901/13022168/
ラーメン,とんこつらーめん いちの屋,"営業時間
[月・木・金]11:00～15:00(最終入店14:30)18:00～21:00(最終入店20:30)[土・日・祝]11:00～15:00(最終入店14:30)
日曜営業
定休日
火曜日、水曜日",東京都立川市若葉町1-9-5,https://tabelog.com/tokyo/A1329/A132901/13210210/
ラーメン,らぁ麺 えんの助,,東京都立川市富士見町1-28-8,https://tabelog.com/tokyo/A1329/A132902/13058061/
ラーメン,麺処 井の庄 立川,"営業時間
月曜日～日曜日　終日　11時～23時（中休みなし）
日曜営業
定休日
年中無休",東京都立川市錦町1-2-16 立川アーバンホテル　１Ｆ,https://tabelog.com/tokyo/A1329/A132901/13097330/
ラーメン,ラーメン あらしん,"営業時間
11:30～15:0018:00〜23:00日曜日21:00
日曜営業
定休日
無休",東京都立川市錦町2-1-1,https://tabelog.com/tokyo/A1329/A132901/13279657/
ラーメン,一蘭 立川店,"営業時間
9:00～翌6:00(L.O.翌6:00)※営業時間は変更になる場合がございますので、最新情報は公式HPをご確認ください
日曜営業
定休日
年中無休",東京都立川市錦町1-3-3,https://tabelog.com/tokyo/A1329/A132901/13042097/
ラーメン,ラーメンコレクション,"営業時間
11:00~23:00
日曜営業
定休日
無休",東京都立川市柴崎町3-6-29 アレアレア2 3F,https://tabelog.com/tokyo/A1329/A132901/13289868/
ラーメン,麺や Fuji,"営業時間
【火〜日】ランチ　11：30～15：00（L.O.14：30）ディナー17：30～22：30  (L.O.22：00)※Google,instagram等でお知らせあり
日曜営業
定休日
月曜日",東京都立川市高松町2-25-31 1F,https://tabelog.com/tokyo/A1329/A132901/13231911/
ラーメン,麺笑 立川店,"営業時間
[月・火・水・木・金・土]11:00～23:00[日]10:30～22:00
日曜営業",東京都立川市柴崎町3-6-29 アレアレア2 ラーメンスクエア,https://tabelog.com/tokyo/A1329/A132901/13283712/
ラーメン,麺屋ごうせい,,東京都立川市柴崎町3-6-29 アレアレア2 3F,https://tabelog.com/tokyo/A1329/A132901/13251474/
ラーメン,UMA TSUKEMEN,"営業時間
[月～木]11:30～14:3017：30～22：30[金土日]11：30～22：30いずれも麺が無くなり次第終了
日曜営業
定休日
火曜日(ランチのみ営業)",東京都立川市西砂町1-3-15,https://tabelog.com/tokyo/A1329/A132901/13087931/
ラーメン,立川や,"営業時間
10:30～翌1:30(L.O.)
日曜営業
定休日
無休",東京都立川市柴崎町3-3-2,https://tabelog.com/tokyo/A1329/A132901/13020002/
ラーメン,立川マシマシ 立川総本店,,東京都立川市錦町1-2-16 立川アーバンホテル たま館 1F,https://tabelog.com/tokyo/A1329/A132901/13173764/
ラーメン,満北亭 砂川九番店,,東京都立川市幸町4-39-3,https://tabelog.com/tokyo/A1329/A132901/13058900/
ラーメン,パワー軒,,東京都立川市柏町2-39-46,https://tabelog.com/tokyo/A1329/A132901/13016274/
ラーメン,さっぽろらーめん羅偉伝,"営業時間
11:00〜22:00
定休日
なし",東京都立川市曙町2-11-8,https://tabelog.com/tokyo/A1329/A132901/13219497/
ラーメン,楽坊主,"営業時間
11:00～21:30（通し営業）2021年8月22日まで（予定）は20:00（L.O.19:30）まで
日曜営業
定休日
月曜日",東京都立川市上砂町2-1-6,https://tabelog.com/tokyo/A1329/A132901/13166006/
ラーメン,めん坊,"営業時間
21:00～翌5:00
日曜営業
定休日
水曜日",東京都立川市柴崎町3-4-8,https://tabelog.com/tokyo/A1329/A132901/13110146/
ラーメン,ラーメン二郎 立川店,"営業時間
昼11:00～14:30夜17:30～20:30
日曜営業
定休日
水曜日、祝日不定休",東京都立川市柴崎町2-10-1,https://tabelog.com/tokyo/A1329/A132901/13049195/
ラーメン,麺屋 はやたろう 立川店,"営業時間
［月～金］11:30～15:0018:00～22:00［土・日・祝］11:00～22:00
日曜営業
定休日
無休",東京都立川市栄町2-49-5,https://tabelog.com/tokyo/A1329/A132901/13130723/
ラーメン,立川 田田,"営業時間
11:00～翌1:00
日曜営業
定休日
無休",東京都立川市柴崎町2-3-2,https://tabelog.com/tokyo/A1329/A132901/13201565/
ラーメン,AFURI 立川グリーンスプリングス,"営業時間
11:00-21:00 (Last order 20:30)
定休日
施設に準ずる",東京都立川市緑町3-1 グリーンスプリングス 1F,https://tabelog.com/tokyo/A1329/A132901/13247618/
ラーメン,日高屋 立川曙町店,"営業時間
11:00～翌4:00(L.O.翌3:30)
日曜営業
定休日
無休",東京都立川市曙町2-11-7 立川リージェントビル,https://tabelog.com/tokyo/A1329/A132901/13127653/
ラーメン,つばさ家 立川店,"営業時間
[月～日]10:00～16:00 17:00～翌1:30
日曜営業
定休日
不定休（年末年始・GW・お盆は休み）",東京都立川市曙町2-11-7 立川リージェントホテル 1F,https://tabelog.com/tokyo/A1329/A132901/13245804/
ラーメン,らあめん花月嵐 立川西砂店,"営業時間
[店内営業時間]11:00～22:00(L.O 21：30)
日曜営業
定休日
なし",東京都立川市西砂町2-56-5,https://tabelog.com/tokyo/A1329/A132901/13194219/
ラーメン,横濱家 立川店,"営業時間
11:00～22:00（L.O. 21:45）
日曜営業
定休日
年中無休",東京都立川市若葉町3-35-1,https://tabelog.com/tokyo/A1329/A132901/13098330/
ラーメン,麺屋 かなで,"営業時間
11:00〜15:00／18:00〜23:00
日曜営業
定休日
月曜日",東京都立川市錦町1-11-1,https://tabelog.com/tokyo/A1329/A132901/13235654/
ラーメン,ほじなし,,東京都立川市高松町3-26-16,https://tabelog.com/tokyo/A1329/A132901/13262161/
ラーメン,日高屋 立川北口店,"営業時間
10:30～翌朝4:00
日曜営業
定休日
年中無休",東京都立川市曙町2-7-5 ピタゴラスビル 1F,https://tabelog.com/tokyo/A1329/A132901/13120046/
ラーメン,ラーメン屋さん　車 立川通り店,"営業時間
［月～土］11:30～翌3:00［日・祝日］11:30～翌2:00
定休日
無休",東京都立川市錦町1-8-2,https://tabelog.com/tokyo/A1329/A132901/13126612/
ラーメン,日高屋 立川南口店,,東京都立川市柴崎町3-5-4,https://tabelog.com/tokyo/A1329/A132901/13085515/
ラーメン,麺ショップ 花路,,東京都立川市柏町1-29-52 デパール柏町 1F,https://tabelog.com/tokyo/A1329/A132901/13140518/
ラーメン,とと ホンテン,"営業時間
[月・火・木・金]11:00～14:00 Lo.15分前(水)は定休日
日曜営業
定休日
水曜日",東京都立川市曙町3-22-15,https://tabelog.com/tokyo/A1329/A132901/13161446/
ラーメン,らーめん ぱったぱた,"営業時間
11:00～15:00 17:00～22:00
日曜営業
定休日
無休",東京都立川市羽衣町2-45-11,https://tabelog.com/tokyo/A1329/A132901/13246134/
ラーメン,博多ラーメン 長浜や 立川店,,東京都立川市高松町3-14-1,https://tabelog.com/tokyo/A1329/A132901/13241109/
ラーメン,立川びんびん亭,"定休日
月曜日、日曜日不定休",東京都立川市高松町3-17-2,https://tabelog.com/tokyo/A1329/A132901/13246497/
ラーメン,麺屋  徳星,"営業時間
・月曜日　11：30～14：00　17：00～20：00（L/O19：45）・火曜日から木曜日まで　11:30〜14:00　17:00〜23:00（L/O22:45)・金曜日　11：30～14：00　17：00～26：00（L/O25:45)・土曜日　11：30～26：00（L/O25:45)・日祝日　11:30~22:30まで通し営業(L/022:15）
日曜営業
定休日
無休",東京都立川市柴崎町3-4-13 トミービル 1F,https://tabelog.com/tokyo/A1329/A132901/13208742/
ラーメン,創作とんこつともあれ,"営業時間
『日〜木』18:00〜22:00 （L.O21:45）『金・土』18:00〜23:00（L.O 22:30）
日曜営業
定休日
なし",東京都立川市錦町2-1-3 ICHIGO M2ビル 1F,https://tabelog.com/tokyo/A1329/A132901/13278574/
ラーメン,ラーメン くるま 立川通り店,,東京都立川市錦町1-8-2,https://tabelog.com/tokyo/A1329/A132901/13292004/
ラーメン,麺SORA SAP立川店,,東京都立川市幸町1-35-7,https://tabelog.com/tokyo/A1329/A132901/13191056/
ラーメン,必勝ラーメン,,東京都立川市錦町1-3-6,https://tabelog.com/tokyo/A1329/A132901/13063311/
ラーメン,ラーメンのあっちゃん,,東京都立川市羽衣町1-18-6,https://tabelog.com/tokyo/A1329/A132901/13066144/
ラーメン,かな井,,東京都立川市曙町3-24-11,https://tabelog.com/tokyo/A1329/A132901/13281346/
ラーメン,らーめん鉄人,,東京都立川市緑町3173 昭和記念公園レイクサイドレストラン併設売店,https://tabelog.com/tokyo/A1329/A132902/13140821/
ラーメン,清福軒,"定休日
不定休",東京都立川市砂川町7-24-1,https://tabelog.com/tokyo/A1329/A132901/13066153/
ラーメン,きまぐれらーめん 虜,,東京都立川市錦町1-3-16 B1F,https://tabelog.com/tokyo/A1329/A132901/13278608/
ラーメン,らあめん花月嵐 日野大坂上店,"営業時間
[店内営業時間]11:00～24:00
日曜営業
定休日
なし",東京都日野市大坂上1-29-2,https://tabelog.com/tokyo/A1329/A132903/13164174/
ラーメン,めんや友絆,"営業時間
2020年3月からの営業時間【月・火・木・金】(昼)11:30～15:00      (夜)18:00～21:30【土・日】(昼のみ)11:30～15:00【水】休業日※ 祝祭日も営業します。
日曜営業
定休日
 水曜",東京都日野市新町1-24-7,https://tabelog.com/tokyo/A1329/A132903/13207135/
ラーメン,とんとことん 日野店,,東京都日野市日野本町3-11-14,https://tabelog.com/tokyo/A1329/A132903/13194468/
ラーメン,大村庵,"営業時間
［水～日］11:30～19:00
定休日
月曜日、火曜日",東京都日野市栄町1-2-1 七和ビル 1F,https://tabelog.com/tokyo/A1329/A132903/13267133/
ラーメン,えびすや,"営業時間
12:00～21:30
定休日
水曜,木曜",東京都日野市南平4-30-26,https://tabelog.com/tokyo/A1329/A132903/13010253/
ラーメン,らーめんぎょうざ 治 らいおん百草店,"営業時間
［火・木～日］11:00～19:30［水］11:00～14:00
日曜営業
定休日
月曜日・毎月最終日曜日",東京都日野市百草999-281-112 百草団地ショッピングセンター,https://tabelog.com/tokyo/A1329/A132903/13145734/
ラーメン,纏 高幡不動店,,東京都日野市高幡116-10 京王高幡ショッピングセンター 3F,https://tabelog.com/tokyo/A1329/A132903/13180351/
ラーメン,中華そば専門店 びんびん亭 高幡不動店,,東京都日野市高幡1007-3,https://tabelog.com/tokyo/A1329/A132903/13246385/
ラーメン,横浜家系ラーメン 万願寺 大和家,"営業時間
[月～日]11:00～24:00
日曜営業
定休日
無休",東京都日野市大字上田45-1,https://tabelog.com/tokyo/A1329/A132903/13253839/
ラーメン,こえもん,"営業時間
11:00～18:00
定休日
日曜・祝日",東京都日野市日野本町3-7-11,https://tabelog.com/tokyo/A1329/A132903/13126400/
ラーメン,メヂカそば 吟魚,"営業時間
11:00～14:30(L.O.)※スープ売切れ次第閉店
日曜営業
定休日
不定休",東京都日野市石田2-9-1,https://tabelog.com/tokyo/A1329/A132903/13272366/
ラーメン,とんちん軒,"営業時間
11:30～18:00
日曜営業
定休日
水曜日、木曜日",東京都日野市多摩平3-31-13,https://tabelog.com/tokyo/A1329/A132903/13020872/
ラーメン,極ジョー,,東京都日野市多摩平2-4-1 イオンモール多摩平の森フードコート,https://tabelog.com/tokyo/A1329/A132903/13287057/
ラーメン,大王亭,"営業時間
月～木曜・土曜 11:30～23:30（L.O. 23:15）金曜 11:30～24:30（L.O. 24:15）
定休日
日曜日",東京都日野市多摩平2-1-9,https://tabelog.com/tokyo/A1329/A132903/13066310/
ラーメン,まるむ,"営業時間
11:00～21:00
定休日
火曜日、日曜日",東京都日野市多摩平6-37-2,https://tabelog.com/tokyo/A1329/A132903/13066311/
ラーメン,らーめんぶん治,"営業時間
昼の部 11:00~14:30（LO14:30）夜の部 17:30~21:30（LO21:30）※スープ完売時点で終了いたします
日曜営業
定休日
水曜日",東京都日野市日野本町3-12-2 INOUEビル 101,https://tabelog.com/tokyo/A1329/A132903/13270836/
ラーメン,麺･DINING 毘沙門天,"営業時間
[水～日]11:30～14:30
日曜営業
定休日
月曜・火曜",東京都日野市多摩平1-6-1,https://tabelog.com/tokyo/A1329/A132903/13104260/
ラーメン,弘前軒,,東京都日野市落川960-3,https://tabelog.com/tokyo/A1329/A132903/13217795/
ラーメン,味噌もりNOODLE みやみや 豊田イオンモール多摩平の森店,,東京都日野市多摩平2-4-1 イオンモール多摩平の森 1F,https://tabelog.com/tokyo/A1329/A132903/13259700/
ラーメン,らーめん専門店小川 高幡不動店,"営業時間
平日/11:00-15:00　17:30-24:00土日祝日/ 11:00-24:00【年末年始営業のお知らせ】2023/12/28⇒通常営業12/29⇒通常営業12/30～2024/1/3⇒休業1/4⇒11 時～23 時（通し営業）1/5～⇒通常営業
日曜営業
定休日
年中無休",東京都日野市高幡3-19,https://tabelog.com/tokyo/A1329/A132903/13119022/
ラーメン,幸楽苑 百草園店,"営業時間
8:00～20:00(L.O.19:45)
日曜営業
定休日
無休",東京都日野市百草254-1,https://tabelog.com/tokyo/A1329/A132903/13072667/
ラーメン,こうじ,"営業時間
11時30分頃から
定休日
日曜・祝日",東京都日野市日野台2-17-5,https://tabelog.com/tokyo/A1329/A132903/13098653/
ラーメン,トモエ,,東京都日野市日野台2-15-4 みすずマンション 1F,https://tabelog.com/tokyo/A1329/A132903/13021283/
ラーメン,めんりき匠ラーメン 日野本店,"営業時間
11:30～2:00
日曜営業
定休日
火曜日",東京都日野市栄町1-1-1 藤栄ビル　1F,https://tabelog.com/tokyo/A1329/A132903/13060322/
ラーメン,日野大和家,"営業時間
[水～日]11:00～15:00 17:00～22:00
日曜営業
定休日
月曜・火曜",東京都日野市日野本町2-20-7,https://tabelog.com/tokyo/A1329/A132903/13099159/
ラーメン,日高屋 豊田北口店,"営業時間
10:30～23:00(L.O.22:30)
日曜営業
定休日
無休",東京都日野市多摩平1-2-1,https://tabelog.com/tokyo/A1329/A132903/13184490/
ラーメン,珉珉,,東京都日野市旭が丘2-5-3,https://tabelog.com/tokyo/A1329/A132903/13205812/
ラーメン,麺想 折かわ,"営業時間
[月・火・木・金]11:00～14:3018:00～21:00[土・祝]11:00～14:30
定休日
水曜日、日曜日",東京都日野市大坂上4-18-38,https://tabelog.com/tokyo/A1329/A132903/13265225/
ラーメン,日高屋 高幡不動駅前店,"営業時間
[月～土]11:00～23:30(L.O.23:00)[日]11:00～23:00
日曜営業
定休日
無休",東京都日野市高幡1000-8,https://tabelog.com/tokyo/A1329/A132903/13180900/
ラーメン,ラーメン 魁力屋 日野万願寺店,"営業時間
11:00～23:00(L.O22:45)
日曜営業
定休日
なし",東京都日野市石田2-9-15,https://tabelog.com/tokyo/A1329/A132903/13243999/
ラーメン,熱烈中華食堂 日高屋 日野駅前店,"営業時間
11:00～23:30(L.O.23:00)
日曜営業
定休日
無休",東京都日野市日野本町4-6-3,https://tabelog.com/tokyo/A1329/A132903/13186998/
ラーメン,らーめんつけ麺 びんびん亭 日野店,,東京都日野市大坂上1-30-21,https://tabelog.com/tokyo/A1329/A132903/13217924/
ラーメン,麺飯店 マラマラ,"営業時間
11:30～15:0017:00～21:00L.O30分前
日曜営業
定休日
火曜日  最終月曜日",東京都日野市宮243-3,https://tabelog.com/tokyo/A1329/A132903/13057957/
ラーメン,美豚 高幡不動店,"営業時間
[月～土] 11:30～0:00 [日・祝] 11:30～23:00
定休日
なし",東京都日野市高幡3-13,https://tabelog.com/tokyo/A1329/A132903/13040079/
ラーメン,あさひ軒,"営業時間
11:00～21:00　通し営業のようです。
日曜営業
定休日
月曜日",東京都日野市旭が丘6-5-1,https://tabelog.com/tokyo/A1329/A132903/13066306/
ラーメン,八王子ラーメン あじたつ,,東京都日野市南平7-17-56,https://tabelog.com/tokyo/A1329/A132903/13152085/
ラーメン,麺や富士,,東京都日野市多摩平5-5-7 池野ビル 1F,https://tabelog.com/tokyo/A1329/A132904/13195762/
ラーメン,てんがららーめん 日野店,,東京都日野市栄町5-23-9 マルハン日野ビル,https://tabelog.com/tokyo/A1329/A132904/13260069/
ラーメン,ラーメン逄,"営業時間
平日、土日祝日11:00～15:00平日18:00～20:30まで(ﾗｽﾄｵｰﾀﾞｰ20:00)土日祝日17:30～20:30まで(ﾗｽﾄｵｰﾀﾞｰ20:00)無休※水曜日は、14:00まで
日曜営業
定休日
水曜日は、昼のみ営業、夜は休み",東京都日野市日野389-1 滝瀬ビル106,https://tabelog.com/tokyo/A1329/A132901/13134671/
ラーメン,塩ラーメン仁屋 府中店,"営業時間
通常営業　月火水木金土日11：00～23：00ラストオーダー22：30
日曜営業
定休日
無休",東京都府中市府中町1-3-6 ぷらりと京王府中 1F,https://tabelog.com/tokyo/A1326/A132602/13262515/
ラーメン,麺屋　春日,"営業時間
11:30～14:30 18:00～21:00
日曜営業
定休日
火曜日",東京都府中市白糸台5-28-12,https://tabelog.com/tokyo/A1326/A132602/13117567/
ラーメン,ラーメン二郎 府中店,"営業時間
17:00～22:00
定休日
土曜日、日曜日、祝日",東京都府中市宮西町1-15-5 関野屋ビル　１Ｆ,https://tabelog.com/tokyo/A1326/A132602/13022272/
ラーメン,丸源ラーメン 西府中店,"営業時間
月〜日10:00〜翌01:00
日曜営業
定休日
なし",東京都府中市西府町5-12-5,https://tabelog.com/tokyo/A1326/A132602/13135044/
ラーメン,華楽亭,"営業時間
[月～金]11:30～14:0017:30～23:00(L.O.22:30)[土・祝]11:30～14:0017:30～22:00(L.O.21:30)
定休日
日曜日",東京都府中市寿町2-27-15,https://tabelog.com/tokyo/A1326/A132602/13097618/
ラーメン,北海道らぁめん 新特一番,,東京都府中市府中町3-13-9,https://tabelog.com/tokyo/A1326/A132602/13235834/
ラーメン,らいおん 府中本店,"営業時間
11:00～23:00(ラストオーダー22:50)
日曜営業
定休日
年末年始",東京都府中市宮町1-50 くるる,https://tabelog.com/tokyo/A1326/A132602/13005954/
ラーメン,春夏冬 正,"営業時間
11:45～14:30 18:00～23:00
定休日
日曜日",東京都府中市緑町3-9-1,https://tabelog.com/tokyo/A1326/A132602/13022001/
ラーメン,豚骨醤油らーめん まぼろし,"営業時間
[火～金]11:30～14:00 18:00～21:00[土]11:30～14:00
定休日
月曜日、日曜日",東京都府中市清水が丘3-22-1,https://tabelog.com/tokyo/A1326/A132602/13231291/
ラーメン,らーめん暁,"営業時間
18:00～24:00
定休日
月曜日、日曜日",東京都府中市是政5-4-34,https://tabelog.com/tokyo/A1326/A132602/13022128/
ラーメン,ラーメン 大國家,"営業時間
11:00～15:00 17:00～20:00",東京都府中市寿町1-1-4,https://tabelog.com/tokyo/A1326/A132602/13288549/
ラーメン,中華そば 青葉 府中店,"営業時間
　11時～23時（売切まで）　
日曜営業
定休日
定休日なし",東京都府中市本町1-3-8,https://tabelog.com/tokyo/A1326/A132602/13055195/
ラーメン,Bくれすと,"営業時間
17：30～2：00（LO.1:30）
日曜営業
定休日
火曜日",東京都府中市白糸台1-6-56,https://tabelog.com/tokyo/A1326/A132602/13203836/
ラーメン,中華そば ひびき,,東京都府中市新町1-58-5,https://tabelog.com/tokyo/A1326/A132602/13117530/
ラーメン,幸 春夏冬,"営業時間
11:45～15:00 17:00～23:00(L.O.22:30)
定休日
日曜日",東京都府中市住吉町5-17-36,https://tabelog.com/tokyo/A1326/A132602/13022002/
ラーメン,麵屋 しょうちゃん,"営業時間
11:00～15:00 17:00～22:00(L.O.21:30)
日曜営業
定休日
火曜日",東京都府中市美好町3-3-3,https://tabelog.com/tokyo/A1326/A132602/13236184/
ラーメン,八海ラーメン,,東京都府中市八幡町2-19-22,https://tabelog.com/tokyo/A1326/A132602/13022103/
ラーメン,ラーメン英二,"営業時間
［月～金］11:30～14:3017:30～20:00※材料切れ終了あり
定休日
日曜日（※土曜・祝日は不定休）",東京都府中市晴見町3-1-22 レジェンドチダ第2ビル 1F,https://tabelog.com/tokyo/A1326/A132602/13164704/
ラーメン,らあめん花月嵐 分倍河原店,"営業時間
[店内営業時間]11:00～24:00(L.O23:45)[出前館受付時間]11:00～21:00[Uber Eats受付時間]11:00～21:00
日曜営業
定休日
無休",東京都府中市片町2-18-48,https://tabelog.com/tokyo/A1326/A132602/13114404/
ラーメン,だし麺屋 ナミノアヤ 府中店,"営業時間
11:00～15:0017:00～21:30※L.O.30分前コロナ情勢により変更あり
日曜営業
定休日
不定休（Instagram参照）",東京都府中市本宿町2-19-8,https://tabelog.com/tokyo/A1326/A132602/13265216/
ラーメン,京都ラーメン 森井 分倍河原店,"営業時間
【平日】11:00～15:00(15 分前L.O)17:00～23:00(30分前L.O)【土日祝】10:00～22:00(30分前L.O)
日曜営業
定休日
不定休あり",東京都府中市片町2-20-14,https://tabelog.com/tokyo/A1326/A132602/13265591/
ラーメン,中華そば 心,"営業時間
[月]11:00～15:00[木～日]11:00～15:0018:00～21:00
日曜営業
定休日
火曜日、水曜日",東京都府中市清水が丘3-29-3,https://tabelog.com/tokyo/A1326/A132602/13241815/
ラーメン,横浜らーめん 若武者,"営業時間
[月～土]11:00～15:00 17:00～23:00夜はスープがなくなり次第終了
定休日
日曜日",東京都府中市片町2-20-13,https://tabelog.com/tokyo/A1326/A132602/13191542/
ラーメン,いつみ屋,"営業時間
[月・木・金]10:40～15:3017:00～20:00 [土・日・祝]10:40～15:30
日曜営業
定休日
火曜・水曜",東京都府中市本町1-7-2,https://tabelog.com/tokyo/A1326/A132602/13022027/
ラーメン,蘭,"営業時間
11：00～14：0017：00～20：00
日曜営業
定休日
月曜日",東京都府中市分梅町4-27-10,https://tabelog.com/tokyo/A1326/A132602/13063395/
ラーメン,節,"営業時間
11:00～23:00(L.O.22:30)
日曜営業
定休日
無休",東京都府中市宮町1-100 府中ル・シーニュ1Ｆ,https://tabelog.com/tokyo/A1326/A132602/13049697/
ラーメン,ラーメンショップ  府中分梅町店,"営業時間
6:00～21:00
定休日
日曜日",東京都府中市分梅町3-64-8,https://tabelog.com/tokyo/A1326/A132602/13055763/
ラーメン,麺処よっちゃん,"営業時間
11:30～14:3017:00～21:00(L.O.20:30)
定休日
日曜日、祝日",東京都府中市幸町1-35-3 カトレアビル 1F,https://tabelog.com/tokyo/A1326/A132602/13153141/
ラーメン,焼きあご煮干しらぁめん 碧猫,"営業時間
[月～土]11:30～14:0017:30～21:00
定休日
日曜日",東京都府中市片町2-21-17,https://tabelog.com/tokyo/A1326/A132602/13248230/
ラーメン,どさん娘 府中寿町店,"営業時間
11:30～24:00※午後、休憩になること有り
定休日
日曜日",東京都府中市寿町3-4-1,https://tabelog.com/tokyo/A1326/A132602/13096539/
ラーメン,中華そば 亜雄,"営業時間
11:00～14:30",東京都府中市晴見町1-24-13,https://tabelog.com/tokyo/A1326/A132602/13199132/
ラーメン,天下一,,東京都府中市矢崎町4-13-14,https://tabelog.com/tokyo/A1326/A132602/13055751/
ラーメン,拉麺屋 辰之助,"営業時間
11:00～21:00",東京都府中市宮町1-41-2 ミッテン府中 9F,https://tabelog.com/tokyo/A1326/A132602/13276828/
ラーメン,ゴリララーメン,,東京都府中市白糸台3-12-10,https://tabelog.com/tokyo/A1326/A132602/13021584/
ラーメン,長浜や 府中店,"営業時間
11:00～翌2:00
日曜営業
定休日
無休",東京都府中市宮西町2-1-1,https://tabelog.com/tokyo/A1326/A132602/13096540/
ラーメン,ぼっけもん,"営業時間
11:00～15:00 18:00～22:00[祝]11:00～15:00
定休日
日曜日",東京都府中市住吉町1-47-4,https://tabelog.com/tokyo/A1326/A132602/13281989/
ラーメン,長崎らーめん 西海製麺所 府中店,"営業時間

日曜営業
定休日
競馬開催日以外",東京都府中市日吉町1-1 東京競馬場フジビュースタンド 2F ファストフードコート(ウエスト),https://tabelog.com/tokyo/A1326/A132602/13055783/
ラーメン,府中大和家,"営業時間
11:00～翌2:00
日曜営業
定休日
無休",東京都府中市宮西町2-4-15,https://tabelog.com/tokyo/A1326/A132602/13171125/
ラーメン,釜玉中華そば ナポレオン軒 府中店,"営業時間
11:00～23:00
日曜営業
定休日
なし",東京都府中市本町1-9-41 1F,https://tabelog.com/tokyo/A1326/A132602/13287232/
ラーメン,ど・みそ  JRA東京競馬場店,"営業時間
9:00～16:00
定休日
不定休(東京競馬場に準ずる)",東京都府中市日吉町1-1 東京競馬場 1F,https://tabelog.com/tokyo/A1326/A132602/13190388/
ラーメン,とうこうけん,"営業時間
10:00〜20:00
日曜営業
定休日
日曜日",東京都府中市晴見町1-29-17,https://tabelog.com/tokyo/A1326/A132602/13055762/
ラーメン,天下一品 府中中河原店,"営業時間
[月〜土]11:30～翌0:00[日]11:30～22:00※時短営業中11:30～20:00
日曜営業
定休日
休店日がある場合はTwitterでお知らせします。",東京都府中市住吉町2-17-6 アロウレイスフレア101,https://tabelog.com/tokyo/A1326/A132602/13058988/
ラーメン,俺の生きる道 東京競馬場店,"営業時間
東京競馬場開催日のみ営業",東京都府中市日吉町1-1 東京競馬場,https://tabelog.com/tokyo/A1326/A132602/13271099/
ラーメン,中華蕎麦 ひら井,"営業時間
[月～金]11:00〜15:00[土日]11:00〜17:00売り切れ早仕舞いあり。
日曜営業
定休日
火曜日",東京都府中市栄町2-11-7,https://tabelog.com/tokyo/A1326/A132602/13259078/
ラーメン,やすのたまぞう,"営業時間
11:30～15:00 17:30～21:00
日曜営業
定休日
月曜日",東京都府中市晴見町3-7-2,https://tabelog.com/tokyo/A1326/A132602/13194400/
ラーメン,つばめ,"営業時間
REST SIDE TABLE(レストサイドテーブル)10：00～21：00(L.O.20：40)
日曜営業
定休日
なし",東京都府中市宮町1-41-1 フォーリス 1F,https://tabelog.com/tokyo/A1326/A132602/13213197/
ラーメン,中華そば たま河,"営業時間
[月～土]7:00～14:00(LO)[日・祝]11:00～14:00(LO)※2021/7/1～定休日・営業時間変更
日曜営業
定休日
水曜(左記の定休曜日でも府中市場の通常開市日は当店も営業、逆のパターンもあります)※臨時営業/休業などはTwitter/Facebookにて随時ご案内",東京都府中市矢崎町4-1 府中市場 第一通路,https://tabelog.com/tokyo/A1326/A132602/13243127/
ラーメン,麺屋 来福,"営業時間
【月～日】11：30～14：0017：30～翌1：00
日曜営業
定休日
無し",東京都府中市住吉町4-11-15 相沢ビル 1F,https://tabelog.com/tokyo/A1326/A132602/13113629/
ラーメン,麺場 田所商店 府中若松町店,"営業時間
11:00～22:00(L.O.21:30)
日曜営業
定休日
無休",東京都府中市若松町4-6-7,https://tabelog.com/tokyo/A1326/A132602/13288891/
ラーメン,らーめん深雪屋,"営業時間
ランチ　11:00～14:00（L.O.14：00）ディナー　17:00～21:30（L.O.21:30）※ディナーお飲み物LOは22:00
日曜営業
定休日
水曜日",東京都府中市浅間町3-12-9 ファミ-ル河内 1F,https://tabelog.com/tokyo/A1326/A132602/13226249/
ラーメン,びんびん亭 府中店,"営業時間
11:00～24:0011:00～24:00の通し営業、ラストオーダーナシ
日曜営業
定休日
無休",東京都府中市住吉町4-4-4 住吉倶楽部103,https://tabelog.com/tokyo/A1326/A132602/13167030/
ラーメン,くるま屋台ＧＴ,,東京都府中市朝日町2-20-19,https://tabelog.com/tokyo/A1326/A132602/13189297/
ラーメン,濃厚とんこつラーメン だるま一家 府中分店,"営業時間
[火～木・日]11:00～143017:30～21:30[金・土]11:00～14:3017:30～23:00
日曜営業
定休日
月曜日",東京都府中市宮西町2-12-1,https://tabelog.com/tokyo/A1326/A132602/13281560/
ラーメン,麺創研 紅,"営業時間
11:00～22:30 ⭕中休みナシ・通し営業
日曜営業
定休日
年末年始",東京都府中市宮町1-100,https://tabelog.com/tokyo/A1326/A132602/13114072/
ラーメン,中華そば ふくみみ,"営業時間
11:00～14:00
定休日
土曜日、日曜日",東京都府中市美好町1-33-1,https://tabelog.com/tokyo/A1326/A132602/13266199/
ラーメン,らーめん赤坂屋,,東京都府中市若松町1-37-26,https://tabelog.com/tokyo/A1326/A132602/13133145/
ラーメン,ラーメン 府中家,,東京都府中市府中町1-6-3 倉林ビル 1F,https://tabelog.com/tokyo/A1326/A132602/13220504/
ラーメン,中華そば まつ尾,"営業時間
［火］11:00～15:00(早仕舞いあり)
定休日
月曜日、水曜日、木曜日、金曜日、土曜日、日曜日",東京都府中市栄町2-11-7,https://tabelog.com/tokyo/A1326/A132602/13282228/
ラーメン,麺処 梅花皮亭,"営業時間
11:00〜翌2:00
日曜営業
定休日
無休",東京都府中市住吉町4-4-4 住吉ビル1F,https://tabelog.com/tokyo/A1326/A132602/13121780/
ラーメン,天下一,"営業時間
[土日祝]11:00～15:00
日曜営業
定休日
月〜金(平日)",東京都府中市南町6-32 府中市郷土の森博物館　やすらぎ亭内,https://tabelog.com/tokyo/A1326/A132602/13056199/
ラーメン,黒ちゃん家,,東京都府中市小柳町2-19-1,https://tabelog.com/tokyo/A1326/A132602/13197982/
ラーメン,麺乃 すずのや,"営業時間
11:30～13:3018:00～22:00
定休日
月曜日、土曜日、日曜日",東京都府中市朝日町1-33-54,https://tabelog.com/tokyo/A1326/A132602/13270558/
ラーメン,ボートレース多摩川 飲食コーナー 第2売店,,東京都府中市是政4-11 ボートレース多摩川 1F,https://tabelog.com/tokyo/A1326/A132602/13221104/
ラーメン,美松,,東京都昭島市昭和町2-7-15,https://tabelog.com/tokyo/A1329/A132902/13168188/
ラーメン,江川亭 昭島店,"営業時間
11:00~22:00(L.O30分前)
日曜営業
定休日
月曜日（月曜祝日の場合、翌火曜日）",東京都昭島市昭和町5-2-7,https://tabelog.com/tokyo/A1329/A132902/13093051/
ラーメン,麺や独歩,"営業時間
10：00～14：3017：00〜19：30
日曜営業
定休日
火曜日、水曜日",東京都昭島市中神町1157-55,https://tabelog.com/tokyo/A1329/A132902/13260512/
ラーメン,日高屋 昭島南口店,"営業時間
[月・火・水・木・日]11:00～23:00[金・土]11:00～24:00
日曜営業
定休日
無休",東京都昭島市昭和町2-1-9,https://tabelog.com/tokyo/A1329/A132902/13161413/
ラーメン,大山家 昭島店,"営業時間
［月・火・水・木・日］11:00～22:00［金・土］11:00～23:00
日曜営業
定休日
無休",東京都昭島市昭和町2-7-6,https://tabelog.com/tokyo/A1329/A132902/13144202/
ラーメン,メルシー,,東京都昭島市東町3-4-4,https://tabelog.com/tokyo/A1329/A132902/13021296/
ラーメン,○決,"営業時間

日曜営業",東京都昭島市玉川町1-4-13,https://tabelog.com/tokyo/A1329/A132902/13018466/
ラーメン,中国ラーメン 揚州商人 昭島モリタウン店,"営業時間
11:00～22:00(L.O.21:30)
日曜営業
定休日
無休",東京都昭島市田中町562-1 モリタウン内 1F,https://tabelog.com/tokyo/A1329/A132902/13199915/
ラーメン,麺屋ひとつなぎ,,東京都昭島市玉川町1-2-6 1Ｆ,https://tabelog.com/tokyo/A1329/A132902/13117102/
ラーメン,三代目 しゅう,"営業時間
［月・火・木・金］11:00～14:00(L.O.13:55)17:30～21:00(L.O.20:55)［土］11:00～14:00(L.O.13:55)(※不定期で夜に気まぐれ営業)［日］11:00～14:00(L.O.13:55)
日曜営業
定休日
水曜日",東京都昭島市中神町1171-7 中野コーポ 1F,https://tabelog.com/tokyo/A1329/A132902/13251548/
ラーメン,東池袋 大勝軒 昭島店,"営業時間
[月、水、木、金、土]11:00～14:30、17:00～22:00[火]11:00～14:30[日]11:00～20:00
日曜営業
定休日
無休",東京都昭島市昭和町2-7-24,https://tabelog.com/tokyo/A1329/A132902/13121327/
ラーメン,昭島大和家,"営業時間
[火～日]11:00～翌1:00
日曜営業
定休日
月曜日",東京都昭島市松原町1-9-1,https://tabelog.com/tokyo/A1329/A132902/13095397/
ラーメン,中華そば　たまや,,東京都昭島市中神町1161-61,https://tabelog.com/tokyo/A1329/A132902/13095100/
ラーメン,とと ホンテン,"営業時間
お昼営業【火～日】11:00～14:30ラストオーダー夜営業増えました【水・木・金】祝日はナシ17:00〜19:30ラストオーダー約100杯にて売り切れ終了となる事もアリ月曜定休日
日曜営業
定休日
月曜日",東京都昭島市朝日町2-1-21,https://tabelog.com/tokyo/A1329/A132902/13286514/
ラーメン,らーめん 縁,"営業時間
11:00～15:00",東京都昭島市昭和町5-12-11 コーポアサイ 1F,https://tabelog.com/tokyo/A1329/A132902/13185971/
ラーメン,アンタイヌードルズ,"営業時間
[火～金] 11:30～14:3017:30～20:30(L.O.)[土・日・祝] 11:00～15:00※スープ切れ次第終了
日曜営業
定休日
月曜日",東京都昭島市朝日町1-3-14,https://tabelog.com/tokyo/A1329/A132902/13172287/
ラーメン,中華そば ムタヒロ 拝島駅店,"営業時間
11:00～23:00（L.O.22:30）
日曜営業
定休日
無休",東京都昭島市美堀町5-21-2 西武拝島駅 2F 改札前,https://tabelog.com/tokyo/A1329/A132902/13240622/
ラーメン,自家製麺 まさき,"営業時間
［火～土］11:00～14:1017:30～20:30［第1・3日］11:00～15:00
定休日
月曜日、第2・4・5日曜日",東京都昭島市福島町1011-13,https://tabelog.com/tokyo/A1329/A132902/13241722/
ラーメン,らあめん花月嵐 昭島モリタウン店,"営業時間
[店内営業時間]10:00～21:00
日曜営業
定休日
無休（モリタウンの休業日に順ずる）",東京都昭島市田中町562-1 モリタウン 東館　2Ｆ,https://tabelog.com/tokyo/A1329/A132902/13101879/
ラーメン,からみそラーメン ふくろう 西立川店,"営業時間
11:00～15:0017:30～21:00
日曜営業
定休日
水曜日",東京都昭島市東町1-2-3 オリエント昭島ビル 1F,https://tabelog.com/tokyo/A1329/A132901/13282451/
ラーメン,らーめん専門店小川 昭島店,"営業時間
11:00～22:00【平日・土日祝全て通し営業】【年末年始営業のお知らせ】2023/12/28⇒通常営業12/29⇒通常営業12/30～2024/1/3⇒休業1/4⇒11時～21時（通し営業）1/5～⇒通常営業
日曜営業
定休日
無休(年末年始のみ休み)",東京都昭島市田中町1-24-17 和田ビル 1F,https://tabelog.com/tokyo/A1329/A132902/13179444/
ラーメン,ラーメンショップ マルキチェーン拝島店,"営業時間
[日・月] 11:00頃～24:00（LO 23:40）[火～土] 11:00頃～24:30（LO 24:10）
日曜営業
定休日
基本無休",東京都昭島市松原町4-13-20,https://tabelog.com/tokyo/A1329/A132902/13041786/
ラーメン,横浜家系らーめん 思道,"営業時間
11:00～14:3017:00～21:00
定休日
不定休",東京都昭島市東町4-11-12 ハーフムーン 1F,https://tabelog.com/tokyo/A1329/A132902/13256912/
ラーメン,ラーメン サカモト,"営業時間
11:00〜22:30
日曜営業
定休日
木曜日",東京都昭島市中神町1-23-14,https://tabelog.com/tokyo/A1329/A132902/13173598/
ラーメン,虎の子らぁ麺・マカン,"営業時間
ランチ　11：30～14：45（LO.）ディナー　17：00～20：45（LO.）ディナーは水・木・金・土・日（日曜日は20：00まで）
日曜営業
定休日
火曜日",東京都昭島市昭和町5-12-16,https://tabelog.com/tokyo/A1329/A132902/13259633/
ラーメン,めだかタンタン,"営業時間
ランチ　11:30　～　15:00までディナー　18：00　～　22：00まで※ラストオーダー閉店15分前※麺切れ、スープ切れ早終い有り　
日曜営業
定休日
水曜日",東京都昭島市玉川町3-17-17,https://tabelog.com/tokyo/A1329/A132902/13172508/
ラーメン,初代　哲麺 昭島店,"営業時間
１１：００～23:30
定休日
無休",東京都昭島市松原町2-6-1,https://tabelog.com/tokyo/A1329/A132902/13096842/
ラーメン,麺屋 よつ葉,,東京都昭島市松原町4-12-4,https://tabelog.com/tokyo/A1329/A132902/13291816/
ラーメン,楽猿,,東京都昭島市朝日町1-6-13,https://tabelog.com/tokyo/A1329/A132902/13245576/
ラーメン,すずらん,,東京都昭島市宮沢町525-15,https://tabelog.com/tokyo/A1329/A132902/13155129/
ラーメン,北海道ラーメン 極 ザ・ビック昭島店,,東京都昭島市宮沢町500-1 ザ・ビック昭島内,https://tabelog.com/tokyo/A1329/A132902/13131958/
ラーメン,ラーメンハウスきくちやん,,東京都昭島市玉川町3-18-12,https://tabelog.com/tokyo/A1329/A132902/13066241/
ラーメン,つけめん豪虎,"営業時間
[月～土]11:30～14:5017:30～21:50[日・祝]11:30～14:5017:30～19:50",東京都昭島市昭和町2-7-20,https://tabelog.com/tokyo/A1329/A132902/13289199/
ラーメン,楽観 秋津店,"営業時間
11:00-15:00（毎日）17:00-23:00（月～土）17:00-21:00（日・祝）日曜営業
日曜営業
定休日
無休",東京都東村山市秋津町5-6-5 クロスコート秋津内 1F,https://tabelog.com/tokyo/A1328/A132806/13266337/
ラーメン,ラーメン本舗　まるみ,"営業時間
[火～土]11:15～15:00、17:30～22:30[日・祝]11:15～22:00
日曜営業
定休日
月曜日（祝日の場合は翌日が休み）",東京都東村山市本町2-16-31,https://tabelog.com/tokyo/A1328/A132806/13051446/
ラーメン,町田商店 東村山店,"営業時間
営業時間・休業日は変更となる場合がございますので、HPにて最新情報をご確認ください
日曜営業
定休日
無休",東京都東村山市本町1-22-8,https://tabelog.com/tokyo/A1328/A132806/13237430/
ラーメン,博多ラーメン 長風 新秋津店,,東京都東村山市秋津町5-13-42,https://tabelog.com/tokyo/A1328/A132806/13231043/
ラーメン,東京餃子食堂 久米川店,"営業時間
平日昼　11：00-15：00(L.O. 14：30)平日夜　17：00-24：00(L.O. 23：30)土日祝　11：00-24：00(L.O. 23：30)
日曜営業
定休日
月曜日",東京都東村山市栄町2-8-6 丸鈴ビル 1F,https://tabelog.com/tokyo/A1328/A132806/13225335/
ラーメン,日高屋 東村山店,"営業時間
平日/11：00～24：00土日祝日/11：00～23：00
日曜営業
定休日
無休",東京都東村山市野口町1-19 ワンズタワー２F,https://tabelog.com/tokyo/A1328/A132806/13120917/
ラーメン,すぱいす,"営業時間
11:00～21:00(スープなくなり次第閉店)
日曜営業
定休日
無休",東京都東村山市本町4-6-13,https://tabelog.com/tokyo/A1328/A132806/13279097/
ラーメン,麺蔵 もみじ,"営業時間
11:30～14:30 18:00〜22:00頃 
定休日
火曜",東京都東村山市栄町2-7-29,https://tabelog.com/tokyo/A1328/A132806/13041097/
ラーメン,江川亭 東村山店,"営業時間
11:00～22:00(ﾗｽﾄｵｰﾀﾞｰ閉店30分前)※臨時休や営業時間変更の場合は、HPのお知らせに掲載いたします。
日曜営業
定休日
月曜日（祝日は営業、翌日代休)",東京都東村山市秋津町3-2-2,https://tabelog.com/tokyo/A1328/A132806/13095122/
ラーメン,新秋津リアカー屋台 秋津ナンバーワン,,東京都東村山市秋津町5-13-66,https://tabelog.com/tokyo/A1328/A132806/13194102/
ラーメン,つるが,"営業時間
11:30～14:0017:00～20:00
日曜営業
定休日
火曜日",東京都東村山市秋津町5-24-1,https://tabelog.com/tokyo/A1328/A132806/13252979/
ラーメン,らあめん花月嵐 東村山店,"営業時間
 [店内営業時間]11：00～24：30[出前館受付時間]11:00～21:00[Uber Eats受付時間]11:00～24:00
日曜営業
定休日
なし",東京都東村山市本町2-3-77,https://tabelog.com/tokyo/A1328/A132806/13055941/
ラーメン,くるまやラーメン 東村山店,"営業時間
[月]11:00～18:00(L.O.17:45)[水～日]11:00～21:00(L.O.20:45)
日曜営業
定休日
火曜日、年末年始(12/31～1/1)",東京都東村山市青葉町3-2-4,https://tabelog.com/tokyo/A1328/A132806/13057024/
ラーメン,らぁ麺 はやし田 新秋津店,"営業時間
11:00～23:00",東京都東村山市秋津町5-25-50 ビーンズアネックス新秋津 1F,https://tabelog.com/tokyo/A1328/A132806/13291394/
ラーメン,秋津商店,"営業時間
営業時間・休業日は変更となる場合がございますので、HPにて最新情報をご確認ください
日曜営業
定休日
定休日なし",東京都東村山市秋津町5-6-6 小山ビル1Ｆ,https://tabelog.com/tokyo/A1328/A132806/13173094/
ラーメン,日高屋 秋津店,"営業時間
10:00～23:00（L.O.22:30）
日曜営業
定休日
年中無休",東京都東村山市秋津町5-8-1,https://tabelog.com/tokyo/A1328/A132806/13137552/
ラーメン,竹屋 新秋津店,,東京都東村山市秋津町5-13-38,https://tabelog.com/tokyo/A1328/A132806/13022523/
ラーメン,日高屋 久米川南口店,"営業時間
11:00～22:30",東京都東村山市栄町2-9-32 晃正ビル101号室,https://tabelog.com/tokyo/A1328/A132806/13225922/
ラーメン,福麺 二個一,,東京都東村山市恩多町3-28-3 金子屋ビル 1F,https://tabelog.com/tokyo/A1328/A132806/13277750/
ラーメン,一元ちゃん,"営業時間
11:30～15:00(L.O 14:30) 17:30～22:30(L.O 22:00) 
定休日
月曜日、日曜日",東京都東村山市本町2-3-20 蓮見ビル 1F,https://tabelog.com/tokyo/A1328/A132806/13247103/
ラーメン,らぁ麺しら山,"営業時間
[月・水・木・金・土・日]11:00〜14:0018:00～22:00
日曜営業
定休日
火曜日",東京都東村山市栄町1-22-14 斉藤ビル 1F,https://tabelog.com/tokyo/A1328/A132806/13285671/
ラーメン,らーめん　しょういん,,東京都東村山市栄町2-38-1,https://tabelog.com/tokyo/A1328/A132806/13163157/
ラーメン,麺匠和蔵,"営業時間
［月～土］11:00～15:0018:00～翌3:00［日］18:00～翌1:00
日曜営業
定休日
無休",東京都東村山市栄町2-18-9,https://tabelog.com/tokyo/A1328/A132806/13133110/
ラーメン,蒙古タンメン中本 秋津店,"営業時間
[月～土]11:00～22:00[日]11:00～21;00
日曜営業
定休日
1月1日",東京都東村山市秋津町5-7-8 　秋津駅南口店舗 １階,https://tabelog.com/tokyo/A1328/A132806/13140862/
ラーメン,麺屋 敬,"営業時間
［月～日］11:30～15:0017:00～22:00
日曜営業
定休日
無休",東京都東村山市萩山町2-2 1F,https://tabelog.com/tokyo/A1328/A132806/13263220/
ラーメン,中華そば 味六,,東京都東村山市本町1-4-5 サンポート久米川106,https://tabelog.com/tokyo/A1328/A132806/13215228/
ラーメン,高木のぶぅ,"営業時間
11：00～25：00
定休日
無休",東京都東村山市秋津町5-13-21,https://tabelog.com/tokyo/A1328/A132806/13211579/
ラーメン,横浜家系ラーメン 武蔵家 秋津店,,東京都東村山市秋津町5-13-57,https://tabelog.com/tokyo/A1328/A132806/13249424/
ラーメン,彩木,,東京都東村山市恩多町3-20-32 102,https://tabelog.com/tokyo/A1328/A132806/13169694/
ラーメン,らーめん いっ歩,,東京都東村山市萩山町1-27-23,https://tabelog.com/tokyo/A1328/A132804/13205089/
ラーメン,ハイデン.コッコFACTORYサマンサ・タマサ 師岡町店,"営業時間
11:00～15:00(L.O)17:00～20:00(L.O)
日曜営業
定休日
不定休",東京都青梅市師岡町3-22-4 アザレーア河辺 1F,https://tabelog.com/tokyo/A1330/A133003/13288693/
ラーメン,東峯園,,東京都青梅市御岳本町334-17,https://tabelog.com/tokyo/A1330/A133003/13061524/
ラーメン,はぐろや,"営業時間
11:00～20:00
定休日
日曜日",東京都青梅市新町4-29-1,https://tabelog.com/tokyo/A1330/A133002/13066211/
ラーメン,幸楽苑 青梅店,"営業時間
営業時間：11:00〜21:00
日曜営業",東京都青梅市野上町3丁目1番6号,https://tabelog.com/tokyo/A1330/A133003/13117570/
ラーメン,きくや,"営業時間
［火～金］11:30～14:30［土・日］11:00～15:00
日曜営業
定休日
月曜日",東京都青梅市今寺5-18-49,https://tabelog.com/tokyo/A1330/A133003/13142604/
ラーメン,味源　青梅店,,東京都青梅市今井3丁目7-3,https://tabelog.com/tokyo/A1330/A133002/13094533/
ラーメン,カインズキッチン 青梅インター店,"営業時間
9:00～20:00
日曜営業
定休日
無休",東京都青梅市新町6-9-4 カインズホーム青梅インター店内,https://tabelog.com/tokyo/A1330/A133002/13040062/
ラーメン,らーめん汐見軒,"営業時間
[火～日]7:00～14:00
日曜営業
定休日
月曜日",東京都青梅市河辺町6-3-3 メゾン河辺 1F,https://tabelog.com/tokyo/A1330/A133003/13285660/
ラーメン,大龍軒,"営業時間
11:00～21:00(L.O.20:30)
日曜営業
定休日
無休",東京都青梅市千ヶ瀬町4-313-2,https://tabelog.com/tokyo/A1330/A133003/13066215/
ラーメン,河辺大勝軒,"営業時間
11:00～15:45(L.O)
日曜営業
定休日
木曜日、第1日曜日",東京都青梅市師岡町3-19-8 102,https://tabelog.com/tokyo/A1330/A133003/13047742/
ラーメン,Ramen FeeL,"営業時間
11:00～15:00 [土・日・祝]11:00～16:00
日曜営業
定休日
水曜日",東京都青梅市梅郷4-695-1,https://tabelog.com/tokyo/A1330/A133003/13254631/
ラーメン,紀の家,"営業時間
11:00～20:30
日曜営業
定休日
月曜日",東京都青梅市河辺町4-11-4,https://tabelog.com/tokyo/A1330/A133003/13066203/
ラーメン,ラーメン登嶋家,"営業時間
11:00～15:00　16:30～20:00
日曜営業
定休日
火曜日",東京都青梅市住江町42-32,https://tabelog.com/tokyo/A1330/A133003/13127187/
ラーメン,手打ラーメン三玉家,"営業時間
11:00～20:00
日曜営業
定休日
水曜",東京都青梅市住江町54,https://tabelog.com/tokyo/A1330/A133003/13051063/
ラーメン,らあめん花月嵐 千ヶ瀬町店,"営業時間
[店内営業時間]11:00～23:00（ラストオーダー22:30）[テイクアウト販売時間]11:00～21:00[出前館受付時間]11:00～21:00[Uber Eats受付時間]11:00～21:00
日曜営業
定休日
なし",東京都青梅市千ヶ瀬町4-313-6,https://tabelog.com/tokyo/A1330/A133003/13055949/
ラーメン,めんや たも,"営業時間
11:30～14:00/17:00～20:00
日曜営業
定休日
水曜日",東京都青梅市師岡2-360-9,https://tabelog.com/tokyo/A1330/A133003/13098606/
ラーメン,ハイデン.コッコFACTORY サマンサ・タマサ 青梅店,"営業時間
１週間通して…5:00~15:00
日曜営業
定休日
１週間に一度ほどその日の営業時間の変更、臨時休業がある時があります。Twitter、Instagramで事前に検索可能です。",東京都青梅市野上町4-9-28 グリーンハイム 1F,https://tabelog.com/tokyo/A1330/A133003/13131924/
ラーメン,手もみらあめん十八番,"営業時間
[火～土]11:00～19:00[日・祝]11:00～19:00
日曜営業
定休日
月曜(祝日の際は営業し、火曜休み)、第三火曜(祝日の際は営業)",東京都青梅市千ヶ瀬町3-471-4,https://tabelog.com/tokyo/A1330/A133003/13045363/
ラーメン,らーめん大八,"営業時間
11:30～14:3018:00～20:00最近営業時間・定休日が流動的です（2013/09/21）お出かけ前に要チェック！
日曜営業
定休日
（基本的には）毎週月曜日、第四火曜日",東京都青梅市千ケ瀬町4-351,https://tabelog.com/tokyo/A1330/A133003/13091127/
ラーメン,つけそば屋 麺楽,"営業時間
通常営業時↓[火～金]11:30～14:30、17:00～20:00[土・日・祝]11:30～17:002021年4月現在、通常営業中。店主
日曜営業
定休日
月曜日　第一火曜日",東京都青梅市野上町2-3-8,https://tabelog.com/tokyo/A1330/A133003/13010348/
ラーメン,らーめん いつ樹 本店,"営業時間
11:00～15:00 17:00～21:30
日曜営業
定休日
無休",東京都青梅市新町9-2211,https://tabelog.com/tokyo/A1330/A133002/13211832/
ラーメン,北海道らーめん味源 河辺店,"営業時間
［月・火・木・金］11:00～15:00　17:30～22:00［土・日・祝］11:00～20:30
定休日
水曜日",東京都青梅市河辺町5-25-18,https://tabelog.com/tokyo/A1330/A133003/13129283/
ラーメン,梅浜亭,"営業時間
[火～土]11:00～17:00 に変わりました。
定休日
月曜日、日曜日",東京都青梅市河辺町6-12-8,https://tabelog.com/tokyo/A1330/A133003/13051020/
ラーメン,多摩利屋,,東京都青梅市長淵7-383-1,https://tabelog.com/tokyo/A1330/A133003/13066217/
ラーメン,天山,,東京都青梅市今寺5-9-2,https://tabelog.com/tokyo/A1330/A133003/13240879/
ラーメン,丸源ラーメン 青梅店,"営業時間
10:30～24:00(L.O.23:40)",東京都青梅市東青梅3-24-11,https://tabelog.com/tokyo/A1330/A133003/13288439/
ラーメン,麺処,,東京都青梅市新町6-16-15 ベイシア青梅インター店 1F,https://tabelog.com/tokyo/A1330/A133002/13202363/
ラーメン,中華そば まるあ,"営業時間
11:00～14:0017:00～20:00
日曜営業
定休日
月曜日、火曜日",東京都小平市たかの台35-2,https://tabelog.com/tokyo/A1328/A132804/13244537/
ラーメン,麺屋じゃいあん 花小金井店,"営業時間
11:00～22：00
日曜営業
定休日
不定休",東京都小平市花小金井1-1-10 k&kビル 1F,https://tabelog.com/tokyo/A1328/A132804/13224969/
ラーメン,横濱家 小平店,"営業時間
11:00～22:00（L.O. 21:45）
日曜営業
定休日
年中無休",東京都小平市鈴木町1-461-1,https://tabelog.com/tokyo/A1328/A132804/13019621/
ラーメン,麺酒場 なすび,"営業時間
11:30～14:30 18:30～24:00
日曜営業
定休日
月曜日
第四日曜日",東京都小平市花小金井4-39-9,https://tabelog.com/tokyo/A1328/A132804/13010163/
ラーメン,十七代目 哲麺  小平店,"営業時間
月、水〜土10:00～24:00(L.O.23:45)
日曜営業
定休日
火曜日
(年末年始休み)",東京都小平市仲町422,https://tabelog.com/tokyo/A1328/A132804/13112679/
ラーメン,東京豚骨  龍樹,"営業時間
9:00～22:00
日曜営業
定休日
水曜日",東京都小平市小川町2-1914,https://tabelog.com/tokyo/A1328/A132804/13275210/
ラーメン,ぎょうざの満洲 小平南口店,"営業時間
11：00～21：00（L.O20：30）
日曜営業
定休日
1/1・1/2",東京都小平市美園町1-12-9,https://tabelog.com/tokyo/A1328/A132804/13136347/
ラーメン,たかのちゅめ,"営業時間
[月・火・木・金・土・日・祝]11:00～14:30(L.O.14:20)18:00～21:00(L.O.20:50)
日曜営業
定休日
水曜日",東京都小平市花小金井1-6-32 共立ビル 1F,https://tabelog.com/tokyo/A1328/A132804/13279819/
ラーメン,たくみ,,東京都小平市学園西町1-20-5,https://tabelog.com/tokyo/A1328/A132804/13168797/
ラーメン,大勝軒 一ツ橋,,東京都小平市学園西町1-20-7,https://tabelog.com/tokyo/A1328/A132804/13010071/
ラーメン,麺や あすみ,"営業時間
[月・水・土・日]11:00～14:3017:00～20:00[木・金]11:00～14:3017:00～20:45
日曜営業
定休日
火曜日",東京都小平市学園東町1-13-8,https://tabelog.com/tokyo/A1328/A132804/13284782/
ラーメン,麺屋 水車,"営業時間
[月・水～日]11:00～14:0017:00～20:30(L.O.20:00)
日曜営業
定休日
火曜日",東京都小平市たかの台11-7,https://tabelog.com/tokyo/A1328/A132804/13270770/
ラーメン,来来亭 小平仲町店,"営業時間
11:00～24:00
日曜営業
定休日
年中無休",東京都小平市仲町269-2,https://tabelog.com/tokyo/A1328/A132804/13157231/
ラーメン,くま麺食堂,"営業時間
月～金　11時～15時　17時～23時　　　土　11時～23時　　日　11時～22時
日曜営業
定休日
年中無休（12月31日～1月3日は休業）",東京都小平市学園東町436-1,https://tabelog.com/tokyo/A1328/A132804/13286787/
ラーメン,丸源ラーメン 小平店,"営業時間
月〜日10:30〜24:00
日曜営業
定休日
なし",東京都小平市上水本町2丁目8-3,https://tabelog.com/tokyo/A1328/A132804/13076152/
ラーメン,中華そば 紅,"営業時間
［火～土］11:30～14:0017:00～22:00(L.O.21:30)［日・祝］11:30～15:3016:30～20:00(L.O.19:30)
日曜営業
定休日
月曜日、年末年始",東京都小平市小川西町4-17-15,https://tabelog.com/tokyo/A1328/A132804/13224429/
ラーメン,煮干し支那そば 正,"営業時間
【昼】11:00〜14:30【夜】17:00〜22:00※なくなり次第終了※
日曜営業
定休日
月曜日",東京都小平市小川町1-397-23,https://tabelog.com/tokyo/A1328/A132805/13241554/
ラーメン,拉麺 柿家,,東京都小平市小川西町4-13-14 1F,https://tabelog.com/tokyo/A1328/A132804/13199965/
ラーメン,麺や　まるしょう,,東京都小平市花小金井1-18-11,https://tabelog.com/tokyo/A1328/A132804/13133582/
ラーメン,麺屋 どらいち,,東京都小平市小川西町4-23-5,https://tabelog.com/tokyo/A1328/A132804/13049964/
ラーメン,横浜家系ラーメン 大幸家 小平店,"営業時間
[月～土・祝前日・連休初中日]11:00～26:00(L.O.25:30) [日・祝・連休最終日]11:00～25:30(L.O.25:00)
日曜営業
定休日
無休",東京都小平市美園町1-3-10 1F,https://tabelog.com/tokyo/A1328/A132804/13248224/
ラーメン,九州ラーメン いし,"営業時間
11:30～14:00 17:00～23:00
日曜営業
定休日
月曜日",東京都小平市小川西町3-18-10,https://tabelog.com/tokyo/A1328/A132804/13021293/
ラーメン,なにや,"営業時間
11:30～14:30
日曜営業
定休日
月曜日",東京都小平市学園西町1-26-25,https://tabelog.com/tokyo/A1328/A132804/13016113/
ラーメン,北海道らーめん 味源 小平店,"営業時間
[月～土]11:30～翌2:00[日・祭日]11:30～翌1:00
日曜営業
定休日
木曜日夜",東京都小平市中島町28-10,https://tabelog.com/tokyo/A1328/A132804/13108703/
ラーメン,にんにくや,"営業時間
18:30～翌1:00
定休日
日曜日、祝日",東京都小平市学園東町436-1,https://tabelog.com/tokyo/A1328/A132804/13024868/
ラーメン,一心房,"営業時間
[月]11:30～14:30[水～日]11:30～14:3017:00～
日曜営業",東京都小平市学園西町1-20-21 サングレイス 1F,https://tabelog.com/tokyo/A1328/A132804/13220378/
ラーメン,ラーメン二郎 一橋学園店,"営業時間
[月・火・水・金]11:00～14:0017:30～20:30[土]11:00～15:0017:30～20:30[日]11:00～16:00
日曜営業
定休日
木曜日",東京都小平市学園西町2-13-4,https://tabelog.com/tokyo/A1328/A132804/13274195/
ラーメン,ラーメン ジャンボ餃子 天神,"営業時間
11:00～24:00(L.O.23:30)
日曜営業
定休日
無休",東京都小平市天神町4-8-3,https://tabelog.com/tokyo/A1328/A132804/13016120/
ラーメン,中華そば と,,東京都小平市学園西町2-13-20,https://tabelog.com/tokyo/A1328/A132804/13273524/
ラーメン,鶏そばムタヒロ 花小金井店,"営業時間
[火～日]11:30～15:00
日曜営業
定休日
月曜日",東京都小平市花小金井南町1-22-1,https://tabelog.com/tokyo/A1328/A132804/13242044/
ラーメン,日高屋 一橋学園北口店,"営業時間
［月～土］10:00～翌1:00（L.O.翌0:30）［日・祝］10:00～23:00（L.O.22:30）
日曜営業
定休日
無休",東京都小平市学園西町2-13-36,https://tabelog.com/tokyo/A1328/A132804/13275028/
ラーメン,キッチンカー・ラーメンカー 廻,"営業時間
11:30～14:00
定休日
不定期(月2日程の出店)",東京都小平市花小金井南町1-3-11,https://tabelog.com/tokyo/A1328/A132804/13269736/
ラーメン,自家製麺 まる太,"営業時間
11:00～15:00(L.O.14:30)17:00～21:00(L.O20:00)
定休日
日曜日",東京都小金井市貫井北町3-31-15,https://tabelog.com/tokyo/A1325/A132501/13285090/
ラーメン,がんま,"営業時間
2022年4/25時点月曜日〜金曜日［昼］11:30～14:30［夜］17:30～21:30l.o土曜日　[昼]11:30〜15:00l.o 
定休日
日曜日",東京都小金井市梶野町5-6-12,https://tabelog.com/tokyo/A1325/A132501/13140095/
ラーメン,風風ラーメン 武蔵小金井店,"営業時間
11：00～翌4：30（L.O.）
日曜営業
定休日
年中無休",東京都小金井市本町5-12-14 森ビル 1F,https://tabelog.com/tokyo/A1325/A132501/13103383/
ラーメン,らーめん にんにくや 小金井店,"営業時間
18:00～翌1:00
日曜営業
定休日
月曜日、隔週火曜日",東京都小金井市東町4-34-5,https://tabelog.com/tokyo/A1325/A132501/13021075/
ラーメン,中華そば 春秋庵,"営業時間
[月・水・木・金・土]11:00～14:3018:30～22:00[火]11:00～14:30
日曜営業
定休日
日曜日",東京都小金井市貫井南町2-7-10,https://tabelog.com/tokyo/A1325/A132501/13187789/
ラーメン,平右衛門,"営業時間
11:00～14:45 18:00～21:45
日曜営業
定休日
木曜日",東京都小金井市東町4-43-12,https://tabelog.com/tokyo/A1325/A132501/13137685/
ラーメン,らーめん 関口,"営業時間
[月〜金]11:30～14:3018:00～21:30[土]06:00～14:3018:00～21:30[日]06:00～14:30
日曜営業
定休日
不定休",東京都小金井市東町4-43-5,https://tabelog.com/tokyo/A1325/A132501/13285345/
ラーメン,中華そば 一清,"営業時間
※緊急事態宣言中は20:00までの営業[月・火・金・土・日]11:00～15:00 18:00～21:00(ラストオーダー20:00)[水]11:00～15:00
日曜営業
定休日
木曜日",東京都小金井市前原町3-40-23,https://tabelog.com/tokyo/A1325/A132501/13260333/
ラーメン,中華蕎麦 麺ノ歌,"営業時間
11:00～15:0018:00～20:30
定休日
不定休 公式twitter確認",東京都小金井市本町2-20-4,https://tabelog.com/tokyo/A1325/A132501/13279118/
ラーメン,くじら食堂 nonowa 東小金井店,"営業時間
[月～金]10:00～24:00[土・日・祝]8:00～24:00
日曜営業
定休日
無休",東京都小金井市梶野町5-1-1 nonowa東小金井,https://tabelog.com/tokyo/A1325/A132501/13226407/
ラーメン,九州らーめん Ku,,東京都小金井市本町5-19-1,https://tabelog.com/tokyo/A1325/A132501/13024377/
ラーメン,幸楽苑 東小金井店,"営業時間
8:00～21:00（L.O.20:45）
日曜営業
定休日
無休",東京都小金井市梶野町1-6-22,https://tabelog.com/tokyo/A1325/A132501/13094162/
ラーメン,宝来軒,,東京都小金井市緑町1-1-17,https://tabelog.com/tokyo/A1325/A132501/13066299/
ラーメン,横浜家系ラーメン 晴天家 武蔵小金井店,"営業時間
11:00～翌1:00
日曜営業
定休日
無休",東京都小金井市本町5-11-10 ユザワビル 1F,https://tabelog.com/tokyo/A1325/A132501/13270689/
ラーメン,武蔵家 東小金井店,,東京都小金井市東町4-43-6 レオネクスト東小金井 1F,https://tabelog.com/tokyo/A1325/A132501/13178690/
ラーメン,らぁ麺 玉椿,,東京都小金井市東町4-38-26 トーケンプラザビル 1F,https://tabelog.com/tokyo/A1325/A132501/13268540/
ラーメン,日高屋 武蔵小金井南口店,"営業時間
全日/11：00～翌3：30（L.O.）
日曜営業
定休日
無休",東京都小金井市本町6-14 O.Sビル 1F,https://tabelog.com/tokyo/A1325/A132501/13121161/
ラーメン,◯つばき食堂,"営業時間
6:00～21:00",東京都小金井市貫井北町3-33-10,https://tabelog.com/tokyo/A1325/A132501/13018467/
ラーメン,ラーメン 他力也,"営業時間
［月～金］11:30～14:3018:00～21:00［土］11:30～14:30
定休日
日曜日(祝日不定休)",東京都小金井市梶野町5-5-7,https://tabelog.com/tokyo/A1325/A132501/13209147/
ラーメン,江川亭 小金井本店,"営業時間
11:00～22:00(ﾗｽﾄｵｰﾀﾞｰ閉店30分前)※臨時休や営業時間変更の場合は、HPのお知らせに掲載いたします。
日曜営業
定休日
月曜日（祝日は営業、翌日代休）",東京都小金井市前原町5-9-11,https://tabelog.com/tokyo/A1325/A132501/13005961/
ラーメン,麺 鶴亀屋,"営業時間
［平日、土曜・日曜・祝日]　11：00～翌２：００（1：30ラストオーダー）
日曜営業
定休日
年中無休",東京都小金井市本町5-13-6,https://tabelog.com/tokyo/A1325/A132501/13024413/
ラーメン,ななふく,,東京都小金井市本町5-15-9 栄ハイツエクシード 1F,https://tabelog.com/tokyo/A1325/A132501/13140902/
ラーメン,龍王,"営業時間
[月・水～土]11:30～15:0018:00～24:00[日・祝]11:30～15:0018:00～23:00
日曜営業
定休日
火曜日",東京都小金井市貫井北町3-17-33,https://tabelog.com/tokyo/A1325/A132501/13099974/
ラーメン,味噌蔵らーめん まるしゅう,"営業時間
11:00～14:00（L.O.13:45）18:00～20:00（L.O.19:45）
日曜営業
定休日
水曜日（祝日は、営業、翌営業日休み）",東京都小金井市貫井北町2-17-8,https://tabelog.com/tokyo/A1325/A132501/13089661/
ラーメン,燕三条 豊潤亭,"営業時間
[平日・土日祝]10:00～23:00（L.O）※10:00から営業‼︎※材料なくなり次第早じまいあります。
日曜営業
定休日
無し、毎日営業！",東京都小金井市本町2-6-10 シティライブ武蔵小金井 1F,https://tabelog.com/tokyo/A1325/A132501/13201538/
ラーメン,えんふく家,"営業時間
10:00～19:00",東京都小金井市前原町5-9-4,https://tabelog.com/tokyo/A1325/A132501/13278394/
ラーメン,小金井大勝軒,"営業時間
【全日】11:00～21:00
日曜営業
定休日
無休",東京都小金井市貫井南町2-16-12,https://tabelog.com/tokyo/A1325/A132501/13016153/
ラーメン,丸豆,,東京都三鷹市新川4-24-10,https://tabelog.com/tokyo/A1318/A131806/13163252/
ラーメン,らあめん花月嵐 三鷹駅南口店,"営業時間
月〜木、土曜日11:00-24:00(ラストオーダー23:45)金、祝前日11:00-25:00(ラストオーダー24:45)日、祝日11:00-23:00(ラストオーダー22:45)
日曜営業
定休日
なし",東京都三鷹市下連雀3-27-9,https://tabelog.com/tokyo/A1320/A132002/13102059/
ラーメン,鶏こく中華 すず喜,"営業時間
[火～日]11:00～15:00(売り切れ次第終了)
日曜営業
定休日
月曜日",東京都三鷹市下連雀3-28-21 公団三鷹駅前第2アパートB 1,https://tabelog.com/tokyo/A1320/A132002/13215409/
ラーメン,ラーメン魁力屋 三鷹大沢店,"営業時間
11:00〜23:00
日曜営業
定休日
無休",東京都三鷹市大沢5-2-25 1F,https://tabelog.com/tokyo/A1326/A132601/13196790/
ラーメン,麹らぁめん 田祭木,"営業時間
11:00〜14:０01７：３０〜2１:00
日曜営業
定休日
日曜夜",東京都三鷹市井の頭2-7-1,https://tabelog.com/tokyo/A1318/A131806/13264181/
ラーメン,らーめん せい家 三鷹店,"営業時間
11:00～翌2:30
日曜営業
定休日
無休",東京都三鷹市下連雀3-33-3 1F,https://tabelog.com/tokyo/A1320/A132002/13165950/
ラーメン,中華そば 向日葵,"営業時間
11:00～14:30 18:00～21:00
日曜営業
定休日
無休",東京都三鷹市下連雀1-4-19,https://tabelog.com/tokyo/A1320/A132001/13195382/
ラーメン,つけめんTETSU 三鷹店,"営業時間
［月～金］ 11:00～23:00［土・日・祝］ 11:00～23:00
日曜営業
定休日
年中無休",東京都三鷹市下連雀3-46-1 アトレヴィ三鷹 改札外 1F,https://tabelog.com/tokyo/A1320/A132002/13124489/
ラーメン,新精亭,,東京都三鷹市新川6-34-13,https://tabelog.com/tokyo/A1318/A131806/13177467/
ラーメン,中華ゴング,"営業時間
[月～金]11:30～14:3017:00～21:00　
定休日
土曜・日曜・祝日",東京都三鷹市野崎2-19-8 ヴィクトアール吉野　１Ｆ,https://tabelog.com/tokyo/A1320/A132003/13121250/
ラーメン,中華そば みたか,"営業時間
年末年始、2019年12月30日～2020年1月6日休業です。11:00～14:0017:00～20:30定休日 毎週月曜日、第１.３日曜日
日曜営業
定休日
毎週月曜日と第１・第３日曜日",東京都三鷹市下連雀3-27-9 ニューエミネンス B1F,https://tabelog.com/tokyo/A1320/A132002/13109995/
ラーメン,豚骨ラーメン力！,,東京都三鷹市下連雀9-5-1 泰成マンション 1F,https://tabelog.com/tokyo/A1320/A132002/13226961/
ラーメン,ぐうたら,"営業時間
[日～土]11:30～23:00
日曜営業
定休日
無休",東京都三鷹市大沢3-3-6,https://tabelog.com/tokyo/A1320/A132002/13015959/
ラーメン,ちくせん,"営業時間
11:30～14:30(L.O.14:15)
日曜営業
定休日
水曜日",東京都三鷹市下連雀3-29-9,https://tabelog.com/tokyo/A1320/A132002/13066194/
ラーメン,麺屋YAMATO,"営業時間
11:30～14:3018:00～20:00
日曜営業
定休日
無休",東京都三鷹市井の頭2-15-8,https://tabelog.com/tokyo/A1318/A131806/13254183/
ラーメン,ワンタンメンの満月 三鷹店,"営業時間
11:30～19:30(L.O.)
日曜営業
定休日
木曜日",東京都三鷹市下連雀4-16-15 東洋三鷹コーポ 104,https://tabelog.com/tokyo/A1320/A132002/13244131/
ラーメン,たきたろう,"営業時間
[火～金]11:00～15:00  （ LO）[土・日］11:00～20:00  通し営業
日曜営業
定休日
月曜 （ 祝日の場合は営業予定 ）",東京都三鷹市下連雀4-16-47 第２城山ハイツ　１Ｆ,https://tabelog.com/tokyo/A1320/A132002/13005867/
ラーメン,麺処 八蔵,"営業時間
１１：３０～スープがなくなるまで。
日曜営業
定休日
月曜日",東京都三鷹市野崎2-8-1 クラウンビル　１Ｆ,https://tabelog.com/tokyo/A1320/A132003/13115249/
ラーメン,元祖スタミナ満点らーめん すず鬼,"営業時間
[月～土]18:00～翌1:00",東京都三鷹市下連雀3-28-21 公団三鷹駅前第2アパート B1F,https://tabelog.com/tokyo/A1320/A132002/13241092/
ラーメン,熊本ラーメン ひごもんず 三鷹店,"営業時間
10:00～翌1:00(L.O.翌0:45)
日曜営業
定休日
無休",東京都三鷹市下連雀3-26-9 サンシロービル 1F,https://tabelog.com/tokyo/A1320/A132002/13224098/
ラーメン,おやつの店 小さいみかんの木,"営業時間

日曜営業
定休日
木曜日",東京都三鷹市下連雀4-8-38,https://tabelog.com/tokyo/A1320/A132002/13110273/
ラーメン,町田商店 三鷹店,"営業時間
営業時間・休業日は変更となる場合がございますので、HPにて最新情報をご確認ください
日曜営業
定休日
無休",東京都三鷹市野崎4-7-6,https://tabelog.com/tokyo/A1320/A132002/13244054/
ラーメン,井の頭ナムチャイ,,東京都三鷹市井の頭2-15-8,https://tabelog.com/tokyo/A1318/A131806/13051471/
ラーメン,らーめん 文蔵,"営業時間
［月・火・水・木・金］11:00～14:30［土］10:40～14:30
定休日
日曜日・祝日",東京都三鷹市下連雀3-22-6,https://tabelog.com/tokyo/A1320/A132002/13022196/
ラーメン,武蔵家 三鷹店,"営業時間
10:00～22:00 
日曜営業
定休日
火曜日",東京都三鷹市大沢3-3-6,https://tabelog.com/tokyo/A1320/A132002/13022327/
ラーメン,肉めん 肉めし すず気,"営業時間
[火～金]朝7:00～9:00
定休日
土曜日・日曜日・月曜日",東京都三鷹市下連雀3-28-21 公団三鷹駅前第2アパート B1F,https://tabelog.com/tokyo/A1320/A132002/13291933/
ラーメン,ラーメン　三ちゃん,,東京都三鷹市下連雀6-17-33,https://tabelog.com/tokyo/A1320/A132001/13059751/
ラーメン,RAMEN 小田川,"営業時間
11:30～14:3017:30～22:00
日曜営業
定休日
月曜日(月曜日が祝日の場合は翌日休み)",東京都三鷹市井の頭2-7-6 1F,https://tabelog.com/tokyo/A1318/A131806/13290089/
ラーメン,楽,,東京都三鷹市新川5-10-3,https://tabelog.com/tokyo/A1326/A132601/13066197/
