,genre,store_name,business_hours,address,url
0,カフェ,バー＆ラウンジ  トゥエンティエイト コンラッド東京,"営業時間
ティータイム：10:30～17:00※お食事のご提供は11:30から承りますアフタヌーンティー：11:00～16:30　バータイム：17:00～24:00（L.O. 23:30）※お食事のラストオーダーは22:00
日曜営業
定休日
無休",東京都港区東新橋1-9-1 コンラッド　東京 28F,https://tabelog.com/tokyo/A1301/A130103/13020228/
1,カフェ,Cafeteria S 表参道,"営業時間
◆ランチ平日11:00〜17:00　ランチ土日祝日11:00〜15:00月、水〜土曜日 11:00～23:00(L.O.22:00)日曜日・祝日 11:00〜21:00(L.O.20:00)※貸切営業やイベント期間、また店舗の事情により告知なく営業時間を変更する場合がございます。※年末年始は休業や営業時間変更あり。
日曜営業
定休日
火曜日",東京都港区北青山3-5-40 PRYME CUBE 表参道 1F,https://tabelog.com/tokyo/A1306/A130602/13259941/
2,カフェ,ル・パン・コティディアン 東京ミッドタウン店,"営業時間
[営業時間変更のお知らせ]平素より当店をご利用いただきありがとうございます。9/20より当面の間、下記営業時間に変更させていただきます。8：00～21：00（FoodL.O.20：00DrinkL.O.20：30）
日曜営業
定休日
不定休(東京ミッドタウンに準ずる)",東京都港区赤坂9-7-3 ミッドタウン･ウエスト プラザ 1F,https://tabelog.com/tokyo/A1307/A130701/13209416/
3,カフェ,ル・パン・コティディアン 芝公園店,"営業時間
7:30～21:00 (20:00 L.O.)
日曜営業
定休日
年中無休",東京都港区芝公園3-3-1,https://tabelog.com/tokyo/A1314/A131401/13120999/
4,カフェ,THE CORE KITCHEN/SPACE,"営業時間
11:00～23:00LUNCH: 11:00～15:00TEA TIME: 15:00～17:00DINNER: 17:00～23:00
日曜営業
定休日
不定休",東京都港区新橋4-1-1 新虎通りCORE 1F,https://tabelog.com/tokyo/A1301/A130103/13225982/
5,カフェ,Fuji 六本木店,"営業時間
【モーニング】 7:00～10:30【ランチタイム】 11:30～15:00【ディナータイム】 17:00～22:00(L.O.21:00)
日曜営業
定休日
モーニング：定休日なし　ランチ/カフェタイム：第2・第4土曜日・日曜日　ディナータイム：土日祝",東京都港区六本木2-3-9 アパシックスA棟 1F,https://tabelog.com/tokyo/A1307/A130701/13287389/
6,カフェ,Wande Shiba,"営業時間
[朝]　7:00～10:30 (最終入店10:00)[昼]　11:30～15:00 (L.O14:00）[夕]　17:00～22:00 (L.O21:00)※平日のみ14:00～17:00(L.O16:30)の時間滞カフェタイムを営業しております。
日曜営業
定休日
無し",東京都港区芝公園1-6-6,https://tabelog.com/tokyo/A1314/A131401/13269012/
7,カフェ,アロハテーブル 赤坂,"営業時間
[月～木]11:30～15:00・17:00～22:00[金]11:30～15:00・17:00～23:0012/29(水)～1/8(月) 休業
定休日
土曜・日曜・祝日 (貸切の場合は定休日でも営業可能。お気軽にお問い合わせください。)",東京都港区赤坂1-7-1 赤坂榎坂森ビル 1F,https://tabelog.com/tokyo/A1308/A130802/13090964/
8,カフェ,バズカフェ バイ アネラ,"営業時間
【月〜土】　11:30～22:00　（L.O21:30）【日・祝】　11:30〜19:00　（L.O18:00）
日曜営業
定休日
不定休",東京都港区赤坂2-13-20 Tsumugiビル 1F,https://tabelog.com/tokyo/A1308/A130801/13269136/
9,カフェ,クリントン・ストリート・ベイキング・カンパニー 南青山店,"営業時間
[月～金]9:00～18:00(L.O.17:00)[土・日・祝]9:00~18:00(L.O.17:00)年末年始営業時間12月31日　休業１月１日　 休業１月２日から通常営業となります。
日曜営業
定休日
不定休","東京都港区南青山5-17-1 YHT南青山ビル 1,2F",https://tabelog.com/tokyo/A1306/A130602/13159456/
10,カフェ,カフェラウンジ コロン,"営業時間
◆月～金：11:30-22:00（料理L.O. 21:00 ドリンクL.O. 21:00）◆土・祝日：11:00-18:00（料理L.O. 17:00 ドリンクL.O. 17:00）日・要相談(貸切のご相談等承ります、店舗までお問い合わせくださいませ)
定休日
不定休（お休みの日は看板等でお知らせ致します。）※貸切の場合は応相談。",東京都港区芝浦2-16-8 3F,https://tabelog.com/tokyo/A1314/A131402/13193250/
11,カフェ,ホワイトステラ,"営業時間
11：00～20:00（19：30LO）
日曜営業
定休日
月曜日",東京都港区西麻布3-1-14,https://tabelog.com/tokyo/A1307/A130701/13261124/
12,カフェ,Cafe WASUGAZEN 愛宕グリーンヒルズ店,"営業時間
日頃より当店をご利用いただきまして誠にありがとうございます。夜営業を再開いたしました。Lunch 11:00 ～15:00(L.O.14:30)Cafe/Dinner 15:00～21:00(L.O.20:00)皆さまのご来店心よりお待ちしております。
定休日
土・日・祝",東京都港区愛宕2-5-1 愛宕グリーンヒルズMORIタワー 3F,https://tabelog.com/tokyo/A1307/A130704/13252981/
13,カフェ,ナナティーアンドツツミ,"営業時間
[月～日]11:00～19:00(L.O 18:30)
日曜営業
定休日
無休",東京都港区北青山3-15-5 ポルトフィーノビル 1F,https://tabelog.com/tokyo/A1306/A130602/13240838/
14,カフェ,茶彩 絲,"営業時間
11:30～21:00（L.O.20:00）ランチ11:30～15:00（L.O.15:00）カフェ14:00～17:00（L.O.17:00）ディナー17:00~21:00（L.O.20:00）※ディナーは、一日一組限定となっております。また、前日までのご予約をお電話にてお願いいたします。
定休日
土曜日、日曜日、祝日",東京都港区六本木3-6-1 丹波谷六彩居ビルディング 1F,https://tabelog.com/tokyo/A1307/A130701/13206836/
15,カフェ,HAUTE COUTURE CAFE OMOTESANDO,"営業時間
11:00～20:30(L.O 20:00)▼４部制でご案内しております。11:00～13:0013:30～15:3016:00～18:0018:30～20:30
日曜営業
定休日
無",東京都港区北青山3-9-19 2F,https://tabelog.com/tokyo/A1306/A130602/13285588/
16,カフェ,OVAL CAFE,"営業時間
平日 8:00-23:00土日祝 8:00–22:00モーニング: 8:00-11:00ランチ: 11:00-15:00ティータイム: 15:00-17:00ディナー: 17:00-LAST
日曜営業
定休日
虎ノ門ヒルズの休館日に準ずる",東京都港区虎ノ門1-23-3 虎ノ門ヒルズ森タワー 2F,https://tabelog.com/tokyo/A1308/A130802/13168768/
17,カフェ,CAFE POKKE,"営業時間
[月～土・祝]11:00～24:00[日]11:00～19:00
日曜営業
定休日
年末年始",東京都港区六本木3-3-17 ソレアード六本木 B1F,https://tabelog.com/tokyo/A1307/A130701/13288759/
18,カフェ,TOKYO CIRCUS CAFE,"営業時間
[月～金]11:00～22:00(L.O.21:30)[土・日]11:00～22:00(L.O.21:30)
日曜営業
定休日
年中無休",東京都港区芝4-12-3 Ｓ４Ｓ　ＢＬＤＧ,https://tabelog.com/tokyo/A1314/A131402/13024559/
19,カフェ,bills お台場,"営業時間
月-金: 9:00 – 22:00土日祝: 8:00 – 22:00(L.O. FOOD 21:00 / DRINK 21:30)
日曜営業
定休日
不定休",東京都港区台場1-6-1 デックス東京ビーチ シーサイドモール 3F,https://tabelog.com/tokyo/A1313/A131306/13128948/
20,カフェ,橋の下,"営業時間
【月～金，祝前】08:00～23:00ディナータイムは18時から
定休日
土曜日、日曜日",東京都港区赤坂3-7-15 パラダイスⅡ,https://tabelog.com/tokyo/A1308/A130801/13037963/
21,カフェ,夕陽ヶ丘食堂,"営業時間
【月〜土】7:00-21:00（L.O.20:00）【日・祝】7:00‐10:00（L.O.09:30）（パンの販売無し）
日曜営業
定休日
なし（日曜・祝日はモーニングのみ）",東京都港区浜松町2-7-3,https://tabelog.com/tokyo/A1314/A131401/13272531/
22,カフェ,スラッシュカフェ,"営業時間
【月～金曜日】OPEN11:00‐19:00 （L.O.18:00）【土・日・祝日】OPEN9:00‐21:00（L.O.20:00）
日曜営業
定休日
不定休日あり",東京都港区白金台1-1-1 八芳園本館　１Ｆ,https://tabelog.com/tokyo/A1316/A131602/13013203/
23,カフェ,サラベス 品川店,"営業時間
営業時間 ：平日 土：9:30～22:30 日祝：9:30～22:00ラストオーダー平日　土：21:30日祝:21:00
定休日
施設の営業日に準じます。",東京都港区港南2-18-1 アトレ品川 4F,https://tabelog.com/tokyo/A1314/A131403/13169478/
24,カフェ,TOKYO NODE CAFE,"営業時間
11:00～17:00(L.O.17:00)17:00～23:00(L.O.22:00)
日曜営業
定休日
2024年1月1～2日",東京都港区虎ノ門2-6-1 虎ノ門ヒルズステーションタワー 8F,https://tabelog.com/tokyo/A1308/A130802/13289953/
25,カフェ,スパイラルカフェ,"営業時間
11:00～23:00(22:00 FOOD L.O / 22:30 DRINK L.O)ランチ　 11:00-15:00L.O.ティー 　11:00-23:00ディナー 18:00-23:00※現在、営業時間を11:00-21:00までとさせていただいております。※催事・イベントにより営業時間を変更する場合がございます。随時更新いたします。事前にお問い合わせください。
日曜営業
定休日
無休（施設の休館日に準ずる）",東京都港区南青山5-6-23 スパイラル 1F,https://tabelog.com/tokyo/A1306/A130602/13002099/
26,カフェ,GALLERY MERROW CAFE,"営業時間
［水〜月］9:00-18:00 （close 11:00-12:00）(L.O 17:30）
定休日
火曜日",東京都港区西麻布3-24-23 CUBE西麻布 1F,https://tabelog.com/tokyo/A1307/A130701/13282515/
27,カフェ,PARK6 Powered by bondolfi boncaffē,"営業時間
[平日]  10：00～21：00（L.O　20：30）[土日祝]  11：00～19：00（L.O　18：30）
日曜営業
定休日
【営業再開のお知らせ】東京都の要請に従いながら営業を再開しております。正確な営業時間につきましてはお電話にてお問合せください。ご理解のほどよろしくお願い申し上げます。",東京都港区六本木6-10-1 森タワー 6F,https://tabelog.com/tokyo/A1307/A130701/13215589/
28,カフェ,ブルー・ブリック・ラウンジ,"営業時間
10:00～19:00 （L.O. 18:30）
日曜営業
定休日
年末年始のみ定休日あり",東京都港区南青山5-3-3 ヨックモック青山本店,https://tabelog.com/tokyo/A1306/A130602/13004798/
29,カフェ,INTERSECT BY LEXUS,"営業時間
【9:00～23:00】CAFÉ SHOP & GARAGE : 9:00～23:00(L.O 22:00)LUNCH: 11:00-17:00 (L.O 16:30) DINNER: 17:30-23:00 (FOOD L.O 22:00/DRINK L.O 22:30)
日曜営業
定休日
不定休",東京都港区南青山4-21-26 Ruelle青山,https://tabelog.com/tokyo/A1306/A130602/13159774/
30,カフェ,AW55 アトレ品川店,"営業時間
●ランチ（90分制） 11:00～L.O.14:30 ●カフェタイム　15:00～17:00　※パスタあり●ディナー（120分制）17:00～23:00（L.O.22:15）※日・祝は22:00まで（L.O.21:15）【年末年始の営業について】12月31日（日）19:00 閉店1月1日（月）休業 1月2日（火）休業 1月3日（水）22:00 閉店
日曜営業
定休日
不定休　年明け1月1日～2日はビルの休館日に準じて休業しております2月・8月の第三月曜日はビルの定期点検の為、休業しています祝日の営業時間は変動があるので、お店に直接電話でお問い合わせください",東京都港区港南2-18-1 アトレ品川 4F,https://tabelog.com/tokyo/A1314/A131403/13170560/
31,カフェ,A to Z cafe,"営業時間
月～木 　11:30～15:00/15:00～22:00金・・・ 11:30～15:00/15:00～23:00土・祝前 11:00～15:00/15:00～23:00日・祝日 11:00～15:00/15:00～21:002023-12-24　11:00～23:00　　　12-31　11:00～18:002024-1-01、1-02　休業　　　1-03　  11:30～21:00
日曜営業
定休日
年末年始（2024年1月1日・1月2日）",東京都港区南青山5-8-3 equboビル 5F,https://tabelog.com/tokyo/A1306/A130602/13021722/
32,カフェ,カフェ　フランジパニ,"営業時間
11:30～22:30(ラストオーダー.21:30)☆ランチタイム11:30~16:00閉店時間はお問い合せ下さい☆
日曜営業
定休日
無休（年末年始は休みます）",東京都港区六本木6-8-21 SK六本木ハイム 1F,https://tabelog.com/tokyo/A1307/A130701/13012612/
33,カフェ,The Lobby Cafe,"営業時間
11:00～18:30（L.O）ランチ 11:30-14:00（L.O）アフタヌーンティー 13:00-17:00（L.O）
日曜営業
定休日
年中無休",東京都港区台場2-6-1,https://tabelog.com/tokyo/A1313/A131306/13231667/
34,カフェ,SUZU CAFE 六本木,"営業時間
モーニング　　6：45～10：00（LO9：45）ランチ　　　　11：00～15：00カフェ　　　　15：00～18：00ディナー　　　18：00～21:00
日曜営業
定休日
年末年始　（モーニングのみ営業あり）",東京都港区六本木3-10-1 相鉄フレッサイン東京六本木 1F,https://tabelog.com/tokyo/A1307/A130701/13214732/
35,カフェ,喫茶けん,"営業時間
11:00～16:00ラストオーダー
日曜営業
定休日
無休",東京都港区西麻布2-12-6,https://tabelog.com/tokyo/A1307/A130701/13257410/
36,カフェ,ARCH CAFE & BAR,"営業時間
【月～金】　9:00～21:00L.O 20:30(一部メニューのみ)
定休日
土曜日、日曜日、祝日",東京都港区虎ノ門1-17-1 虎ノ門ヒルズ ビジネスタワー 4F,https://tabelog.com/tokyo/A1308/A130802/13258098/
37,カフェ,CafeTerrace,"営業時間
月曜日　17:00～29:00火曜日〜日曜日　12:00～29:00
日曜営業
定休日
不定休",東京都港区麻布十番3-7-3 十番コアビルII 2F・3F,https://tabelog.com/tokyo/A1307/A130702/13282668/
38,カフェ,ナチュラルカフェ＆レストラン 椨の木,"営業時間
【火～金】ランチ　１１：００ ～ １４：００カフェ　１４：００ ～ １６：００（L/O 15:30）CLOSE　１６：００ ～ １７：３０ディナー　１７：３０ ～ ２１：００（L/O 20:00）【土・祝日】ランチ　１１：００ ～ １４：００カフェ　１４：００ ～ １７：３０（L/O 17:00）ディナー　営業なし
定休日
日曜日 月曜日",東京都港区高輪4-9-16 東京療院 新館 1F,https://tabelog.com/tokyo/A1314/A131403/13192805/
39,カフェ,カフェ＆ダイニング ゼルコヴァ,"営業時間
【平日　月～金】11:30～22:00（L.O.21:00）【土・日・祝】11:30～22:00（L.O.21:00)
定休日
年中無休、施設都合で変更の場合あり。",東京都港区北青山3-6-8,https://tabelog.com/tokyo/A1306/A130602/13214044/
40,カフェ,ビストロカフェ ももてなし家,"営業時間
11:00～21:00(L.O. 20:00)【営業時間変更のお知らせ】当面の間、21:00閉店いたします※貸切状況・最新の情報は公式サイトをご確認ください
日曜営業
定休日
年中無休（年末年始を除く）※ビルに準ずる",東京都港区新橋1-11-7 新橋センタープレイス とっとり・おかやま新橋館 2F,https://tabelog.com/tokyo/A1301/A130103/13173194/
41,カフェ,カフェラ バー＆ラウンジ by 上島珈琲店,"営業時間
［月〜土］7:30〜20:00(L.O 19:30)［日・祝］7:30〜18:00(L.O 17:30)
日曜営業
定休日
不定休",東京都港区麻布十番1-5-23 2F,https://tabelog.com/tokyo/A1307/A130702/13241008/
42,カフェ,MOSKA by GingerGarden,"営業時間
ご予約は全席2時間制になります。①11:00~13:00②13:30-15:30③16:00~18:00④18:30~20:30※平日限定で11時から1時間ごとにご予約いただけます。
日曜営業
定休日
無し",東京都港区北青山3-12-12 HOLON-R 3F,https://tabelog.com/tokyo/A1306/A130602/13254388/
43,カフェ,ドトールコーヒーショップ 芝公園店,"営業時間
[月〜金]7:30〜21:00[土]8:00〜18:00
定休日
日・祝",東京都港区芝3-4-11,https://tabelog.com/tokyo/A1314/A131402/13105053/
44,カフェ,lohasbeans coffee,"営業時間
[日～木]OPEN 9:00CLOSE 19:00FOOD L.O. 16:30DESSERT&DRINK 18:30[金、土]OPEN 9:00CLOSE 20:00FOOD L.O. 16:30DESSERT&DRINK L.O. 19:30
日曜営業
定休日
なし",東京都港区南青山5-8-10 萬楽庵ビルⅡ 1F,https://tabelog.com/tokyo/A1306/A130602/13210419/
45,カフェ,スターバックス・コーヒー 虎ノ門2丁目タワー店,"営業時間
06:50～20:40
定休日
土・日・祝",東京都港区虎ノ門2-3-17,https://tabelog.com/tokyo/A1308/A130802/13033039/
46,カフェ,珈琲茶館 集,"営業時間
10:00～23:00（ラストオーダー22:30)",東京都港区六本木5-1-1 マイアミビル 7F,https://tabelog.com/tokyo/A1307/A130702/13265711/
47,カフェ,ジュビリーコーヒーアンドロースター,"営業時間
10:00～18:00
日曜営業
定休日
月曜日、火曜日",東京都港区白金台3-18-10 1F,https://tabelog.com/tokyo/A1316/A131602/13155554/
48,カフェ,ドトールコーヒーショップ 南青山5丁目店,"営業時間
［月～金］7:00～20:30［土］7:00～20:00［日・祝］8:00～20:00
日曜営業
定休日
無休",東京都港区南青山5-4-31 ニッカウヰスキービル 1F,https://tabelog.com/tokyo/A1306/A130602/13105095/
49,カフェ,スターバックス・コーヒー 新橋駅前店,"営業時間
［月～木］6:30～22:00［金］6:30～22:30［土］7:00～22:30［日・祝］8:00～21:00
日曜営業
定休日
無休",東京都港区新橋2-19-3 カシケイビル,https://tabelog.com/tokyo/A1301/A130103/13033027/
50,カフェ,スターバックスコーヒー 新田町ビル店,"営業時間
[月～金]6:30～22:00[土・日・祝]8:00～20:00",東京都港区芝5-34-6 新田町ビル,https://tabelog.com/tokyo/A1314/A131402/13240043/
51,カフェ,cafe TEIEN,"営業時間
10時～18時（L.O.17時30分）
定休日
毎週月曜日・美術館休業日に準ずる",東京都港区白金台5-21-9,https://tabelog.com/tokyo/A1303/A130302/13276356/
52,カフェ,NEWZEALAND CAFE AKASAKA,"営業時間
通常営業時間月曜日～金曜日8:30～20:30 (LO20:00)
定休日
土曜・日曜・祝日",東京都港区赤坂6-3-15 J-AKASAKAビル 1F,https://tabelog.com/tokyo/A1308/A130801/13208421/
53,カフェ,CBC,,東京都港区南青山5-11-24 グレイセスビル B1F,https://tabelog.com/tokyo/A1306/A130602/13275370/
54,カフェ,フアラライ,"営業時間
[月～金]7：00～22：00 (L.O.21：30)
定休日
土日祝",東京都港区西新橋1-16-7 三甲新橋ビル 1F,https://tabelog.com/tokyo/A1301/A130103/13249491/
55,カフェ,タリーズコーヒー 芝浦海岸通り店,"営業時間
[月-金] 7:00～19:30[土] 8:30～18:30
定休日
日・祝",東京都港区芝浦4-13-23 MS芝浦ビル 1F,https://tabelog.com/tokyo/A1314/A131402/13049294/
56,カフェ,白金台ぶどうの樹,"営業時間
11:30～18:30
定休日
日曜日・祝日",東京都港区白金台3-2-2,https://tabelog.com/tokyo/A1316/A131602/13101507/
57,カフェ,セガフレード・ザネッティ・エスプレッソ 広尾店,"営業時間
7:00～22:30(L.O.22:00)
日曜営業
定休日
無休",東京都港区南麻布5-16-7,https://tabelog.com/tokyo/A1307/A130703/13009775/
58,カフェ,アークカフェ,"営業時間
9:00～19：00※日曜日は営業時間が変更になる場合がございます。
日曜営業
定休日
年中無休",東京都港区麻布十番2-20-2,https://tabelog.com/tokyo/A1307/A130702/13269664/
59,カフェ,スターバックスコーヒー アークヒルズサウスタワー店,"営業時間
[月～金]7:00～22:00[土・日・祝]8:00～21:00
定休日
不定休",東京都港区六本木1-4-5 アークヒルズサウスタワー,https://tabelog.com/tokyo/A1307/A130701/13171611/
60,カフェ,アラビカ東京 麻布台ヒルズB1店,"営業時間
8:00～20:00
日曜営業
定休日
施設に準ずる",東京都港区虎ノ門5-9-1 麻布台ヒルズ ガーデンプラザB B1F,https://tabelog.com/tokyo/A1307/A130704/13291719/
61,カフェ,Nicolai Bergmann NOMU,"営業時間
10:00～19:00(L.O.18:30)
日曜営業
定休日
奇数月の第1月曜日、年末年始（不定休）",東京都港区南青山5-7-2 1F,https://tabelog.com/tokyo/A1306/A130602/13121811/
62,カフェ,FAB,"営業時間
【月～水】11:30～23:30 (L.O 22:30)【木・金】11:30～3:00 (L.O 2:00)【土・日・祝】12:00～23:30(L.O22:30)
日曜営業
定休日
不定休",東京都港区北青山2-12-12 ETS青山ビル 1F,https://tabelog.com/tokyo/A1306/A130603/13159564/
63,カフェ,E PRONTO 品川シーズンテラス店,"営業時間
[月～金]7:30～20:00[土]11:00～18:00
定休日
日曜・祝日",東京都港区港南1-2-70 品川シーズンテラス 2F,https://tabelog.com/tokyo/A1314/A131403/13266009/
64,カフェ,カフェ カリフォルニア,"営業時間
【平日】朝食 7：00~10:30ランチ 11：30～14：00ディナー18：00～22：00(L.O.21：00) 【土・日・祝日】朝食 7：00～10：30ランチ 11：30～15：00ディナー18：00～22：00(L.O.21：00)※BBQプランのみディナー17:00～
日曜営業
定休日
祝日を除く月曜日",東京都港区白金台1-1-50 シェラトン都ホテル東京 1F,https://tabelog.com/tokyo/A1316/A131602/13000013/
65,カフェ,OVE,"営業時間
10:00～18:00（L.O.17:00）ランチ　12:00～15:00
日曜営業
定休日
月曜日（祝日の場合は営業、翌火曜日代休）",東京都港区南青山3-4-8 KDXレジデンス南青山 1F,https://tabelog.com/tokyo/A1306/A130603/13102319/
66,カフェ,STREAMER COFFEE COMPANY AZABU-JUBAN,,東京都港区六本木6-11-16,https://tabelog.com/tokyo/A1307/A130702/13285299/
67,カフェ,家と庭,"営業時間
11:00～20:00
日曜営業
定休日
不定休 (SPIRALに準ずる)",東京都港区南青山5-6-23 SPIRAL 5F,https://tabelog.com/tokyo/A1306/A130602/13197962/
68,カフェ,キーウィキッチン,"営業時間
[月～金]11:00～16:00（15:30 LO）[土・日]10:00～17:00（16:30 LO）
日曜営業
定休日
不定休",東京都港区白金6-16-22,https://tabelog.com/tokyo/A1316/A131602/13130486/
69,カフェ,ベジタブル ライフ,"営業時間
[月・火・水・木・金・日]9:00～17:0016:30～(L.O)[土]9:00～20:0019:30～(L.O)
日曜営業
定休日
第3木曜日",東京都港区白金台4-6-2 ゆかしの杜 1F,https://tabelog.com/tokyo/A1316/A131602/13227969/
70,カフェ,スターバックスリザーブ 東京ミッドタウン,"営業時間
7:00～22:30",東京都港区 赤坂9-7-2 ミッドタウン・イースト棟1-2F,https://tabelog.com/tokyo/A1307/A130701/13217893/
71,カフェ,メモリー赤坂,"営業時間
月ー金08:30〜21:30土10：00-18：00 日休業",東京都港区赤坂6-13-19,https://tabelog.com/tokyo/A1308/A130801/13088768/
72,カフェ,カフェ シエール,"営業時間
11:30A.M.～4:00P.M.（L.O.3:30P.M.）※2022年12月1日（木）より当面の間、営業休止とさせていただきます。
日曜営業
定休日
なし",東京都港区高輪4-10-30 高輪テニスセンター棟 2F,https://tabelog.com/tokyo/A1314/A131403/13013909/
73,カフェ,タリーズコーヒー 住友不動産虎ノ門タワー店,"営業時間
7:30～20:00
定休日
土曜日、日曜日、祝日",東京都港区虎ノ門2-2-1 住友不動産虎ノ門タワー 1F,https://tabelog.com/tokyo/A1308/A130802/13040150/
74,カフェ,ガーデンカフェ 迎賓館赤坂離宮,,東京都港区元赤坂2-1-1 迎賓館赤坂離宮庭園 前庭,https://tabelog.com/tokyo/A1308/A130801/13223338/
75,カフェ,スターバックス・コーヒー 南青山骨董通り店,"営業時間
［月～金］7:00～22:00［土］8:00～22:00［日・祝］8:00～21:00
日曜営業
定休日
不定（ほぼ無休）",東京都港区南青山5-4-27 Barbizon104 1F,https://tabelog.com/tokyo/A1306/A130602/13033606/
76,カフェ,アンティコカフェアルアビス 六本木ヒルズ店,"営業時間
［月～金］8:00～22:00［土・日・祝］9:00～22:00
日曜営業
定休日
無休",東京都港区六本木6-10-1 六本木ヒルズウェストウォーク 3F,https://tabelog.com/tokyo/A1307/A130701/13155054/
77,カフェ,海岸カフェ,"営業時間
8:00～16:00
定休日
土曜日、日曜日、祝日",東京都港区海岸3-9-5 東京港湾福利厚生センター 1F,https://tabelog.com/tokyo/A1314/A131402/13130817/
78,カフェ,ザ・リッツ・カールトン カフェ＆デリ,"営業時間
日-木11:00-20:00(ラストオーダー Food19:00/Drink19:30)金&土 11:00-22:00(ラストオーダー Food19:00/Small Bites&Drink21:30)
定休日
無休",東京都港区赤坂9-7-1 東京ミッドタウン ザ・リッツ・カールトン東京 1F,https://tabelog.com/tokyo/A1307/A130701/13037995/
79,カフェ,CAFE de METRO Echika表参道,"営業時間
7:00～20:00(L.O.)
日曜営業
定休日
無休",東京都港区北青山3-6-12 Echika表参道 B1F,https://tabelog.com/tokyo/A1306/A130602/13029411/
80,カフェ,モロッカンダイニング マルメロ,"営業時間
火〜土ランチ11:30〜14:00モロッコBAR 18:00〜23:00(21:00FoodLo)
定休日
日・月",東京都港区南青山2-10-11,https://tabelog.com/tokyo/A1306/A130603/13241844/
81,カフェ,ヒルズカフェ スペース,"営業時間
11:00～23:00 L.O.FOOD 22:00 / DRINK L.O. 22:30
日曜営業
定休日
不定休",東京都港区六本木6-10-1 六本木ヒルズ ヒルサイド 2F,https://tabelog.com/tokyo/A1307/A130701/13043889/
82,カフェ,hiff cafe shibakoen,"営業時間
[火・水・金]　10:00～21:00[土・日・祝]　10:00～20:00
日曜営業
定休日
月曜日、木曜日",東京都港区芝大門2-9-4 イヴェール芝大門 1F,https://tabelog.com/tokyo/A1314/A131401/13280591/
83,カフェ,Cha pi,"営業時間
11:00～22:00(L.O.21:30)",東京都港区台場1-6-1 デックス東京ビーチシーサイドモール 3F,https://tabelog.com/tokyo/A1313/A131306/13251452/
84,カフェ,ピアーズ カフェ 南青山店,"営業時間
[月〜金]7:00～23:00(L.O.22:30)[土]9:00～22:00(L.O.21:30)[日・祝]9:00～21:00(L.O.20:30)
日曜営業
定休日
1/1・1/2",東京都港区南青山5-1-22 青山ライズスクエア 2F,https://tabelog.com/tokyo/A1306/A130602/13146822/
85,カフェ,カフェ＆ベーカリー ミヤビ オランダヒルズ店,"営業時間
[月～金]7:00～20:00[土・祝]9:00～19:00[日]9:00～18:00モーニング　～10:30
日曜営業",東京都港区虎ノ門5-11-1 オランダヒルズ森タワー 1F・2F,https://tabelog.com/tokyo/A1307/A130704/13232266/
86,カフェ,文喫,"営業時間
9:00～20:00(L.O.19:30)
日曜営業
定休日
不定休",東京都港区六本木6-1-20 六本木電気ビル 1F,https://tabelog.com/tokyo/A1307/A130701/13229793/
87,カフェ,パーラー　キムラヤ,,東京都港区新橋2-20-15 新橋駅前ビル1号館B１F,https://tabelog.com/tokyo/A1301/A130103/13056065/
88,カフェ,ラクーン,"営業時間
9：00～19：00",東京都港区麻布十番1-9-3,https://tabelog.com/tokyo/A1307/A130702/13088861/
89,カフェ,ピース コーヒーロースターズ 西新橋店,"営業時間
8:00～18:00
定休日
土曜日、日曜日、祝日",東京都港区西新橋3-18-2 オダヤビル 1F,https://tabelog.com/tokyo/A1314/A131401/13156967/
90,カフェ,喫茶室ルノアール 新橋日比谷口店,"営業時間
［月～金］7:30～22:00［土・日・祝］8:00～22:00
日曜営業
定休日
無休",東京都港区新橋2-6-1 さくら新橋ビル B1F,https://tabelog.com/tokyo/A1301/A130103/13256716/
91,カフェ,エルグレコ,"営業時間
[月～金]8:30～20:00[土]12:00～14:00
定休日
日曜日、祝日",東京都港区南青山1-1-1 新青山ビル東館 B1F,https://tabelog.com/tokyo/A1306/A130603/13031174/
92,カフェ,喫茶室ルノアール 品川高輪口店,"営業時間
【月～金】7：30～22：00【土・日・祝】7：30～22：00
日曜営業
定休日
なし",東京都港区高輪3-25-22 カネオビル 1Ｆ,https://tabelog.com/tokyo/A1314/A131403/13087040/
93,カフェ,れいの,,東京都港区西麻布3-1-19,https://tabelog.com/tokyo/A1307/A130701/13013004/
94,カフェ,スターバックス・コーヒー 青山骨董通り店,"営業時間
［月～金］7:00～21:00［土・日・祝］8:00～21:00
日曜営業
定休日
不定（ほぼ無休）",東京都港区南青山5-10-1 八品館青山ビル 1F,https://tabelog.com/tokyo/A1306/A130602/13033096/
95,カフェ,トグ,"営業時間
9:00～19:00
定休日
土曜日",東京都港区東麻布2-25-10,https://tabelog.com/tokyo/A1307/A130702/13088221/
96,カフェ,椿屋珈琲 新橋茶寮,"営業時間
[月～木]7:30-23:00[金]7:30-翌5:00[土]9:00-23:00[日祝]9:00-22:00
日曜営業
定休日
無休",東京都港区新橋2-8-7 東和ビル　２Ｆ・３Ｆ,https://tabelog.com/tokyo/A1301/A130103/13002164/
97,カフェ,バイロンベイコーヒー 大門店,"営業時間
［月～金］7:30～18:00［土・日・祝］8:00～18:00
日曜営業
定休日
無休",東京都港区浜松町1-23-9 セゾンビル浜松町 1F,https://tabelog.com/tokyo/A1314/A131401/13201172/
98,カフェ,ディンゴ,"営業時間
11:00～19:00
定休日
土曜日、日曜日、祝日",東京都港区赤坂3-13-11 佐藤ビル 2F,https://tabelog.com/tokyo/A1308/A130801/13059268/
99,カフェ,THE WINE STORE DEAN & DELUCA,"営業時間
9:00～21:00
日曜営業
定休日
不定休",東京都港区麻布十番2-4-3,https://tabelog.com/tokyo/A1307/A130702/13282926/
100,カフェ,レ・グラン・ザルブル,"営業時間
11:00〜19:00(18:00Ｌ.Ｏ.)
日曜営業
定休日
不定期",東京都港区南麻布5-15-11 フルール・ユニヴェセール ３階　、　屋上テラス,https://tabelog.com/tokyo/A1307/A130703/13155232/
101,カフェ,サザコーヒー エキュートエディション新橋店,,東京都港区新橋2-17-14 JR新橋駅 1F 北改札外,https://tabelog.com/tokyo/A1301/A130103/13269791/
102,カフェ,BECK'S COFFEE SHOP 品川店,"営業時間
[平日]6:30～22:30[休日]7:00～21:00
日曜営業",東京都港区高輪3-26-27 JR品川駅北改札,https://tabelog.com/tokyo/A1314/A131403/13095719/
103,カフェ,DEAN & DELUCA CAFES 六本木,"営業時間
8:00～20:00
日曜営業
定休日
無休",東京都港区赤坂9-7-3 東京ミッドタウン PLAZA B1F,https://tabelog.com/tokyo/A1307/A130701/13037364/
104,カフェ,ブリュワーズ コーヒー＆バー,"営業時間
10:00～22:30 (フードL.O.21:30、ドリンクL.O.22:00）
日曜営業
定休日
無休",東京都港区赤坂1-12-33 ANAインターコンチネンタルホテル東京 3F,https://tabelog.com/tokyo/A1308/A130802/13002177/
105,カフェ,スターバックスコーヒー 日テレプラザ店,"営業時間
[月～金]7:00～22:00[土日祝]9:00～18:00",東京都港区東新橋1-6-1 日本テレビタワー 2F,https://tabelog.com/tokyo/A1301/A130103/13239306/
106,カフェ,アンティコカフェ アルアビス 東京ミッドタウン店,"営業時間
［月～金］8:00～22:00［土・日・祝］9:00～22:00
日曜営業
定休日
無休",東京都港区赤坂9-7-1 東京ミッドタウン B1F,https://tabelog.com/tokyo/A1307/A130701/13155057/
107,カフェ,エクセルシオールカフェ 虎ノ門店,"営業時間
[月～金]6:45～22:30[土]8:00～21:00[日・祝]8:00～20:00
日曜営業
定休日
無休",東京都港区虎ノ門1-1-28 TOTO虎ノ門ビル 1F,https://tabelog.com/tokyo/A1308/A130802/13086537/
108,カフェ,ディーン＆デルーカ 表参道カフェ店,"営業時間
[月～金]8:00～20:00[土日]9:00～20:00
日曜営業
定休日
無休",東京都港区北青山3-6-12 Echika表参道 B1F,https://tabelog.com/tokyo/A1306/A130602/13188062/
109,カフェ,エリック・ローズ,"営業時間
9:00～19:00(フードL.O.18:00・ドリンクL.O.18:30)
日曜営業
定休日
無休",東京都港区北青山3-4-3 ののあおやま 1F,https://tabelog.com/tokyo/A1306/A130602/13253630/
110,カフェ,フカガワ セイジ 1894 ロイヤル キルン&ティー,"営業時間
11:00～21:00",東京都港区赤坂9-7-1 東京ミッドタウン ガレリア 3F,https://tabelog.com/tokyo/A1307/A130701/13247638/
111,カフェ,Cafe Apero 西麻布本店,"営業時間
8:00～23:00
日曜営業
定休日
定休日無し",東京都港区西麻布4-2-15 水野ビル 1F,https://tabelog.com/tokyo/A1307/A130703/13281770/
112,カフェ,バール イルプリマリオ,"営業時間
9:30～20:30(L.O.20:00)
日曜営業
定休日
無休",東京都港区北青山3-11-7 AOビル　B1F,https://tabelog.com/tokyo/A1306/A130602/13057530/
113,カフェ,カップオブジョー 東京ポートシティ竹芝店,"営業時間
7:30～20:00",東京都港区海岸1-7-1 東京ポートシティ竹芝店 6F,https://tabelog.com/tokyo/A1314/A131401/13250744/
114,カフェ,ティーサロン ピカケ,"営業時間
9:00～17:30(L.O)
日曜営業
定休日
無休",東京都港区芝公園3-3-1 東京プリンスホテル 1F,https://tabelog.com/tokyo/A1314/A131401/13013867/
115,カフェ,マリーナ,,東京都港区港南4-2-36,https://tabelog.com/tokyo/A1314/A131403/13116034/
116,カフェ,カフェバー・トラックス,"営業時間
ティータイム　15:00～17:00（L.O.17:00）ディナータイム17:00～23:30（L.O.23:00）
日曜営業
定休日
無休（ホテルに準ず）",東京都港区新橋1-2-6 第一ホテル東京 2F,https://tabelog.com/tokyo/A1301/A130103/13012702/
117,カフェ,カインズ コーヒースタンド&スペース,"営業時間
10:30～17:30
定休日
日曜日",東京都港区北青山3-6-26,https://tabelog.com/tokyo/A1306/A130602/13251816/
118,カフェ,天現寺カフェ,"営業時間
11:00～21：00
日曜営業
定休日
水曜日・年末年始",東京都港区南麻布4-12-2 ピュアーレ広尾 1F,https://tabelog.com/tokyo/A1307/A130703/13044640/
119,カフェ,Cafe Kariz,"営業時間
[水～日]11:30～21:00
日曜営業
定休日
月・火曜",東京都港区南麻布1-4-22 サライ南麻布1F,https://tabelog.com/tokyo/A1307/A130702/13110878/
120,カフェ,カフェ・ベローチェ 外苑前店,"営業時間
7:00～23:00
日曜営業
定休日
無休",東京都港区北青山2-7-26 Landwork青山ビル 1F,https://tabelog.com/tokyo/A1306/A130603/13060999/
121,カフェ,宮越屋珈琲 東京新橋店,"営業時間
［月～金］10:00～22:00（L.O.21:30）［土・日・祝］10:00～21:00（L.O.20:30）
日曜営業
定休日
なし",東京都港区新橋1-7-10 汐留スペリアビル 1F～2F,https://tabelog.com/tokyo/A1301/A130103/13030119/
122,カフェ,スターバックスコーヒー JR新橋駅銀座口店,"営業時間
[月～金]6:30～22:00[土・日・祝] 8:00～21:00",東京都港区新橋2-17-14 新橋駅 1F,https://tabelog.com/tokyo/A1301/A130103/13251176/
123,カフェ,Hills House Sky Room Cafe & Bar,"営業時間
08:00〜23:00（L.O. 22:30）
日曜営業
定休日
施設に準ずる",東京都港区麻布台1-6-19 麻布台ヒルズ 森JPタワー 34F,https://tabelog.com/tokyo/A1307/A130701/13291562/
124,カフェ,ニーノ カフェ,"営業時間
9:00～22:00
定休日
日曜日、祝日",東京都港区南青山1-25-1 Bronze 南青山 1F,https://tabelog.com/tokyo/A1307/A130701/13188595/
125,カフェ,ディーン＆デルーカ カフェ 虎ノ門ヒルズ,"営業時間
[月～金]7:30～19:00 ブレックファースト7:30～11:00ランチ11:00～14:00[土・日・祝]10:00～17:00ランチ10:00～14:00
日曜営業",東京都港区虎ノ門1-23-3 虎ノ門ヒルズ 森タワー 2F,https://tabelog.com/tokyo/A1308/A130802/13244385/
126,カフェ,33 AOJIRU TOKYO,"営業時間
[月～土]11:00～19:00
定休日
日曜",東京都港区六本木7-8-10,https://tabelog.com/tokyo/A1307/A130701/13270068/
127,カフェ,カフェ・ベローチェ 西新橋店,,東京都港区西新橋2-5-2 コクサイエアロ本社ビル １Ｆ,https://tabelog.com/tokyo/A1301/A130103/13142952/
128,カフェ,モト,"営業時間
7:30～18:00
定休日
土曜日・日曜日・祝日",東京都港区芝大門1-4-16,https://tabelog.com/tokyo/A1314/A131401/13088795/
129,カフェ,ブラボオ,"営業時間
［月～金］7:00～15:00(L.O.14:30)[土]7:00～14:00
定休日
日曜日、祝日",東京都港区新橋5-14-12,https://tabelog.com/tokyo/A1301/A130103/13078080/
130,カフェ,ザ・ロビーラウンジ＆バー,"営業時間
ザ・ロビーラウンジ日～木11:00-22:00 (L.O. 21:30)金＆土 11:00-23:00(L.O. 22:30)-アフタヌーンティー12:00-17:00-ザ・バー月～木17:00-23:00 (L.O. 22:30)金＆祝前日 17:00-24:00(L.O23:30)土12:00-24:00(L.O23:30)日&祝12:00-23:00(L.O22:30)
日曜営業
定休日
無休",東京都港区赤坂9-7-1 ザ・リッツ・カールトン東京 45F,https://tabelog.com/tokyo/A1307/A130701/13037931/
131,カフェ,ブランチパーク,"営業時間
[月～土]11:00～17:0018:00～23:00[日]11:00～18:00
日曜営業
定休日
不定休",東京都港区赤坂5-4-7 THE HEXAGON 1F,https://tabelog.com/tokyo/A1308/A130801/13277133/
132,カフェ,珈琲茶館 集 赤坂見附店,"営業時間
[全日]9:00～21:00(20:30L.O)
日曜営業
定休日
無休",東京都港区赤坂3-9-1 紀陽ビル 1F,https://tabelog.com/tokyo/A1308/A130801/13140947/
133,カフェ,カフェ ブランコ,,東京都港区芝2-8-8,https://tabelog.com/tokyo/A1314/A131401/13091093/
134,カフェ,RIC TOKYO,"定休日
土曜日・日曜・祝日",東京都港区新橋4-26-8,https://tabelog.com/tokyo/A1301/A130103/13266086/
135,カフェ,青山 V・ダック,"営業時間
11:00～14:30
定休日
土曜日、日曜日、祝日",東京都港区南青山1-3-6 1F,https://tabelog.com/tokyo/A1306/A130603/13089325/
136,カフェ,西琲亜,"営業時間
10:00～20:00
定休日
日曜日、祝日",東京都港区麻布十番3-2-6,https://tabelog.com/tokyo/A1307/A130702/13089321/
137,カフェ,sweed,"営業時間
[火～金]10:00～19:00[土・日・祝]　10:00～17:00
日曜営業
定休日
月曜日",東京都港区高輪1-1-11 グレイス魚籃坂 1F,https://tabelog.com/tokyo/A1316/A131602/13267107/
138,カフェ,グランカフェ パティオ,"営業時間
6:30～10:00
日曜営業
定休日
無休",東京都港区高輪3-13-1 グランドプリンスホテル高輪 1F,https://tabelog.com/tokyo/A1316/A131603/13013924/
139,カフェ,スターバックスコーヒー 東京ワールドゲート神谷町店,,東京都港区虎ノ門4-1-1 神谷町トラストタワー,https://tabelog.com/tokyo/A1307/A130704/13255454/
140,カフェ,珈琲大使館 新橋店,"営業時間
[月～金]7:00～18:00[土]8:00～15:00
定休日
日曜日、祝日",東京都港区新橋4-30-4,https://tabelog.com/tokyo/A1301/A130103/13060272/
141,カフェ,ペリカンカフェ 麻布台ヒルズ店,"営業時間
8:30～20:00(L.O.19:30)
日曜営業",東京都港区麻布台1-3-1 麻布台ヒルズ 森JPタワー・タワープラザ 1F,https://tabelog.com/tokyo/A1307/A130701/13291683/
142,カフェ,crisscross,"営業時間
8:00〜21:00（20:00 L.O.）
日曜営業
定休日
年中無休",東京都港区南青山5-7-28,https://tabelog.com/tokyo/A1306/A130602/13148003/
143,カフェ,ア・ピース・オブ・ケイク,"営業時間
11:00～17:30(L.O.17:00)
日曜営業
定休日
火曜日、水曜日",東京都港区南青山6-1-19 岡本太郎記念館 1F,https://tabelog.com/tokyo/A1306/A130602/13004685/
144,カフェ,Cafe THE SUN,"営業時間
●通常メニュー提供　11:00～22:00　　FOOD  L.O. 21:00　　DRINK L.O. 21:30　1月10日(火)～2月2日(木)
定休日
無休",東京都港区六本木6-10-1 六本木ヒルズ森タワー 52F,https://tabelog.com/tokyo/A1307/A130701/13187214/
145,カフェ,ドトールコーヒーショップ 神谷町店,"営業時間
[月～金]07:00 - 20:00[土]08:00 - 16:00
定休日
日曜、祝日",東京都港区虎ノ門4-1-10,https://tabelog.com/tokyo/A1307/A130704/13086821/
146,カフェ,タリーズコーヒー 汐留シティセンター店,"営業時間
[月～金]7:00～21:00[土]10:00～19:00[日] 10:00～18:00",東京都港区東新橋1-5-2 汐留シティセンター B2F,https://tabelog.com/tokyo/A1301/A130103/13184412/
147,カフェ,珈琲大使館 神谷町店,"営業時間
7:00～18:00
定休日
土曜日、日曜日、祝日",東京都港区虎ノ門3-18-21 久永ビル 1F,https://tabelog.com/tokyo/A1307/A130704/13013175/
148,カフェ,ベルエキップ,,東京都港区白金1-14-4 １F,https://tabelog.com/tokyo/A1316/A131602/13050047/
149,カフェ,エクセルシオールカフェ 新橋2丁目店,"営業時間
［月～金］7:00〜22:00［土・日・祝］8:00〜21:00
日曜営業
定休日
無休",東京都港区新橋2-5-1 EXCEL新橋 1F・2F,https://tabelog.com/tokyo/A1301/A130103/13107112/
150,カフェ,ドッグデプトカフェ お台場東京ビーチ店,"営業時間
[月～金] 11:00～18:00(L.O.17:00) [土・日・祝] 11:00～20:00(L.O.19:00)
定休日
不定休(デックス東京ビーチに準ずる)",東京都港区台場1-6-1 デックス東京ビーチ 1F,https://tabelog.com/tokyo/A1313/A131306/13200689/
151,カフェ,Hawaiian Cafe 魔法のパンケーキ 新橋店,"営業時間
[月～金]11:00～22:00(L.O.21:00)[土]11:00～21:30(L.O.20:30)
定休日
日曜日、祝日",東京都港区新橋2-16-1 ニュー新橋ビル 1F,https://tabelog.com/tokyo/A1301/A130103/13283159/
152,カフェ,スターバックス・コーヒー 白金高輪店,"営業時間
[月～金] 07:00～22:00 [土・日・祝] 08:00～21:00
定休日
年中無休",東京都港区白金1-17-2-102 白金アエルシティ,https://tabelog.com/tokyo/A1316/A131602/13034128/
153,カフェ,炭火焙煎珈琲 薔薇,"営業時間
11:00～
定休日
土曜日、日曜日",東京都港区赤坂3-14-7 バルビゾン44 B1F,https://tabelog.com/tokyo/A1308/A130801/13020011/
154,カフェ,アン レーヴ,"営業時間
［火～金］11:00～22:00［土・日］12:00～18:00
日曜営業
定休日
月曜日",東京都港区北青山2-12-20,https://tabelog.com/tokyo/A1306/A130603/13015597/
155,カフェ,ディーン&デルーカ カフェ慈恵大学病院,"営業時間
7:00～18:00
定休日
日曜日、祝日",東京都港区西新橋3-19-18 東京慈恵会医科大学附属病院 外来棟 1F,https://tabelog.com/tokyo/A1314/A131401/13243384/
156,カフェ,DEK 青山,,東京都港区南青山5-4-41 グラッセリア青山 1F～2F,https://tabelog.com/tokyo/A1306/A130602/13277206/
157,カフェ,カフェ＆ベーカリー GGCo.,"営業時間
［月∼金］8:00∼20:00（L・O19:30）
定休日
土・日・祝日",東京都港区虎ノ門4-3-1 城山トラストタワー 1F,https://tabelog.com/tokyo/A1307/A130704/13230977/
158,カフェ,グランドニッコー東京 台場 エグゼクティブラウンジ,,東京都港区台場2-6-1 2F,https://tabelog.com/tokyo/A1313/A131306/13265258/
159,カフェ,cafe terrace & bistro Queency,"営業時間
火〜土【Lunch】 11:00～15:00 【Dinner】17:00～23:00日【Lunch】 11:00～14:30 【Café】　14:30～17:00
日曜営業
定休日
月曜日",東京都港区北青山3-12-13 HOLON-L 3Ｆ,https://tabelog.com/tokyo/A1306/A130601/13252254/
160,カフェ,カフェテラス ポンヌフ,"営業時間
［月〜土］11:00～14:50［金］18:00～売り切れ次第終了
定休日
土、日曜日、祝日",東京都港区新橋2-20-15 新橋駅前ビル1号館 1F,https://tabelog.com/tokyo/A1301/A130103/13024964/
161,カフェ,HARBS 東京ミッドタウン店,"営業時間
[イートイン]11:00～21:00(L.O.20:00)[テイクアウト]11:00～21:00
日曜営業
定休日
元日",東京都港区赤坂9-7-4 東京ミッドタウン ガーデンテラス 2F,https://tabelog.com/tokyo/A1307/A130701/13222028/
162,カフェ,エクセルシオール カフェ 田町東口店,"営業時間
[月～金]7:00-22:15(LO)土曜　7:00-21:00日祝　8:00-22:30",東京都港区芝浦3-5-39 田町イーストウィング1F,https://tabelog.com/tokyo/A1314/A131402/13048240/
163,カフェ,スターバックス・コーヒー JR東海 品川駅ラチ内店,"営業時間
[月　～　金] 06:00～21:30 [土・日・祝] 06:00～21:00
定休日
年中無休",東京都港区港南2-1-78 ＪＲＣＰ品川営業所　ＪＲ新幹線北口コンコース内,https://tabelog.com/tokyo/A1314/A131403/13033675/
164,カフェ,タリーズコーヒー 虎ノ門桜田通り店,"営業時間

日曜営業",東京都港区虎ノ門1-16-17 虎ノ門センタービル 1F,https://tabelog.com/tokyo/A1308/A130802/13086696/
165,カフェ,赤坂　野瀬園 本店,"営業時間
[月～金]　ショップ 9:00～18:30カフェ 9:00～17:00 
定休日
土曜・日曜・祝日",東京都港区赤坂2-23-1 アークヒルズフロントタワー 1F,https://tabelog.com/tokyo/A1307/A130701/13117170/
166,カフェ,カフェアンドバー 品川キッチンフードコート,"営業時間
10:00～22:00(L.O.21:50)
日曜営業
定休日
無休",東京都港区高輪4-10-30 品川プリンスホテル アネックスタワー 2F,https://tabelog.com/tokyo/A1314/A131403/13128112/
167,カフェ,ヴァーヴ コーヒー ロースターズ 六本木,"営業時間
[Every day]7:00～20:00（L.O.19:30）
日曜営業
定休日
なし",東京都港区六本木5-16-7,https://tabelog.com/tokyo/A1307/A130701/13244766/
168,カフェ,デリフランス 表参道店,"営業時間
［月～土］7:30～22:00［日・祝］8:00～21:00
日曜営業
定休日
無休",東京都港区北青山3-6-12 Echika表参道 B2F,https://tabelog.com/tokyo/A1306/A130602/13135718/
169,カフェ,カフェ コキーユ,"営業時間
［月・水・木・日］10:00～18:00(L.O.17:55)［金・土］10:00～19:00(L.O.)
日曜営業
定休日
火曜日",東京都港区六本木7-22-2 国立新美術館 1F,https://tabelog.com/tokyo/A1307/A130701/13043429/
170,カフェ,椿屋珈琲 新橋はなれ,"営業時間
平日 8:00～23:00土 9:00～23:00日祝日 9:00～22:30
日曜営業
定休日
不定休",東京都港区新橋2-16-1 ニュー新橋ビル 1F,https://tabelog.com/tokyo/A1301/A130103/13166911/
171,カフェ,クルックス カフェオ ヨーロピアンリゾートカフェ,"営業時間
[月～金]7:30～19:00［土］12:00〜18:00
定休日
[日・祝] （店舗貸切のみ営業）",東京都港区台場2-3-2 台場フロンティアビル　２Ｆ,https://tabelog.com/tokyo/A1313/A131306/13007564/
172,カフェ,バー＆グリル,"営業時間
11:30-20:00(LO.19:00)
日曜営業
定休日
水曜日",東京都港区南青山3-18-9 2Ｆ,https://tabelog.com/tokyo/A1306/A130602/13132863/
173,カフェ,エクセルシオールカフェ 浜松町ハマサイト店,"営業時間
平日 7:30～22:00　土・日・祝 9:00～20:00
日曜営業",東京都港区海岸1-2-20 ハマサイト グルメ 2F,https://tabelog.com/tokyo/A1314/A131401/13095351/
174,カフェ,テホン,"営業時間
［日～木］12:00～22:00（L.O.）［金・土］12:00～翌1:00（L.O.）
日曜営業
定休日
無休",東京都港区南青山6-2-2 南青山ホームズ 1F,https://tabelog.com/tokyo/A1306/A130602/13120526/
175,カフェ,Patissiere MAYO,"営業時間
18:00～21:00(完全予約制90分)21:00～24:00(紹介制)",東京都港区六本木7-10-2 アートスケープ六本木 3F,https://tabelog.com/tokyo/A1307/A130701/13288348/
176,カフェ,パンジー,"営業時間
［月〜金］8:30～18:00
定休日
土日祝 定休",東京都港区赤坂2-6-24,https://tabelog.com/tokyo/A1308/A130801/13088401/
177,カフェ,カフェラット ニジュウゴド 品川駅店,"営業時間
6:00～20:00
日曜営業
定休日
無休",東京都港区港南2-1-78 ＪＲ東海・品川駅構内,https://tabelog.com/tokyo/A1314/A131403/13019246/
178,カフェ,春水堂 六本木店,"営業時間
11:00～19:00
定休日
日曜日",東京都港区六本木1-4-5 アークヒルズサウスタワー  1F,https://tabelog.com/tokyo/A1307/A130701/13164204/
179,カフェ,スターバックス・コーヒー 品川インターシティ店,"営業時間
[月～金]07:30～21:30 [土・日・祝] 07:30～20:00
日曜営業
定休日
年中無休",東京都港区港南2-15-2 品川インターシティ 2F,https://tabelog.com/tokyo/A1314/A131403/13033128/
180,カフェ,オスロ コーヒー 麻布十番店,,東京都港区麻布十番2-1-8 グランドメゾン麻布十番館 1F,https://tabelog.com/tokyo/A1307/A130702/13187074/
181,カフェ,リトル プール  コーヒー,"営業時間
ドリンク10:00～16:30オムライス11:00～16:30
日曜営業
定休日
無休",東京都港区南青山3-8-26 パートナーズ表参道 1F,https://tabelog.com/tokyo/A1306/A130602/13196008/
182,カフェ,ハーベステラス  品川店,"営業時間
11:00～21:00(L.O.20:00)
定休日
不定休",東京都港区高輪4-8-4 モンベル高輪ビル B1F,https://tabelog.com/tokyo/A1314/A131403/13160175/
183,カフェ,ドトールコーヒーショップ 新橋銀座口店,"営業時間
［月～金］6:30～22:00（L.O.21:30）［土］7:00～20:00［日・祝］7:00～19:00
日曜営業
定休日
無休",東京都港区新橋1-8-4 丸忠ビル 1F～3F,https://tabelog.com/tokyo/A1301/A130103/13059775/
184,カフェ,Harry Potter Cafe,"営業時間
カフェ 11:00～17:00ディナー 17:00～23:00テイクアウト 11:00～23:00※ラストオーダーは各営業時間の30分前となります。※当面の間は完全予約制となります。詳しくは公式HPをご確認ください。
日曜営業
定休日
無休",東京都港区赤坂5-3-1 赤坂Bizタワー 1F,https://tabelog.com/tokyo/A1308/A130801/13274073/
185,カフェ,カフェ・ド・クリエ プラス 汐留芝離宮店,"営業時間
[平　日]7:30-21:00[土日祝] 9:00-19:00
日曜営業",東京都港区海岸1-2-3 汐留芝離宮ビルディング 1F,https://tabelog.com/tokyo/A1314/A131401/13058588/
186,カフェ,ドトールコーヒーショップ 新橋南店,"営業時間
平日　　7:00-20:00土曜　　7:00-17:00
定休日
土曜日、日曜日",東京都港区新橋4-6-6 米山ビル1F,https://tabelog.com/tokyo/A1301/A130103/13061564/
187,カフェ,スターバックス・コーヒー 汐留シティセンター店,"営業時間
[月～金] 07:00～22:00 [土・日・祝] 09:00～22:00
日曜営業
定休日
無休",東京都港区東新橋1-5-2 汐留シティセンター,https://tabelog.com/tokyo/A1301/A130103/13033653/
188,カフェ,煎濾,"営業時間
9:00～17:00
定休日
土日祝日",東京都港区浜松町1-11-8 ヒエイビル,https://tabelog.com/tokyo/A1314/A131401/13091072/
189,カフェ,GALLERY&CAFE CAMELISH,"営業時間
[水～日]11:30～22:00(L.O.21:00)[月]11:30～17:00(L.O.16:00)[火]定休日
日曜営業
定休日
火曜日",東京都港区西麻布1-3-6 アゼリアビル 1F,https://tabelog.com/tokyo/A1307/A130701/13207629/
190,カフェ,カフェ・ド・ブランシェ,,東京都港区新橋1-11-2 鈴木ビル 1F,https://tabelog.com/tokyo/A1301/A130103/13134227/
191,カフェ,ダウンステアーズコーヒー,"営業時間
8:00-20:00 (L.O.19:30)
日曜営業
定休日
無休",東京都港区六本木7-3-10,https://tabelog.com/tokyo/A1307/A130701/13129689/
192,カフェ,上島珈琲店 赤坂一ツ木通り店,"営業時間
7:00～20:00
日曜営業
定休日
無休",東京都港区赤坂4-3-2 OMO3 東京赤坂 1F,https://tabelog.com/tokyo/A1308/A130801/13222926/
193,カフェ,スターバックスコーヒー 東京ミッドタウン店,,東京都港区赤坂9-7-2 東京ミッドタウン 1F,https://tabelog.com/tokyo/A1307/A130701/13208609/
194,カフェ,エンポリオ アルマーニ カフェ,"営業時間
11:00〜20:00)
定休日
不定休",東京都港区北青山3-6-1 オーク表参道 1F,https://tabelog.com/tokyo/A1306/A130602/13154542/
195,カフェ,グリーングラス,"営業時間
[月～金]7:30～18：00[土]10:30～14：30※土曜はモーニング不可
定休日
日曜・祭日",東京都港区浜松町1丁目2-19-102,https://tabelog.com/tokyo/A1314/A131401/13082850/
196,カフェ,レーベルカフェ トーキョー,"営業時間
11:00～17:00
日曜営業
定休日
火曜・水曜",東京都港区三田1-11-49 レーベルビル　１Ｆ,https://tabelog.com/tokyo/A1307/A130702/13059966/
197,カフェ,カフェ・ド・ルノン,"営業時間
6:30～20:00
定休日
日曜日、祝日",東京都港区西新橋1-18-9 西新橋ノアビル B1F,https://tabelog.com/tokyo/A1301/A130103/13087592/
198,カフェ,beyond the box,"営業時間
[ランチ]11:00～14:30(L.O.14:00)[ディナー]17:00～22:00(L.O.21:30)[カフェタイム]11:00～23:00[パフェ]15:00～23:00",東京都港区芝大門2-9-14 加登ビル 1F,https://tabelog.com/tokyo/A1314/A131401/13280366/
199,カフェ,展望ラウンジ ハハジマ,,東京都港区海岸1-12-2 小笠原海運 おがさわら丸 7デッキ,https://tabelog.com/tokyo/A1314/A131401/13205743/
200,カフェ,赤坂七丁目カフェ,"営業時間
[月〜金]11:30～14:30/19:00〜22:00(L.O)[土]19:00〜22:00(L.O)
定休日
日曜・祝日",東京都港区赤坂7-5-33 ベルバン赤坂 B１Ｆ,https://tabelog.com/tokyo/A1308/A130801/13116613/
201,カフェ,青山フラワーマーケット ティーハウス 赤坂Bizタワー店,"営業時間
8:00～19:00(フード·スイーツ L.O 18:00 ドリンクL.O 18:30)
日曜営業
定休日
無休",東京都港区赤坂5-3-1 赤坂Bizタワー 1F,https://tabelog.com/tokyo/A1308/A130801/13170071/
202,カフェ,ブルーボトルコーヒー 品川カフェ,"営業時間
[月～金] 8:00～22:00[土・日・祝]10:00～22:00
日曜営業
定休日
無休",東京都港区港南2-18-1 アトレ品川 3F,https://tabelog.com/tokyo/A1314/A131403/13202262/
203,カフェ,IPC Lounge,"営業時間
［月～土］9:00～23:00［日］9:00～18:00
日曜営業
定休日
不定休",東京都港区麻布十番2-12-10 The Juban 1F,https://tabelog.com/tokyo/A1307/A130702/13275123/
204,カフェ,buik,"営業時間
12:00～17:30
定休日
日曜日・月曜日",東京都港区南青山4-26-12 1F,https://tabelog.com/tokyo/A1306/A130602/13183574/
205,カフェ,スターバックスコーヒー 田町駅 南改札内店,"営業時間
［月～金］7:00～21:30［土・日・祝］8:00～20:00
日曜営業
定休日
不定休",東京都港区芝5-33-36 JR田町駅 南改札,https://tabelog.com/tokyo/A1314/A131402/13279212/
206,カフェ,ロビー ラウンジ,"営業時間
10:00A.M.～7:00P.M.(ラストオーダー6:30P.M.)
日曜営業
定休日
無休",東京都港区芝公園4-8-1 ザ・プリンス パークタワー東京 1F,https://tabelog.com/tokyo/A1314/A131401/13016693/
207,カフェ,オー バカナル 高輪,"営業時間
[ブランジェリー]9:00～20:00[カフェ、ブラッスリー、バー]月～水　11:00～21:00(L.O.20:00)木金土日　11:00～22:00(L.O.21:00)
日曜営業
定休日
無休",東京都港区高輪4-10-8 京急第７ビル　１Ｆ,https://tabelog.com/tokyo/A1314/A131403/13047551/
208,カフェ,プロント ムスブ田町店,,東京都港区芝浦3-1-1 田町ステーションタワー 2F,https://tabelog.com/tokyo/A1314/A131402/13251367/
209,カフェ,NEZUCAFE,"営業時間
午前10時～午後5時（ラストオーダー午後4時30分）
日曜営業
定休日
月曜日・展示替期間・年末年始（ただし月曜日が祝日の場合、翌火曜日）",東京都港区南青山6-5-1 根津美術館内,https://tabelog.com/tokyo/A1306/A130602/13098099/
210,カフェ,ウェリナ,"営業時間
【ランチ】11:30～15:30 【ディナー】17:00～21:00(L.O.20:30)
定休日
土曜・日曜・祝日",東京都港区芝2-30-15 エムエムエスビル　１Ｆ,https://tabelog.com/tokyo/A1314/A131402/13080272/
211,カフェ,珈琲館 ウッフ,,東京都港区西新橋1-17-7,https://tabelog.com/tokyo/A1301/A130103/13141167/
212,カフェ,白金台珈琲 Kuromimi Lapin,"営業時間
［月・火・水・金］8:00～18:00［土］9:00～17:00
定休日
木曜日、日曜日、祝日",東京都港区白金台5-17-8- 2F,https://tabelog.com/tokyo/A1316/A131602/13162478/
213,カフェ,タリーズコーヒー 白金高輪駅店,"営業時間
[月～金]7:30～21:00[土・日・祝] 8:00～20:00",東京都港区白金1-17-3 NBFプラチナタワー B1F,https://tabelog.com/tokyo/A1316/A131602/13245919/
214,カフェ,草の花,"営業時間
11:00～",東京都港区芝4-12-2,https://tabelog.com/tokyo/A1314/A131402/13076448/
215,カフェ,エフカイビーチ,"営業時間
11:00～23:00
定休日
不定休",東京都港区台場1-4-1,https://tabelog.com/tokyo/A1313/A131306/13112388/
216,カフェ,川志満,"営業時間
8時00分〜16時00分 
定休日
土曜日、日曜日、祝日",東京都港区北青山2-7-20 川志満ビル1Ｆ,https://tabelog.com/tokyo/A1306/A130603/13055816/
217,カフェ,フォーク喫茶　香林坊,"営業時間
［月～金］11:00～15:00
定休日
土・日・祝",東京都港区西新橋1-22-2,https://tabelog.com/tokyo/A1308/A130802/13057177/
218,カフェ,デンメア ティーハウス 六本木店,"営業時間
11:00～19:00(L.O.18:30)
日曜営業
定休日
無休",東京都港区六本木7-21-22 セイコー六本木ビル　１Ｆ,https://tabelog.com/tokyo/A1307/A130701/13060196/
219,カフェ,スターバックス コーヒー 六本木 蔦屋書店,"営業時間
7:00～23:00(L.O.22:30)
日曜営業
定休日
無休",東京都港区六本木6-11-1 六本木ヒルズ　けやき坂通り　ゲートタワー,https://tabelog.com/tokyo/A1307/A130701/13005366/
220,カフェ,キャロル,"営業時間
8:00～23:00
定休日
日曜",東京都港区高輪2-6-20,https://tabelog.com/tokyo/A1316/A131603/13058454/
221,カフェ,ドトールコーヒーショップ 外苑前店,,東京都港区北青山2-7-18 青山山崎ビル B1F～2F,https://tabelog.com/tokyo/A1306/A130603/13218591/
222,カフェ,ドトールコーヒーショップ 青山店,,東京都港区南青山3-1-30 エイベックスビル 1F,https://tabelog.com/tokyo/A1306/A130602/13217390/
223,カフェ,ザ・ガーデン,"営業時間
朝食　7:00～11:00ティータイム11:00～11:30ランチ　11:30～14:00ティータイム　14:00～17:30ディナー　17:30～22:00（ﾗｽﾄｵｰﾀﾞｰ21:30）
日曜営業",東京都港区六本木5-11-16 国際文化会館 1F,https://tabelog.com/tokyo/A1307/A130702/13103946/
224,カフェ,星乃珈琲店 六本木店,"営業時間
[平日]10:00～23:00(L.O.22:30)[土、日、祝]9:00～23:00(L.O.22:30)
定休日
年中無休",東京都港区六本木7-14-7 トリニティビル 1F,https://tabelog.com/tokyo/A1307/A130701/13157543/
225,カフェ,ラウンジ バンブー,"営業時間
【ラウンジ営業】10:00～21:00(フード&ドリンク L.O.20：30)※2023年1月4日より、営業時間10:00～19:00(フード&ドリンク L.O.18：30)
日曜営業
定休日
無休",東京都港区白金台1-1-50 シェラトン都ホテル東京 1F,https://tabelog.com/tokyo/A1316/A131602/13000015/
226,カフェ,カフェ ド クリエ 田町駅東口なぎさテラス,"営業時間
[月～金] 7:00～21:00[土・日・祝]9:00～20:00
日曜営業
定休日
無休",東京都港区芝浦3-1-32 なぎさテラス 3F,https://tabelog.com/tokyo/A1314/A131402/13220901/
227,カフェ,新橋ROCHE,"営業時間
[月〜金]11:30〜20:00
定休日
土日定休日",東京都港区新橋5-12-5 Nakagawa Build 1F,https://tabelog.com/tokyo/A1301/A130103/13091047/
228,カフェ,スワン カフェ＆ベーカリー 赤坂店,"営業時間
7:45～14:00
定休日
土曜日、日曜日、祝日",東京都港区赤坂1-2-2 日本財団ビル　１Ｆ,https://tabelog.com/tokyo/A1308/A130802/13015844/
229,カフェ,スターバックスコーヒー ムスブ田町4階店,,東京都港区芝浦3-1-21 msb Tamachi 田町ステーションタワーS 4F,https://tabelog.com/tokyo/A1314/A131402/13230130/
230,カフェ,ニューヨークラウンジ by インターコンチネンタル 東京ベイ,"営業時間
平日 10:00〜22:00 / 土日祝 9:00〜22:00アラカルト10：30~22：00アフターヌーンティー11：00〜22：00（LO午前8時〜午後）バー17：00~22：00
日曜営業
定休日
無休",東京都港区海岸1-16-2 ホテルインターコンチネンタル東京ベイ 1F,https://tabelog.com/tokyo/A1314/A131401/13150728/
231,カフェ,カフェ フルール,,東京都港区芝浦1-16-1 みなとパーク芝浦 1F,https://tabelog.com/tokyo/A1314/A131402/13178603/
232,カフェ,セピア,"営業時間
[月〜金]9:00〜22:00[土]11:00〜19:00
定休日
日曜",東京都港区白金台2-26-8,https://tabelog.com/tokyo/A1316/A131603/13088059/
233,カフェ,UNI COFFEE ROASTERY PREMIUM 麻布十番店,"営業時間
8:00～21:00",東京都港区麻布十番2-3-2 TRUNK麻布十番 1～2F,https://tabelog.com/tokyo/A1307/A130702/13278625/
234,カフェ,THE_B,"営業時間
AM10:00～PM7:30
日曜営業
定休日
なし",東京都港区南青山5-10-2 第2九曜ビル 1F,https://tabelog.com/tokyo/A1306/A130602/13251755/
235,カフェ,Little Darling Coffee Roasters,"営業時間
10:00-19:00(フードLO 18:30 ドリンクLO 19:00)
日曜営業
定休日
不定休",東京都港区南青山1-12-32,https://tabelog.com/tokyo/A1307/A130701/13225981/
236,カフェ,エグゼクティブラウンジ,"営業時間
7:00～21:00
日曜営業",東京都港区台場1-9-1 ヒルトン東京お台場 3F,https://tabelog.com/tokyo/A1313/A131306/13220772/
237,カフェ,珈琲館 アトレ竹芝店,,東京都港区海岸1-10-30 アトレ竹芝 タワー棟 1F,https://tabelog.com/tokyo/A1314/A131401/13249723/
238,カフェ,マイ プレイグラウンド,,東京都港区芝浦3-1-1 田町ステーションタワーN 2F,https://tabelog.com/tokyo/A1314/A131402/13252605/
239,カフェ,スワンカフェ 品川港南店,,東京都港区港南2-13-26 ヤマト港南ビル 2F,https://tabelog.com/tokyo/A1314/A131403/13254089/
240,カフェ,キーズカフェ クラッセ,"営業時間
8:00～17:00
定休日
土曜日、日曜日、祝日",東京都港区西新橋2-34-4 キーコーヒー本社ビル 1F,https://tabelog.com/tokyo/A1314/A131401/13169663/
241,カフェ,喫茶レストラン縄,"営業時間
11:00～24:00
定休日
土曜日、日曜日、祝日",東京都港区東麻布3-8-9 東麻布ビル　１Ｆ,https://tabelog.com/tokyo/A1307/A130702/13022202/
242,カフェ,上島珈琲店 大門店,"営業時間
［月～金］7:00～22:00［土］7:30～21:30［日・祝］7:30～21:00
日曜営業
定休日
不定休",東京都港区芝大門2-4-1,https://tabelog.com/tokyo/A1314/A131401/13049024/
243,カフェ,新橋珈琲店,"営業時間
[月～土]7:00～21:00[日・祝]9:00～20:00
定休日
年中無休（年末年始を除く）",東京都港区新橋2-21-1 新橋駅前ビル2号館 1F,https://tabelog.com/tokyo/A1301/A130103/13048311/
244,カフェ,Cafe Renoir 芝大門店,"営業時間
［月～土］7:30～22:00［日・祝］8:00～22:00　
日曜営業
定休日
無休",東京都港区芝大門2-3-1 常泉ビル 2F,https://tabelog.com/tokyo/A1314/A131401/13245250/
245,カフェ,ベイサイドカフェ キーウェスト,"営業時間
10:00～18:00
定休日
年中無休",東京都港区海岸1-16-1 ニューピア竹芝サウスタワー　３Ｆ,https://tabelog.com/tokyo/A1314/A131401/13047802/
246,カフェ,Off coffee stand 青山一丁目店,"営業時間
[月～金]8:00～18:00[土]10:00～18:00
定休日
日曜日、祝日",東京都港区南青山1-10-3,https://tabelog.com/tokyo/A1306/A130603/13281103/
247,カフェ,STREAMER COFFEE COMPANY AKASAKA,,東京都港区赤坂3-6-14 赤坂楓庵ビル 1F,https://tabelog.com/tokyo/A1308/A130801/13261009/
248,カフェ,喫茶室ルノアール 新橋烏森口店,"営業時間
[月～金]7:00～22:00[土・日・祝]7:00～20:00
日曜営業
定休日
なし",東京都港区新橋4-10-2 相鉄フレッサイン新橋烏森口 2F,https://tabelog.com/tokyo/A1301/A130103/13129973/
249,カフェ,トウキョウ リトルハウス,"営業時間
[月～金]11:00～17:00
定休日
土曜日、日曜日、祝日",東京都港区赤坂3-6-12,https://tabelog.com/tokyo/A1308/A130801/13222530/
250,カフェ,ラウンジ もみじ,"営業時間
10:00～20:30（ラストオーダー20:00）
日曜営業
定休日
年中無休",東京都港区高輪3-13-1 グランドプリンスホテル新高輪 1F,https://tabelog.com/tokyo/A1316/A131603/13013932/
251,カフェ,ドトール コーヒー ショップ 赤坂5丁目店,"営業時間
［月～金］6:45～20:00［土］8:00～19:00［日・祝］8:00～18:30
日曜営業
定休日
無休",東京都港区赤坂5-4-12 TGA AKASAKA 1F～2F,https://tabelog.com/tokyo/A1308/A130801/13179036/
252,カフェ,タリーズコーヒー 田町森永プラザビル店,"営業時間
[月～金]7:00～21:00[土・日]8:00～21:00
日曜営業
定休日
無休",東京都港区芝5-33-1 森永プラザビル別館 2F,https://tabelog.com/tokyo/A1314/A131402/13190401/
253,カフェ,ベローチェ  虎ノ門店,,東京都港区虎ノ門1-15-10 名和ビル 1F,https://tabelog.com/tokyo/A1308/A130802/13144987/
254,カフェ,トリセン 赤坂本店,"営業時間
11:00～16:00
定休日
月曜日、土曜日、日曜日",東京都港区赤坂8-7-19,https://tabelog.com/tokyo/A1306/A130603/13020358/
255,カフェ,ツバキカフェ 新橋駅前店,"営業時間
[月～木]6:45-22:00[金]6:45-23:00[土]9:00-20:00[日]休業
日曜営業
定休日
無休",東京都港区新橋3-21-12 Ｉ．Ｓ．Ｂｌｄｇ　1F～3F,https://tabelog.com/tokyo/A1301/A130103/13094812/
256,カフェ,サンドリアン,"営業時間
月～土９：３０～２２：００
定休日
日曜・祭日・第4土曜日",東京都港区白金5-8-14,https://tabelog.com/tokyo/A1316/A131602/13072555/
257,カフェ,スターバックス・コーヒー 麻布十番店,"営業時間
[月～木]6:30～22:00[金]6:30～22:30[土]7:00～22:30[日・祝]7:00～22:00
日曜営業
定休日
年中無休",東京都港区麻布十番1-11-14 ＳＢＳビル　１Ｆ,https://tabelog.com/tokyo/A1307/A130702/13033126/
258,カフェ,LABO,"営業時間
[月～金]11:30～翌5:00〔土〕18:00〜翌5:00〔日〕定休日
定休日
日曜日",東京都港区赤坂3-13-16 田川ビル 1F,https://tabelog.com/tokyo/A1308/A130801/13267633/
259,カフェ,青山フラワーマーケット グリーンハウス 南青山本店,"営業時間
10:00～21:00(フードL.O.20:00 ドリンクL.O.20:30)",東京都港区南青山5-4-41 グラッセリア青山 1F,https://tabelog.com/tokyo/A1306/A130602/13271007/
260,カフェ,まつもと,"営業時間
8:00～17:00
定休日
日曜日、祝日",東京都港区赤坂7-5-32,https://tabelog.com/tokyo/A1308/A130801/13076242/
261,カフェ,伊右衛門カフェ 品川店,"営業時間
[月～金]8:00～23:00[土・日・祝］11:00～23:00【年末年始営業時間】12/29〜12/30：休業12/31〜1/3：休館　
日曜営業
定休日
無休",東京都港区港南2-3-13 品川フロントビル 1F,https://tabelog.com/tokyo/A1314/A131403/13242170/
262,カフェ,ブルーボトルコーヒー 青山カフェ,"営業時間
8:00～19:00
日曜営業
定休日
無休",東京都港区南青山3-13-14 増田ビル 2F,https://tabelog.com/tokyo/A1306/A130602/13179495/
263,カフェ,カロライナ,"営業時間
[月～金]10時〜21時
定休日
土曜日・日曜日 祝日",東京都港区芝大門1-3-14 ソエタビル1F,https://tabelog.com/tokyo/A1314/A131401/13048419/
264,カフェ,KITERU nishiazabu,"営業時間
現在レストランは再開に向けて準備中です。貸し切りのみご予約をお受けしております。ご了承くださいませ。
日曜営業
定休日
日曜祝日",東京都港区西麻布2-15-3,https://tabelog.com/tokyo/A1307/A130701/13210891/
265,カフェ,メルシィー,"営業時間
［月～金］8:00～17:00
定休日
土曜日、日曜日",東京都港区新橋6-8-2 全国生衛会館　１F,https://tabelog.com/tokyo/A1301/A130103/13106983/
266,カフェ,ブルーボトルコーヒー 六本木カフェ,"営業時間
8:00～20:00",東京都港区六本木7-7-7 Tri-SevenRoppongi B1F,https://tabelog.com/tokyo/A1307/A130701/13200314/
267,カフェ,喫茶 気まぐれ,"営業時間
【平日・土】08:00～22:00 (L.O.21:30)
定休日
日・祝日 毎週日曜日＋祭日定休（不定休あり）",東京都港区新橋2-16-1 ニュ-新橋ビル 307,https://tabelog.com/tokyo/A1301/A130103/13266124/
268,カフェ,ピエトレ・プレツィオーゼ,"営業時間
2023年10月の営業時間【月～金】9:00～19:00（18:00L.O）【土】12:00〜23:00（22:00L.O）
定休日
日曜日(他、不定休)",東京都港区南麻布4-2-48 TTCビル 1F,https://tabelog.com/tokyo/A1307/A130703/13165492/
269,カフェ,THE SMOKIST COFFEE 新橋店,"営業時間
[月～金]6:45～21:00[土]7:00～20:00
定休日
日曜日",東京都港区新橋2-2-2 ル･グラシエルBLDG.8 1F,https://tabelog.com/tokyo/A1301/A130103/13256831/
270,カフェ,エクセルシオールカフェ ウィング新橋店,"営業時間
平日　7：00-22：00土曜　9：00-22：00日祝　9：00-22：00
日曜営業",東京都港区新橋2丁目 東口地下街1号　ウィング新橋内,https://tabelog.com/tokyo/A1301/A130103/13058242/
271,カフェ,COFFEE STAND .OTTEN,"営業時間
8:30～20:30(L.O.20:15)",東京都港区港南1-8-35 THE CAMPUS,https://tabelog.com/tokyo/A1314/A131403/13259928/
272,カフェ,椿屋珈琲 六本木茶寮,"営業時間
月～木 9:00～22:30金・土 9:00～23:00日祝日 9:00～22:30
日曜営業
定休日
無休",東京都港区六本木6-2-35 ２Ｆ,https://tabelog.com/tokyo/A1307/A130701/13023348/
273,カフェ,珈琲社中,,東京都港区芝大門1-2-21 セゾンビル芝大門 １F,https://tabelog.com/tokyo/A1314/A131401/13182805/
274,カフェ,純喫茶もくもく,"営業時間
[月～土]13:00～18:00
定休日
日曜日",東京都港区芝5-26-3 2F,https://tabelog.com/tokyo/A1314/A131402/13272091/
275,カフェ,タリーズコーヒー 赤坂ガーデンシティ店,"営業時間
平日：8:00～19:00土 ：休業日日祝：休業日
定休日
土日祝",東京都港区赤坂4-15-1,https://tabelog.com/tokyo/A1308/A130801/13106931/
276,カフェ,スターバックス・コーヒー 赤坂溜池タワー店,"営業時間
7:00～19:00
定休日
土曜日、日曜日、祝日",東京都港区赤坂2-17-1 赤坂溜池タワー　１Ｆ,https://tabelog.com/tokyo/A1308/A130802/13032597/
277,カフェ,ドマーニ,,東京都港区浜松町2丁目7-19 1F,https://tabelog.com/tokyo/A1314/A131401/13128225/
278,カフェ,タリーズコーヒー 芝ＮＢＦタワー店,"営業時間
［月〜金］8:00〜19:00
定休日
土日祝日",東京都港区芝大門1-1-30,https://tabelog.com/tokyo/A1314/A131401/13086703/
279,カフェ,ドトールコーヒーショップ 田町センタービル店,"営業時間
[月〜金]7:20〜21:00[土]7:30〜19:00
定休日
日・祝",東京都港区芝5-34-7 田町センタ－ビルピアタ,https://tabelog.com/tokyo/A1314/A131402/13105096/
280,カフェ,アトリウムラウンジ,"営業時間
9:00～21:00 (20:30L.O.)※アフタヌーンティーの提供時間： 11:00～19:00(最終入店)
日曜営業
定休日
無休",東京都港区赤坂1-12-33 ANAインターコンチネンタルホテル東京,https://tabelog.com/tokyo/A1308/A130802/13007535/
281,カフェ,タリーズコーヒー アトレ竹芝店,"営業時間
［月～金］8:00～22:00［土・日・祝］10:00～22:00",東京都港区海岸1-10-45 アトレ竹芝 1F,https://tabelog.com/tokyo/A1314/A131401/13251155/
282,カフェ,やなか珈琲店 西新橋店,"営業時間
[月～金]7:30～20:00(L.O19:45)[土]11:00～18:00(L.O17:45)
定休日
日曜・祝日",東京都港区西新橋2-6-3,https://tabelog.com/tokyo/A1301/A130103/13111861/
283,カフェ,アラビカ東京 麻布台ヒルズ4F店,,東京都港区麻布台1-3-1 麻布台ヒルズ タワープラザ 4F,https://tabelog.com/tokyo/A1307/A130701/13291787/
284,カフェ,カフェ・ド・クリエ 西新橋２丁目店,"営業時間
[平　日] 7:00-21:00[土日祝] (土)7:30-19:00　(日/祝)8:00-18:00
日曜営業",東京都港区西新橋2-39-3 SVAX西新橋ビル1F,https://tabelog.com/tokyo/A1301/A130103/13114976/
285,カフェ,ヤホ コーヒーロースター＆ワインバー 田町店,"営業時間
［月～金］7:30～22:00［土・日］8:00～21:00
日曜営業
定休日
無休",東京都港区芝5-29-11,https://tabelog.com/tokyo/A1314/A131402/13233931/
286,カフェ,エクセルシオール カフェ  三田店,"営業時間
[月～金]6:45～23:0022:40(LO）[土]7:00～22:0021:40(LO）[日祝]7:00～21:0020:40(LO）
日曜営業
定休日
無休",東京都港区芝5-31-5 ＧＡＴＯ三田ビル1・2F,https://tabelog.com/tokyo/A1314/A131402/13059374/
287,カフェ,ザ サード カフェ,"営業時間
[平日]7:00～21:00[土日]9:00～19:00※時短営業中7:00～20:00(土・日休業中)
日曜営業
定休日
当面の間土曜日・日曜日※詳細は虎ノ門ヒルズ公式ホームページをご覧ください。",東京都港区虎ノ門1-23-3 虎ノ門ヒルズ森タワー 3F,https://tabelog.com/tokyo/A1308/A130802/13169270/
288,カフェ,上島珈琲店 麻布十番店,"営業時間
7:00～22:00
日曜営業
定休日
なし",東京都港区麻布十番2-1-8,https://tabelog.com/tokyo/A1307/A130702/13054118/
289,カフェ,ふくい南青山291,"営業時間
9:00～21:00(L.O.フード20:15 ドリンクL.O.20:30)[モーニング]9:00 - 11:00[ランチ・カフェ]11:00 - 18:00[バータイム]18:00 - 21:00
定休日
年末年始",東京都港区南青山5-4-41 グラッセリア青山 1F,https://tabelog.com/tokyo/A1306/A130602/13283430/
290,カフェ,ドトールコーヒーショップ 芝浦３丁目店,"営業時間
平日　7：00－19：00　土曜　7：30－18：00日祝　8：00－18：00　
日曜営業
定休日
なし",東京都港区芝浦3-11-7,https://tabelog.com/tokyo/A1314/A131402/13086795/
291,カフェ,キーズカフェ 赤坂店,"営業時間
7:00～23:00(L.O 22:30)
定休日
無休",東京都港区赤坂3-13-7 FIRST CABIN 2F,https://tabelog.com/tokyo/A1308/A130801/13195646/
292,カフェ,ドトールコーヒーショップ 虎ノ門桜田通り店,"営業時間
［土曜日］～16:00
定休日
日曜、祝日",東京都港区虎ノ門2-5-4,https://tabelog.com/tokyo/A1308/A130802/13086771/
293,カフェ,TORANOMON HILLS CAFE,"営業時間
8:00-23:00(L.O 22:30)
定休日
施設に準ずる",東京都港区虎ノ門2-6-3 虎ノ門ヒルズ ステーションタワー B2F,https://tabelog.com/tokyo/A1308/A130802/13289045/
294,カフェ,ウエスト青山ガーデン,"営業時間
11:00～20:00
日曜営業
定休日
無休",東京都港区南青山1-22-10,https://tabelog.com/tokyo/A1307/A130701/13057028/
295,カフェ,サロン・ド・テ・ロンド,"営業時間
11:00～18:00(L.O.17:30)
日曜営業
定休日
火（祝祭日の場合は水曜日となる）",東京都港区六本木7-22-2 国立新美術館 2F,https://tabelog.com/tokyo/A1307/A130701/13035826/
296,カフェ,カフェ・ド・ラペ,,東京都港区南青山1-15-20 ヴィラ乃木坂 1F,https://tabelog.com/tokyo/A1307/A130701/13006986/
297,カフェ,JAIME,"営業時間
CAFE【日〜水】8:00〜20:00(19:00)【木〜土】8:00〜22:00(21:00)
日曜営業
定休日
無し",東京都港区赤坂6-16-4 1F,https://tabelog.com/tokyo/A1308/A130801/13261508/
298,カフェ,ヘッケルン,,東京都港区西新橋1-20-11 安藤ビル1S,https://tabelog.com/tokyo/A1308/A130802/13057178/
299,カフェ,CHEZ MADU 六本木店,"営業時間
10:00～20:00(L.O)
日曜営業
定休日
無休",東京都港区六本木6-9-1 テレビ朝日本社ビル　１Ｆ,https://tabelog.com/tokyo/A1307/A130701/13015850/
300,カフェ,TORAYA AN STAND 青山一丁目店,"営業時間
9:00～19:00
定休日
土曜日、日曜日、祝日、夏季休業",東京都港区南青山1-1-1 新青山ビル西館 B1F,https://tabelog.com/tokyo/A1306/A130603/13127964/
301,カフェ,カルディコーヒーファーム 新橋店,"営業時間
［月～金］8:00～22:00［土・日・祝］10:00～21:00
日曜営業
定休日
無休",東京都港区新橋2-17-14 JR新橋駅 B1F,https://tabelog.com/tokyo/A1301/A130103/13173608/
302,カフェ,カフェ ウイン,,東京都港区南青山2-2-15 ウィン青山 2F,https://tabelog.com/tokyo/A1306/A130603/13181477/
303,カフェ,オールプレス エスプレッソ 虎ノ門ヒルズビジネスタワー店,"営業時間
[月〜金]8:00 - 20:00[土・日・祝]9:00 - 18:00
日曜営業
定休日
無し",東京都港区虎ノ門1-17-1 虎ノ門ヒルズビジネスタワー 2F,https://tabelog.com/tokyo/A1308/A130802/13247711/
304,カフェ,イデーカフェ パルク 東京ミッドタウン店,"営業時間
11:00～20:00
日曜営業
定休日
無休",東京都港区赤坂9-7-4 東京ミッドタウン ガレリア 3F,https://tabelog.com/tokyo/A1307/A130701/13037365/
305,カフェ,スターバックスコーヒー ムスブ田町2階店,"営業時間
7:00～22:00
日曜営業
定休日
無休",東京都港区芝浦3-1-21 msb Tamachi 田町ステーションタワーS 2F 205,https://tabelog.com/tokyo/A1314/A131402/13229962/
306,カフェ,#カフェ105　トラノモン,"営業時間
7:30～19:00(L.O.18:30)
定休日
土曜日、日曜日、祝日",東京都港区虎ノ門1-23-1 虎ノ門ヒルズ森タワー 4F,https://tabelog.com/tokyo/A1308/A130802/13243925/
307,カフェ,タリーズコーヒー 浜松町駅北口店,"営業時間
7:30～22:00  [土] 9:00～20:00[日・祝] 9:00～20:00
日曜営業
定休日
年中無休",東京都港区浜松町1-30 浜松町スクエア　１Ｆ,https://tabelog.com/tokyo/A1314/A131401/13035786/
308,カフェ,横濱屋,"営業時間
[月～金]10:00～19:00(L.O)[土・日・祝]12:00～18:00頃(L.O)
日曜営業
定休日
祝日（不定休）",東京都港区麻布台1-11-2 星野ビル B1F,https://tabelog.com/tokyo/A1307/A130704/13039935/
309,カフェ,フレームカフェ,"営業時間
11:30～18:00
日曜営業
定休日
無休",東京都港区台場1-6-1 デックス東京ビーチ 東京ジョイポリス,https://tabelog.com/tokyo/A1313/A131306/13153354/
310,カフェ,ドトールコーヒーショップ アレア品川店,"営業時間
［月～金］6:30～21:00［土］7:30～20:00［日・祝］8:00～20:00
日曜営業
定休日
無休",東京都港区港南1-9-36 アレア品川 2F,https://tabelog.com/tokyo/A1314/A131403/13163842/
311,カフェ,ドトール コーヒー ショップ 溜池山王店,"営業時間
6:45～20:00",東京都港区赤坂1-5-14,https://tabelog.com/tokyo/A1308/A130802/13178784/
312,カフェ,カフェ麻布にしむら,"営業時間
[月～土]10:30〜19:00
定休日
日曜・祝日",東京都港区東麻布2-19-3,https://tabelog.com/tokyo/A1314/A131401/13159888/
313,カフェ,Tea Room Green,,東京都港区南麻布4-1-29 広尾ガーデン 2F,https://tabelog.com/tokyo/A1307/A130703/13117685/
314,カフェ,KINEEL 東京ミッドタウン店,"営業時間
11:00～21:00（カフェL.O.20:00）
日曜営業",東京都港区赤坂9-7-1 東京ミッドタウン プラザ B1F,https://tabelog.com/tokyo/A1307/A130701/13260617/
315,カフェ,スターバックス・コーヒー アークヒルズ店,"営業時間
[月～金]7:00～22:00[土・日・祝]8:00～21:00
日曜営業
定休日
不定休",東京都港区赤坂1-12-32 アーク森ビル 1F,https://tabelog.com/tokyo/A1307/A130701/13033516/
316,カフェ,カフェ&バーラウンジ セレクロワ,"営業時間
8:00～23:00(22:30LO)
日曜営業
定休日
無休",東京都港区芝3-23-1 セレスティンホテル 1F,https://tabelog.com/tokyo/A1314/A131402/13078663/
317,カフェ,カファブンナ,"営業時間
12:30～19:00
日曜営業
定休日
水曜日、不定休",東京都港区六本木7-17-20 明泉ビル ２Ｆ,https://tabelog.com/tokyo/A1307/A130701/13012992/
318,カフェ,喫茶室ルノアール 品川港南口店,"営業時間
[月～金]7:00～22:00[土]8:00～22:00[日・祝]8:00～20:00
日曜営業
定休日
なし",東京都港区港南2-3-29 シーゲンビル １Ｆ,https://tabelog.com/tokyo/A1314/A131403/13087041/
319,カフェ,タリーズコーヒー 汐留住友ビル店,"営業時間
7:30～19:00
定休日
土曜日、日曜日",東京都港区東新橋1-9-2 汐留住友ビル 2F,https://tabelog.com/tokyo/A1301/A130103/13227077/
320,カフェ,スターバックス・コーヒー ぺディ汐留店,"営業時間
[月～金] 07:00～22:00 [土・日・祝] 08:00～20:00
定休日
年中無休",東京都港区東新橋1-9-1 ペディ汐留 B2F,https://tabelog.com/tokyo/A1301/A130103/13034105/
321,カフェ,Lobby,,東京都港区浜松町1-20-10 ライオネス浜松町,https://tabelog.com/tokyo/A1314/A131401/13156742/
322,カフェ,ドトールコーヒーショップ 三田店,,東京都港区芝5-27-12,https://tabelog.com/tokyo/A1314/A131402/13086790/
323,カフェ,タリーズコーヒー 品川インターシティ店,"営業時間
［月～金］7:00～21:00［土］8:00～19:00［日］9:00～19:00
日曜営業
定休日
無休",東京都港区港南2-15-2 品川インターシティ A棟 2F,https://tabelog.com/tokyo/A1314/A131403/13185556/
324,カフェ,アイランド・ヴィンテージ・コーヒー 台場店,"営業時間
11:00～21:00(L.O.20:30)
日曜営業
定休日
無休",東京都港区台場1-6-1 デックス東京ビーチシーサイドモール 3F,https://tabelog.com/tokyo/A1313/A131306/13185529/
325,カフェ,スターバックス・コーヒー 芝大門店,"営業時間
[月～金] 6:30～21:00 [土・日・祝] 7:00～20:00
日曜営業
定休日
不定休",東京都港区芝公園2-3-4,https://tabelog.com/tokyo/A1314/A131401/13043786/
326,カフェ,ドトールコーヒーショップ 浜松町１丁目店,"営業時間
平日　　7:00-20:00土曜　　7:30-19:00日祝　　8:30-18:00",東京都港区浜松町1-29-9,https://tabelog.com/tokyo/A1314/A131401/13086909/
327,カフェ,i2 cafe,"営業時間
8:00～17:00(L.O.16:00)
日曜営業
定休日
無休",東京都港区南青山3-9-1,https://tabelog.com/tokyo/A1306/A130602/13282796/
328,カフェ,喫茶室 ルノアール 新橋汐留口駅前店,"営業時間
[月～土]7:00～22:30　[日・祝]8:00～21:00
日曜営業
定休日
なし",東京都港区新橋2-21-1 新橋駅前ビル2号館 1F,https://tabelog.com/tokyo/A1301/A130103/13141082/
329,カフェ,ジャローナ,"営業時間
［火～金］12:00～19:00［土］12:00～17:00
定休日
日曜日・月曜日",東京都港区赤坂2-6-22 デュオ・スカーラ赤坂Ⅱ B1F,https://tabelog.com/tokyo/A1308/A130801/13149170/
330,カフェ,AZABUDAI HILLS CAFÉ,"営業時間
8:00-23:00
定休日
施設に準ずる",東京都港区麻布台1-3-1 麻布台ヒルズ森JPタワー A街区 B1F 3区画,https://tabelog.com/tokyo/A1307/A130701/13291203/
331,カフェ,スターバックス・コーヒー 六本木ヒルズ メトロハット・ハリウッドプラザ店,"営業時間
7:00～22:30
日曜営業
定休日
無休",東京都港区六本木6-4-1 六本木ヒルズ　メトロハット/ハリウッドプラザ B1F,https://tabelog.com/tokyo/A1307/A130701/13022697/
332,カフェ,スターバックス・コーヒー 赤坂Bizタワー店,"営業時間
7:00～21:00
日曜営業
定休日
無休",東京都港区赤坂5-3-1 赤坂Bizタワー 1F,https://tabelog.com/tokyo/A1308/A130801/13047174/
333,カフェ,エルカフェラティーノ,"営業時間
[Weekday] 18:00〜24:00[Weekday&Before Holiday] 18:00〜翌5:00※東京都の営業時間短縮等の要請に応じて変更していますのでご注意下さい。
日曜営業
定休日
無休",東京都港区六本木3-15-24 ＷＩＮ六本木,https://tabelog.com/tokyo/A1307/A130701/13021099/
334,カフェ,コヒア アラビカ,"営業時間
12:00～20:00
日曜営業
定休日
無休",東京都港区赤坂3-18-2 Ｂ１Ｆ,https://tabelog.com/tokyo/A1308/A130801/13013444/
335,カフェ,カフェ 高麗屋,"営業時間
[月～土]11:00～18:30（L.O.18:00） 
定休日
日曜日",東京都港区六本木3-4-16 IDAKIビル１F,https://tabelog.com/tokyo/A1307/A130701/13061040/
336,カフェ,さんぼる,,東京都港区芝浦1-4-13,https://tabelog.com/tokyo/A1314/A131401/13162245/
337,カフェ,スタンダードコーヒー  青山,"営業時間
［月～金］7:30～20:00[土]8:00～18:00［日・祝］9:00～18:00
日曜営業
定休日
無休",東京都港区南青山1-1-1 新青山ビル西館 B1F,https://tabelog.com/tokyo/A1306/A130603/13239552/
338,カフェ,バンクサンドイッチ 三田聖坂店,"営業時間
［月～金］8:00～20:00［土］８:00～18:00［日・祝］8:00～17:00
日曜営業
定休日
ゴールデンウイーク・年末年始",東京都港区三田3-4-11 三田3丁目ビル 1F,https://tabelog.com/tokyo/A1314/A131402/13267380/
339,カフェ,サンマルクカフェ 田町駅前店,"営業時間
7:00～23:00
日曜営業
定休日
無休",東京都港区芝5-33-1 森永プラザビル別館 1F・2F,https://tabelog.com/tokyo/A1314/A131402/13190219/
340,カフェ,Rainy Day Bookstore & Cafe,"営業時間
[お知らせ]しばらく休業いたします。
定休日
土日祝",東京都港区西麻布2-21-28 Ｂ１Ｆ,https://tabelog.com/tokyo/A1306/A130602/13040763/
341,カフェ,アレ,"営業時間
月、水〜金11:00-19:00土・日・祝11:00-20:00 暫くの間、短時間営業とさせていただきます。⁡
日曜営業
定休日
火曜 定休",東京都港区北青山3-5-23 NOI Omotesando 1F,https://tabelog.com/tokyo/A1306/A130602/13267636/
342,カフェ,ニューセム,"営業時間
7:30～18:00
定休日
土曜日、日曜日、祝日",東京都港区赤坂2-19-4,https://tabelog.com/tokyo/A1307/A130701/13088288/
343,カフェ,乙女珈琲店,"営業時間
[月・火・水]11:00～16:30[木～日]13:00～18:00
日曜営業
定休日
祝日",東京都港区浜松町1-12-12,https://tabelog.com/tokyo/A1314/A131401/13187703/
344,カフェ,カフェ パスクッチ 西麻布店,"営業時間
{月〜金}8:30 - 20:00 (L.O.21:30)[土・日・祝]8:00 - 18:00(L.O.17:30)
日曜営業
定休日
1/1",東京都港区西麻布4-18-17 K西麻布 1F,https://tabelog.com/tokyo/A1307/A130703/13237519/
345,カフェ,ノブカフェ,"営業時間
[月～金]9:00～17:00
定休日
土曜・日曜・祝日",東京都港区虎ノ門4-1-28 虎ノ門タワーズオフィスB1F,https://tabelog.com/tokyo/A1307/A130704/13135523/
346,カフェ,カフェ・ド・クリエ  日比谷通り内幸町,"営業時間
［月～金］7:00～20:30［土・日・祝］9:00～18:30
日曜営業
定休日
無休",東京都港区新橋1-18-1 航空会館ビル１F,https://tabelog.com/tokyo/A1301/A130103/13128523/
347,カフェ,高輪バール・デルソーレ,"営業時間
月〜土曜日：11時〜23時（ラストオーダー22時00分）日曜・祝日：11時〜22時（ラストオーダー21時00分）
日曜営業
定休日
不定休（ウィング高輪に準ずる）",東京都港区高輪4-10-18 京急ショッピングプラザ　ウィング高輪　WEST 1F,https://tabelog.com/tokyo/A1314/A131403/13018933/
348,カフェ,モリバコーヒー 浜松町店,"営業時間
7:00～22:30
日曜営業",東京都港区海岸1-9-11,https://tabelog.com/tokyo/A1314/A131401/13115509/
349,カフェ,カボット カフェ,"営業時間
[月～金]11:30～23:00[土・祝]12:00～23:00
定休日
日曜日",東京都港区芝2-12-13 ＡＳＩＴＩＳ芝　１Ｆ,https://tabelog.com/tokyo/A1314/A131401/13030541/
350,カフェ,カフェ・ラ・ミル 新橋店,"営業時間
［月～木］8:00～23:00（L.O.22:30）［金］8:00～23:30（L.O.23:00）［土］9:00～22:00（L.O.21:30）［日・祝］10:00～19:00（L.O.18:30）
日曜営業
定休日
無",東京都港区新橋2-16-1 ニュー新橋ビル 1F,https://tabelog.com/tokyo/A1301/A130103/13042540/
351,カフェ,hossimo 赤坂本店,"営業時間
（月-金）8：00～18：00（土）11：30～16：30
定休日
日曜日・祝日",東京都港区赤坂6-4-20 赤坂ヴィラージュ 1F,https://tabelog.com/tokyo/A1308/A130801/13263477/
352,カフェ,茶洒 金田中,"営業時間
11:30～22:00
定休日
不定休(オーク表参道ビルに準ずる)",東京都港区北青山3-6-1 オーク表参道 2F,https://tabelog.com/tokyo/A1306/A130602/13154538/
353,カフェ,カフェ ベローチェ 新橋三丁目店,"営業時間
［月～金］7:00～21:00［土・日・祝］7:00～20:00
日曜営業
定休日
無休",東京都港区新橋3-1-11 長友ランディックビル 1F,https://tabelog.com/tokyo/A1301/A130103/13150185/
354,カフェ,スターバックス・コーヒー 虎ノ門駅前店,"営業時間
［月～金］6:30～22:00［土日祝］8:00～19:00 
日曜営業
定休日
不定休",東京都港区虎ノ門1-1-23 ウンピン虎ノ門ビル,https://tabelog.com/tokyo/A1308/A130802/13033069/
355,カフェ,ロジ カフェ,"営業時間
［カフェタイム］10:00～19:00［ランチタイム］11:00～14:00
定休日
土曜日、日曜日、祝日",東京都港区西新橋1-5-9 ル・グラシエルBLDG.70 B1F,https://tabelog.com/tokyo/A1301/A130103/13215363/
356,カフェ,クレープリーカフェ シュクレ Echika表参道,"営業時間
10:30～23:00(L.O.22:15)
日曜営業
定休日
無休",東京都港区北青山3-6-12 Echika表参道 B1F,https://tabelog.com/tokyo/A1306/A130602/13203830/
357,カフェ,LATTE ART MANIA TOKYO,"営業時間
9:00～18:00[金]9:00～22:00",東京都港区北青山2-9-13,https://tabelog.com/tokyo/A1306/A130603/13280352/
358,カフェ,喫茶室ルノアール 赤坂見附店,"営業時間
[月〜金]7:30〜22:00[土]8:00〜22:00[日・祝]11:00〜18:00
日曜営業
定休日
なし",東京都港区赤坂3-10-2 赤坂コマースビル 2F,https://tabelog.com/tokyo/A1308/A130801/13087026/
359,カフェ,ウカフェ,"営業時間
11:00～20:00フード L.O 18:30ドリンク L.O 19:30
日曜営業
定休日
不定休日あり",東京都港区赤坂9-7-4 東京ミッドタウン ガレリア 2F,https://tabelog.com/tokyo/A1307/A130701/13108902/
360,カフェ,RH Cafe 六本木店,"営業時間
11:00～21:00
定休日
不定休(東京ミッドタウンに準ずる)",東京都港区赤坂9-7-4 東京ミッドタウンガレリアガーデンテラス B1F,https://tabelog.com/tokyo/A1307/A130701/13155278/
361,カフェ,カフェ・ドゥ・トワ,"営業時間
[月～土]11:30～17:00
定休日
日曜日",東京都港区麻布十番1-2-1,https://tabelog.com/tokyo/A1307/A130702/13002839/
362,カフェ,スターバックスコーヒー 赤坂インターシティAIR店,"営業時間
［月～金］7:00～21:00［土］8:00～20:00［日・祝］8:00～19:00
日曜営業
定休日
無休",東京都港区赤坂1-8-1 赤坂インターシティAIR 1F,https://tabelog.com/tokyo/A1308/A130802/13213326/
363,カフェ,512 CAFE & GRILL,"営業時間
[月・火・水・木・金] 10:00〜22:30ラストオーダー：フード 21:30 / ドリンク・アルコール 22:00[土] 10:00〜22:00ラストオーダー： フード 21:00 / ドリンク 21:30[日・祝日]10:00〜21:00ラストオーダー： フード 20:00 / ドリンク 20:30
日曜営業
定休日
不定休",東京都港区赤坂9-5-12 パークサイドシックス A棟 1F,https://tabelog.com/tokyo/A1307/A130701/13174478/
364,カフェ,Royal Garden Cafe 青山,"営業時間
11:00～22:00（L.O　21：00）※18:00以降、予約可能です。
日曜営業
定休日
無休",東京都港区北青山2-1-19,https://tabelog.com/tokyo/A1306/A130603/13058721/
365,カフェ,MARBLE GALLERY CAFE,"営業時間
11:00～19:00(フードL.O.18:00 ドリンクL.O.18:30)
日曜営業
定休日
月曜日",東京都港区赤坂6-19-46 1F,https://tabelog.com/tokyo/A1308/A130801/13280987/
366,カフェ,スターバックス・コーヒー 六本木ヒルズ ウエストウォーク店,"営業時間
07:00～23:00
定休日
年中無休",東京都港区六本木6-10-1 六本木ヒルズ ビジネス棟 2Ｆ,https://tabelog.com/tokyo/A1307/A130701/13033667/
367,カフェ,星乃珈琲店 赤坂見附店,"営業時間
［月～金］9:00～22:00(L.O.21:30)［土・日・祝］10:00～22:00(L.O.21:30)
日曜営業
定休日
無休",東京都港区赤坂3-9-3 赤坂リバティビル 1F,https://tabelog.com/tokyo/A1308/A130801/13216657/
368,カフェ,むさしの森Diner ムスブ田町店,,東京都港区芝浦3-1-1 msb Tamachi 田町ステーションタワーN 1F,https://tabelog.com/tokyo/A1314/A131402/13250446/
369,カフェ,ドトールコーヒーショップ 虎ノ門３丁目店,"営業時間
平　日: 06:45 - 19:30土曜日: 08:00 - 16:00
定休日
日曜、祝日",東京都港区虎ノ門3-18-12,https://tabelog.com/tokyo/A1307/A130704/13086772/
370,カフェ,Elama Tokyo,"営業時間
休業中
定休日
日曜日",東京都港区六本木5-16-52 インペリアル六本木FORUMビル2号館　2F,https://tabelog.com/tokyo/A1307/A130701/13270871/
371,カフェ,フジ,"営業時間
[月～金]10:00～19:00(L.O.18:30)[土]10:00～18:00(L.O.17:30)
定休日
日曜日、祝日",東京都港区新橋2-16-1 ニュー新橋ビル B1F,https://tabelog.com/tokyo/A1301/A130103/13088514/
372,カフェ,シーシャ エーケーエー フーカアンナカフェ,"営業時間
[月～土] 14:00～翌4:00(L.O.翌3:00) ※臨時で16時開店のこともあります。
定休日
日曜日、臨時休業有",東京都港区六本木7-14-1 宝祥ソシアルビル 6F,https://tabelog.com/tokyo/A1307/A130701/13197420/
373,カフェ,ダウン ザ ステアーズ,"営業時間
【水〜日】11:00～15:00 (L.O.14:30)17:30～22:00 (L.O.21:30)
日曜営業
定休日
月曜日、火曜日",東京都港区南青山6-1-6 青山パレス 110,https://tabelog.com/tokyo/A1306/A130602/13146710/
374,カフェ,白十字,"営業時間
[月～金]6:30～19:00[土]6:30～15:00
定休日
日",東京都港区芝5-14-2,https://tabelog.com/tokyo/A1314/A131402/13089455/
375,カフェ,WIRED CAFE Dining Lounge Wing 高輪店,"営業時間
11:00〜22:00 (L.O. 21:00/Food/Drink）
日曜営業
定休日
なし（1/1のみ）",東京都港区高輪4-10-18 京急ショッピングプラザ　ウィング高輪　WEST 2F,https://tabelog.com/tokyo/A1314/A131403/13047158/
376,カフェ,News Art Cafe,"営業時間
10:00～17:00
定休日
土曜日、日曜日、祝日",東京都港区東新橋1-7-1 パークホテル東京 1F,https://tabelog.com/tokyo/A1301/A130103/13015848/
377,カフェ,タリーズコーヒー 海岸竹芝通り店,,東京都港区海岸1-4-8,https://tabelog.com/tokyo/A1314/A131401/13086690/
378,カフェ,カフェ ラ・トゥール,"営業時間
9:30〜21:30
日曜営業
定休日
無休",東京都港区芝公園4-2-8 東京タワー メインデッキ 1F,https://tabelog.com/tokyo/A1314/A131401/13044655/
379,カフェ,カフェ デ コール,,東京都港区赤坂9-6-41 乃木坂ビル 1F,https://tabelog.com/tokyo/A1307/A130701/13215207/
380,カフェ,スターバックス・コーヒー 六本木7丁目店,"営業時間
[月～金] 07:00～22:30 [土] 08:00～22:30 [日・祝] 09:00～22:00
定休日
年中無休",東京都港区六本木7-14-1 東李閣ビル,https://tabelog.com/tokyo/A1307/A130701/13032999/
381,カフェ,アイビー館,"営業時間
モーニング AM7:30～11:00ランチAM11:00～13:00",東京都港区芝公園1-2-10,https://tabelog.com/tokyo/A1314/A131401/13087237/
382,カフェ,エクセルシオールカフェ 赤坂一ツ木通り店,"営業時間
［月～金］7:00～20:00［土・日・祝］8:00～20:00
日曜営業
定休日
無休",東京都港区赤坂3-13-13 赤坂中村ビル 1F,https://tabelog.com/tokyo/A1308/A130801/13086546/
383,カフェ,サンマルクカフェ 品川インターシティ店,"営業時間
7:00～22:00
日曜営業
定休日
年中無休",東京都港区港南2-15-2 品川インターシティ S＆R棟2F,https://tabelog.com/tokyo/A1314/A131403/13134204/
384,カフェ,スターバックス・コーヒー 愛宕グリーンヒルズ店,"営業時間
[月～金] 07:00～21:00 [土] 08:00～19:00 [日・祝] 09:00～19:00
定休日
年中無休",東京都港区愛宕2-5-1 愛宕グリーンヒルズ内,https://tabelog.com/tokyo/A1307/A130704/13032584/
385,カフェ,ドトールコーヒーショップ 新橋外堀通り店,"営業時間

日曜営業",東京都港区新橋1-16-4,https://tabelog.com/tokyo/A1301/A130103/13275939/
386,カフェ,ショウゾウ コーヒー ストア 北青山店,"営業時間
9:30～18:00
日曜営業
定休日
無休",東京都港区北青山3-10-15 1F,https://tabelog.com/tokyo/A1306/A130602/13228185/
387,カフェ,anea cafe 白金店,"営業時間
［月火水木金］11:00~22:00  (food L.O 21:00 drink L.O 21:30)［土日祝］11:00~22:00  (food L･O 21:00 drink L.O 21:30)
日曜営業
定休日
なし",東京都港区白金5-13-6 ANEAビル,https://tabelog.com/tokyo/A1316/A131602/13217302/
388,カフェ,クラフト シェア ロースタリー 錠前屋珈琲,"営業時間
11:30～17:00
定休日
日曜日、祝日",東京都港区西新橋2-34-3先,https://tabelog.com/tokyo/A1308/A130802/13223546/
389,カフェ,上島珈琲 神谷町駅前店,"営業時間
[月～金]7:00～21:00[土・日・祝日【]9:00～19:00
日曜営業
定休日
無休",東京都港区虎ノ門3-18-16 虎ノ門菅井ビル1F,https://tabelog.com/tokyo/A1307/A130704/13134242/
390,カフェ,ドトールコーヒーショップ 浜松町２丁目店,"営業時間
［月～金］6:45～18:00［土・日・祝］10:00～17:00
日曜営業
定休日
無休",東京都港区浜松町2-6-2 浜松町262ビル 1F,https://tabelog.com/tokyo/A1314/A131401/13086910/
391,カフェ,喫茶室ルノアール 田町三田口駅前店,"営業時間
[月～金]7:00～22:00[土]8:00～22:00[日・祝]9:00～21:00
日曜営業
定休日
なし",東京都港区芝5-34-7 田町センタービル 1F,https://tabelog.com/tokyo/A1314/A131402/13106919/
392,カフェ,上島珈琲店 相鉄フレッサイン東京赤坂店,"営業時間
［月～金］6:30～19:00［土・日・祝］6:30～18:00
日曜営業
定休日
無休",東京都港区赤坂6-3-17 相鉄フレッサイン東京赤坂店 1F,https://tabelog.com/tokyo/A1308/A130801/13146746/
393,カフェ,コーヒーショップ キャンディ,,東京都港区白金3-14-1,https://tabelog.com/tokyo/A1316/A131602/13107619/
394,カフェ,スターバックス・コーヒー アクセス表参道店,"営業時間
［月～金］7:00～22:30［土］8:00～22:30［日・祝］8:00～22:00
日曜営業
定休日
不定（ほぼ無休）",東京都港区北青山3-6-17 アクセス表参道 1F・2F,https://tabelog.com/tokyo/A1306/A130602/13033100/
395,カフェ,ブリコラージュ ブレッド アンド カンパニー ダイニング・カフェ,"営業時間
7:00～19:00
日曜営業
定休日
月曜日（祝日は営業します！）",東京都港区六本木6-15-1 六本木ヒルズ けやき坂テラス 1F,https://tabelog.com/tokyo/A1307/A130701/13222793/
396,カフェ,ブルーボトルコーヒー 竹芝カフェ,,東京都港区海岸1-7-1,https://tabelog.com/tokyo/A1314/A131401/13250736/
397,カフェ,スズムシ カフェ,"営業時間
6:00～7:30 8:00～9:30",東京都港区芝公園4-8-1 ザ・プリンス パークタワー東京 神明&神明庭園,https://tabelog.com/tokyo/A1314/A131401/13211576/
398,カフェ,スターバックス・コーヒー アクアシティお台場店,"営業時間
9:00～23:00
日曜営業
定休日
なし",東京都港区台場1-7-1 アクアシティお台場 3F,https://tabelog.com/tokyo/A1313/A131306/13033044/
399,カフェ,スターバックスコーヒー 高輪ゲートウェイ駅店,"営業時間
7:00～22:00
日曜営業
定休日
無休",東京都港区港南2-1-220 JR高輪ゲートウェイ駅 改札外 3F,https://tabelog.com/tokyo/A1314/A131403/13245643/
400,カフェ,トラヤカフェ・あんスタンド 北青山店,"営業時間
営業時間11:00～19:00
日曜営業
定休日
第2、4水曜日・年末年始　休業",東京都港区北青山3-12-16,https://tabelog.com/tokyo/A1306/A130602/13217026/
401,カフェ,カフェ・ベローチェ 新橋四丁目店,"営業時間
[月～金]6:45～22:00[土・日・祝]7:00～21:00
日曜営業
定休日
無休",東京都港区新橋4-9-1 新橋プラザビル,https://tabelog.com/tokyo/A1301/A130103/13140131/
402,カフェ,タリーズコーヒー セレスティン芝三井ビル店,,東京都港区芝3-23-1,https://tabelog.com/tokyo/A1314/A131401/13086689/
403,カフェ,THE VEGEBOND CAFE,"営業時間
[月～金]7:30～19:00[土・日・祝]8:30～19:00
日曜営業
定休日
不定休",東京都港区白金1-28-2 サーラ白金 1F,https://tabelog.com/tokyo/A1316/A131602/13269975/
404,カフェ,cafe DALI,"営業時間
平日07:00～22:00土曜日11:00～19:00
定休日
日曜祝日・年末年始",東京都港区港南2-6-10 三矢ビル B１F,https://tabelog.com/tokyo/A1314/A131403/13057823/
405,カフェ,Cafe Kitsune Aoyama,"営業時間
10:00〜19:00 
日曜営業
定休日
不定休",東京都港区南青山3-15-9,https://tabelog.com/tokyo/A1306/A130602/13240776/
406,カフェ,サザコーヒー エキュート品川店,"営業時間
[月～土]7:00～22:00[日]8:00～20:30
定休日
無休",東京都港区高輪3-26-27 エキュート品川,https://tabelog.com/tokyo/A1314/A131403/13037332/
407,カフェ,タリーズコーヒー ソニーシティ内店,"営業時間
平日：8:00～20:00
定休日
土曜日・日曜日",東京都港区港南1-7-1 ソニーシティ1F,https://tabelog.com/tokyo/A1314/A131403/13124661/
408,カフェ,タリーズコーヒー 六本木店,"営業時間
[月～金]7:00～21:00[土・日]8:00～21:00
日曜営業",東京都港区六本木5-1-3 ゴトウビルディング1st 1F,https://tabelog.com/tokyo/A1307/A130701/13142398/
409,カフェ,タリーズコーヒー 日本生命浜松町クレアタワー店,,東京都港区浜松町2-3-1 日本生命浜松町クレアタワー 1F,https://tabelog.com/tokyo/A1314/A131401/13229222/
410,カフェ,カフェ・ベローチェ 田町店,"営業時間
07:00～23:00
日曜営業
定休日
無休",東京都港区芝5-31-19 オーエックス田町ビル　1F,https://tabelog.com/tokyo/A1314/A131402/13123874/
411,カフェ,airy avenue,,東京都港区芝1-5-10 ICビル　１F,https://tabelog.com/tokyo/A1314/A131401/13055666/
412,カフェ,珈琲専門店 預言CAFE 赤坂店,"営業時間
［月～金］ 14:00～19:00
定休日
土曜日、日曜日",東京都港区赤坂6-6-4 赤坂栄ビル１F,https://tabelog.com/tokyo/A1308/A130801/13209839/
413,カフェ,ダフニ,"営業時間
［月・火・木・金］10:00～18:00［土・日］10:00～17:00    
日曜営業
定休日
水曜日",東京都港区芝5-10-11 １階,https://tabelog.com/tokyo/A1314/A131402/13056306/
414,カフェ,タリーズコーヒー 日テレプラザ店,"営業時間
［月～金」7:00～21:00［土・日］7:30～21:00
日曜営業
定休日
無休",東京都港区東新橋1-5-44 日本テレビタワー　Ｂ２Ｆ,https://tabelog.com/tokyo/A1301/A130103/13024465/
415,カフェ,ラウンジ 光明,"営業時間
10:00～21:30（ラストオーダー21：00）・2024年1月14日(日)は受変電設備法定年次点検のため、営業時間を下記の通り変更させていただきます。　10:00A.M.～9:00P.M.(ラストオーダー8:30P.M.)
日曜営業
定休日
無休",東京都港区高輪3-13-1 グランドプリンスホテル高輪 1F,https://tabelog.com/tokyo/A1316/A131603/13001630/
416,カフェ,インテルメッツォ,,東京都港区赤坂1-13-1 サントリーホール,https://tabelog.com/tokyo/A1307/A130701/13137310/
417,カフェ,Calva,"営業時間
［月〜金］11:00〜17:30 ［土日祝］11:00〜18:00
日曜営業
定休日
年末年始を除き無休",東京都港区南麻布5-16-4 村松ビル 2F,https://tabelog.com/tokyo/A1307/A130703/13055187/
418,カフェ,丸山珈琲 西麻布店,"営業時間
9:00～19:00(ドリンクL.O.18:00)
日曜営業
定休日
不定休",東京都港区西麻布3-13-3,https://tabelog.com/tokyo/A1307/A130701/13164001/
419,カフェ,ネムコーヒー&エスプレッソ,"営業時間
［月・水・木・金］8:00～17:00［土・日・祝］9:00～17:00
日曜営業
定休日
火曜日、第1・3月曜日",東京都港区南麻布4-5-6,https://tabelog.com/tokyo/A1307/A130703/13197149/
420,カフェ,common,"営業時間
8:00～23:00",東京都港区六本木4-8-5 和幸ビル 2F,https://tabelog.com/tokyo/A1307/A130701/13272905/
421,カフェ,カフェラントマン 青山店,"営業時間
年末年始営業時間12/30 11:30～21:0012/31  11:30～18:001/1  1/2  休業1/31  11:30～21:00★通常営業時間11:30～22:00
日曜営業
定休日
不定休日あり。AOビルに準ずる",東京都港区北青山3-11-7 ＡＯビル4階,https://tabelog.com/tokyo/A1306/A130602/13078534/
422,カフェ,ラウンジ21,"営業時間
［月～土］ランチタイム　11:30～15:00（L.O.14:30）ティータイム　14:30～17:00（L.O.）ディナータイム17:00～21:00（L.O.）［日・祝］ランチタイム　11:30～15:00（L.O.14:30）ティータイム　14:30～17:00（L.O.）ディナータイム17:00～20:00（L.O.）
日曜営業
定休日
無休",東京都港区新橋1-2-6 第一ホテル東京 21F,https://tabelog.com/tokyo/A1301/A130103/13002139/
423,カフェ,ボンダイカフェ,"営業時間
営業時間9:00-23:00Food(Lo)22:00Drink(Lo)22:20
日曜営業
定休日
年末年始",東京都港区南麻布5-15-9 バルビゾン70 1F,https://tabelog.com/tokyo/A1307/A130703/13108192/
424,カフェ,やなか珈琲店 芝大門店,"営業時間
[月～金]7:30～20:00[土・日・祝] 12:00～18:00
日曜営業
定休日
第3日曜日",東京都港区芝大門2-9-18 1F,https://tabelog.com/tokyo/A1314/A131401/13181625/
425,カフェ,グルテンフリー ティーズキッチン,"営業時間
12:00～22:00(L.O.21:00)
日曜営業
定休日
火曜日",東京都港区六本木7-8-5 2F,https://tabelog.com/tokyo/A1307/A130701/13235127/
426,カフェ,エクセルシオール カフェ ホテルザ・ビー赤坂見附店,"営業時間
[月～金]6:45-23:00 (LO 22:30)[土]6:45-23:00 (LO 22:30)[日・祝]6:45-21:00　
日曜営業
定休日
年中無休",東京都港区赤坂3-21-7 ホテルザ・ビー赤坂見附１Ｆ,https://tabelog.com/tokyo/A1308/A130801/13054273/
427,カフェ,cafe VAN 新橋5丁目店,"営業時間
7:00～20:00
定休日
日曜・祝日（土曜は不定休）",東京都港区新橋5-17-5,https://tabelog.com/tokyo/A1301/A130103/13040886/
428,カフェ,エクセルシオールカフェ 神谷町店,"営業時間
[月～金]7:00～22:00[土]8:00～20:00[日・祝] 8:00～20:00
日曜営業
定休日
無休",東京都港区虎ノ門5-12-11,https://tabelog.com/tokyo/A1307/A130704/13244747/
429,カフェ,ドロゲリア サンクリッカ,"営業時間
8:00～17:00 
日曜営業
定休日
水曜日",東京都港区白金1-5-7 小宮山 1F,https://tabelog.com/tokyo/A1316/A131602/13235279/
430,カフェ,ラウンジ憩,,東京都港区新橋5-27-3 1F,https://tabelog.com/tokyo/A1314/A131401/13162787/
431,カフェ,櫻井焙茶研究所,"営業時間
【茶房】平日:11:00～20時【茶葉販売】11:00～20:00
日曜営業
定休日
無休",東京都港区南青山5-6-23 スパイラルビル 5F,https://tabelog.com/tokyo/A1306/A130602/13197815/
432,カフェ,ドトールコーヒーショップ 赤坂青山通り店,,東京都港区赤坂4-8-20,https://tabelog.com/tokyo/A1308/A130801/13086847/
433,カフェ,Lobby Bar,"営業時間
日曜から木曜、祝日7:30-23:00(LO フード22:00/ドリンク22:30)金曜、土曜、祝前日7:30-23:30(LO フード22:30/ドリンク23:00)アフタヌーンティー 12:00 - 17:00 (LO 16:30)
日曜営業
定休日
なし",東京都港区虎ノ門4-1-1 東京エディション虎ノ門 31F,https://tabelog.com/tokyo/A1307/A130704/13251305/
434,カフェ,Mercedes me Tokyo NEXTDOOR,"営業時間
営業時間平日	ランチ＆ティータイム	11:00 – 18:00 （L.O.14:30）ディナー	17:00 – 22:00（L.O.21:00）土日祝	ランチ＆ティータイム	11:00 – 18:00 （L.O.14:30）ディナー	17:00 – 22:00（L.O.21:00）※現在時短営業をしております。[月～日]11:30 - 19:00(L.O)
定休日
 不定休",東京都港区六本木7-3-10,https://tabelog.com/tokyo/A1307/A130701/13217768/
435,カフェ,Juri's Tea Room 麻布十番店,"営業時間
[水～金]10:00～18:00[土・日]10:30～18:00
日曜営業
定休日
月曜日、火曜日",東京都港区麻布十番2-14-4 エタニティ 2F,https://tabelog.com/tokyo/A1307/A130702/13269471/
436,カフェ,カフェ・ド・クリエ 浜松町店,"営業時間
[平日] 7:00-21:00[土日祝] 8:00-18:00
日曜営業",東京都港区浜松町2-1-3,https://tabelog.com/tokyo/A1314/A131401/13086593/
437,カフェ,カフェ モルゲン グロッケ,"営業時間
～18:00",東京都港区新橋3-4-11,https://tabelog.com/tokyo/A1301/A130103/13059253/
438,カフェ,CONNEL COFFEE,"営業時間
【平日】     10:00～18:00 (l.o17:30)
定休日
土曜、日曜、祝日",東京都港区赤坂7-2-21 草月会館 2F,https://tabelog.com/tokyo/A1306/A130603/13185974/
439,カフェ,タリーズコーヒー 六本木１丁目店,"営業時間
平日：7:00～22:00＼土 ：8:00～20:00＼日祝：8:00～20:00
日曜営業",東京都港区六本木1-6-1,https://tabelog.com/tokyo/A1307/A130701/13086731/
440,カフェ,エクセルシオールカフェ 御成門駅前店,"営業時間
[月～金]6:45～22:30（L.O.22:00）[土]7:00～20:00（L.O.19:30）[日・祝]8:00～20:00（L.O.19:30）
日曜営業
定休日
不定休",東京都港区西新橋3-24-8,https://tabelog.com/tokyo/A1314/A131401/13086539/
441,カフェ,サントリー美術館 shop×cafe,"営業時間
11:00～18:00　(L.O.17:30)
日曜営業
定休日
火曜日　 展示替え期間の月曜日　年末年始",東京都港区赤坂9-7-4 東京ミッドタウン ガーデンサイド サントリー美術館,https://tabelog.com/tokyo/A1307/A130701/13037996/
442,カフェ,る、ぽーる,"営業時間
10:00～19:00
定休日
土曜日、日曜日、祝日",東京都港区六本木4-6-6 小高ビル 1F,https://tabelog.com/tokyo/A1307/A130701/13180854/
443,カフェ,スターバックス・コーヒー 六本木ヒルズ ウエストウォーク ラウンジ店,"営業時間
[月～金]7:00～21:00[土・日・祝]9:00～20:00
日曜営業
定休日
不定休",東京都港区六本木6-10-1 六本木ヒルズ 森タワー,https://tabelog.com/tokyo/A1307/A130701/13048947/
444,カフェ,カフェ・ベローチェ 三田店,"営業時間
7:00～23:00
日曜営業",東京都港区芝5-13-13 新サダカタビル　１Ｆ,https://tabelog.com/tokyo/A1314/A131402/13090238/
445,カフェ,CHAYA 1899 TOKYO,"営業時間
11:00-17:00(16:30 L.O.)
定休日
無休",東京都港区新橋 6-4-1 ホテル1899東京 1F,https://tabelog.com/tokyo/A1314/A131401/13244259/
446,カフェ,シーシャカフェ charcoal,"営業時間
[月～金]15:00～翌5:00[土日祝]13:00～翌5:00
日曜営業
定休日
不定休",東京都港区新橋3-3-3 パイオニアビル 1F,https://tabelog.com/tokyo/A1301/A130103/13280780/
447,カフェ,天のや,"営業時間
12:00～16：30  (お昼の営業)（変動あり）18：30〜22：00 (夜の営業) （変動あり）　※お昼→L.O.を16時頃までとせて頂きます。　※夜、20時半以降ご利用になられる場合はご予約くださいませ。　
日曜営業
定休日
火曜(その他不定休あり)ホームページに随時アップ致しております。",東京都港区麻布十番3-1-9,https://tabelog.com/tokyo/A1307/A130702/13014306/
448,カフェ,ドトールコーヒーショップ 赤坂2丁目店,"営業時間
[月～金] 7:00～21:00[土] 7:00～17:00
定休日
日曜日、祝日",東京都港区赤坂2-11-15,https://tabelog.com/tokyo/A1308/A130802/13057729/
449,カフェ,草枕,"営業時間
[月～金]10:00～20:00(L.O.19:30)[土]12:00～18:00(L.O.17:30)
定休日
日曜・祝日",東京都港区西新橋1-10-1 日美ビル１階,https://tabelog.com/tokyo/A1301/A130103/13043012/
450,カフェ,エクセルシオール カフェ 品川イーストワンタワー店,"営業時間
[月～金]7:00～21:00[土・日・祝]8:00～21:00
日曜営業
定休日
無休",東京都港区港南2-16-1 品川イーストワンタワー 2F,https://tabelog.com/tokyo/A1314/A131403/13059704/
451,カフェ,スターバックス・コーヒー 赤坂見附店,"営業時間
[月～金] 07:00～22:00 [土] 07:00～20:00 [日・祝] 09:00～19:00
定休日
年中無休",東京都港区赤坂3-21-20 赤坂ロングビーチビル,https://tabelog.com/tokyo/A1308/A130801/13032997/
452,カフェ,Aoyama Cafe & Food セラ,,東京都港区南青山2-22-15 クリヤマビル B1F,https://tabelog.com/tokyo/A1306/A130603/13109303/
453,カフェ,ドイツ＆オーストリア カフェレストラン マールツァイト,"営業時間
【営業時間】10:00～22:00[Lunch]  11:00～14:00[Dinner] 17:30〜22:00(L.O.21:30)※ディナーは完全予約制。貸切パーティーのみの営業のため、要問い合わせ。
日曜営業
定休日
不定休(主に月曜、火曜)",東京都港区赤坂7-5-56 ドイツ文化会館 1F,https://tabelog.com/tokyo/A1308/A130801/13244212/
454,カフェ,café tane,"営業時間
11:00~15:00
定休日
土曜日、日曜日",東京都港区白金台5-3-1 1F,https://tabelog.com/tokyo/A1316/A131602/13226073/
455,カフェ,上島珈琲店 青山店,"営業時間
8:00～19:00
日曜営業
定休日
不定休",東京都港区北青山3-5-14 青山鈴木硝子ビル 1F,https://tabelog.com/tokyo/A1306/A130601/13175345/
456,カフェ,タリーズ コーヒー 青山一丁目店,"営業時間
[月～金]7:30～21:00[土・日]8:00～19:00 
日曜営業
定休日
無休",東京都港区南青山1-2-6 ラティス青山スクエア 1F,https://tabelog.com/tokyo/A1306/A130603/13205130/
457,カフェ,タミルズ,"営業時間
10/25(月)～[月-土]7:00-23:00（アルコール、フードL.O.22:00）（ソフトドリンクL.O.22:30）[日・祝]7:00-22:00（アルコール、フードL.O.21:00）（ソフトドリンクL.O.21:30）
日曜営業
定休日
無休",東京都港区高輪3-26-27 エキュート品川サウス,https://tabelog.com/tokyo/A1314/A131403/13123452/
458,カフェ,ガーディアン,"営業時間
【休業のお知らせ】新型コロナウィルスの感染症の感染拡大を受けまして当面の間休業とさせて頂きます。お客様にはご迷惑をおかけ致しますが、ご理解の程、宜しくお願い申し上げます。
定休日
※現在休業中",東京都港区芝5-36-7 三田ベルジュビル B1F,https://tabelog.com/tokyo/A1314/A131402/13148445/
459,カフェ,ティーズ ユニワ 白金＆斎庭 サロンド テ,"営業時間
12:00～19:00
日曜営業
定休日
水曜日",東京都港区白金2-1-6 クーカイ・テラス白金高輪 2F,https://tabelog.com/tokyo/A1316/A131602/13212851/
460,カフェ,タリーズコーヒー 赤坂店,"営業時間
［月〜金］7:00～22:30［土・日・祝］8:00～22:00
日曜営業
定休日
無休",東京都港区赤坂3-13-10 新赤坂ビル 1F,https://tabelog.com/tokyo/A1308/A130801/13054383/
461,カフェ,喫茶室ルノアール 六本木ラピロス店,"営業時間
[月～金]8:00～22:00[土・日・祝]8:00～22:00
日曜営業
定休日
なし",東京都港区六本木6-1-24 ラピロス六本木2F,https://tabelog.com/tokyo/A1307/A130701/13135056/
462,カフェ,タリーズコーヒー 日比谷セントラルビル店,"営業時間
8:00～19:30
定休日
土日祝日、年末年始",東京都港区西新橋1-2-9,https://tabelog.com/tokyo/A1301/A130103/13086721/
463,カフェ,インディ,"営業時間
7:00～17:00[月～金]休日[土・日・祝]
定休日
土曜・日曜・祝日",東京都港区西新橋2-4-9,https://tabelog.com/tokyo/A1301/A130103/13020352/
464,カフェ,スーパーレーサー,"営業時間
フレシキブルなので、フェイスブックを確認した方が無難。",東京都港区海岸3-12-9,https://tabelog.com/tokyo/A1314/A131402/13038141/
465,カフェ,イーエックスガーデンカフェ,"営業時間
09:30～19:00(L.O.18:00)
日曜営業
定休日
年末年始定休あり",東京都港区六本木6-9-1 テレビ朝日本社 1F アトリウム内,https://tabelog.com/tokyo/A1307/A130701/13239670/
466,カフェ,タリーズコーヒー 東京ポートシティ竹芝店,"営業時間
[月～金]7:30～22:00[土・日・祝]9:00～19:00
日曜営業
定休日
無休",東京都港区海岸1-7-1 東京ポートシティ竹芝店 1F,https://tabelog.com/tokyo/A1314/A131401/13250742/
467,カフェ,ビジネスエアポート カフェ 田町店,,東京都港区芝5-26-24 田町スクエア 1F,https://tabelog.com/tokyo/A1314/A131402/13256681/
468,カフェ,alchemy,"営業時間
[月～日・祝日]11:00～22:002023年12月1日より当面の間、19:00(L.O.)20:00(close)オールタイム予約不可。
日曜営業
定休日
元旦",東京都港区麻布台1-3-1 麻布台ヒルズタワープラザ4F,https://tabelog.com/tokyo/A1307/A130704/13291687/
469,カフェ,エル フォー ユー,"営業時間
[月〜土] 11:00-19:30[日]11:00-17:00
日曜営業
定休日
なし（年末年始を除く）",東京都港区南青山3-9-3 池上ビル 1F,https://tabelog.com/tokyo/A1306/A130602/13213263/
470,カフェ,コメダ珈琲店 新橋烏森通り店,"営業時間
7:00～23:00
日曜営業
定休日
無休",東京都港区新橋2-15-17 ホテルチェックイン新橋 2F,https://tabelog.com/tokyo/A1301/A130103/13287422/
471,カフェ,ROBERT'S COFFEE 麻布十番店,"営業時間
[月～日]8:00～22:00(L.O.21:30)
日曜営業
定休日
無休",東京都港区麻布十番2-2-5 フレンシア麻布十番 サウス 1F,https://tabelog.com/tokyo/A1307/A130702/13261230/
472,カフェ,1/f コーヒープレイス,,東京都港区東新橋2-9-5 パラッツォマレーアビル 1F,https://tabelog.com/tokyo/A1301/A130103/13141107/
473,カフェ,Tokyo Sabaku Stand,,東京都港区浜松町1-23-6,https://tabelog.com/tokyo/A1314/A131401/13270909/
474,カフェ,TERA CAFE SHIEN ZOJOJI,"営業時間
月～日・祝日・祝前日：10:00～17:00 （L.O. 16:30）
日曜営業
定休日
なし",東京都港区芝公園4-7-35 増上寺,https://tabelog.com/tokyo/A1314/A131401/13272452/
475,カフェ,コーヒーラウンジ マウナケア,"営業時間
9:00~19:00（L.O 18:30）※日曜日は～17:00（L.O.16:30）※ケーキの販売は10:00より
日曜営業
定休日
なし",東京都港区高輪4-10-30 品川プリンスホテル メインタワー 2F,https://tabelog.com/tokyo/A1314/A131403/13013906/
476,カフェ,アンドコーヒー メゾンカイザー ムスブ田町店,"営業時間
[平日]8:00～21:00[土・日・祝]10:00～21:00
日曜営業
定休日
ビル定休日に準ずる",東京都港区芝浦3-1-21 msb Tamachi 1F,https://tabelog.com/tokyo/A1314/A131402/13228374/
477,カフェ,ベーカリー＆グリル 沢村  虎ノ門,"営業時間
ベーカリー7:30～20:00レストラン7:30～23:00(L.O.22:00)[日]ベーカリー7:30～20:00レストラン7:30～22:00(L.O.21:00)
日曜営業",東京都港区虎ノ門 1-23-3 虎ノ門ヒルズ 森タワー 2F,https://tabelog.com/tokyo/A1308/A130802/13278103/
478,カフェ,コンラッド　エグゼクティブ ラウンジ,,東京都港区東新橋1-9-1 コンラッド　東京,https://tabelog.com/tokyo/A1301/A130103/13131210/
479,カフェ,コーラルカフェバー,"営業時間
10:00～20:00",東京都港区高輪4-10-30 エプソン アクアパーク品川,https://tabelog.com/tokyo/A1314/A131403/13185122/
480,カフェ,スターバックスコーヒー JR東海 品川駅店,"営業時間
[月～金]6:30～22:00[土・日・祝]7:00～22:00
日曜営業
定休日
不定休",東京都港区港南2-1-78 JRCP品川営業所,https://tabelog.com/tokyo/A1314/A131403/13216591/
481,カフェ,HARIO CAFE 泉屋博古館東京店,"営業時間
11:00～18:00
日曜営業",東京都港区六本木1-5-1,https://tabelog.com/tokyo/A1307/A130701/13263873/
482,カフェ,ディキシーデリ 六本木ヒルズ店,"営業時間
11:00～21:00
定休日
年中無休",東京都港区六本木6-2-31 六本木ヒルズノースタワー B1F,https://tabelog.com/tokyo/A1307/A130701/13155056/
483,カフェ,カフェ レ ジュ グルニエ,"営業時間
［月～土］11:00～23:00［日］12:00～20:00
日曜営業
定休日
無休",東京都港区南青山5-9-5 村山ビル 2F,https://tabelog.com/tokyo/A1306/A130602/13007510/
484,カフェ,インクコーヒー 新橋店,"営業時間
8:30～10:3011:30～17:30
定休日
土曜日、日曜日、祝日",東京都港区西新橋1-14-7 西新橋杉浦ビル 1F,https://tabelog.com/tokyo/A1301/A130103/13270158/
485,カフェ,コーヒー 葵,"営業時間
［火～金］8:00～19:00［土］11:00～18:00［祝］13:00～18:00 
定休日
月曜日、日曜日",東京都港区虎ノ門3-9-1 栄寿寺アパート 1F,https://tabelog.com/tokyo/A1308/A130802/13248382/
486,カフェ,カフェ＆バー タワービューテラス,"営業時間
［月～金］12:00～15:00(L.O.14:30)17:00～21:30(L.O.21:00)［土・日・祝］12:00～15:00(L.O.14:30)15:00～17:00(L.O.16:30)17:00～21:30(L.O.21:00)",東京都港区芝公園3-3-1 3F,https://tabelog.com/tokyo/A1314/A131401/13208409/
487,カフェ,和カフェ ツムギ,"営業時間
10:00～20:00",東京都港区海岸1-10-30 アトレ竹芝タワー棟 2F,https://tabelog.com/tokyo/A1314/A131401/13248334/
488,カフェ,スターバックス・コーヒー カレッタ汐留店,"営業時間
[月～金] 7:30～22:00 [土・日・祝] 9:00 ～ 21:00
日曜営業
定休日
不定休",東京都港区東新橋1-8-2 カレッタ汐留 （区画番号B41）,https://tabelog.com/tokyo/A1301/A130103/13040348/
489,カフェ,喫茶室ルノアール 青山花茂店,"営業時間
［全　日］7:30～22:00
日曜営業
定休日
無休",東京都港区北青山3-12-9 青山花茂ビル 2F,https://tabelog.com/tokyo/A1306/A130602/13251074/
490,カフェ,上島珈琲店 虎ノ門店,"営業時間
[月～金]7:00～19:00[土・日・祝]11:00～18:00
日曜営業
定休日
不定休",東京都港区西新橋1-7-14 京阪神虎ノ門ビル 1F,https://tabelog.com/tokyo/A1308/A130802/13255544/
491,カフェ,MILES Honda Cafe,"営業時間
10:00～18:00",東京都港区南青山2-1-1 Honda青山ビル 1F,https://tabelog.com/tokyo/A1306/A130603/13157456/
492,カフェ,巴裡 小川軒 サロン・ド・テ 新橋店,"営業時間
[月～金]10:00～18:30[土]10:00～17:00
定休日
日曜日、祝日、不定休",東京都港区新橋2-20-15 新橋駅前ビル1号館 1F,https://tabelog.com/tokyo/A1301/A130103/13143677/
493,カフェ,DOLCE TACUBO Caffe,,東京都港区虎ノ門2-6-1  虎ノ門ヒルズステーションタワー B2F T-MARKET,https://tabelog.com/tokyo/A1308/A130802/13290706/
494,カフェ,スターバックスコーヒー 青山ビルヂング店,"営業時間
［月～土］7:00～21:00［日・祝］8:00～20:00
日曜営業
定休日
不定休",東京都港区北青山1-2-3 青山ビル 1F,https://tabelog.com/tokyo/A1306/A130603/13224441/
495,カフェ,ナンバー・エー,"営業時間
11:30～24:00（L.O.フード23:00／ドリンク23:30）
日曜営業
定休日
無休",東京都港区北青山3-12-2 ふじマンション 1F,https://tabelog.com/tokyo/A1306/A130602/13109522/
496,カフェ,スターバックスコーヒー 虎ノ門ヒルズ ビジネスタワー店,"営業時間
[月～金]7:00～22:00[土・日・祝]8:00～20:00　
日曜営業
定休日
不定休",東京都港区虎ノ門1-17-1 虎ノ門ヒルズ ビジネスタワー,https://tabelog.com/tokyo/A1308/A130802/13244110/
497,カフェ,セガフレード・ザネッティ・エスプレッソ 泉岳寺店,"営業時間
[月～金]07：00～21：30(LO)[土]08：00～19：30(LO)
定休日
日・祝",東京都港区高輪2-19-20 財界二世学院ビル1F,https://tabelog.com/tokyo/A1314/A131403/13091506/
498,カフェ,アトリエ コータ 虎ノ門店,"営業時間
13:30～17:00(L.O.16:30)18:00～22:00(L.O.21:30)
日曜営業
定休日
無休",東京都港区虎ノ門1-17-1 虎ノ門ヒルズ ビジネスタワー 3F,https://tabelog.com/tokyo/A1308/A130802/13247640/
499,カフェ,第一ホテル東京 ロビーラウンジ,"営業時間
［月〜金］9:00～21:00（L.O.20:30）［土・日・祝］10:00〜20:00（L.O.19:30）　※催事の場合は、営業時間変更あり
日曜営業
定休日
無休（ホテルに準ず）",東京都港区新橋1-2-6 第一ホテル東京 1F,https://tabelog.com/tokyo/A1301/A130103/13091584/
500,カフェ,自家焙煎珈琲 カフェ・タピロス,"営業時間
平日11:00~21:00土日祝12:00~21:00
日曜営業
定休日
毎週水曜日（祝日は翌日）",東京都港区六本木6-8-28 宮崎ビル 2F,https://tabelog.com/tokyo/A1307/A130701/13075868/
501,カフェ,バビーズ 汐留,"営業時間
ランチ　：10:00～16:00ディナー：16:00～23:00(LO22:00)
日曜営業
定休日
不定休（施設休業日に準ずる）",東京都港区東新橋1-5-2 汐留シティセンタービル B2F,https://tabelog.com/tokyo/A1301/A130103/13157257/
502,カフェ,タリーズコーヒー 芝公園店,"営業時間
[月～日]7:30～18:00
日曜営業",東京都港区芝公園2-4-1 芝パークビル 1F,https://tabelog.com/tokyo/A1314/A131401/13130071/
503,カフェ,八角塔,"営業時間
[月～土]10:00～14:00(L.O.13:30) 15:00～18:00(L.O.17:30)
定休日
日曜日、祝日、大学指定休有",東京都港区三田2-15-45 慶應義塾大学三田キャンパス 図書館旧館 1F,https://tabelog.com/tokyo/A1307/A130702/13261264/
504,カフェ,烏森珈琲,"営業時間
13:00～17:00(営業時間も不定の為インスタグラムで要確認)
日曜営業
定休日
不定休",東京都港区新橋2-15-5,https://tabelog.com/tokyo/A1301/A130103/13226618/
505,カフェ,クラブラウンジ,"営業時間
朝食（和洋食ブッフェスタイル）　午前7時～午前11時 ミッドデイスナック（スープやサラダ、プチケーキなど）　正午12時～午後2時アフタヌーンティー（スコーンやサンドイッチ）　午後2時半～午後4時半オードブル（カナッペやチーズなど）　午後5時～午後8時ナイトキャップ（チーズやチョコレート）　午後8時～午後10時
日曜営業",東京都港区赤坂9-7-1 ザ・リッツ・カールトン東京 53F,https://tabelog.com/tokyo/A1307/A130701/13115708/
506,カフェ,リュトモス,"営業時間
[月・火・水・木・日]ティータイム6:30～17:00アフタヌーンティー14:00～18:30(L.O.16:30)バータイム17:00～22:00(L.O.21:00)[金・土・祝前]ティータイム6:30～17:00アフタヌーンティー14:00～18:30(L.O.16:30)バータイム17:00～22:30(L.O.22:00)",東京都港区港南2-16-1 品川イーストワンタワー 26F,https://tabelog.com/tokyo/A1314/A131403/13242080/
507,カフェ,ドトールコーヒーショップ 新青山ビル店,"営業時間
［月～金］6:50～21:00［土・日・祝］7:50～19:00
日曜営業
定休日
無休",東京都港区南青山1-1-1 新青山ビル B1F,https://tabelog.com/tokyo/A1306/A130603/13140758/
508,カフェ,ドトールコーヒーショップ 赤坂1丁目店,"営業時間
[月～金]6:45～20:30（L.O.20:00）[土・日・祝]7:45～19:30（L.O.19:00）
日曜営業
定休日
無休",東京都港区赤坂1-11-28 赤坂1丁目森ビル,https://tabelog.com/tokyo/A1307/A130701/13058466/
509,カフェ,茶寮 天乃庵,"営業時間
11:00～20:00
日曜営業
定休日
不定休",東京都港区高輪3-10-4 ブレスド高輪 2F,https://tabelog.com/tokyo/A1316/A131603/13259747/
510,カフェ,Cafe Deux,"営業時間
［月～金］8:30～18:00（L.O.17:30）［土］10:30～16:00
定休日
日曜日、祝日、第３月曜日　（年末年始・夏季休業あり）",東京都港区新橋3-16-3 港区立生涯学習センター　1F,https://tabelog.com/tokyo/A1301/A130103/13108354/
511,カフェ,プチ ラパン,,東京都港区赤坂2-8-11,https://tabelog.com/tokyo/A1308/A130802/13194640/
512,カフェ,マホズテーブル,,東京都港区高輪2-2-21 101,https://tabelog.com/tokyo/A1314/A131403/13165698/
513,カフェ,カフェ・ド・カフェ,,東京都港区芝2-31-19 バンザイビル 1F,https://tabelog.com/tokyo/A1314/A131402/13139965/
514,カフェ,クラブインターコンチネンタルラウンジ ANAインターコンチネンタルホテル東京,"営業時間
［クラブラウンジ営業時間］6:30～22:30［朝食］7:00～11:00［アフタヌーンティー］14:00～16:00［イブニングカクテル］17:30～19:30
日曜営業
定休日
無休",東京都港区赤坂1-12-33 ANAインターコンチネンタルホテル東京 35F,https://tabelog.com/tokyo/A1308/A130802/13224000/
515,カフェ,タリーズコーヒー 六本木3丁目 ナナナリア店,"営業時間
[月～金] 7:00～21:00[土・日・祝] 8:00～20:00
日曜営業
定休日
無休",東京都港区六本木3-2-1 住友不動産六本木グランドタワー 1F,https://tabelog.com/tokyo/A1307/A130701/13203490/
516,カフェ,タリーズコーヒー &TEA六本木一丁目店,"営業時間
7:30～21:00
定休日
土曜日、日曜日",東京都港区六本木1-6-1 泉ガーデンタワー 1F,https://tabelog.com/tokyo/A1307/A130701/13221069/
517,カフェ,カフェピアッザ,"営業時間
[火～木］8:00～22:00[金］8:00～22:30[土］11:00～19:00
定休日
月曜日、日曜日、祝日",東京都港区新橋3-16-17,https://tabelog.com/tokyo/A1301/A130103/13280989/
518,カフェ,ロハスマムカフェ,"営業時間
9:00～21:00",東京都港区白金3-10-9,https://tabelog.com/tokyo/A1316/A131602/13268381/
519,カフェ,タリーズコーヒー 麻布十番駅前店,"営業時間
平日：7:00～22:00＼土 ：7:00～22:00＼日祝：7:00～22:00",東京都港区麻布十番1-11-8,https://tabelog.com/tokyo/A1307/A130702/13086729/
520,カフェ,スターバックス・コーヒー 南青山2丁目店,"営業時間
［月～金］7:00～22:00［土］8:00～22:00［日・祝］8:00～21:00
日曜営業
定休日
不定（ほぼ無休）",東京都港区南青山2-26-37 VORT外苑前 1 1F,https://tabelog.com/tokyo/A1306/A130603/13033158/
521,カフェ,CROSS,,東京都港区三田1-4-3 国際医療福祉大学三田病院 2F,https://tabelog.com/tokyo/A1307/A130702/13167370/
522,カフェ,トウキョウクルーズカフェ,"営業時間
9:30～出港が終わるまで",東京都港区海岸2-7-104,https://tabelog.com/tokyo/A1314/A131401/13116194/
523,カフェ,森のこぶた,"営業時間
7:00～18:00(L.O.17:30)
定休日
土曜日、日曜日、祝日",東京都港区西新橋2-2-2 澤ビル 1F,https://tabelog.com/tokyo/A1308/A130802/13152485/
524,カフェ,カフェ ド シネマ,,東京都港区高輪4-10-30 品川プリンスホテル アネックスタワー 3F,https://tabelog.com/tokyo/A1314/A131403/13195110/
525,カフェ,カトレア,"営業時間
[月～金]10:30～21:00 (20:30Ｌ.Ｏ)現在　時短営業中につき10:30～20:00(19:30Ｌ.Ｏ)※ランチの営業時間は10:30～17:00ランチ営業時間中はサンドウィッチとトーストの提供いたします
定休日
土曜・日曜・祝日",東京都港区新橋2-16-1 ニュー新橋ビル 3F,https://tabelog.com/tokyo/A1301/A130103/13075855/
526,カフェ,FLAG,"営業時間
昼　11:30-14:00夜　18:00-22:30
定休日
土曜日・日曜日・祝日",東京都港区芝5-26-3,https://tabelog.com/tokyo/A1314/A131402/13213041/
527,カフェ,フラックスカフェ 田町店,"営業時間
[月～金]11:00～19:30(L.O.18:30)
定休日
土曜日、日曜日、祝日",東京都港区芝5-36-7 三田ベルジュビル 1F,https://tabelog.com/tokyo/A1314/A131402/13252399/
528,カフェ,SIGNAL,"営業時間
[火～金]11:00～18:00(CAFE＆GALLERY)18:00～23:00(BAR＆GALLERY)[土]11:00～18:00(CAFE＆GALLERY)
定休日
日曜・月曜・祝日",東京都港区虎ノ門1-2-11 The ParkRex TORANOMON 1F,https://tabelog.com/tokyo/A1308/A130802/13289971/
529,カフェ,ピアノカフェ･ベヒシュタイン,"営業時間
［月～金］12:00～15:3017:30～22:00(L.O.21:00)［土・日・祝］12:00～20:00
日曜営業
定休日
不定休",東京都港区西新橋3-23-6 第一白川ビル 1F,https://tabelog.com/tokyo/A1314/A131401/13236133/
530,カフェ,紫陽花庵,"営業時間
10:00～17:00",東京都港区芝浦1-11-15 港区立伝統文化交流館 1F,https://tabelog.com/tokyo/A1314/A131402/13285167/
531,カフェ,トラヤあんスタンド 北青山店,"営業時間
11:00〜19:00
日曜営業
定休日
火曜日、水曜日",東京都港区北青山3-12-16,https://tabelog.com/tokyo/A1306/A130601/13291999/
532,カフェ,C'EST DU NANAN TOKYO,"営業時間
[月～金]7:00～11:00",東京都港区麻布台1-10-6,https://tabelog.com/tokyo/A1307/A130704/13267288/
533,カフェ,Drippers,"営業時間
12:12～19:19
日曜営業
定休日
火曜日",東京都港区西麻布1-4-10 2F,https://tabelog.com/tokyo/A1307/A130701/13288334/
534,カフェ,Cafe Apero 麻布十番店,"営業時間
10:00～20:00
日曜営業
定休日
不定休",東京都港区南麻布2-7-30 リバーサイド麻布 1F,https://tabelog.com/tokyo/A1316/A131602/13283305/
535,カフェ,銀扇,,東京都港区三田5-20-11,https://tabelog.com/tokyo/A1316/A131602/13154570/
536,カフェ,Cafe & Bar Lounge JURIN,"営業時間
［火～土］11:30～23:30［日］11:30～20:00
日曜営業
定休日
月曜日",東京都港区西新橋1-18-11 ル・グラシエルBLDG.16号館 2F,https://tabelog.com/tokyo/A1301/A130103/13241665/
537,カフェ,陶芸ギャラリーカフェ 私游,"営業時間
11:00～16:00
定休日
無休",東京都港区東麻布1-27-11,https://tabelog.com/tokyo/A1314/A131401/13274083/
538,カフェ,Live&Cafe 二等兵の手紙 赤坂,"営業時間
19:00～翌2:00
定休日
日曜日",東京都港区赤坂3-11-7 ソシアル赤坂ビル B2F,https://tabelog.com/tokyo/A1308/A130801/13268034/
539,カフェ,D+KITCHEN,,東京都港区麻布台1-9-18,https://tabelog.com/tokyo/A1307/A130704/13278484/
540,カフェ,エレクトリックカフェ,"営業時間
17:00～24:00
日曜営業",東京都港区南青山3-4-2 BASE南青山 3F,https://tabelog.com/tokyo/A1306/A130603/13291504/
541,カフェ,サクラ苑,"営業時間
8：00～17：00",東京都港区南麻布2-6-15,https://tabelog.com/tokyo/A1307/A130702/13093556/
542,カフェ,ジュジュ ザ ジュースバー,,東京都港区西麻布3-2-13,https://tabelog.com/tokyo/A1307/A130701/13255308/
543,カフェ,新虎小屋,,東京都港区西新橋2-18-7 ＵＲ新虎通りまちづくり事務所１階,https://tabelog.com/tokyo/A1308/A130802/13226638/
544,カフェ,SAUNALAND CAFE ROPPONGI.,,東京都港区六本木5-10-32,https://tabelog.com/tokyo/A1307/A130701/13257732/
545,カフェ,六本木ヒルズスパ カフェラウンジ,,東京都港区六本木6-12-3 六本木ヒルズ　けやき坂通り　レジデンスC棟 4F,https://tabelog.com/tokyo/A1307/A130702/13144614/
546,カフェ,西新橋 珈琲館,,東京都港区西新橋1-17-7 西新橋小川ビル,https://tabelog.com/tokyo/A1301/A130103/13291245/
547,カフェ,OLD GLORY,"営業時間
 ［平日］10:00 - 23:00; ［土曜日］10:00 - 23:00; ［日曜・祝日］10:00 - 23:00",東京都港区六本木7-21-24 Casa Blanca B1,https://tabelog.com/tokyo/A1307/A130701/13095089/
548,カフェ,pin,,東京都港区西新橋3-17-1 ライオンズマンション愛宕山 1F,https://tabelog.com/tokyo/A1314/A131401/13273049/
549,カフェ,はいからさんカフェ 六本木,,東京都港区六本木6-1-7 大沢ビル２階,https://tabelog.com/tokyo/A1307/A130701/13199619/
550,カフェ,Cafe and Snack HARMONIA,"営業時間
[月～金]8:00～21:30[土]10:00～21:30[日・祝]10:00～20:00※翌日が祝日の日曜日に限り21:30まで営業※営業日時を変更する場合があり、最新情報はInstagramでご確認ください
日曜営業
定休日
不定休",東京都港区麻布十番3-5-13 麻布HAUS 2F,https://tabelog.com/tokyo/A1307/A130702/13272569/
551,カフェ,僕らのカフェ,"営業時間
[月～金]9:00～21:00
定休日
土曜日、日曜日、祝日",東京都港区港南1-8-15 Wビル 2F,https://tabelog.com/tokyo/A1314/A131403/13241248/
552,カフェ,ギフト＆クラフト ミタ,"営業時間
12:00～18:00
定休日
土曜日、日曜日、祝日",東京都港区三田4-1-4 城南ビルディング 1F,https://tabelog.com/tokyo/A1314/A131402/13223545/
553,カフェ,ピュアデリ&ストア,,東京都港区南青山5-10-17 2F,https://tabelog.com/tokyo/A1306/A130602/13200163/
554,カフェ,いくと,,東京都港区新橋2-16-1 ニュー新橋ビル B1F,https://tabelog.com/tokyo/A1301/A130103/13258458/
555,カフェ,昭和ブックカフェ,"営業時間
［月～金］9:30～23:00(L.O.22:00)［土］12:00～20:00(L.O.19:00)
定休日
日曜日",東京都港区新橋2-16-1 ニュー新橋ビル 3F,https://tabelog.com/tokyo/A1301/A130103/13254906/
556,カフェ,フリーダ カフェ,,東京都港区東麻布2-11-1 Studio FREEDA麻布十番 1F,https://tabelog.com/tokyo/A1307/A130702/13233824/
557,カフェ,Cafe'&Bar Surf A,"営業時間
11:00～16:0017:00～24:00
定休日
土曜日、日曜日",東京都港区赤坂3-8-17 パンジャパンビル 5F,https://tabelog.com/tokyo/A1308/A130801/13276845/
558,カフェ,伍,"営業時間
12:00～19:00
日曜営業
定休日
不定休",東京都港区南青山3-14-4 2F,https://tabelog.com/tokyo/A1306/A130602/13254580/
559,カフェ,CAFE かのん,"営業時間
10:00～17:00
定休日
土曜日・日曜日",東京都港区赤坂2-21-1 川本ビル 1F,https://tabelog.com/tokyo/A1308/A130801/13223935/
560,カフェ,大垣書店＆cafe 麻布台ヒルズ,"営業時間

日曜営業",東京都港区麻布台1-3-1 麻布台ヒルズ タワープラザ4F,https://tabelog.com/tokyo/A1307/A130701/13291780/
561,カフェ,珈琲大使館 虎ノ門店,,東京都港区虎ノ門2-4-1 虎ノ門ピアザビル 1F,https://tabelog.com/tokyo/A1308/A130802/13282600/
562,カフェ,ジョリーコアン,"営業時間
11:00～16:00
定休日
土曜日、日曜日、祝日",東京都港区新橋2-2-10 鈴木ビル 1F,https://tabelog.com/tokyo/A1301/A130103/13087998/
563,カフェ,ペンブティック書斎館,,東京都港区南青山5-13-11 パンセビル　１Ｆ,https://tabelog.com/tokyo/A1306/A130602/13001150/
564,カフェ,KIND FOODTRUCK,"営業時間
[水・金]10:00～21:00[木・土]10:00～21:00[日・祝]9:00～19:00
日曜営業
定休日
月曜日、火曜日",東京都港区南青山2-17-7,https://tabelog.com/tokyo/A1306/A130603/13266048/
565,カフェ,コミュニティーカフェ,"営業時間
[月～土]10:00～17:00(L.O.16:30)[日]10:00～16:00(L.O.15:30)
日曜営業
定休日
無休",東京都港区浜松町1-6-7 プラザ神明 1F,https://tabelog.com/tokyo/A1314/A131401/13272673/
566,カフェ,伽俚伽,,東京都港区三田5-2-32,https://tabelog.com/tokyo/A1316/A131602/13076382/
567,カフェ,THE KITCHEN,"営業時間
7:00～21:00",東京都港区虎ノ門5-8-1 麻布台ヒルズ ガーデンプラザA B1F,https://tabelog.com/tokyo/A1307/A130704/13291336/
568,カフェ,キャラバンコーヒー 紀ノ国屋インターナショナル店,"営業時間
9：30~21：00
定休日
紀ノ国屋インターナショナル店に準ずる",東京都港区北青山3-11-7 AOﾋﾞﾙB1,https://tabelog.com/tokyo/A1306/A130602/13102058/
569,カフェ,煙と珈琲 珀,"営業時間
[月～金]カフェ10:30～17:00バー19:00～Last[土]カフェバー10:30～23:00
定休日
日曜日、祝日",東京都港区赤坂3-19-8 赤坂ウエストビル 2F,https://tabelog.com/tokyo/A1308/A130801/13276235/
570,カフェ,gift tokyo,"営業時間
8:00～23:00
日曜営業",東京都港区東麻布1-9-16 ORANGE HOUSE 1F,https://tabelog.com/tokyo/A1314/A131401/13288601/
571,カフェ,MIDPARK ART LOUNGE,"営業時間
2021年7月16日(金)～9月5日(日)［月～金］16:00～20:00(L.O.19:30)［土・日・祝］12:00～20:00(L.O.19:30)
日曜営業",東京都港区赤坂9-7-1 ミッドタウン・ガーデン,https://tabelog.com/tokyo/A1307/A130701/13261721/
572,カフェ,カフェ アジュール,,東京都港区海岸1-11-2 アジュール竹芝 4F,https://tabelog.com/tokyo/A1314/A131401/13208416/
573,カフェ,キャラバンコーヒー 紀ノ国屋バールイルプリマリオ店,"営業時間
 9:30 - 21:00 
定休日
紀ノ国屋インターナショナル店に準ずる",東京都港区北青山3-11-7 AOビル B1F,https://tabelog.com/tokyo/A1306/A130602/13234405/
574,カフェ,Regare,"営業時間
月曜〜日曜 11:00〜23:00
定休日
不定休",東京都港区南青山1-10-10 l&t minamiaoyama 1F,https://tabelog.com/tokyo/A1306/A130603/13276682/
575,カフェ,リーベンハウスカフェパティオ芝,"営業時間
8:00～17:30
定休日
土曜日、日曜日、祝日",東京都港区芝3-8-2 芝公園ファーストビル 1F,https://tabelog.com/tokyo/A1314/A131402/13186494/
576,カフェ,KIZASU COFFEE,,東京都港区新橋6-16-8 レックスビル 1F,https://tabelog.com/tokyo/A1314/A131401/13273494/
577,カフェ,Ad Cafe,,東京都港区東新橋1-8-1 電通本社ビル　２Ｆ,https://tabelog.com/tokyo/A1301/A130103/13042671/
578,カフェ,ナルサ,,東京都港区南青山7-14-6 本間ビル 2F,https://tabelog.com/tokyo/A1307/A130703/13088276/
579,カフェ,D-ラウンジ,"営業時間
11:30～18:30
日曜営業
定休日
不定休(東京ジョイポリスに準ずる)",東京都港区台場1-6-1 デックス東京ビーチ 東京ジョイポリス 2F,https://tabelog.com/tokyo/A1313/A131306/13192849/
580,カフェ,Route 0.5,"営業時間
[月～木・土・祝日・祝前日]18:00～23:30(料理L.O. 23:00 ドリンクL.O. 23:00)[金]18:00～翌5:00(料理L.O. 翌4:30 ドリンクL.O. 翌4:30)
定休日
日曜日",東京都港区新橋4-7-6,https://tabelog.com/tokyo/A1301/A130103/13289191/
581,カフェ,レゴカフェ,,東京都港区台場1-6-1 デックス東京ビーチ アイランドモール 7F,https://tabelog.com/tokyo/A1313/A131306/13145376/
582,カフェ,WONDERFUL CAFE,"営業時間
8:30～16:00
定休日
土曜日、日曜日、祝日",東京都港区元赤坂1-1-16,https://tabelog.com/tokyo/A1308/A130801/13266376/
583,カフェ,六本木ミュージアム カフェ,,東京都港区六本木5-6-20,https://tabelog.com/tokyo/A1307/A130701/13278862/
584,カフェ,cafe10,"営業時間
11:30～16:30(L.O.16:00) 18:00～22:00(L.O.21:30)[日] 11:30～18:30
定休日
木曜日",東京都港区高輪2-6-22 1Ｆ,https://tabelog.com/tokyo/A1316/A131603/13098190/
585,カフェ,スリーポイントカフェ ロッポンギ,"営業時間
［月～金・祝前］11:00～22:00(L.O.21:30)
定休日
土曜日、日曜日、祝日",東京都港区六本木7-20-14 ニュー六本木マンション 1F,https://tabelog.com/tokyo/A1307/A130701/13235910/
586,カフェ,ドトールコーヒーショップ 東京都済生会中央病院店,"営業時間
［月～金］7:30～18:00［土］7:30～16:00［第2・4土・日］10:00～16:00
定休日
無休",東京都港区三田1-4-17 東京都済生会中央病院 1F,https://tabelog.com/tokyo/A1314/A131401/13272108/
587,カフェ,ゴッホのひまわり,,東京都港区三田5-17-6,https://tabelog.com/tokyo/A1316/A131602/13291088/
588,カフェ,WeLLKey CAFE & BAR,,東京都港区麻布十番2-18-1 大島ハウス 1F,https://tabelog.com/tokyo/A1307/A130702/13285832/
589,カフェ,Pottari,,東京都港区白金台3-18-15 1F,https://tabelog.com/tokyo/A1316/A131602/13281392/
590,カフェ,グランド クラブ ラウンジ,"営業時間
7:00～21:00
日曜営業
定休日
無休",東京都港区六本木6-10-3 グランドハイアット東京 10F,https://tabelog.com/tokyo/A1307/A130701/13181065/
591,カフェ,萬來舎,"営業時間
[月～金]11:00～20:00(L.O.19:40)[土]11:00～17:00(L.O.16:40)
定休日
日曜・祝日",東京都港区三田2-15-45 慶應義塾大学南校舎 3F,https://tabelog.com/tokyo/A1307/A130702/13221042/
592,カフェ,クラブラウンジ,"営業時間
［ドリンクのみ］10:00～14:00［ライトリフレッシュメント(軽食)］14:00～16:30［イブニングカクテル］17:00～19:30［ナイトスナック］19:30～21:00",東京都港区虎ノ門2-10-4 ホテルオークラ東京 プレステージタワー 37F,https://tabelog.com/tokyo/A1308/A130802/13254674/
593,カフェ,ボロンテール,"営業時間
CAFETIME12:00～18:30(L.O.18:00) BARTIME18:00～24:00(L.O.23:30)
定休日
日曜日",東京都港区赤坂5-1-2 赤坂エンゼルビル 2F,https://tabelog.com/tokyo/A1308/A130801/13128134/
594,カフェ,はーとカフェ,"営業時間
[月～金]11:00～15:30(L.O.15:00)
定休日
土曜日、日曜日",東京都港区高輪1-4-8 あいはーと・みなと 1F,https://tabelog.com/tokyo/A1316/A131602/13291739/
595,カフェ,JEMaC,,東京都港区赤坂3-14-10 SKビル 2F,https://tabelog.com/tokyo/A1308/A130801/13237084/
596,カフェ,パルイン 西新橋店,,東京都港区西新橋1丁目5-6,https://tabelog.com/tokyo/A1301/A130103/13115332/
597,カフェ,サンライズカフェ,"営業時間
[日～木]6:00～22:00[金～土]6:00～23:00
定休日
無休",東京都港区南麻布4-12-20 ニュー山王ホテル,https://tabelog.com/tokyo/A1307/A130703/13118317/
598,カフェ,cafe casacasa,,東京都港区南青山5-10-5 第1九曜ビル 1F,https://tabelog.com/tokyo/A1306/A130602/13284660/
599,カフェ,THE 7th COFFEE TOKYO,"営業時間
13:00～20:00
日曜営業
定休日
月曜日、祝日",東京都港区南青山7-12-10 2F,https://tabelog.com/tokyo/A1307/A130703/13274974/
600,カフェ,カフェ 雪月花 芝浦店,,東京都港区芝浦1-2-3 シーバンスS館 1F,https://tabelog.com/tokyo/A1314/A131401/13210246/
601,カフェ,ニューたんぽぽ,"営業時間
18:00～20:00
定休日
日曜日、祝日",東京都港区芝浦3-14-16 庭田ビル 2F,https://tabelog.com/tokyo/A1314/A131402/13076056/
602,カフェ,CAFE&BAR HANZ,"営業時間
17:30～
定休日
日曜",東京都港区虎ノ門1-11-16,https://tabelog.com/tokyo/A1308/A130802/13017885/
603,カフェ,5Aカフェ,"営業時間
9:30～14:00
定休日
月曜日、水曜日、土曜日、日曜日、祝日",東京都港区西新橋2-17-4,https://tabelog.com/tokyo/A1308/A130802/13281038/
604,カフェ,燦伍,"営業時間
12:00~24:00
定休日
水曜日",東京都港区麻布十番2-7-14 2F,https://tabelog.com/tokyo/A1307/A130701/13161180/
605,カフェ,CLUB LOUNGE,"営業時間
[月・火・水・木・日]10:00～21:00[金・土]10:00〜22:00
日曜営業",東京都港区高輪3-13-1 グランドプリンスホテル新高輪 1F,https://tabelog.com/tokyo/A1316/A131603/13281686/
606,カフェ,きっちん くるりんぱ 外苑前店,,東京都港区北青山2-7-25 神宮外苑ビル 2F,https://tabelog.com/tokyo/A1306/A130603/13285753/
607,カフェ,劇団四季 SHOP&CAFE,,東京都港区東新橋1-8-2 カレッタ汐留 1F,https://tabelog.com/tokyo/A1301/A130103/13288860/
608,カフェ,プロント 品川高輪店,,東京都港区高輪3-25-23,https://tabelog.com/tokyo/A1314/A131403/13253689/
609,カフェ,カフエ・ド・フレール,"営業時間
10:00～18:00
定休日
土曜日、日曜日、祝日",東京都港区赤坂6-11-13 赤坂鏡ビル 2F,https://tabelog.com/tokyo/A1308/A130801/13075863/
610,カフェ,カフェ すえーる,"営業時間
7:30～18:00
定休日
土曜日、日曜日、祝日",東京都港区西麻布1-1-3,https://tabelog.com/tokyo/A1307/A130701/13241686/
611,カフェ,Maple Raw,,東京都港区三田1-10-10,https://tabelog.com/tokyo/A1307/A130702/13263482/
612,カフェ,アロマ スモーク シロカネ,,東京都港区白金6-21-12 大石ビル 3F,https://tabelog.com/tokyo/A1316/A131602/13252695/
613,カフェ,HARBOR,"営業時間
［おが丸出港日］9:00~11:00［月～金］11:30～14:00［毎週金曜日］18:30~22:30（L.o22:00）
定休日
土曜日、日曜日",東京都港区海岸1-12-2 竹芝客船ターミナル,https://tabelog.com/tokyo/A1314/A131401/13257479/
614,カフェ,白金カフェ,,東京都港区白金台1-2-37 白金パレット２F,https://tabelog.com/tokyo/A1316/A131602/13219683/
615,カフェ,有栖川珈琲,"営業時間
［月～金］10:00～13:3014:00～17:3017:30～21:00［土・日・祝］10:00～13:3014:00～17:30※都立中央図書館開館日に準じる",東京都港区南麻布5-7-13 都立中央図書館 1F,https://tabelog.com/tokyo/A1307/A130701/13230364/
616,カフェ,ザ リアライズ ロッポンギ,,東京都港区六本木4-2-35,https://tabelog.com/tokyo/A1307/A130701/13131685/
617,カフェ,シーシャラウンジ エルビス,"営業時間
14:00～翌5:00
日曜営業
定休日
無休",東京都港区六本木4-8-3 日栄ビル 4F,https://tabelog.com/tokyo/A1307/A130701/13261866/
618,カフェ,ナイン9+,"営業時間
[月～木]11:00～20:00[金～日・祝]10:00～21:00
日曜営業",東京都港区六本木6-10-1 六本木ヒルズ ヒルサイド B1F,https://tabelog.com/tokyo/A1307/A130701/13291852/
619,カフェ,海苔子珈琲,"営業時間
11:00～16:00
定休日
不定休",東京都港区南青山6-13-18 南青山ロータリーマンション 1F,https://tabelog.com/tokyo/A1306/A130602/13280349/
620,カフェ,フォーユー,,東京都港区高輪3-18-15 高輪いきいきプラザ,https://tabelog.com/tokyo/A1314/A131403/13184292/
621,カフェ,スターバックスコーヒー 麻布台ヒルズ店,"営業時間
[月～金]7:00～22:00[土・日・祝]8:00～21:00
日曜営業
定休日
不定休",東京都港区麻布台1-3-1 麻布台ヒルズタワープラザ B1F,https://tabelog.com/tokyo/A1307/A130701/13291447/
622,カフェ,ヴィズカフェ＆バー 赤坂店,,東京都港区赤坂7-11-2 フラットK赤坂 1F,https://tabelog.com/tokyo/A1308/A130801/13190107/
623,カフェ,Salon de fable,"営業時間
［ランチ］11:30～14:30［カフェ］11:30～16:00［バー］18:00～
定休日
水曜日、日曜日",東京都港区赤坂2-17-52 タウンハウス赤坂 1F,https://tabelog.com/tokyo/A1308/A130801/13284523/
624,カフェ,cafe CYAN,"営業時間
［月～金］10:00～18:00
定休日
土曜日、日曜日",東京都港区白金1-12-2 1F,https://tabelog.com/tokyo/A1316/A131602/13273450/
625,カフェ,エフブルーム,"営業時間
［月～金］13:00～20:00［土］11:00～19:00
定休日
日曜日、祝日",東京都港区新橋2-9-8 新橋南條ビル 4F,https://tabelog.com/tokyo/A1301/A130103/13173509/
626,カフェ,Elama Roppongi,"営業時間
10:30～17:0020:00～翌5:00
日曜営業",東京都港区六本木5-16-52 インペリアル六本木2号館S 2F,https://tabelog.com/tokyo/A1307/A130701/13275938/
627,カフェ,TVBカフェ 六本木店,"営業時間
（ランチ）11:30～16:00 (L.O15:30)（ディナー）17:00～22:00(L.O21:30)
日曜営業
定休日
年末年始",東京都港区六本木1-4-5 アークヒルズサウスタワー B1F,https://tabelog.com/tokyo/A1307/A130701/13281396/
628,カフェ,パオラレンティ カフェ,,東京都港区西麻布4-21-2 コートヤード広尾,https://tabelog.com/tokyo/A1307/A130703/13253082/
629,カフェ,キミノ,,東京都港区南青山3-13 COMMUNE 2nd,https://tabelog.com/tokyo/A1306/A130602/13209309/
630,カフェ,アトリウムラウンジ,"営業時間
10:00～20:30
日曜営業
定休日
無休",東京都港区赤坂1-12-33 ANAインターコンチネンタルホテル東京 2F,https://tabelog.com/tokyo/A1308/A130802/13257091/
631,カフェ,HISAYA KYOTO 麻布台ヒルズ,"営業時間
11:00～20:00
日曜営業",東京都港区虎ノ門5-9-1 麻布台ヒルズ ガーデンプラザB 2F,https://tabelog.com/tokyo/A1307/A130704/13291745/
632,カフェ,オーガニックサラダカフェ麻布島崎屋,"営業時間
[月～土]11:00～18:00
定休日
日曜日",東京都港区東麻布2-18-1 オーガニックストア麻布島崎屋 3F,https://tabelog.com/tokyo/A1314/A131401/13279486/
633,カフェ,スターバックスコーヒー 田町タワー店,"営業時間
[月～金]7:00～22:00[土・日・祝]8:00～21:00
日曜営業
定休日
不定休",東京都港区芝5-33-11 田町タワーモール 1F,https://tabelog.com/tokyo/A1314/A131402/13289442/
634,カフェ,コワーキングスペース Katsuki cafe 浜松町・大門駅前店,"営業時間
【月～金】10：00～21：00（最終入店19：00）7:00～10:00(L.O.9:30)は京急EXイン浜松町・大門駅前の朝食会場となります。
定休日
土・日・祝",東京都港区芝大門1-15-4 京急EXイン浜松町・大門駅前 1F,https://tabelog.com/tokyo/A1314/A131401/13252725/
635,カフェ,THE CAFE,"営業時間
9:00~22:00東京都の要請により、閉店時間を変更することがあります。詳しくはお問合せください。
日曜営業
定休日
年中無休",東京都港区新橋2-16-1 ニュー新橋ビル 301,https://tabelog.com/tokyo/A1301/A130103/13266804/
636,カフェ,カフェパータジェイ,"営業時間
営業時間[月~金]10:00〜16:0017:00〜23:30
定休日
土曜、日曜、祝日",東京都港区三田5-21-7,https://tabelog.com/tokyo/A1316/A131602/13075893/
637,カフェ,カウベル,,東京都港区西新橋三丁目18-1,https://tabelog.com/tokyo/A1314/A131401/13170091/
638,カフェ,ヘルム,"営業時間
11:00～17:00
定休日
土曜日、日曜日、祝祭日",東京都港区高輪1-1-11,https://tabelog.com/tokyo/A1316/A131602/13076207/
639,カフェ,Oasis@lounge724 神谷町,"営業時間
現在、店内飲食でのご利用は対応しておりません。デリバリー注文のみ受け付けておりますが、UberEatsからのご注文をお願いいたします。▼掲載名▼【肉と丼ぶりのお店】オアシスラウンジ724 Oasis@Lounge724▼営業時間▼平日11時～18時
定休日
土曜日、日曜日、祝日",東京都港区虎ノ門4-1-1 神谷町トラストタワー 4F,https://tabelog.com/tokyo/A1307/A130704/13256528/
640,カフェ,N．Y．Kカフェ お台場・デックス東京ビーチ,,東京都港区台場1-6-1 デックス東京ビーチ シーサイドモール 5F,https://tabelog.com/tokyo/A1313/A131306/13035904/
641,カフェ,ラ・ファリンヌ,"営業時間
［火～金］18:00～22:30［土曜日］12:00～17:00予約制の為、上記曜日、時間帯以外も可能です。お食事会、貸切パーティなど、ご相談下さい。またお店主催のスイーツ教室やワイン会も開催しています。
定休日
月曜、日曜",東京都港区赤坂6-10-39 ソフトタウン赤坂 1F,https://tabelog.com/tokyo/A1308/A130801/13166012/
642,カフェ,stand B,"営業時間
月～金7：30～17：30
定休日
土日祝",東京都港区芝5-36-7 三田ベルジュビル 1F,https://tabelog.com/tokyo/A1314/A131402/13255976/
643,カフェ,カフェ・シルクロード,"営業時間
［月曜日 ～ 金曜日］8:00～16:00
定休日
土曜日・日曜日・祝日",東京都港区三田3-11-36 三田日東ダイビル 1F,https://tabelog.com/tokyo/A1314/A131403/13168914/
644,カフェ,モンキーズ,,東京都港区六本木3-14-8 下条ビル 2F,https://tabelog.com/tokyo/A1307/A130701/13107760/
645,カフェ,Shisha Cafe&Bar ランデヴー,"営業時間
11:00～23:00(L.O.22:00)
定休日
無休",東京都港区赤坂4-3-27 1F,https://tabelog.com/tokyo/A1308/A130801/13271984/
646,カフェ,L'Comfort,"営業時間
11:00～20:00(料理L.O.19:00 ドリンクL.O.19:30)
定休日
無休",東京都港区西麻布1-12-5 SW六本木通ビル 1F,https://tabelog.com/tokyo/A1307/A130701/13256966/
647,カフェ,ランチ＆カフェ KAMADO,"営業時間
12:00～14:00(L.O)※ランチのご提供のみ
定休日
不定休",東京都港区赤坂3-7-11 レジーア赤坂 2F,https://tabelog.com/tokyo/A1308/A130801/13227903/
648,カフェ,エルアミーゴ,,東京都港区新橋2-15-11 TMビル 4F,https://tabelog.com/tokyo/A1301/A130103/13087449/
649,カフェ,シルクフードラボ,,東京都港区南青山3-13 COMMUNE,https://tabelog.com/tokyo/A1306/A130602/13243857/
650,カフェ,912cafe,"営業時間

日曜営業
定休日
不定休",東京都港区新橋6-5-4 DIKマンション新橋 9F,https://tabelog.com/tokyo/A1314/A131401/13290060/
651,カフェ,発酵・酒粕専門 ハッコートゥゴー,,東京都港区赤坂5-3-1 赤坂Bizタワー B1F　dashi+ 内,https://tabelog.com/tokyo/A1308/A130801/13236797/
652,カフェ,アークヒルズスパラウンジ,,東京都港区六本木1-3-40 アークタワーズウエスト,https://tabelog.com/tokyo/A1307/A130701/13144613/
653,カフェ,46番地,,東京都港区高輪4-13-7,https://tabelog.com/tokyo/A1314/A131403/13240770/
654,カフェ,MANUMA Alternative meal kit,"営業時間
[火～金]9:00〜19:00(L.O18:30)[土・日・祝]10:00〜18:00(L.O17:30)詳しい休みはHP確認
日曜営業
定休日
月曜日",東京都港区西麻布4-10-3 Blooming西麻布 1F,https://tabelog.com/tokyo/A1307/A130703/13263421/
655,カフェ,Bar・salon のら犬,"営業時間
salon[月～土]13:00～18:00BAR[水・木・金]18:00～22:00
定休日
日曜日、祝日",東京都港区赤坂3-9-4 赤坂扇やビル 7F,https://tabelog.com/tokyo/A1308/A130801/13267377/
656,カフェ,西麻布喫茶 R,"営業時間
［火～土］12:00～18:00
定休日
月曜日、日曜日(他不定休有)",東京都港区西麻布2-16-5,https://tabelog.com/tokyo/A1307/A130701/13154494/
657,カフェ,ドトールコーヒーショップ シーバンス ア・モール店,,東京都港区芝浦1-2-2 シーバンス ア・モール 1F,https://tabelog.com/tokyo/A1314/A131401/13205911/
658,カフェ,ティーサロン バザール,,東京都港区高輪3-13-1 グランドプリンスホテル新高輪 国際館パミール　１Ｆ,https://tabelog.com/tokyo/A1316/A131603/13048390/
659,カフェ,キャナル ゲート カフェ,"営業時間
［火～金］9:00～23:00［土・日・祝］9:00～21:30
日曜営業
定休日
月曜日(祝日の際は営業)",東京都港区芝浦4-20-3,https://tabelog.com/tokyo/A1314/A131402/13168777/
660,カフェ,RED°STAND,"営業時間

日曜営業",東京都港区芝公園4-2-8 TOKYO TOWER フットタウン 5F,https://tabelog.com/tokyo/A1314/A131401/13270800/
661,カフェ,CHILL OUT TOKYO,,東京都港区芝浦2-16-10 ラナビル,https://tabelog.com/tokyo/A1314/A131402/13261153/
662,カフェ,麻雀カフェ chun.,"営業時間
[月・火・木・金]12:00～23:00(L.O 22:00)[水・土・日]12:00～20:00(L.O 19:45)Instagram（@chun_mahjongcafe）にてご確認ください。
定休日
不定休",東京都港区赤坂3-6-17 ダイムラービル 3F,https://tabelog.com/tokyo/A1308/A130801/13264366/
663,カフェ,Shisha Cafe & Lounge The Boutique,"営業時間
14:00～翌5:00(L.O 3:30)
日曜営業
定休日
年末年始",東京都港区新橋3-14-5 S'TEC3ビル 2F,https://tabelog.com/tokyo/A1301/A130103/13270923/
664,カフェ,タリーズコーヒー 虎ノ門グローバルスクエア店,"営業時間
[月～金]7:00～21:00[土]8:00～19:00
定休日
日曜日、祝日",東京都港区虎ノ門1-3-1 虎ノ門グローバルスクエア 1F,https://tabelog.com/tokyo/A1308/A130802/13249653/
665,カフェ,COFFEE MAFIA 汐留店,"営業時間
8:00～16:00
定休日
土曜日、日曜日",東京都港区東新橋1-8-2 カレッタ汐留 B2F,https://tabelog.com/tokyo/A1301/A130103/13290298/
666,カフェ,タリーズコーヒー 三田国際ビルヂング店,"営業時間
8:00～19:00
定休日
土曜日、日曜日",東京都港区三田1-4-28 三田国際ビル B1F,https://tabelog.com/tokyo/A1314/A131401/13086699/
667,カフェ,muun,"営業時間
15:00～18:0019:00～22:00
定休日
不定休",東京都港区南麻布4-12-7 高井ビル 1F,https://tabelog.com/tokyo/A1307/A130703/13289047/
668,カフェ,マイスタイル 六本木店,"営業時間
24時間営業
日曜営業
定休日
無休",東京都港区六本木7-14-10 誠志堂ビル 3F,https://tabelog.com/tokyo/A1307/A130701/13193127/
669,カフェ,エクセルシオール カフェ バリスタ 東京汐留ビルディング店,"営業時間
[月～金]7:00～18:00[土・日・祝]8:00～18:00
日曜営業
定休日
無休",東京都港区東新橋1-9-1 東京汐留ビルディング 2F 202,https://tabelog.com/tokyo/A1301/A130103/13227078/
670,カフェ,タマ＆フレンズ 3ちょうめカフェ,,東京都港区台場1-7-1 アクアシティお台場 6F,https://tabelog.com/tokyo/A1313/A131306/13237053/
671,カフェ,クレスコーヒー,"営業時間
[水～土]10:00～15:00[日]10:00～16:00
日曜営業
定休日
月曜日、火曜日",東京都港区南青山3-18-19 フェスタ表参道ビル 4F,https://tabelog.com/tokyo/A1306/A130602/13278173/
672,カフェ,TCP CAFE,"営業時間
11:00～19:00
日曜営業
定休日
無休",東京都港区北青山3-9-10 北青山ビル 1F,https://tabelog.com/tokyo/A1306/A130602/13278774/
673,カフェ,東京恋テラス,"営業時間
［月～金］11:00～19:00［土・日・祝］11:00～20:00
日曜営業
定休日
無休",東京都港区台場1-6-1 デックス東京ビーチシーサイドモール 3F,https://tabelog.com/tokyo/A1313/A131306/13253464/
674,カフェ,バンブルビー カフェ,,東京都港区高輪2-16-29 東急ステイ高輪,https://tabelog.com/tokyo/A1314/A131403/13232409/
675,カフェ,喫茶桃源,"営業時間
珈琲喫茶「桃源」月〜土曜日11:00〜17:00 ※日定休日ラウンジ「桃源」2022/3/14OPEN月〜土曜日19:00〜0:00※日曜定休日※月曜日は予約制※その他臨時休業の際はSNS、ホームページ(只今制作中)にてお知らせ致します
定休日
喫茶店・lounge共に日曜日が定休日※月曜日は予約制",東京都港区赤坂3-9-15 第2クワムラビル B1F,https://tabelog.com/tokyo/A1308/A130801/13267514/
676,カフェ,8ablish,,東京都港区虎ノ門5-8-1 麻布台ヒルズガーデンプラザA 2F,https://tabelog.com/tokyo/A1307/A130704/13291765/
677,カフェ,スナック T&A,,東京都港区新橋2-16-1 ニュー新橋ビル 2F,https://tabelog.com/tokyo/A1301/A130103/13188675/
678,カフェ,勉強カフェ 虎ノ門スタジオ,"営業時間
［月～金］7:00～23:00（受付時間12:00～16:00／17:00～20:00）［土・日・祝］7:00～21:00（受付時間12:00～17:00）
日曜営業
定休日
基本無休（年末年始休みあり、臨時休業あり）",東京都港区虎ノ門3-11-9 シュミット虎ノ門ビル 2F～3F,https://tabelog.com/tokyo/A1307/A130704/13263338/
679,カフェ,HARBS,"営業時間
[月～日]11:00～20:00
日曜営業
定休日
１／１",東京都港区虎ノ門5-9-1 麻布台ヒルズ ガーデンプラザC B1F,https://tabelog.com/tokyo/A1307/A130704/13291858/
680,カフェ,ゼロ,,東京都港区浜松町1-1-6,https://tabelog.com/tokyo/A1314/A131401/13088067/
681,カフェ,茶室夢庵,"営業時間
11：00-16：00",東京都港区白金台1-1-1 八芳園（庭園内）,https://tabelog.com/tokyo/A1316/A131602/13051079/
682,カフェ,ファーイーストカフェ,,東京都港区南青山5-10-18 サクラビル 2F,https://tabelog.com/tokyo/A1306/A130602/13253173/
683,カフェ,さくら館,,東京都港区赤坂7-6-43,https://tabelog.com/tokyo/A1308/A130801/13037888/
684,カフェ,ビューラウンジ グランドニッコー東京 台場,,東京都港区台場2-6-1 27F,https://tabelog.com/tokyo/A1313/A131306/13228304/
685,カフェ,BEYOND SWEETS 表参道店,"営業時間
[月～日]10:00～19:00（LO18:30）
日曜営業
定休日
SNSにてお知らせ",東京都港区南⻘山3-13-9 ⻘山パティオ 1F,https://tabelog.com/tokyo/A1306/A130602/13290594/
686,カフェ,ペーズマジック イヤーズアンドアイズオンリー,"営業時間
11:30～20:30(L.O19:30)",東京都港区六本木7-5-11 カサ・グランデ・ミワ 1F ガレージ奥,https://tabelog.com/tokyo/A1307/A130701/13283695/
687,カフェ,カフェ ド ローズ,,東京都港区南青山1-25-3 桂由美ブライダルハウス 1F,https://tabelog.com/tokyo/A1307/A130701/13268712/
688,カフェ,ヒルズスパカフェ 仙石山,"営業時間
11:00～23:00",東京都港区六本木1-9-10 アークヒルズ仙石山森タワー 1F,https://tabelog.com/tokyo/A1307/A130701/13148027/
689,カフェ,CALM,,東京都港区赤坂2-20-18 CA FLAT 1Ｆ,https://tabelog.com/tokyo/A1308/A130801/13087506/
690,カフェ,エナジー カフェ,"営業時間
11:30～21:00
日曜営業
定休日
無休",東京都港区白金1-7-3,https://tabelog.com/tokyo/A1316/A131602/13188614/
691,カフェ,カフェ ライム,,東京都港区虎ノ門2-2-5,https://tabelog.com/tokyo/A1308/A130802/13184226/
692,カフェ,茶ノ花研究室,"営業時間
[木・金]18:00～21:30[土・日]15:00～19:00
日曜営業
定休日
月曜日、火曜日、水曜日",東京都港区赤坂4-4-16 クレスト赤坂 1F,https://tabelog.com/tokyo/A1308/A130801/13282304/
693,カフェ,Release,"営業時間
ＯＰＥＮ11:00～18：00
定休日
不定休",東京都港区赤坂8-13-19,https://tabelog.com/tokyo/A1307/A130701/13284849/
694,カフェ,カフェドローズ,,東京都港区白金3-4-1,https://tabelog.com/tokyo/A1316/A131602/13087605/
695,カフェ,山陽堂珈琲,"営業時間
[木・金]13:00～19:00[土]11:00～17:00",東京都港区北青山3-5-22 山陽堂書店 3F,https://tabelog.com/tokyo/A1306/A130602/13273436/
696,カフェ,カフェ・ド・シテ,"営業時間
11：30～21：30
日曜営業
定休日
不定休",東京都港区六本木7-8-8 ミクニ六本木ビル1F,https://tabelog.com/tokyo/A1307/A130701/13097113/
697,カフェ,ラウンジ桜彩,"営業時間
［朝食］7:00～10:00［ティータイム］10:00～17:00［カクテルタイム］17:00～19:00［ナイトキャップ］19:00～22:00(L.O.21:30)",東京都港区高輪3-13-1 高輪 花香路 4F,https://tabelog.com/tokyo/A1316/A131603/13211020/
698,カフェ,m.k.cafe,"営業時間
m.k.cafe[月～金]12:00～17:00 (L.O 16:30)tode[月～土]18:00～23:00
定休日
日曜日  年末年始",東京都港区赤坂7-5-27 赤坂パインクレスト 101,https://tabelog.com/tokyo/A1308/A130801/13258772/
699,カフェ,喫茶たんぽぽ,,東京都港区芝1-8-23 港区立障害保健福祉センター 1F,https://tabelog.com/tokyo/A1314/A131401/13140717/
700,カフェ,エクセルシオールカフェ 赤坂パークビル店,"営業時間
7:00～17:30(L.O.17:15)
定休日
土曜日、日曜日、祝日",東京都港区赤坂5-2-20 赤坂パークビルヂング1F,https://tabelog.com/tokyo/A1308/A130801/13078725/
701,カフェ,1001 NIGHTS,"営業時間
14:00～22:30(料理L.O.22:00 ドリンクL.O.22:00)
定休日
日曜日",東京都港区赤坂3-8-8 赤坂フローラルプラザ 1F,https://tabelog.com/tokyo/A1308/A130801/13266482/
702,カフェ,CAFE MALINS,,東京都港区六本木7-14-4 レム六本木ビル 1F,https://tabelog.com/tokyo/A1307/A130701/13276422/
703,カフェ,喫茶館 Bleu Montagne,"営業時間
木曜日以外11：00～19：00（Lo18:30）
日曜営業
定休日
木曜日",東京都港区南青山1-26-16 乃木坂リリエンハイム 1F,https://tabelog.com/tokyo/A1307/A130701/13286397/
704,カフェ,Kam Shisha,"営業時間
［火〜金］14:00〜29:00（シーシャL.O27:30）［土〜月］14:00〜23:00（シーシャL.O21:30）
日曜営業
定休日
不定休",東京都港区赤坂3-12-11 ゴールド赤坂 7F,https://tabelog.com/tokyo/A1308/A130802/13281041/
705,カフェ,レザベイユ南青山,"営業時間
【火～土】11:00～19:00
定休日
日曜日・月曜日・祝日",東京都港区南青山3-15-2,https://tabelog.com/tokyo/A1306/A130602/13171786/
706,カフェ,La Maison Blanche,,東京都港区白金台5-13-26 1F,https://tabelog.com/tokyo/A1316/A131602/13285505/
707,カフェ,FIRST 白金ザ・スカイ店,"営業時間
[水～金]9:00～17:00[土・日]9:00～17:30
日曜営業
定休日
月曜日、火曜日",東京都港区白金1-2-2 白金ザスカイw 1F,https://tabelog.com/tokyo/A1316/A131602/13290529/
708,カフェ,Pacific STAND IN,"営業時間
月～土　8:00-23:00(L.O フード22:00 ドリンク22:30) 日・祝　8:00-22:00(L.O フード21:00 ドリンク21:30) 
定休日
施設に準ずる",東京都港区虎ノ門2-6-3 虎ノ門ヒルズステーションタワー B2F,https://tabelog.com/tokyo/A1308/A130802/13289046/
709,カフェ,DP STAND,"営業時間
[月～金]7:00～14:30[土]7:00～13:00店内ラストオーダーは30分前までテイクアウトのラストオーダーは15分前までイベント等により、臨時休業などもございますので、インスタグラムの営業カレンダーをご確認ください。
定休日
日曜日、祝日",東京都港区赤坂3-7-15 PARADISEⅡ 2F,https://tabelog.com/tokyo/A1308/A130801/13288889/
710,カフェ,ライブカフェ サラ,"営業時間
［火～金］18:30～23:00［土・日］14:00～23:00
日曜営業
定休日
月曜日（貸切応相談）",東京都港区赤坂2-17-58 赤坂福住ビル B2F,https://tabelog.com/tokyo/A1308/A130801/13115527/
711,カフェ,cafe B,"営業時間
月～金9：00～17：30
定休日
土日祝",東京都港区芝5-36-7 三田ベルジュビル 1F,https://tabelog.com/tokyo/A1314/A131402/13255975/
712,カフェ,エグゼクティブラウンジ,,東京都港区高輪3-13-1,https://tabelog.com/tokyo/A1316/A131603/13218449/
713,カフェ,クラブインターコンチネンタルラウンジ インターコンチネンタル東京ベイ,"営業時間
7:00～20:30［朝食］7:00～11:00［アフタヌーンティー］14:00～16:00［クラブディナー］17:00～20:00",東京都港区海岸1-16-2 インターコンチネンタル東京ベイ 20F,https://tabelog.com/tokyo/A1314/A131401/13249632/
714,カフェ,クラブインターコンチネンタルラウンジ,"営業時間
［月～金］14:30～22:00［土・日］7:00～22:00",東京都港区港南2-16-1 品川イーストワンタワー 26F ストリングスホテル東京インターチェンジ,https://tabelog.com/tokyo/A1314/A131403/13250330/
715,カフェ,喫茶 悠,,東京都港区芝2-12-12,https://tabelog.com/tokyo/A1314/A131401/13160469/
716,カフェ,Cafe Madeo,"営業時間
10:30～17:00(お料理L.O.16:00 ドリンクL.O.16:30)
日曜営業
定休日
水曜日、木曜日",東京都港区南青山3-15-13 グリーンハイツ南青山 B1F,https://tabelog.com/tokyo/A1306/A130602/13256067/
717,カフェ,MIDPARK CAFE STAND,"営業時間
[月・火・水・木・金]12:00～19:30[土・日・祝]11:00～19:30
日曜営業
定休日
不定休",東京都港区赤坂7-9-1,https://tabelog.com/tokyo/A1307/A130701/13284941/
718,カフェ,推し活専門 夜ご飯＆ランチ チェブカフェ 六本木店,"営業時間
11:30～16:0017:00～22:00
日曜営業
定休日
無",東京都港区六本木1-4-5 アークヒルズ サウスタワー B1F,https://tabelog.com/tokyo/A1307/A130701/13280963/
719,カフェ,プレミアムクラブ ラウンジ,,東京都港区芝公園4-8-1 ザ・プリンス パークタワー東京 32F,https://tabelog.com/tokyo/A1314/A131401/13235658/
720,カフェ,ドルチェバール アンバー,,東京都港区東新橋1-8-2 カレッタ汐留 B1F,https://tabelog.com/tokyo/A1301/A130103/13253140/
721,カフェ,ガストロノミア ベルソーニョ,"営業時間
(月〜金)10:00〜16：00(LO15：00)臨時休業有
定休日
土　日　祝日",東京都港区西麻布4-2-15 山浦ビル 1F,https://tabelog.com/tokyo/A1307/A130703/13284846/
722,カフェ,スターシードカフェ,"営業時間
[月・水～金]12:00～18:00（L.O.17:30）[土・日]11:30～18:00（L.O.17:30）
日曜営業
定休日
火曜日",東京都港区六本木7-5-11 カサグランデミワビル 2F,https://tabelog.com/tokyo/A1307/A130701/13268559/
723,カフェ,まーぶるカフェ,"営業時間
10:00～16:00(L.O.15:30)
定休日
日曜日、祝日",東京都港区芝4-1-17 三田いきいきプラザ 2F,https://tabelog.com/tokyo/A1314/A131402/13286288/
724,カフェ,CAFE & DININGBAR GEM,"営業時間
〔月〜日〕18:00～翌5:00-10:00(要確認)
定休日
不定休",東京都港区西麻布2-10-1 西麻布アジアビル 2F,https://tabelog.com/tokyo/A1307/A130701/13240471/
725,カフェ,R,"営業時間
12:00～18:00
定休日
月曜日、日曜日、不定休",東京都港区西麻布2-16-5,https://tabelog.com/tokyo/A1307/A130701/13170442/
726,カフェ,Apero kermis,"営業時間

日曜営業",東京都港区白金6-2-4,https://tabelog.com/tokyo/A1316/A131602/13286121/
727,カフェ,タリーズコーヒー 日比谷フォートタワー店,"営業時間
7:30～18:00
定休日
土曜日、日曜日",東京都港区西新橋1-1-1 日比谷フォートタワー 1F,https://tabelog.com/tokyo/A1308/A130802/13262825/
728,カフェ,オリーブ,"営業時間
9:00～16:00
定休日
土曜日、日曜日、祝日",東京都港区東麻布2-11-3,https://tabelog.com/tokyo/A1307/A130702/13087483/
729,カフェ,Common cafe&music bar lounge,,東京都港区六本木4-8-5 六本木和幸ビル 1F,https://tabelog.com/tokyo/A1307/A130701/13270338/
730,カフェ,ミュージック喫茶 バー クリームソーダ,,東京都港区港南2-3-13 品川フロントビル B1F,https://tabelog.com/tokyo/A1314/A131403/13262677/
731,カフェ,PUNHONG CAFE,"営業時間
11:00～22:00(Lo.21:00)
日曜営業
定休日
施設に準ずる",東京都港区海岸1-10-45 アトレ竹芝 シアター棟 2F,https://tabelog.com/tokyo/A1301/A130103/13274324/
732,カフェ,CBD NATION,"営業時間
[火・水・木・日]12:00～23:00[金・土]12:00～翌5:00
日曜営業
定休日
月曜日",東京都港区六本木4-9-9 タカヒラビル 1F,https://tabelog.com/tokyo/A1307/A130701/13272273/
733,カフェ,THEATER BASE,,東京都港区赤坂5-3-2 TBS赤坂ACTシアター,https://tabelog.com/tokyo/A1308/A130801/13277164/
734,カフェ,バオ バオ バー,,東京都港区赤坂3-12-5 HOTEL FELICE Akasaka 茜小路内,https://tabelog.com/tokyo/A1308/A130801/13230099/
735,カフェ,クラブラウンジ 花雅,"営業時間
7:00～20:00",東京都港区高輪3-13-1 グランドプリンスホテル高輪 1F,https://tabelog.com/tokyo/A1316/A131603/13263829/
736,カフェ,サンカフェ,,東京都港区赤坂1-9-13 三会堂ビル B1F,https://tabelog.com/tokyo/A1308/A130802/13250173/
737,カフェ,SHISHA LABO BY SHIPARA,"営業時間
12:00～20:00(料理L.O.19:00 ドリンクL.O.19:00)
定休日
無休",東京都港区新橋3-14-4 ル・グラシエルビル49 6F,https://tabelog.com/tokyo/A1301/A130103/13263007/
738,カフェ,港ーマス,"営業時間
13:00～17:00
日曜営業
定休日
不定休",東京都港区北青山3-10-2 栄友ビル 2F,https://tabelog.com/tokyo/A1306/A130602/13215857/
739,カフェ,ハワイ カウコーヒー お台場店,"営業時間
日~木・土/10:00~17:00(L.O16:45)金/10:00~21:00(L.O20:45)
日曜営業
定休日
年中無休",東京都港区台場2-6-1 グランドニッコー東京台場 アトリウム棟 2F,https://tabelog.com/tokyo/A1313/A131306/13274061/
740,カフェ,ラ・メゾン白金グラン カフェ,"営業時間
平日　11:00～14:00（L.O.13:30）土日祝　11:00～15:00（L.O.14:30）
日曜営業
定休日
不定休",東京都港区白金1-27-6 白金高輪ステーションビル 1F,https://tabelog.com/tokyo/A1316/A131602/13266831/
741,カフェ,エスプレッソ アメリカーノ 竹芝店,"営業時間
9：00～18：00
定休日
不定休",東京都港区海岸1-11-1 ニューピア竹芝ノースタワー　1F,https://tabelog.com/tokyo/A1314/A131401/13035142/
742,カフェ,こどもの視点カフェ,"営業時間
9:30～17:30（L.O 17:00）
日曜営業
定休日
月曜日（※月曜日が休日の場合、翌営業日が休館）",東京都港区北青山2-3-1 Itochu Garden 2F,https://tabelog.com/tokyo/A1306/A130603/13284713/
743,カフェ,COSTA COFFEE 東京ポートボウル,"営業時間
11:30～18:00(L.O.)",東京都港区芝浦1-13-10 第三東運ビル,https://tabelog.com/tokyo/A1314/A131402/13256759/
744,カフェ,Holland Village Private Cafe,,東京都港区元麻布,https://tabelog.com/tokyo/A1307/A130702/13281414/
745,カフェ,古の茶,,東京都港区新橋3-2-1 鴨田ビル 1F,https://tabelog.com/tokyo/A1301/A130103/13239410/
746,カフェ,テサラ,,東京都港区南青山2-20-1 平野ビル 1F,https://tabelog.com/tokyo/A1306/A130603/13205698/
747,カフェ,パザパ,,東京都港区芝大門2-4-1 izumiビル 10F,https://tabelog.com/tokyo/A1314/A131401/13290127/
748,カフェ,THE CAFE by cadet,"営業時間
11:00～18:00
定休日
水曜日、日曜日",東京都港区南青山6-13-1 IDEALビル,https://tabelog.com/tokyo/A1306/A130602/13285312/
749,カフェ,セガフレード・ザネッティ・エスプレッソ 芝浦埠頭ヨコソーレインボータワー店,"営業時間
7:30～16:00
定休日
土曜日、日曜日、祝日",東京都港区海岸3-20-20 ヨコソーレインボータワー 1F,https://tabelog.com/tokyo/A1314/A131402/13165522/
750,カフェ,KAPE TAYO TOKYO,"営業時間
11:30～20:00
日曜営業
定休日
不定休",東京都港区六本木5-16-5 インペリアル六本木 1号館 1F,https://tabelog.com/tokyo/A1307/A130701/13269087/
751,カフェ,ロンハーマンカフェ 六本木店,"営業時間
11:00〜20:00
日曜営業
定休日
施設に準ずる",東京都港区赤坂9-7-4 東京ミッドタウン ガレリアガーデンテラス B1F,https://tabelog.com/tokyo/A1307/A130701/13291415/
752,カフェ,ディーシオドメプラス,"営業時間
[月〜金]18:00～22:00(L.O 21:00)
定休日
土曜日・日曜日・祝日",東京都港区東新橋2-9-6 汐留ファースト 1F,https://tabelog.com/tokyo/A1301/A130103/13252093/
753,カフェ,cafecon33 品川店,"営業時間
[月・火・水・木・金]7:00～20:00[土・祝]7:00～19:00",東京都港区高輪3-26-27 品川駅,https://tabelog.com/tokyo/A1314/A131403/13277940/
754,カフェ,ラ・パロット,,東京都港区西新橋1-17-7,https://tabelog.com/tokyo/A1301/A130103/13092405/
755,カフェ,セレイア,"営業時間
[月～金]9:15～19:00[土](隔週営業)11:30～17:00
定休日
日曜日、隔週土曜日",東京都港区高輪2-1-62,https://tabelog.com/tokyo/A1314/A131403/13077729/
756,カフェ,アムカフェ,"営業時間
15:00～21:00
定休日
日曜日、月曜日、火曜日",東京都港区六本木4-10-11 八巻ビル 1F,https://tabelog.com/tokyo/A1307/A130701/13270088/
757,カフェ,Shisha Lounge W,,東京都港区新橋3-21-4 ル・グラシエルBLOG26 4F,https://tabelog.com/tokyo/A1301/A130103/13276650/
758,カフェ,THE DIVE FACTORY 東京店,"営業時間
［月～金］12:00～21:00［土・日・祝］11:00～20:00
定休日
第1月曜日、第2日曜日",東京都港区新橋2-16-1 ニュー新橋ビル 3F,https://tabelog.com/tokyo/A1301/A130103/13257314/
759,カフェ,Tentative Lounge,,東京都港区南青山3-2-9 真壁マンション 1F,https://tabelog.com/tokyo/A1306/A130603/13291079/
760,カフェ,ワンダフル ライフ,"営業時間
ランチ　12:00-16:00ディナー17:00-24:00
定休日
日曜日",東京都港区西麻布1-11-6 ホテル&レジデンス六本木,https://tabelog.com/tokyo/A1307/A130701/13248513/
761,カフェ,EX THEATER ROPPONGI,,東京都港区西麻布1-2-9 EXタワー,https://tabelog.com/tokyo/A1307/A130701/13229281/
762,カフェ,みなと茶寮,"営業時間
10:30～16:00
定休日
土曜日、日曜日、祝日",東京都港区芝5-36-4 札の辻スクエア 4F,https://tabelog.com/tokyo/A1314/A131402/13270210/
763,カフェ,タリーズコーヒー 住友不動産麻布十番ビル店,"営業時間
[月～金]8:00～19:00
定休日
土曜日、日曜日、祝日",東京都港区三田1-4-1 住友不動産麻布十番ビル 1F,https://tabelog.com/tokyo/A1307/A130702/13234724/
764,カフェ,始発待ちカフェ 新橋・汐留,"営業時間
12:00～4:00
定休日
無休",東京都港区新橋5-12-7 富永ビル 1F,https://tabelog.com/tokyo/A1301/A130103/13256935/
