,genre,store_name,business_hours,address,url
0,カフェ,サラベス 東京店,"営業時間
【2F】月曜～金曜：9:00～22:00(21:00LO)土日・祝日：9:00～22:00(21:00LO)【3F Roof Top Terrace】…現在クローズしております（オープン状況はご確認ください）※ラストオーダー時刻は、オフィシャルサイトでご確認ください。
日曜営業
定休日
不定休",東京都千代田区丸の内1-8-2 鉃鋼ビルディング南館 2・3F,https://tabelog.com/tokyo/A1302/A130201/13189541/
1,カフェ,THE BLUE,"営業時間
11:00～22:00(フードL.O.21:00 ドリンクL.O.21:30)ランチ：11：00～16：00ディナー：18：00～22：00
日曜営業
定休日
不定休",東京都千代田区有楽町1-2-2 日比谷シャンテ 別館 日比谷ゴジラスクエア,https://tabelog.com/tokyo/A1301/A130102/13276936/
2,カフェ,common cafe 丸の内センタービル店,"営業時間
[月～金]11:30～21:00（LO）[土・日・祝]11:30～20:00（LO）
日曜営業
定休日
不定休   ※丸の内センタービル準ずる。　年末年始は、12/30～1/3休業いたします。",東京都千代田区丸の内1-6-1 丸の内センタービルディング 1F,https://tabelog.com/tokyo/A1302/A130201/13200740/
3,カフェ,アロハテーブル 飯田橋,"営業時間
[全日]11:30～22:00※状況により営業時間を変更する場合がございます。
日曜営業
定休日
不定休（施設に準ずる）",東京都千代田区富士見2-10-2 飯田橋グラン・ブルーム サクラテラス 2F 201,https://tabelog.com/tokyo/A1309/A130905/13173844/
4,カフェ,WHIZ CAFE,"営業時間
[月火水木金]モーニング  7:00〜10:00(LO9:30)ランチ　　11:30〜15:00(LO14:30)ディナー　17:00～23：00(LO22：00)［土日祝］モーニング  7:00〜10:00(LO9:30)ランチ　　　予約制で1階のみディナー　17:00～23：00(LO22：00)
日曜営業
定休日
なし",東京都千代田区岩本町2-1-1 アパホテル神田駅東 1F,https://tabelog.com/tokyo/A1310/A131002/13272001/
5,カフェ,廣瀬與兵衛商店,"営業時間
【ランチ】11:00～14:00【カフェ】14:00～17:00【ディナー】17:00～21:00
定休日
土日祝",東京都千代田区神田錦町3-17 廣瀬ビル 1F,https://tabelog.com/tokyo/A1302/A130201/13285634/
6,カフェ,EDOCCO CAFE MASU MASU,"営業時間
【月〜木】10:00〜17:30（17:00 L.O）【金・土・日・祝】10:00〜18:00（17:30 L.O）
日曜営業
定休日
★年中無休",東京都千代田区外神田2-16-2 神田明神文化交流館 1F,https://tabelog.com/tokyo/A1310/A131002/13228621/
7,カフェ,REVIVE KITCHEN THREE HIBIYA,"営業時間
【通常営業時間】11：00～22：00（L.O. 21:00）　※特殊なヴィーガン料理（オリエンタルヴィーガン等）は、メニューの構成上、対応をお断りさせて頂く場合がございます。ご了承くださいませ。
日曜営業
定休日
不定休 ※施設に準ずる",東京都千代田区有楽町1-1-2 東京ミッドタウン日比谷 2F,https://tabelog.com/tokyo/A1301/A130102/13219854/
8,カフェ,フクモリ,"営業時間
[月-金] 11:30 - 23:00 (L.O 22:00)◾️LUNCH TIME 11:30 - 15:00◾️CAFE TIME 15:00 - 17:00◾️DINNER TIME 17:00 - 21:00
定休日
日曜日",東京都千代田区東神田1-2-10 泰岳ビル　１Ｆ,https://tabelog.com/tokyo/A1302/A130204/13090984/
9,カフェ,テラス8890,"営業時間
月～金8:30～21:00（L.O.19:30、ドリンクL.O.20:00）土日祝休業
定休日
不定休(ワテラスタワーに準ずる)",東京都千代田区神田淡路町2-101 ワテラスタワーコモン 3F,https://tabelog.com/tokyo/A1310/A131002/13155049/
10,カフェ,Coffee&Bar Orange,"営業時間
[月～金]12:00～23:00(L.O:22:30)
定休日
日曜日",東京都千代田区西神田2-1-3 トービケンビル 1F,https://tabelog.com/tokyo/A1310/A131003/13288816/
11,カフェ,ガーデンラウンジ,"営業時間
〈朝食〉　6:30～10:00(L.O)〈ランチ〉　11:00～〈スーパースイーツビュッフェ〉【WEBより事前予約制】　11:30～※各90分制　※繁忙日により時間が変更になる場合がございます〈ティータイム〉　　15:00～18:00
日曜営業
定休日
無休",東京都千代田区紀尾井町4-1 ホテルニューオータニ ガーデンタワーロビィ階,https://tabelog.com/tokyo/A1308/A130803/13009058/
12,カフェ,THE LOUNGE,"営業時間
11:00～21:00(L.O 20:00)
日曜営業
定休日
年中無休",東京都千代田区大手町1-2-1 フォーシーズンズホテル東京大手町 39F,https://tabelog.com/tokyo/A1302/A130201/13249496/
13,カフェ,カフェ＆ブックス ビブリオテーク 東京・有楽町,"営業時間
11:00-21:00・パンケーキ/料理（L.O　20:00)・その他デザート/ドリンク(L.O 20:30)
日曜営業
定休日
館の休みに準ずる",東京都千代田区有楽町2-5-1 ルミネ有楽町店 ルミネ1　3Ｆ,https://tabelog.com/tokyo/A1301/A130102/13132377/
14,カフェ,ブックハウスカフェ,"営業時間
・書店   　11：00～18：00・カフェ　11：00～18：00（フード/スイーツ/ドリンク共にL.O.17：00）（平日）    　11：00～18：00（フード/スイーツL.O.17：00/ドリンクL.O.17：30）（土日祝）・バーリリパット（平日のみ営業）　　　　　20：00～23：30（L.O.23：00）
日曜営業
定休日
[年中無休]  ※年末年始はお休みさせていただきます。",東京都千代田区神田神保町2-5 北沢ビル 1F,https://tabelog.com/tokyo/A1310/A131003/13212108/
15,カフェ,ピタン ビストロ アンド ケークス,"営業時間
[月～金]11:30～15:00 18:00～22:00(21:00L.O）[土]16:00～21:00(20:00L.O)
定休日
日曜日、祝日　詳細はInstagramを確認ください。",東京都千代田区麹町2-14-1 第一茜ビル 7F,https://tabelog.com/tokyo/A1308/A130803/13253387/
16,カフェ,真不同 HONG KONG TEA ROOM 1946,"営業時間
平日 11:00～22:00（L.O21：30）土日祝 11:00～21:30（L.O21：00）注.1)キャッシュレス店舗のため現金が使えません注.2)混雑時お席は90-120分目安にお願いしております。ご了承ください
日曜営業
定休日
無休（新丸ビルに準ずる）年末年始は元旦のみお休みさせていただきます",東京都千代田区丸の内1-5-1 新丸の内ビルディング B1F,https://tabelog.com/tokyo/A1302/A130201/13282490/
17,カフェ,"cafe,Dining&Bar 104.5","営業時間
11:30～22:00
日曜営業
定休日
なし",東京都千代田区神田淡路町2-101 ワテラスタワー 2Ｆ,https://tabelog.com/tokyo/A1310/A131002/13154502/
18,カフェ,24/7 cafe apartment 有楽町,"営業時間
11:00〜21:0020:00(フードL.O)20:30(ドリンク&デザートL.O)〈年末年始営業時間〉2023.12.31　　11:00～18:302024.1.1　　 　休業2024.1.2　　　 休業2024.1.3　　　 休業
日曜営業
定休日
施設に準ずる",東京都千代田区有楽町2-7-1 有楽町マルイ 5F,https://tabelog.com/tokyo/A1301/A130102/13168901/
19,カフェ,サクラカフェ神保町,"営業時間
※ランゲージ・エクスチェンジ（言語交換）開催中!!   日本語・英語・スペイン語の言語交流が可能です♪※テイクアウト・デリバリーも実施しております。※日曜営業
定休日
無休",東京都千代田区神田神保町2-21-4,https://tabelog.com/tokyo/A1310/A131003/13108391/
20,カフェ,KANPAI TERRACE,"営業時間
7:00～23:00(L.O 22:00)
日曜営業
定休日
年中無休",東京都千代田区神田三崎町2-22-17 sequence SUIDOBASHI 1F,https://tabelog.com/tokyo/A1310/A131003/13256117/
21,カフェ,バタフライエフェクト,"営業時間
[平日：月火木金]11:30～16:00(L.O.15:30)　[土]13:00〜17:30(L.O.17:00)※水・日・祝定休、ほか不定休あり
定休日
【不定休】水曜日、日曜、祝日、お盆、年末年始",東京都千代田区東神田1-2-2,https://tabelog.com/tokyo/A1302/A130204/13216954/
22,カフェ,スターバックスコーヒー 皇居外苑 和田倉噴水公園店,"営業時間
[月～日]7:00～21:00
日曜営業
定休日
不定休",東京都千代田区皇居外苑3-1,https://tabelog.com/tokyo/A1302/A130201/13261634/
23,カフェ,バリッシモ 有楽町イトシア,"営業時間
平日 　8:00-22:30（LO. 22:00）土日祝 9:00-22:30（LO. 22:00）
日曜営業
定休日
無し",東京都千代田区有楽町2-7-1 有楽町イトシア イトシアプラザ1F,https://tabelog.com/tokyo/A1301/A130102/13044508/
24,カフェ,神保町ブックセンター,"営業時間
[月～金] 9:00～19:00[土・日・祝]10:00～19:00
日曜営業
定休日
不定休",東京都千代田区神田神保町2-3-1 岩波書店アネックス 1F,https://tabelog.com/tokyo/A1310/A131003/13220374/
25,カフェ,パティスリー エ カフェ ア・ラ・カンパーニュ 秋葉原店,"営業時間
10:00～22:00
定休日
アトレ秋葉原１に準ずる",東京都千代田区外神田1-17-6 アトレ秋葉原1 4F,https://tabelog.com/tokyo/A1310/A131001/13119480/
26,カフェ,KAITEKI CAFE,"営業時間
月〜金：11:00～21:00【ランチタイム】 11:00〜15:00
定休日
土日祝　 (貸切パーティーのみ対応可)",東京都千代田区大手町1-6-1 大手町ビル 1F,https://tabelog.com/tokyo/A1302/A130201/13146134/
27,カフェ,フジ,,東京都千代田区丸の内3-7-2,https://tabelog.com/tokyo/A1302/A130201/13088513/
28,カフェ,ベースキャンプ,"営業時間
[火～木]　　ランチ　11：30～14：30（L.O14：00）　ディナー　17：00～23：30 (L.O23：00)[金・土・祝]　17：00～23：30 (L.O23：00)
定休日
日・月",東京都千代田区神田三崎町2-22-8 梨本ビル 1F,https://tabelog.com/tokyo/A1310/A131003/13128738/
29,カフェ,ドトールコーヒーショップ 麹町２丁目店,"営業時間
［月～金］7:00～17:00［土］7:00～15:00
定休日
日曜日、祝日、第2土曜日",東京都千代田区麹町2-7-11,https://tabelog.com/tokyo/A1308/A130803/13086781/
30,カフェ,カフェ・ド・クリエ 丸の内ＭＹＰＬＡＺＡ店,,東京都千代田区丸の内2-1-1 丸の内マイプラザ,https://tabelog.com/tokyo/A1302/A130201/13078696/
31,カフェ,タリーズコーヒー 秋葉原ＵＤＸ店,"営業時間
［月～金］7:30～23:00［土］8:00～23:00［日］8:00～22:00
日曜営業
定休日
無休",東京都千代田区外神田4-14-1 秋葉原UDXビル 1F,https://tabelog.com/tokyo/A1310/A131001/13021911/
32,カフェ,ON A SLOW BOAT TO...,"営業時間
［火～金］11:30～22:00［土・祝］12:00～22:00
定休日
月曜日、日曜日",東京都千代田区神田猿楽町1-5-20 田端ビル 1F,https://tabelog.com/tokyo/A1310/A131003/13258039/
33,カフェ,椿屋茶房 丸ビル店,"営業時間
月～土 11:00～23:00日祝日 11:00～22:30
日曜営業
定休日
ＳＣに準ずる",東京都千代田区丸の内2-4-1 丸の内ビルディング 5F,https://tabelog.com/tokyo/A1302/A130201/13094587/
34,カフェ,バン コーヒー バイロン ベイ,"営業時間
[平日]8:00～18:00[土.日.祝]10:00～18:00※営業時間は時期により変動あり
日曜営業
定休日
無し",東京都千代田区五番町4-2,https://tabelog.com/tokyo/A1309/A130904/13173550/
35,カフェ,Cafeボローニャ 麹町ゴルフ倶楽部店,"営業時間
[月~金]11：30〜24：00(L.O.23:00)[土]12：00～22：00(L.O.21:00)[日祝]定休日
定休日
日曜日、祝祭日",東京都千代田区紀尾井町3-8 第二紀尾井町ビル B1F,https://tabelog.com/tokyo/A1308/A130803/13142533/
36,カフェ,スターバックス・コーヒー 丸の内パークビル店,"営業時間
[月～金]7:00～22:00[土・日]8:00～22:00
日曜営業
定休日
不定休",東京都千代田区丸の内2-6-1 丸の内パークビル B1F,https://tabelog.com/tokyo/A1302/A130201/13090563/
37,カフェ,サングリア,"営業時間
11:30～13:30(L.O.13:00)17:00～22:00(L.O.20:30)
定休日
土曜日、日曜日、祝日",東京都千代田区丸の内2-2-1 岸本ビル　Ｂ１Ｆ,https://tabelog.com/tokyo/A1302/A130201/13006208/
38,カフェ,アフタヌーンティー・ティールーム 丸の内新丸ビル店,"営業時間
11:00～20:00
日曜営業
定休日
無休",東京都千代田区丸の内1-5-1 新丸の内ビルディング 4F,https://tabelog.com/tokyo/A1302/A130201/13038475/
39,カフェ,ラウンジ ロイヤル,"営業時間
11：00～17：00(L.O 16：30)
日曜営業
定休日
年末年始など",東京都千代田区大手町1-4-1 KKRホテル東京 1F,https://tabelog.com/tokyo/A1302/A130201/13034952/
40,カフェ,cafe Planetaria,"営業時間
10:30-20:40FRI10:30-21:20
定休日
施設に順ずる",東京都千代田区有楽町2-5-1 有楽町マリオン 9F,https://tabelog.com/tokyo/A1301/A130102/13228370/
41,カフェ,タリーズコーヒー 鉄鋼ビル店,"営業時間
8:00～21:00
日曜営業
定休日
無休",東京都千代田区丸の内1-8-2 鉄鋼ビル B1F・1F,https://tabelog.com/tokyo/A1302/A130201/13190117/
42,カフェ,クラインブルー,"営業時間
[月～土] 11:00～24:00 
定休日
日曜休",東京都千代田区神田神保町1-7 三光堂ビル　２Ｆ,https://tabelog.com/tokyo/A1310/A131003/13006554/
43,カフェ,パパスカフェ 丸の内本店,"営業時間
11:00～19:30(L.O.19:00)※金曜は11:00～20:30(L.O.20:00)★ランチタイム平日   11:00～14:00（L.O.）土日祝 11:00～14:30（L.O.）
日曜営業
定休日
毎週月曜日(祝日を除く)",東京都千代田区丸の内3-3-1 新東京ビル 1F,https://tabelog.com/tokyo/A1301/A130102/13023553/
44,カフェ,カフェ ティシャーニ,"営業時間
[月～金]11:00～18:00(L.O.17:30)
定休日
土曜・日曜・祝日",東京都千代田区神田神保町2-3 英光ビル ２Ｆ,https://tabelog.com/tokyo/A1310/A131003/13057214/
45,カフェ,サンマルクカフェ 神保町すずらん通り店,"営業時間
7:00～22:00
日曜営業
定休日
無休",東京都千代田区神田神保町1-5-1 神保町須賀ビル 1F,https://tabelog.com/tokyo/A1310/A131003/13136579/
46,カフェ,Cafe Lish,"営業時間
〈平日〉9:00～21:00〈休日〉10:00～18:00　※営業時間等は変更になる場合がございます
定休日
年末年始",東京都千代田区一ツ橋2-3-1 小学館ビル 1F,https://tabelog.com/tokyo/A1310/A131003/13287276/
47,カフェ,Muusa,,東京都千代田区神田猿楽町1-3-5 久野ビル 1F,https://tabelog.com/tokyo/A1310/A131003/13157186/
48,カフェ,カフェ ビィオット,"営業時間
月〜金曜日(7:00〜19:00)土曜日(10:00〜17:00)2012年１月から土曜も営業
定休日
日祝",東京都千代田区神田美倉町1番地,https://tabelog.com/tokyo/A1310/A131002/13044242/
49,カフェ,ザ シティ ベーカリー 東京ガーデンテラス紀尾井町,"営業時間
8:00～20:00",東京都千代田区紀尾井町1-3 東京ガーデンテラス紀尾井町 1F,https://tabelog.com/tokyo/A1308/A130803/13269587/
50,カフェ,ドトールコーヒーショップ 外神田1丁目店,"営業時間
[月～金] 7:30～20:00 [土] 8:00～20:00 [日・祝] 8:30～19:30
日曜営業",東京都千代田区外神田1-6-6,https://tabelog.com/tokyo/A1310/A131001/13041542/
51,カフェ,カフェ レクセル 東京国際フォーラム店,"営業時間
[月～金] 7:30～20:30[土・日・祝] 8:00～20:30
日曜営業
定休日
無休",東京都千代田区丸の内3-5-1 東京国際フォーラム B1F,https://tabelog.com/tokyo/A1301/A130102/13199386/
52,カフェ,カフェ 英國屋 大丸東京店,"営業時間
[月～金]10:00～21:00[土・日・祝]10:00～20:00
日曜営業
定休日
不定休（大丸に準ずる）",東京都千代田区丸の内1-9-1 大丸東京店 7F,https://tabelog.com/tokyo/A1302/A130201/13044616/
53,カフェ,スターバックスコーヒー JR有楽町駅京橋口店,"営業時間
7:00～22:00
日曜営業
定休日
不定休",東京都千代田区有楽町2-9,https://tabelog.com/tokyo/A1301/A130102/13152990/
54,カフェ,Cafe Respiro,"営業時間
[月～金] 8:30～19:00[土] 11:45～17:00（土曜営業は月一回のみ）
定休日
日曜・祝日定休、土曜不定休",東京都千代田区神田紺屋町16 NERUCA 1F,https://tabelog.com/tokyo/A1310/A131002/13109432/
55,カフェ,カフェローズあかね,"営業時間
7:30～19:00(L.O.18:30)
定休日
土曜日、日曜日、祝日",東京都千代田区大手町1-3-2 大手町カンファレンスセンター B1F,https://tabelog.com/tokyo/A1302/A130201/13075781/
56,カフェ,ドトールコーヒーショップ 大手町フィナンシャルシティ店,,東京都千代田区大手町1丁目9-5 大手町フィナンシャルシティ B1F,https://tabelog.com/tokyo/A1302/A130201/13148681/
57,カフェ,こっぺる,"営業時間
10:00～19:00
定休日
土曜日、日曜日、祝日",東京都千代田区神田和泉町1-1-15,https://tabelog.com/tokyo/A1310/A131001/13087822/
58,カフェ,眞踏珈琲店,"営業時間
[月～土] 12:00～23:00 [日・祝] 12:00～21:00
日曜営業
定休日
無休",東京都千代田区神田小川町3-1-7,https://tabelog.com/tokyo/A1310/A131002/13199755/
59,カフェ,一〇八抹茶茶廊 新丸の内ビル店,"営業時間
11:00～21:00",東京都千代田区丸の内1-5-1 新丸ビル B1F,https://tabelog.com/tokyo/A1302/A130201/13249788/
60,カフェ,ティータイム,,東京都千代田区内神田3-10-5 満留賀ビル 2F,https://tabelog.com/tokyo/A1310/A131002/13188583/
61,カフェ,スターバックス・コーヒー 九段下店,"営業時間
［月～金］6:30～22:00［土・日・祝］8:00～22:00
日曜営業
定休日
無休（臨時休業あり）",東京都千代田区九段北1-2-1 九段北一丁目ビル 1F・2F,https://tabelog.com/tokyo/A1309/A130906/13033026/
62,カフェ,ドトールコーヒーショップ 麹町4丁目店,"営業時間
[月～金]6:45～20:00[土・日]8:00～18:00
日曜営業
定休日
無休",東京都千代田区麹町4-3-1,https://tabelog.com/tokyo/A1308/A130803/13183888/
63,カフェ,カフェダミアーノ,"営業時間
12:00～18:00
定休日
水曜・土日祝",東京都千代田区神田和泉町1-5-3,https://tabelog.com/tokyo/A1310/A131001/13153217/
64,カフェ,エクセルシオールカフェ 秋葉原ダイビル店,"営業時間
[平日]　7:30-21:00[土]　8:00-21:00[日祝]　8:00-21:00
日曜営業",東京都千代田区外神田1-18-3 秋葉原ダイビル1・2階,https://tabelog.com/tokyo/A1310/A131001/13076550/
65,カフェ,ドトールコーヒーショップ 神保町三丁目店,"営業時間
［月～金］7:00～19:00［土］8:00～18:00
定休日
日曜日、祝日",東京都千代田区神田神保町3-2,https://tabelog.com/tokyo/A1310/A131003/13086827/
66,カフェ,カフェアパショナート 新丸の内店,"営業時間
[平日]7:00～22:00[土]9:00～22:00[日・祝]9:00～21:00
日曜営業
定休日
新丸の内ビルの休館日に準ずる",東京都千代田区丸の内1-5-1 新丸の内ビルディング B1F,https://tabelog.com/tokyo/A1302/A130201/13038472/
67,カフェ,エフエフ,,東京都千代田区神田三崎町2-6-10,https://tabelog.com/tokyo/A1310/A131003/13054928/
68,カフェ,ドトールコーヒーショップ 九段店,"営業時間
［月～金]6:45～20:00［土］7:30～19:00［日・祝］8:00～19:00 
日曜営業
定休日
無休",東京都千代田区九段南2-2-8 松岡九段ビル　1F,https://tabelog.com/tokyo/A1309/A130906/13104546/
69,カフェ,BOOK COMPASS Cafe エキュート東京店,"営業時間
[月～土] 7:00～22:00[日・祝] 7:00～21:30 
日曜営業
定休日
なし",東京都千代田区丸の内1-9-1 エキュート東京 東京駅 改札内　1F　サウスコート,https://tabelog.com/tokyo/A1302/A130201/13109300/
70,カフェ,サロンド冨山房Folio,"営業時間
月～金12:00～18:00
定休日
土・日・祝",東京都千代田区神田神保町1-3 冨山房ビル　Ｂ１Ｆ,https://tabelog.com/tokyo/A1310/A131003/13006527/
71,カフェ,スターバックス・コーヒー 竹橋パレスサイド店,"営業時間
7:00～21:00
定休日
日祝",東京都千代田区一ツ橋1-1-1 パレスサイドビル 1F,https://tabelog.com/tokyo/A1302/A130201/13033046/
72,カフェ,スターバックス・コーヒー 飯田橋アイガーデンテラス店,"営業時間
［月～金］7:00～21:00［土・日・祝］7:00～19:00
日曜営業
定休日
不定休",東京都千代田区飯田橋3-10-9 飯田橋アイガーデンテラス 1F,https://tabelog.com/tokyo/A1309/A130905/13033658/
73,カフェ,THE SEVEN’S HOUSE,"営業時間
11:30～21:00(L.O.20:00)
日曜営業
定休日
無休",東京都千代田区神田錦町3-28 学士会館　１Ｆ,https://tabelog.com/tokyo/A1310/A131003/13051525/
74,カフェ,タリーズコーヒー アトレヴィ秋葉原店,,東京都千代田区神田花岡町1-9 アトレ秋葉原2 2F,https://tabelog.com/tokyo/A1310/A131001/13086688/
75,カフェ,エクセルシオール カフェ  新お茶の水店,"営業時間
[平日]7:00～22:30[土曜]7:00～22:00[日祝]7:00～21:00
日曜営業
定休日
年中無休",東京都千代田区神田駿河台4-3 新お茶の水ビル サンクレール B1F,https://tabelog.com/tokyo/A1310/A131002/13057238/
76,カフェ,豆香房 神田錦町店,"営業時間
[月～金]7:30～18:30[土]8:30～18:30
定休日
日曜日、祝日",東京都千代田区神田錦町1-12-9 アーク錦町ビル,https://tabelog.com/tokyo/A1310/A131002/13244192/
77,カフェ,カフェ珈琲館 内神田店,"営業時間
［月～金］8:00～19:00
定休日
土・日・祝祭日",東京都千代田区内神田2-15-4,https://tabelog.com/tokyo/A1310/A131002/13086616/
78,カフェ,ラ・プティ・メルスリー ルミネ有楽町店,"営業時間
11:00～21:00（L.O.20:30）
日曜営業
定休日
ルミネ有楽町店に準ずる",東京都千代田区有楽町2-5-1 ルミネ有楽町店 ルミネ1　4Ｆ,https://tabelog.com/tokyo/A1301/A130102/13132824/
79,カフェ,上島珈琲店 東急キャピトルタワー店,"営業時間
[月～金]（平日のみ）7:30～22:00[土・日・祝]8:00～19:00
日曜営業
定休日
なし",東京都千代田区永田町2-10-3 東急キャピトルタワー　Ｂ２Ｆ,https://tabelog.com/tokyo/A1308/A130802/13115918/
80,カフェ,ドトールコーヒーショップ 都営大手町店,"営業時間
[月～金]6:30～21:00[土・日・祝]8:00～19:00
日曜営業
定休日
無休",東京都千代田区丸の内1-3-1 都営三田線大手町駅B1F,https://tabelog.com/tokyo/A1302/A130201/13093195/
81,カフェ,スターバックスコーヒー 有楽町メトロピア店,"営業時間
7:00～22:00
日曜営業
定休日
無休",東京都千代田区有楽町1-11-1 東京メトロ有楽町駅構内,https://tabelog.com/tokyo/A1301/A130102/13248187/
82,カフェ,ヴィ・ド・フランス 秋葉原ダイニング店,"営業時間
[月～金]7:00～21:00[土・日・祝]8:00～21:00
日曜営業
定休日
無休",東京都千代田区外神田1-18-18 秋葉原駅前プラザビル 1F,https://tabelog.com/tokyo/A1310/A131001/13020764/
83,カフェ,ベースキューカフェ by ロイヤルガーデンカフェ,"営業時間
11:00～22:00〔土･日･祝〕10:00～22:00
日曜営業
定休日
無休",東京都千代田区有楽町1-1-2 東京ミッドタウン日比谷 6F,https://tabelog.com/tokyo/A1301/A130102/13219851/
84,カフェ,喫茶室ルノアール 水道橋西口店,"営業時間
［月～土］7:30～22:00［日・祝］8:00～22:00
日曜営業
定休日
なし",東京都千代田区神田三崎町3-6-13 山京中央ビル 1F,https://tabelog.com/tokyo/A1310/A131003/13087024/
85,カフェ,ザ パレス ラウンジ,"営業時間
11:30 am – 9:30 pm L.O. (10:00 pm Close)※金曜・土曜・祝前日は10:30 pm L.O. (11:00 pm Close)※最新情報はパレスホテル東京公式ウェブサイトにてご確認ください。
日曜営業
定休日
無休",東京都千代田区丸の内 1-1-1 パレスホテル東京 1F,https://tabelog.com/tokyo/A1302/A130201/13141139/
86,カフェ,WK2,"営業時間
[月～土]8:00～23:00[日・祝]8:00～22:00※翌日が休日の場合は、23:00まで営業
日曜営業
定休日
施設に準ずる",東京都千代田区丸の内1-9-1 東京駅 グランスタ B1F,https://tabelog.com/tokyo/A1302/A130201/13286360/
87,カフェ,スターバックス・コーヒー 麹町店,"営業時間
[月～金] 07:00～21:00 [土] 08:00～20:00 [日・祝] 08:00～19:00
定休日
年中無休",東京都千代田区麹町3-2-5 垣見麹町ビル別館,https://tabelog.com/tokyo/A1308/A130803/13033122/
88,カフェ,スターバックスコーヒー 御茶ノ水ソラシティ店,"営業時間
［月～金］7:00～21:00［土・日・祝］9:00～20:00
日曜営業
定休日
不定",東京都千代田区神田駿河台4-6 御茶ノ水ソラシティ,https://tabelog.com/tokyo/A1310/A131002/13271014/
89,カフェ,珈琲美学 飯田橋店,,東京都千代田区飯田橋1-6-3 オギソビル１Ｆ,https://tabelog.com/tokyo/A1309/A130905/13057491/
90,カフェ,パティスリー&カフェ デリーモ 東京ミッドタウン日比谷店,"営業時間
11:00～23:00（LO.22:00）
定休日
施設に準ずる",東京都千代田区有楽町1-1-3 B1F,https://tabelog.com/tokyo/A1301/A130102/13217479/
91,カフェ,ハーブス 丸ビル店,"営業時間
[月～土]イートイン11:00～20:00(料理L.O.17:00 イートインL.O.19:30)テイクアウト11:00～21:00[日・連休最終日]イートイン11:00～20:00(料理L.O.17:00 イートインL.O.19:30)テイクアウト11:00～20:00
日曜営業",東京都千代田区丸の内2-4-1 丸の内ビルディング 3F,https://tabelog.com/tokyo/A1302/A130201/13090618/
92,カフェ,あずみ野珈琲店,"営業時間
8:30～21:00(L.O.20:00)[ランチ]11:30～完売次第終了
定休日
日曜・祝日・お盆・年末年始",東京都千代田区外神田5-4-11,https://tabelog.com/tokyo/A1311/A131101/13057566/
93,カフェ,スターバックス・コーヒー 山王パークタワー店,"営業時間
[月～金] 07:00～22:00 [土・日・祝] 08:00～18:00
定休日
年中無休",東京都千代田区永田町2-11-1 山王パークタワー,https://tabelog.com/tokyo/A1308/A130802/13033038/
94,カフェ,Ya Kun Kaya Toast 東京国際フォーラム店,"営業時間
【月～土】8：00～20:00（LO 19：00）
日曜営業
定休日
なし",東京都千代田区丸の内3-5-1 東京国際フォーラム 1F,https://tabelog.com/tokyo/A1301/A130102/13259533/
95,カフェ,シャンズカフェ,"営業時間
[月～金]8:00～19:00（L.O.）[土日祝日]12:00～19:00（L.O.）
日曜営業
定休日
定休日無し",東京都千代田区外神田6-16-9 千代田ビル 1F,https://tabelog.com/tokyo/A1311/A131101/13129895/
96,カフェ,ドトールコーヒーショップ 新有楽町ビル店,"営業時間
［月～金］7:00～20:00［土］8:00～20:00［日・祝］10:30～20:00
日曜営業
定休日
無休",東京都千代田区有楽町1-12-1 新有楽町ビル B1Ｆ,https://tabelog.com/tokyo/A1301/A130102/13052141/
97,カフェ,DEPOT,"営業時間
[月-土]7:00～22:00[日・祝]7:00～21:00
日曜営業
定休日
無休",東京都千代田区丸の内1-9-1 グランスタ東京 B1F,https://tabelog.com/tokyo/A1302/A130201/13249428/
98,カフェ,DEAN & DELUCA  CAFES 丸の内,"営業時間
[月～金］7:00～21:00［土・日・祝］10:00～19:00
日曜営業
定休日
無休",東京都千代田区丸の内1-4-5 三菱UFJ信託銀行本店ビル 1F,https://tabelog.com/tokyo/A1302/A130201/13010574/
99,カフェ,エスパス・ビブリオ,"営業時間
［火～木］11：30～20：00ランチタイム11：30～14：00（土曜日除く）［金］11：30～22：30（L.O22：00）17：00よりワインバーとなります。 [土]12:00〜20:00(L.O19:30)
定休日
日曜日・月曜日・祭日",東京都千代田区神田駿河台1-7-10 YK駿河台ビル B1F,https://tabelog.com/tokyo/A1310/A131003/13167062/
100,カフェ,咲蘭房,,東京都千代田区丸の内1-2-1 東京海上日動ビル,https://tabelog.com/tokyo/A1302/A130201/13089217/
101,カフェ,エクセルシオールカフェ 麹町店,"営業時間
[月〜金]6:45〜22:00[土]7:00〜22:00[日・祝]8:00〜21:00
日曜営業",東京都千代田区麹町4-1-4,https://tabelog.com/tokyo/A1308/A130803/13086540/
102,カフェ,石釜 ベイクブレッド 茶房 タムタム,"営業時間
平素より当店をご愛顧賜り、厚く御礼申し上げます。当店の営業時間は本来22時半までのところ、まん延防止重点措置期間延長の為、要請に従い引き続き3月21日まで、20:00までの時間短縮営業をさせていただきます。また、この期間は酒類の提供も中止させていただきます。1テーブル4人以内のご案内とさせていただきます。
日曜営業
定休日
不定",東京都千代田区神田神保町1-9 1F,https://tabelog.com/tokyo/A1310/A131003/13174159/
103,カフェ,ローヤル,"営業時間
[月～金]8:00～19:30[土・日・祝]11:00～19:00
日曜営業
定休日
交通会館休館日",東京都千代田区有楽町2-10-1 東京交通会館,https://tabelog.com/tokyo/A1301/A130102/13076352/
104,カフェ,スリーゼ,"営業時間
9:00～21:00(L.O.20:20)
日曜営業
定休日
年末年始",東京都千代田区九段北4-2-25 アルカディア市ヶ谷（私学会館）  2F,https://tabelog.com/tokyo/A1309/A130904/13024104/
105,カフェ,スターバックス・コーヒー 大手町東京サンケイビル店,"営業時間
[月～金] 7:00～21:00 [土] 9:00～18:00
定休日
日曜・祝日",東京都千代田区大手町1-7-2 東京サンケイビル B1F,https://tabelog.com/tokyo/A1302/A130201/13033628/
106,カフェ,toggle hotel cafe/bar,"営業時間
10:00～23:00(L.O.22:30)
日曜営業
定休日
無休",東京都千代田区飯田橋3-11-4 トグルホテル水道橋 9F,https://tabelog.com/tokyo/A1309/A130905/13258256/
107,カフェ,think coffee,"営業時間
11:00～18:00[月～金]8:00～18:00
日曜営業",東京都千代田区神田錦町2-9-15 神田SDGsコネクション 1F,https://tabelog.com/tokyo/A1310/A131002/13287037/
108,カフェ,ジオオーガニックカフェ 東京駅店,"営業時間
6:30～22:00
日曜営業
定休日
年中無休",東京都千代田区丸の内1-9-1 東京駅　改札内 東海道新幹線構内,https://tabelog.com/tokyo/A1302/A130201/13134401/
109,カフェ,茶房きゃんどる,"営業時間
10:00～19:00（LO18:30）
定休日
土曜日、日曜日、祝日",東京都千代田区神田神保町1-103 東京パークタワー 1F,https://tabelog.com/tokyo/A1310/A131003/13006529/
110,カフェ,PRONTO 大手町OOTEMORI店,"営業時間
[月～金]7:00～22:00
定休日
土曜日・日曜日・祝日",東京都千代田区大手町1-5-5 大手町タワー B2F,https://tabelog.com/tokyo/A1302/A130201/13160946/
111,カフェ,東京大神宮マツヤサロン,"営業時間
10：00～19：00
日曜営業
定休日
無休",東京都千代田区富士見2-4-1,https://tabelog.com/tokyo/A1309/A130905/13118414/
112,カフェ,アティックルーム靖国外苑,"営業時間
10:00～17:00
日曜営業
定休日
無休",東京都千代田区九段北3-1-1 靖国神社外苑休憩所,https://tabelog.com/tokyo/A1309/A130906/13240036/
113,カフェ,タリーズ コーヒー 神保町三井ビルディング店,"営業時間
［月～金］7:30～21:00［土・日・祝］8:00～19:00
日曜営業
定休日
無休",東京都千代田区神保町1-105 神保町三井ビルディング １Ｆ,https://tabelog.com/tokyo/A1310/A131003/13051146/
114,カフェ,フランジパーヌ,"営業時間
［月～金］10:30～19:00［土］11:00～16:00
定休日
日曜日、祝日",東京都千代田区九段南4-7-22 ラ・メゾン・ド・シャルー 1F,https://tabelog.com/tokyo/A1309/A130904/13116867/
115,カフェ,THE SMOKIST COFFEE 神田須田町店,"営業時間
[月～金]6:45～22:00[土・日・祝]7:00～21:00
日曜営業
定休日
無休",東京都千代田区神田須田町1-26 高野ビル 1F,https://tabelog.com/tokyo/A1310/A131002/13256490/
116,カフェ,オー バカナル 紀尾井町,"営業時間
[月〜土]10:00～23:00ランチ11:30～14:00(L.O.)ディナー18:00～23:00(L.O.22:00)[日・祝]10:00～22:00ランチ11:30～14:00(L.O.)ディナー18:00～22:00(L.O.21:00)
日曜営業
定休日
無休",東京都千代田区紀尾井町4-1 新紀尾井町ビル　１Ｆ,https://tabelog.com/tokyo/A1308/A130803/13017226/
117,カフェ,ハニトーカフェ  秋葉原店,"営業時間
[全日]11:00～21:00
日曜営業
定休日
年中無休",東京都千代田区外神田1-1-10 パセラ アキバ マルチエンターテイメント 1F,https://tabelog.com/tokyo/A1310/A131001/13152707/
118,カフェ,ハトカフェ,,東京都千代田区丸の内1-10-12,https://tabelog.com/tokyo/A1302/A130201/13234943/
119,カフェ,スノーピークカフェ,"営業時間
11:00～20:00 ※当面の間短縮営業
日曜営業
定休日
1月1日、法定点検日",東京都千代田区丸の内2-7-2 JPタワー KITTE 4F,https://tabelog.com/tokyo/A1302/A130201/13275089/
120,カフェ,タリーズコーヒー 大手町パークビルディング店,"営業時間
[月～金]7:00～21:00[土]9:00～19:00[日・祝]10:00～18:00
日曜営業
定休日
無休",東京都千代田区大手町1-1-1 大手町パークビルディング B1F,https://tabelog.com/tokyo/A1302/A130201/13205910/
121,カフェ,CAFE 33,"営業時間
9:00～17:00武道館イベントにより、閉店時間が異なります。詳細は店舗までお電話にてお問い合わせくださいませ。
日曜営業
定休日
北の丸公園に準ずる",東京都千代田区北の丸公園1-1,https://tabelog.com/tokyo/A1309/A130906/13273995/
122,カフェ,ザ・ロビーラウンジ,"営業時間
ザ・ロビーラウンジでは当面の間、営業時間を変更させていただきます。【営業時間】＜月～土＞7:00 ～ 24:00 (Food LO 23:00, Beverage LO 23:30)＜日＞7:00 ～ 18:00 (17:00 ラストオーダー)※7:00～10:00はご朝食メニューのみのご案内でございます。
日曜営業
定休日
無休",東京都千代田区丸の内1-8-3 丸の内トラストタワー本館 シャングリ・ラ 東京 28Ｆ,https://tabelog.com/tokyo/A1302/A130201/13072553/
123,カフェ,珈琲館 神田店,"営業時間
［月～金］6:00～20:00［土・日・祝］7:00～20:00
日曜営業
定休日
無休",東京都千代田区内神田3-23-7 エミネンスアビス ２Ｆ,https://tabelog.com/tokyo/A1310/A131002/13086614/
124,カフェ,スターバックスコーヒー 東京ステーションシティ サピアタワー店,"営業時間
7:00～22:00
定休日
不定休",東京都千代田区丸の内1-7-12 Sapia Tower ３Ｆ,https://tabelog.com/tokyo/A1302/A130201/13037970/
125,カフェ,タリーズコーヒー 淡路町店,"営業時間
［月～金］7:00～20:00［土・日・祝］8:00～20:00
日曜営業
定休日
無休",東京都千代田区神田淡路町1-1-1,https://tabelog.com/tokyo/A1310/A131002/13086716/
126,カフェ,TEA ROOM KIKI,"営業時間
11:00～21:00
定休日
不定休",東京都千代田区有楽町1-1-2 東京ミッドタウン日比谷 B1F,https://tabelog.com/tokyo/A1301/A130102/13269933/
127,カフェ,フォトサロン,"営業時間
7:00～19:00
定休日
土曜日・日曜日・祝日",東京都千代田区大手町1-1-3 大手センタービル B1F,https://tabelog.com/tokyo/A1302/A130201/13165224/
128,カフェ,トラヤ トウキョウ,"営業時間
［月～金］10:00～19:00［土・日・祝］10:00～18:00
日曜営業
定休日
無休",東京都千代田区丸の内1-9-1 東京ステーションホテル 2F,https://tabelog.com/tokyo/A1302/A130201/13147493/
129,カフェ,Stutea,"営業時間
[月～金]10:00～19:00[土]11:00～19:00
定休日
日、祝日",東京都千代田区九段南3-3-2,https://tabelog.com/tokyo/A1309/A130904/13269998/
130,カフェ,スターバックスコーヒー 飯田橋サクラテラス店,"営業時間
[月～金]7:00～22:00[土・日・祝]8:00～21:00
定休日
不定休",東京都千代田区富士見2-10-2 飯田橋グラン・ブルーム サクラテラス 1F,https://tabelog.com/tokyo/A1309/A130905/13173843/
131,カフェ,ティールーム　Rose,"営業時間
10:00～18:00(L.O.17:30)
定休日
土曜・日曜・祝日",東京都千代田区大手町1-7-2 東京サンケイビル 2F,https://tabelog.com/tokyo/A1302/A130201/13115238/
132,カフェ,司,,東京都千代田区岩本町3-9-12,https://tabelog.com/tokyo/A1310/A131002/13089242/
133,カフェ,斎藤コーヒー店 内神田店,"営業時間
[月～金]7:30～18:30[土]11:30～17:30
定休日
日曜・祝日・年末年始",東京都千代田区内神田3-9-3 森元ビル１階,https://tabelog.com/tokyo/A1310/A131002/13038025/
134,カフェ,カフェ・ベローチェ 神田駅北口店,"営業時間
[月～金]6:45～22:00[土・日・祝]7:00～22:00
日曜営業
定休日
不定休",東京都千代田区内神田3-22-7 大平ビル　１Ｆ,https://tabelog.com/tokyo/A1310/A131002/13039915/
135,カフェ,イーモンズ カフェアンドバー,,東京都千代田区外神田3-13-12,https://tabelog.com/tokyo/A1310/A131001/13218398/
136,カフェ,CURE MAID CAFE,"営業時間
11:00～20:00（ドリンクL.O　19:30）（フードL.O　19:00）
日曜営業
定休日
無休",東京都千代田区外神田1-2-7 オノデン本店 4F,https://tabelog.com/tokyo/A1310/A131001/13261504/
137,カフェ,タリーズコーヒー 丸の内永楽ビルディング店,"営業時間
［月～金］7:30～20:00［土］8:00～20:00
定休日
日曜日、祝日",東京都千代田区丸の内1-4-1 丸の内永楽ビルディング B1F iiyo!!（イーヨ!!）内,https://tabelog.com/tokyo/A1302/A130201/13136069/
138,カフェ,エスデミック カフェ,"営業時間
11:00～21:30
定休日
第1土曜日、日曜日",東京都千代田区岩本町1-5-8 東京雄星ビル 1F,https://tabelog.com/tokyo/A1310/A131002/13200513/
139,カフェ,シテン コーヒー,"営業時間
[月～金] 8:00～17:00[土・日] 13:00～17:00",東京都千代田区外神田5-4-12,https://tabelog.com/tokyo/A1311/A131101/13234338/
140,カフェ,スターバックス・コーヒー 秋葉原駅前店,"営業時間
7:00～22:00
定休日
不定休",東京都千代田区神田佐久間町1-6-5 阪急ホテル（レム）1階,https://tabelog.com/tokyo/A1310/A131001/13048736/
141,カフェ,カフェ・ベローチェ 一番町店,"営業時間
7:00～22:00[土・日・祝]7:00～20:00
日曜営業",東京都千代田区一番町7-5 ユーキメゾン一番町 1F,https://tabelog.com/tokyo/A1308/A130803/13143743/
142,カフェ,壹眞珈琲店 神保町店,"営業時間
[月～土]11:30～22:00[日・祝]12:00～21:00
日曜営業
定休日
無休",東京都千代田区神田神保町1-8 山田ビル Ｂ１,https://tabelog.com/tokyo/A1310/A131003/13006533/
143,カフェ,やなか珈琲店 CHABARA店,"営業時間
11:00～20:00
定休日
不定休",東京都千代田区神田練塀町8-2,https://tabelog.com/tokyo/A1310/A131001/13161703/
144,カフェ,タリーズコーヒー 竹橋店,"営業時間
［月～金］7:00～20:00［土］9:00～18:00［日・祝］10:00～17:00
日曜営業
定休日
無休",東京都千代田区神田錦町3-19 ヒロセ第2ビル 1F,https://tabelog.com/tokyo/A1302/A130201/13044238/
145,カフェ,ドトールコーヒーショップ  霞ケ関メトロピア店,"営業時間
平日　07:00 ～ 20:00　土曜　08:00〜19:00
定休日
日曜・祝日",東京都千代田区霞が関2-1-2,https://tabelog.com/tokyo/A1308/A130802/13119606/
146,カフェ,Little Miss 耕一路,"営業時間
[月～金] 8:00～17:00
定休日
土曜・日曜・祝日",東京都千代田区丸の内3-1-1 国際ビル B1F KUNIGIW内,https://tabelog.com/tokyo/A1301/A130102/13043411/
147,カフェ,ドトールコーヒーショップ 神田小川町店,"営業時間
［月～金］6:45～21:00［土・日・祝］8:00～20:00
日曜営業
定休日
無休",東京都千代田区神田小川町2-2,https://tabelog.com/tokyo/A1310/A131002/13167608/
148,カフェ,タリーズコーヒー 神田スクエア店,"営業時間
［月～金］7:00～20:00［土・日］10:00～19:00
日曜営業
定休日
無休",東京都千代田区神田錦町2-2-1 神田スクエア 1F,https://tabelog.com/tokyo/A1310/A131002/13248289/
149,カフェ,高山珈琲,"営業時間
[月～木]8:00～19:00(L.O.18:30)
定休日
金曜日、土曜日、日曜日、祝日",東京都千代田区神田須田町1-12,https://tabelog.com/tokyo/A1310/A131002/13011257/
150,カフェ,カフェ・ド・クリエ 九段下店,"営業時間
[月～金]6:45～21:30[土・日・祝]7:30～20:00
日曜営業",東京都千代田区九段南1-4-5,https://tabelog.com/tokyo/A1309/A130906/13086565/
151,カフェ,スターバックス コーヒー 飯田橋サクラテラス2階店,"営業時間
[月～金]7:00～21:00[土・日・祝]8:00～19:00
日曜営業
定休日
不定休",東京都千代田区富士見2-10-2 飯田橋グラン・ブルーム サクラテラス 2F,https://tabelog.com/tokyo/A1309/A130905/13200664/
152,カフェ,Intersection Cafe,"営業時間
【月～土・祝】11:30～22:00※当面は・21時（LO：20時）までの時短営業・土曜日隔週
定休日
日曜日",東京都千代田区神田須田町1-21-2,https://tabelog.com/tokyo/A1310/A131002/13257872/
153,カフェ,ドトールコーヒーショップ 神保町白山通り店,"営業時間
[月～金]7:00～21:00[土]7:00～20:00[日・祝]8:00～19:00
日曜営業",東京都千代田区神田神保町2-14-4,https://tabelog.com/tokyo/A1310/A131003/13060645/
154,カフェ,喫茶室ルノアール 有楽町駅前店,"営業時間
[月～金]7:30～22:00[土・日・祝]7:30～22:00
日曜営業
定休日
なし",東京都千代田区有楽町2-8-2 ジョイパックビル 2F,https://tabelog.com/tokyo/A1301/A130102/13189982/
155,カフェ,ディーン & デルーカ カフェ 大手町メトロピア店,"営業時間
[月～金]7:00～20:00[土・日・祝]9:00～19:00",東京都千代田区大手町1-6-1,https://tabelog.com/tokyo/A1302/A130201/13245768/
156,カフェ,タリーズコーヒー 住友不動産秋葉原ファーストビルテラス店,"営業時間
[月～土]7:00～22:00[日・祝]7:00～21:00
日曜営業
定休日
無休",東京都千代田区外神田1-9-1,https://tabelog.com/tokyo/A1310/A131001/13251331/
157,カフェ,SR HIRAKAWACHO,"営業時間
9:30～17:30
定休日
土曜日、日曜日、祝日",東京都千代田区平河町1-3-13 CIRCLES平河町 1F,https://tabelog.com/tokyo/A1308/A130803/13271470/
158,カフェ,ドトールコーヒーショップ 秋葉原和泉橋店,"営業時間
[月〜金]7:00〜22:00[土]7:30〜20:00[日・祝]8:00〜19:00
日曜営業",東京都千代田区神田岩本町1 山上ビル,https://tabelog.com/tokyo/A1310/A131001/13104993/
159,カフェ,COLAZIONE VARIO,"営業時間
ランチ　7：30～17：00　（ディナー　17：00～22：00（L.O.21：00）※月曜日は仕込の為臨時休業となる場合がございます夜のコースはご案内可能です土日祝祭日はコース予約制かレンタルスペース営業
定休日
土曜日・日曜日・祝日
レンタルスペース　オードブルは受け付けております
ご相談ください",東京都千代田区内神田2-3-7 栗原ビル 1F,https://tabelog.com/tokyo/A1310/A131002/13195546/
160,カフェ,トムCAT,"営業時間
11:30～21:00(L.O.20:30)
定休日
土曜日、日曜日",東京都千代田区紀尾井町4-1 ホテルニューオータニ東京 アーケード階,https://tabelog.com/tokyo/A1308/A130803/13019050/
161,カフェ,さぼうる,"営業時間
11:00～18:00
定休日
日曜日、祝日は不定休",東京都千代田区神田神保町1-11,https://tabelog.com/tokyo/A1310/A131003/13000609/
162,カフェ,タリーズコーヒー 麹町店,"営業時間
[月～金]7:30～20:00
定休日
土曜日、日曜日",東京都千代田区麹町3-3,https://tabelog.com/tokyo/A1308/A130803/13086698/
163,カフェ,ヴェンキ 大手町ワン店,"営業時間
9:00～20:00
定休日
日曜日、祝日",東京都千代田区大手町1-2-1 Otemachi One 1F,https://tabelog.com/tokyo/A1302/A130201/13247689/
164,カフェ,スターバックスコーヒー 東京駅八重洲北口 東京ギフトパレット店,"営業時間
6:30～22:00
日曜営業
定休日
無休",東京都千代田区 丸の内1-9-1 東京ギフトパレット 1F～2F,https://tabelog.com/tokyo/A1302/A130201/13250290/
165,カフェ,キハチカフェ 日比谷シャンテ店,"営業時間
11:00～21:00
日曜営業
定休日
日比谷シャンテに準ずる",東京都千代田区有楽町1-2-2 日比谷シャンテ 1F,https://tabelog.com/tokyo/A1301/A130102/13214088/
166,カフェ,ラドリオ,"営業時間
[月・水〜金]11:30〜22:30(L.O.22:00)[土日祝]12:00〜19:00(L.O.18:30)
日曜営業
定休日
火曜日",東京都千代田区神田神保町1-3,https://tabelog.com/tokyo/A1310/A131003/13006555/
167,カフェ,ディーン&デルーカ 東京ミッドタウン日比谷,"営業時間
8:00～20:00
日曜営業
定休日
無休（東京ミッドタウン日比谷に準ずる）",東京都千代田区有楽町1-1-4 東京ミッドタウン日比谷 1F,https://tabelog.com/tokyo/A1301/A130102/13221113/
168,カフェ,マルノウチハップ スタンド アンド ギャラリー,"営業時間
※3月21日(月)までは営業時間を変更しております。平日　8:00~20:00土日祝　11:00~20:00(ラストオーダー19:00)ーーーー通常営業月～金       8:00 ～22:00（food L.O.21:00/drink L.O.21:30）土/日/祝    11:00～20:00（food L.O.19:00/drink L.O.19:30）
日曜営業
定休日
無",東京都千代田区丸の内2-5-1 丸の内二丁目ビル 1F（仲通り側）,https://tabelog.com/tokyo/A1302/A130201/13222767/
169,カフェ,Queens Court　〜女神の中庭〜,"営業時間
[月]17:00〜23:00（LO22:30）[火〜木・日]11:00〜23:00（LO22:30）[金・土・祝前日]11:00〜翌5:00（LO4:30）
日曜営業
定休日
元日",東京都千代田区外神田1-8-3 野水ビル4F,https://tabelog.com/tokyo/A1310/A131001/13170594/
170,カフェ,東京えんとつcafe',"営業時間
営業時間：11：00〜20：00 (⼟⽇祝⽇は19：00まで)
日曜営業
定休日
OOTEMORI休館日",東京都千代田区大手町1-5-5 OOTEMORI B2F,https://tabelog.com/tokyo/A1302/A130201/13160888/
171,カフェ,カフェ・ベローチェ 神保町店,"営業時間
[月～金]06:45～23:00[土・日・祝]07:00～23:00
日曜営業",東京都千代田区神田神保町1-8 漢陽商事ビル １Ｆ～２Ｆ,https://tabelog.com/tokyo/A1310/A131003/13060209/
172,カフェ,BUTTER 美瑛放牧酪農場,,東京都千代田区丸の内2-4-1 丸の内ビルディング B1F,https://tabelog.com/tokyo/A1302/A130201/13284751/
173,カフェ,ブルックリン ロースティング カンパニー 東京国際フォーラム店,"営業時間
[月～金]11:00〜19:00(Lo.18:30)[土・日・祝]10:00~19:00(Lo.18:30)
日曜営業
定休日
不定休",東京都千代田区丸の内3-5-1 東京国際フォーラムA棟 1F,https://tabelog.com/tokyo/A1301/A130102/13239752/
174,カフェ,ベーカリー&カフェ Vent Dor Cafe 日比谷店,"営業時間
平日：7:30 ～ 22:00土曜：7:30 ～ 17:00祝日：9:00 ～ 17:00  
定休日
日曜日",東京都千代田区丸の内3-1-1 帝劇ビル B2F,https://tabelog.com/tokyo/A1301/A130102/13059711/
175,カフェ,M＆C Cafe 丸の内オアゾ,"営業時間
9:00～21:00(L.O.20:30)
日曜営業
定休日
無休",東京都千代田区丸の内1-6-4 丸の内オアゾ 4F,https://tabelog.com/tokyo/A1302/A130201/13010996/
176,カフェ,一保堂茶舗 喫茶室 嘉木 東京丸の内店,"営業時間
11:00～19:00（喫茶室はL.O.18:30）当面は以下の営業時間に変更12:00～19:00（喫茶室はL.O.18:30）
日曜営業
定休日
年末年始",東京都千代田区丸の内3-1-1 国際ビル 1F,https://tabelog.com/tokyo/A1301/A130102/13120271/
177,カフェ,BROWN Tables,"営業時間
[月〜金]9:00〜17:00貸切の場合は17:00以降も営業致します。
定休日
土曜日・日曜日・祝日",東京都千代田区紀尾井町3-12 紀尾井町ビル 1F,https://tabelog.com/tokyo/A1308/A130803/13170050/
178,カフェ,はちパンカフェ,"営業時間
2021年11月1日より下記の通り営業させて頂きます。平日10:00-21:00休日10:00-21:00※テイクアウト販売のみ(カフェスペースは当面の間お休みさせていただきます)
日曜営業
定休日
年末年始",東京都千代田区神田佐久間町1-21 日比谷線秋葉原駅 地下改札前,https://tabelog.com/tokyo/A1310/A131001/13172361/
179,カフェ,オトナリ珈琲,"営業時間
［火～金・日］12:00～19:00［月］13:00～18:00［土］12:00～20:00 ただし、変更の場合あり。
日曜営業
定休日
不定休（店頭に掲示の月間スケジュール参照。）",東京都千代田区神田神保町2-48 2F,https://tabelog.com/tokyo/A1310/A131003/13266569/
180,カフェ,スターバックスコーヒー グランスタ東京店,,東京都千代田区丸の内1-9-1 東京駅 グランスタ東京 1F 京葉ストリートエリア,https://tabelog.com/tokyo/A1302/A130201/13236444/
181,カフェ,プレスカフェ 国会そば,"営業時間
8:30～17:30(L.O.17:00)
定休日
土曜日、日曜日、祝日",東京都千代田区永田町1-6-2 国会記者会館 1F,https://tabelog.com/tokyo/A1308/A130802/13240632/
182,カフェ,神田伯剌西爾,"営業時間
[月～土]11:00～21:00[日・祝]11:00～19:00
日曜営業
定休日
無休",東京都千代田区神田神保町1-7 小宮山ビル Ｂ1Ｆ,https://tabelog.com/tokyo/A1310/A131003/13011590/
183,カフェ,スターバックスコーヒー JR東日本ホテルメッツ 秋葉原店,"営業時間
[月～日]7:00～22:00
日曜営業
定休日
無休",東京都千代田区外神田1-17-4 JR東日本ホテルメッツ 秋葉原,https://tabelog.com/tokyo/A1310/A131001/13276759/
184,カフェ,スターバックス コーヒー　 霞ダイニング店,"営業時間
[月～金]7:00～21:00[土]8:00～18:00
定休日
日曜日、祝日",東京都千代田区霞ヶ関3-2-5 霞が関ビルディング霞ダイニングLbF,https://tabelog.com/tokyo/A1308/A130802/13053966/
185,カフェ,Made in ピエール・エルメ 丸の内,"営業時間
11:30～19:00(L.O.18:30)
日曜営業
定休日
無休",東京都千代田区丸の内3-2-3 二重橋スクエア 1F,https://tabelog.com/tokyo/A1301/A130102/13228238/
186,カフェ,ライブコーヒー 秋葉原店,"営業時間
[月～金]7:30～18:00[土]8:30～16:30
定休日
日祝",東京都千代田区和泉町1-3-11,https://tabelog.com/tokyo/A1310/A131001/13060846/
187,カフェ,ゲシャリーコーヒー 日比谷店,"営業時間
10:00～20:00
日曜営業
定休日
不定休",東京都千代田区有楽町1-6-3 有楽町東宝ビル 1F～4F,https://tabelog.com/tokyo/A1301/A130102/13240771/
188,カフェ,珈琲館 紅鹿舎,,東京都千代田区有楽町1-6-8 松井ビル　１Ｆ,https://tabelog.com/tokyo/A1301/A130102/13002146/
189,カフェ,小陽春 ヨドバシ秋葉原店,"営業時間
11:00～23:00(L.O.22:00)
日曜営業
定休日
無休（ヨドバシカメラに準ずる）",東京都千代田区神田花岡町1-1 ヨドバシAkiba 8F,https://tabelog.com/tokyo/A1310/A131001/13266856/
190,カフェ,タリーズコーヒー 九段会館テラス店,"営業時間
[月～金]7:30～21:00[土・日]9:00～18:00
日曜営業",東京都千代田区九段南1-6-5 九段会館テラス,https://tabelog.com/tokyo/A1309/A130906/13277540/
191,カフェ,アフタヌーンティー・ティールーム 有楽町ルミネ店,"営業時間
11:00～21:00
定休日
不定休(ルミネ有楽町店の営業に準ずる)",東京都千代田区有楽町2-5-1 ルミネ有楽町店 ルミネ1 B1F,https://tabelog.com/tokyo/A1301/A130102/13132741/
192,カフェ,キーズ カフェ 秋葉原店,"営業時間
[月・火・水・木・金]8:00～20:00[土・日・祝]9:00～20:00
日曜営業",東京都千代田区神田佐久間町1-19 山中ビル 1F,https://tabelog.com/tokyo/A1310/A131001/13215846/
193,カフェ,ドトールコーヒーショップ 神田松永町店,"営業時間
[月〜金]7:00〜20:00[土、日祝]10:30〜19:00
日曜営業",東京都千代田区神田松永町18-1 ビオレ秋葉原1F,https://tabelog.com/tokyo/A1310/A131001/13104611/
194,カフェ,ティールーム 花,"営業時間
[月～金]7:00～19:30[土]8:00～17:00
定休日
日曜・祝日",東京都千代田区一ツ橋1-1-1 パレスサイドビル 1F,https://tabelog.com/tokyo/A1302/A130201/13044218/
195,カフェ,ルナ 日比谷店,"営業時間
8:00～17:00
定休日
土曜日、日曜日、祝日",東京都千代田区内幸町2-2-2 富国生命ビル,https://tabelog.com/tokyo/A1301/A130103/13086995/
196,カフェ,ドトールコーヒーショップ お茶の水駿河台店,"営業時間
[月～金]7:00～21:00[土]7:30～21:00[日・祝]8:00～20:00
日曜営業
定休日
無休",東京都千代田区神田駿河台1-6 ＮＴＴ駿河台ビル １Ｆ,https://tabelog.com/tokyo/A1310/A131002/13104545/
197,カフェ,ドトールコーヒーショップ 霞が関第2号館店,"営業時間
[月〜金]8:00〜21:00
定休日
土・日・祝",東京都千代田区霞が関2-1-2 中央合同庁舎第2号館,https://tabelog.com/tokyo/A1308/A130802/13103308/
198,カフェ,タリーズコーヒー 三井住友海上駿河台ビル店,"営業時間
7:30～20:00
定休日
土曜日、日曜日、祝日",東京都千代田区神田駿河台3-9 三井住友海上駿河台ビル B1F,https://tabelog.com/tokyo/A1310/A131002/13164509/
199,カフェ,ブレス,"営業時間
モーニング　7:30～12:00ランチタイム12:00～17:30バータイム　17:30～翌2:00土日はバータイムのみ
日曜営業
定休日
不定",東京都千代田区鍛冶町1-10-1 よこいビル1F,https://tabelog.com/tokyo/A1310/A131002/13101881/
200,カフェ,ドトールコーヒーショップ 麹町四番町店,"営業時間
[月･火･水･木･金]7:30～21:00[土･日･祝]8:00～18:00
日曜営業
定休日
無休",東京都千代田区四番町4-9 東越伯鷹ビル　１Ｆ,https://tabelog.com/tokyo/A1309/A130904/13097866/
201,カフェ,CAFE A LA TIENNE,"営業時間
11:00～20:00Food L.O.19:00・Drink L.O.19:30※貸切にてご利用の際ははお問い合わせください。※緊急事態宣言発令期間中は予告なく変更させていただく場合がございます。ホームページ等でご確認ください。
日曜営業
定休日
年末年始",東京都千代田区有楽町1-1-1 日本生命日比谷ビル 1F,https://tabelog.com/tokyo/A1301/A130102/13019652/
202,カフェ,スターバックス・コーヒー JR東京駅日本橋口店,"営業時間
[月～日]7:00～22:30
日曜営業
定休日
無休",東京都千代田区丸の内1-9-1 東京駅　改札外 丸の内中央ビル,https://tabelog.com/tokyo/A1302/A130201/13033655/
203,カフェ,スターバックスコーヒー グランスタ丸の内店,,東京都千代田区丸の内1-9-1 JR東京駅 B1F,https://tabelog.com/tokyo/A1302/A130201/13210076/
204,カフェ,ドトールコーヒーショップ 神田北口店,"営業時間
[月～木]6:30～20:30[金]6:30～21:00[土日祝]8:00～20:00
日曜営業
定休日
無休",東京都千代田区内神田3-20-3 小鍛冶ビル,https://tabelog.com/tokyo/A1310/A131002/13101533/
205,カフェ,ラウンジ ORIGAMI,"営業時間
10:00～22:00(L.O.21:30)",東京都千代田区永田町2-10-3 ザ・キャピトルホテル 東急 3F,https://tabelog.com/tokyo/A1308/A130802/13167834/
206,カフェ,カフェ・ベローチェ 秋葉原駅東口店,"営業時間
7:00〜22:00
日曜営業
定休日
無休",東京都千代田区神田佐久間町2-19 櫻岳ﾋﾞﾙ1F,https://tabelog.com/tokyo/A1310/A131001/13104124/
207,カフェ,ショパン,"営業時間
[月～金]8:00～20:00[土]11:00～20:00
定休日
日曜日、祝日",東京都千代田区神田須田町1-19-9,https://tabelog.com/tokyo/A1310/A131002/13011258/
208,カフェ,ディー・エル・カフェ 皇居前店,,東京都千代田区有楽町1-13-1 DNタワー21 1F,https://tabelog.com/tokyo/A1301/A130102/13172639/
209,カフェ,プロポーションアリュール カフェ,"営業時間

日曜営業",東京都千代田区有楽町2-7-1 有楽町マルイ 3F,https://tabelog.com/tokyo/A1301/A130102/13220107/
210,カフェ,エクセルシオール カフェ 永田町店,"営業時間
平日/07：00～22：30土日祝/08：00～20：30
日曜営業
定休日
年中無休",東京都千代田区平河町2-7-1 塩崎ビル　１Ｆ,https://tabelog.com/tokyo/A1308/A130803/13044117/
211,カフェ,ロイヤルガーデンカフェ 飯田橋店,"営業時間
11:00～22:00
日曜営業
定休日
無休",東京都千代田区富士見2-10-2 飯田橋グランブルーム サクラテラス 2F,https://tabelog.com/tokyo/A1309/A130905/13173704/
212,カフェ,はまの屋パーラー 有楽町店,"営業時間
10:00～18:00平日のみモーニングサービスあり(11:00まで)
日曜営業
定休日
年末年始",東京都千代田区有楽町1-12-1 新有楽町ビル B1F,https://tabelog.com/tokyo/A1301/A130102/13041024/
213,カフェ,サンマルクカフェ 半蔵門店,"営業時間
7:00～21:00
日曜営業
定休日
無",東京都千代田区麹町2-7 半蔵門ビル,https://tabelog.com/tokyo/A1308/A130803/13115664/
214,カフェ,Cafe de Repos,"営業時間

日曜営業
定休日
月曜日",東京都千代田区有楽町1‐1‐3 東京宝塚ビル内　東京宝塚劇場　２Ｆ,https://tabelog.com/tokyo/A1301/A130102/13060173/
215,カフェ,淡路町カフェ カプチェットロッソ,"営業時間
【火曜～金曜】11:30～21:30(L.O.21:00)【月曜、土曜、日曜、祝日】11:30～18:00(L.O.17:30)
日曜営業
定休日
不定休",東京都千代田区神田淡路町2-1 クオリア御茶ノ水 1F,https://tabelog.com/tokyo/A1310/A131002/13197545/
216,カフェ,ドトールコーヒーショップ 有楽町日比谷口店,"営業時間
［月～金］6:45～21:00［土・日・祝］8:00～20:00
日曜営業
定休日
無休",東京都千代田区有楽町1-3-7,https://tabelog.com/tokyo/A1301/A130102/13152254/
217,カフェ,＠ほぉ～むカフェ 本店,"営業時間
平日　// 10:00〜22:00土日祝　// 10:00〜22:00L.O.　// フード・デザート:20:50 // その他全て21:20
日曜営業
定休日
なし",東京都千代田区外神田1-11-4 ミツワビル 3～7F,https://tabelog.com/tokyo/A1310/A131001/13020331/
218,カフェ,GODIVA cafe Iidabashi,"営業時間
[月～金]8:00～22:00[土・日・祝]8:00～21:00
日曜営業
定休日
無休（施設に準ずる）",東京都千代田区飯田橋4-17-27 ecuteEDITION飯田橋 2F,https://tabelog.com/tokyo/A1309/A130905/13261602/
219,カフェ,ラウンジ  カスケード,"営業時間
9:00～18:30（L.O.18:00）",東京都千代田区平河町2-4-3 ホテル ルポール麹町１Ｆ,https://tabelog.com/tokyo/A1308/A130803/13105981/
220,カフェ,THE FRONT ROOM,"営業時間
[月～金]8:00～22:00[土・日・祝]9:00～21:00
日曜営業
定休日
施設に準ずる",東京都千代田区丸の内2-4-1 丸の内ビルディング 1F,https://tabelog.com/tokyo/A1302/A130201/13275247/
221,カフェ,スターバックスコーヒー 淡路町駅前店,"営業時間
［月～金］7:00～22:00［土・日・祝］8:00～21:00
日曜営業
定休日
無休",東京都千代田区神田淡路町1-2,https://tabelog.com/tokyo/A1310/A131002/13240123/
222,カフェ,ザ・カフェ by アマン,"営業時間
11:00～19:00",東京都千代田区大手町1-5-6 大手町タワー別棟 1F,https://tabelog.com/tokyo/A1302/A130201/13182497/
223,カフェ,豆香房 水道橋店,"営業時間
［月～金］7:30～17:30［土］12:00～17:00［日・祝］定休日
定休日
日曜日、祝日",東京都千代田区神田三崎町2-2-13 石井ビル １Ｆ,https://tabelog.com/tokyo/A1310/A131003/13047825/
224,カフェ,ドトールコーヒーショップ 神田中央通り店,"営業時間
［月～金］6:30～22:00［土］7:30～20:00［日・祝］7:30～19:00
日曜営業
定休日
無休",東京都千代田区鍛冶町2-6-1 堀内ビルディング 1F,https://tabelog.com/tokyo/A1310/A131002/13176040/
225,カフェ,かふぇ あたらくしあ,"営業時間
［月～金］11:00～20:00（L.O.19:30）［土］11:00～18:00（L.O.17:30）
定休日
日曜・第３月曜",東京都千代田区神田神保町2-12-4 エスペランサ神田神保町Ⅲ B1F,https://tabelog.com/tokyo/A1310/A131003/13270644/
226,カフェ,ブルディガラカフェ 大丸東京店,"営業時間
[月～日]10:00 - 20:00
日曜営業
定休日
不定休（大丸に準ずる）",東京都千代田区丸の内1-9-1 大丸東京店 5F,https://tabelog.com/tokyo/A1302/A130201/13045466/
227,カフェ,プロント 東京駅店,"営業時間
7:00～17：0017:00～23:00（Ｂａｒタイム）
日曜営業
定休日
年中無休",東京都千代田区丸の内1-9-1 キッチンストリート,https://tabelog.com/tokyo/A1302/A130201/13155342/
228,カフェ,スターバックス・コーヒー 大手町ビル店,"営業時間
[月～金] 7:00～22:00 [土] 7:00～21:00
定休日
日曜・祝祭日",東京都千代田区大手町1-6-1 大手町ビル,https://tabelog.com/tokyo/A1302/A130201/13033629/
229,カフェ,スターバックス・コーヒー 神田駅前店,"営業時間
［月～木］6:30～22:00［金］6:30～22:30［土・日・祝］8:00～21:00
日曜営業
定休日
不定休",東京都千代田区神田鍛冶町3-2 神田サンミビル 1F 2F,https://tabelog.com/tokyo/A1310/A131002/13032589/
230,カフェ,ザ・テラス,"営業時間
[平日]11:00～14:00[土・日・祝]12:00～20:00
日曜営業
定休日
無休※雨天は休業させていただきます。",東京都千代田区有楽町1-8-1 ザ・ペニンシュラ東京 1F,https://tabelog.com/tokyo/A1301/A130102/13148631/
231,カフェ,カフェ井政,"営業時間
11:00～16:00
定休日
月曜日、土曜日、日曜日",東京都千代田区外神田2-16 宮本公園 神田の家,https://tabelog.com/tokyo/A1310/A131002/13163948/
232,カフェ,スターバックスコーヒー TSUTAYA BOOKSTORE MARUNOUCHI店,"営業時間
[月～日]8:00～22:00
日曜営業
定休日
無休",東京都千代田区丸の内2-4-1 丸の内ビルディング,https://tabelog.com/tokyo/A1302/A130201/13279910/
233,カフェ,タリーズコーヒー 神保町店,"営業時間
[月～金]7:00～20:00［土］8:00～20:00［日］9:00～19:00
日曜営業",東京都千代田区神田神保町2-7 神保町ＮＫビル １Ｆ,https://tabelog.com/tokyo/A1310/A131003/13048587/
234,カフェ,喫茶室ルノアール 市ヶ谷駅前店,"営業時間
[月～金]7：30-22：00[土曜日]8：00-22：00[日・祝日]8：00-20：00 
日曜営業
定休日
なし",東京都千代田区五番町4-2 東プレビル 1F,https://tabelog.com/tokyo/A1309/A130904/13087051/
235,カフェ,ヨダかカフェ,,東京都千代田区麹町2-2-16 ダブルリーブス半蔵門 B1F,https://tabelog.com/tokyo/A1308/A130803/13235045/
236,カフェ,ドトールコーヒーショップ 御茶ノ水北店,"営業時間
[月～金]7:00～21:00[土]8:00～19:00[日]8:00〜17:30
日曜営業",東京都千代田区外神田2-19-3 お茶の水木村ビル,https://tabelog.com/tokyo/A1310/A131002/13104941/
237,カフェ,ミルクショップ 酪 秋葉原構内店,,東京都千代田区外神田1 JR秋葉原駅,https://tabelog.com/tokyo/A1310/A131001/13049733/
238,カフェ,スターバックス・コーヒー 神田小川町２丁目店,"営業時間
[月～金] 07:00～22:00 [土・日・祝] 08:00～22:00
定休日
年中無休",東京都千代田区神田小川町2-5-5 紀陽東京ビル　１Ｆ,https://tabelog.com/tokyo/A1310/A131002/13033031/
239,カフェ,きみの喫茶BAR,,東京都千代田区麹町3-4-7 ビルディング啓 B1F,https://tabelog.com/tokyo/A1308/A130803/13194595/
240,カフェ,ノースカフェ,"営業時間
[月～金] 9:30～17:30 [土] 9:30～16:30
定休日
日曜日・偶数週土曜日・第4月曜日・国立国会図書館の休館日",東京都千代田区永田町1-10-1 国会図書館東京本館 3F,https://tabelog.com/tokyo/A1308/A130803/13161049/
241,カフェ,Coffee House LOFT,,東京都千代田区内神田3-2-10,https://tabelog.com/tokyo/A1310/A131002/13113342/
242,カフェ,Kanda Coffee,"営業時間
［月～金］7:00～15:00 ［土・日］12:00～18:00
日曜営業
定休日
無休",東京都千代田区神田神保町2-10 ケイビル 1F,https://tabelog.com/tokyo/A1310/A131003/13230980/
243,カフェ,東京ステーションホテル ロビーラウンジ,"営業時間
［月・火・水・木・日・祝］8:00～19:00［金・土・祝前］8:00～20:00
日曜営業
定休日
無休",東京都千代田区丸の内1-9-1 東京ステーションホテル 1F,https://tabelog.com/tokyo/A1302/A130201/13147492/
244,カフェ,カフェ・ベローチェ 末広町店,"営業時間
7:00～19:00
日曜営業
定休日
年中無休",東京都千代田区外神田6-15-11 日東ビル 1F,https://tabelog.com/tokyo/A1310/A131001/13140055/
245,カフェ,スターバックス・コーヒー 丸の内ビル店,"営業時間
7:00～22:00
日曜営業
定休日
無休 (丸ビル休館日に準ずる)",東京都千代田区丸の内2-4-1 丸の内ビルディング,https://tabelog.com/tokyo/A1302/A130201/13033627/
246,カフェ,メイドイン ピエール・エルメ グランスタ東京店,"営業時間
［月～土］8:00～22:00［日］8:00～21:00",東京都千代田区丸の内1-9-1 グランスタ東京 B1F,https://tabelog.com/tokyo/A1302/A130201/13249289/
247,カフェ,ドトールコーヒーショップ 水道橋東口店,"営業時間
［月～金］6:45～21:00［土・日］9:00～19:00
日曜営業
定休日
無休",東京都千代田区神田三崎町2-1-16 プラージュビル １Ｆ,https://tabelog.com/tokyo/A1310/A131003/13104610/
248,カフェ,ドトールコーヒーショップ 神田和泉町店,"営業時間
[平日]7:00～19:00[土曜日]7:30～18:00[日曜日/祝日]8:00～17:00---
日曜営業
定休日
無休",東京都千代田区神田和泉町1-2-19 石井ビル1F,https://tabelog.com/tokyo/A1310/A131001/13086825/
249,カフェ,カウベル,,東京都千代田区飯田橋4-5-2 T＆Sビル 1F,https://tabelog.com/tokyo/A1309/A130905/13087510/
250,カフェ,エクセルシオールカフェ 市ヶ谷駅前店,,東京都千代田区五番町3-1,https://tabelog.com/tokyo/A1309/A130904/13085665/
251,カフェ,珈琲 青木堂,,東京都千代田区神田須田町1-14,https://tabelog.com/tokyo/A1310/A131002/13112687/
252,カフェ,キングストン,"営業時間
9:30～18:00
定休日
土曜日、日曜日、祝日",東京都千代田区麹町1-8-6 OIマンション 1F,https://tabelog.com/tokyo/A1308/A130803/13075920/
253,カフェ,LE SALON DE NINA'S 日比谷店,"営業時間
10:00～21:00
日曜営業",東京都千代田区有楽町1-5-2 東宝日比谷プロムナードビル 2F,https://tabelog.com/tokyo/A1301/A130102/13279760/
254,カフェ,優美堂,"営業時間
[日～火・木] 11:30～18:00[金・土]11:30～21:00
日曜営業
定休日
水曜日",東京都千代田区神田小川町2-4,https://tabelog.com/tokyo/A1310/A131002/13268297/
255,カフェ,椿屋珈琲 日比谷離れ,"営業時間
月～木 10:00～22:00金・土 10:00~23:00日祝日 10:00~22:00
日曜営業
定休日
無休",東京都千代田区有楽町1-2-5 椿屋珈琲ビル　２・３Ｆ,https://tabelog.com/tokyo/A1301/A130102/13007559/
256,カフェ,ビーエスビー コーヒー ロースターズ,,東京都千代田区平河町2-6-4 海運ビル 1F,https://tabelog.com/tokyo/A1308/A130803/13199505/
257,カフェ,スターバックスコーヒー お茶の水サンクレール店,"営業時間
[月～金]7:00～22:30[土・日・祝]8:00～22:00
日曜営業
定休日
不定休",東京都千代田区神田駿河台4-3 お茶の水サンクレール 1F,https://tabelog.com/tokyo/A1310/A131002/13203423/
258,カフェ,椿屋珈琲 有楽町茶寮,"営業時間
10:00-23:00(L.O.22:30)
日曜営業
定休日
不定休（有楽町イトシアに準ずる）",東京都千代田区有楽町2-7-1 有楽町イトシア 2F,https://tabelog.com/tokyo/A1301/A130102/13043940/
259,カフェ,カフェ・ベローチェ 新御茶ノ水店,"営業時間
[月～土]7:00～22:00[日・祝]7:00～21:00
日曜営業
定休日
無休",東京都千代田区神田駿河台3-4-2 日専連朝日生命ビル　1F,https://tabelog.com/tokyo/A1310/A131002/13094023/
260,カフェ,きっさこ,"営業時間
[火～金]12:00～17:00[土・日・祝]12:00～18:00
日曜営業
定休日
月曜日、他に不定休あり",東京都千代田区神田神保町2-24-3,https://tabelog.com/tokyo/A1310/A131003/13041560/
261,カフェ,カフェ・ラ・ミル 紀尾井町サンローゼ赤坂店,"営業時間
[月～土曜]10:00～20:00 [日・祝]11:00～20:00
日曜営業
定休日
無",東京都千代田区紀尾井町4-1 サンローゼ赤坂 2F,https://tabelog.com/tokyo/A1308/A130803/13102054/
262,カフェ,カフェ・ベローチェ 鍛冶町店,"営業時間
［月～金］6:45～22:00［土・日・祝］7:00～22:00
日曜営業
定休日
無休",東京都千代田区鍛冶町1-8-3 神田91ビル 1Ｆ,https://tabelog.com/tokyo/A1310/A131002/13102046/
263,カフェ,上島珈琲店 霞が関コモンゲート店,"営業時間
7:00～21:00
定休日
土・日・祝",東京都千代田区霞が関3-2-1 霞が関コモンゲート西館　２F,https://tabelog.com/tokyo/A1308/A130802/13048384/
264,カフェ,カフェ・ミエル,"営業時間
［月～金］9:00～21:00［土］11:00～18:00
定休日
日曜日、祝日",東京都千代田区九段南2-2-8 松岡九段ビル 1Ｆ,https://tabelog.com/tokyo/A1309/A130906/13006417/
265,カフェ,スターバックス コーヒー JR東海東京駅新幹線南ラチ内店,"営業時間
6:30～21:30
日曜営業
定休日
不定休",東京都千代田区丸の内1-9-1 東京駅,https://tabelog.com/tokyo/A1302/A130201/13129153/
266,カフェ,カフェ&ダイニング アーチ HIBIYA,"営業時間
朝   食      7:00~11:00(L.O.10:30)ランチ～ディナー    11:00~22:00(L.O.21:30)＊当面の間20:00まで＊ランチ～ディナーまで同じ料理となります。
日曜営業
定休日
無し",東京都千代田区有楽町1-2-1 東宝シアタークリエビル 2F,https://tabelog.com/tokyo/A1301/A130102/13265636/
267,カフェ,CAFE＆BAKERY MIYABI 神保町店,"営業時間
7:00～19:00＜土・日＞ 7:00～18:00
日曜営業
定休日
年中無休",東京都千代田区西神田2-1-13,https://tabelog.com/tokyo/A1310/A131003/13188279/
268,カフェ,紀尾井茶房,"営業時間
［月～金］10:00～18:00［土］11:00～17:00
定休日
日曜日",東京都千代田区平河町1-4-11,https://tabelog.com/tokyo/A1308/A130803/13089123/
269,カフェ,スクウェア・エニックス カフェ東京,"営業時間
9:00～21:00
日曜営業
定休日
無休",東京都千代田区神田佐久間町1-6-1 秋葉原東西自由通路,https://tabelog.com/tokyo/A1310/A131001/13243952/
270,カフェ,VAULT COFFEE,"営業時間
11:00～23:00
日曜営業
定休日
平日の月曜日、月曜が祝日の場合は月曜以降の休み明けの平日がお休みとなります",東京都千代田区外神田4-5-1 リバティー5号館 3Ｆ,https://tabelog.com/tokyo/A1310/A131001/13175537/
271,カフェ,セイロンドロップ,"営業時間
ランチ11:30～15:00(L.O14:30)カフェ(食事メニューあり)15:00～18:00(L.O17:30)コロナ禍により下記夜営業は休止していますディナー17:00～22:00(L.O21:00)土日祝(日によって違う)〜20:30(L.O20:00)
日曜営業
定休日
毎週月曜日",東京都千代田区西神田2-8-9 立川Aビル 1F,https://tabelog.com/tokyo/A1310/A131003/13145566/
272,カフェ,林屋新兵衛 日比谷店,"営業時間
11:00～22:00(L.O.21:00)
定休日
不定休(東京ミッドタウン日比谷に準ずる)",東京都千代田区有楽町1-1-2 東京ミッドタウン日比谷 日比谷三井タワー 2F 213,https://tabelog.com/tokyo/A1301/A130102/13219601/
273,カフェ,ザ・ペニンシュラ ブティック&カフェ 新丸ビル店,"営業時間
［月～土］11:00～21:00［日・祝］11:00～20:00
日曜営業
定休日
不定休（新丸の内ビルディングに準ずる）",東京都千代田区丸の内1-5-1 新丸の内ビルディング B1F,https://tabelog.com/tokyo/A1302/A130201/13251850/
274,カフェ,壱番館,,東京都千代田区一番町15,https://tabelog.com/tokyo/A1308/A130803/13089058/
275,カフェ,エクセルシオール カフェ 山王パークタワー店,"定休日
土曜日・日曜日・祝日",東京都千代田区永田町2-11-1 山王パークタワー 1F,https://tabelog.com/tokyo/A1308/A130802/13101675/
276,カフェ,スターバックス・コーヒー 丸の内三菱ビル店,"営業時間
[月～金] 07:00～21:00 [土・日・祝] 8:00～20:00
日曜営業
定休日
不定休",東京都千代田区丸の内2-5-2,https://tabelog.com/tokyo/A1302/A130201/13033125/
277,カフェ,ラ メール,"営業時間
[月～金]17：00～23：00（L.O.22：30）土日祝休※営業時間を変更しております平常時　[月～金]12:00～23:00
定休日
土･日･祝日（貸切承ります）",東京都千代田区隼町1-1 ホテルグランドアーク半蔵門 4F,https://tabelog.com/tokyo/A1308/A130803/13022407/
278,カフェ,ルノアール 神田淡路町店,"営業時間
［月～金］7:30～19:50［土・祝］10:00～19:50
定休日
日曜日",東京都千代田区神田小川町1-1 山甚ビル  Ｂ1Ｆ,https://tabelog.com/tokyo/A1310/A131002/13087022/
279,カフェ,コメダ珈琲店 有楽町ビックカメラ店,"営業時間
7:00～23:00
日曜営業
定休日
無休※年末年始は変更の場合あり",東京都千代田区有楽町1-11-1 B1F,https://tabelog.com/tokyo/A1301/A130102/13269908/
280,カフェ,アンドコーヒーメゾンカイザー Otemachi One店,"営業時間
［月～金］7:00～18:00(L.O.17:30)
定休日
土曜日、日曜日、祝日",東京都千代田区大手町1-2-1 OTEMACHI ONE AVENUE B1F,https://tabelog.com/tokyo/A1302/A130201/13248535/
281,カフェ,BYRON BAY coffee 麹町店,"営業時間
[月～金］9:00～19:00
定休日
土曜日、日曜日",東京都千代田区麹町2-4-1 麹町大通りビル 1F,https://tabelog.com/tokyo/A1308/A130803/13263382/
282,カフェ,宮越屋珈琲 霞ヶ関店,"営業時間
8:00～20:00(L.O.19:30)
定休日
土曜日、日曜日、祝日",東京都千代田区霞ヶ関3-2-5 霞ヶ関ビルディング,https://tabelog.com/tokyo/A1308/A130802/13194378/
283,カフェ,呑める喫茶店イイジカン,"営業時間
　　　　　　　　　　　11月【平日】昼の部　11:30 - 15:15 (14:45LO) ランチもあります夜の部　18:00 - 22:00 (21:00LO)※20日はお休み※22日夜の部はイベント営業【4日・18日・23日】夕暮れ営業14:00 - 19:00 (18:０0最終入店)
定休日
【1１月】３日・11日・20日・25日",東京都千代田区麹町3-10-8 cooee麹町 1F,https://tabelog.com/tokyo/A1308/A130803/13232141/
284,カフェ,バンカム,"営業時間
11:30～15:3017:30～22:00
定休日
日曜日",東京都千代田区外神田4-2-4,https://tabelog.com/tokyo/A1310/A131001/13024802/
285,カフェ,BUG Cafe,"営業時間
［月・火・木・金］8:00～19:00［土］11:00～19:00",東京都千代田区丸の内1-9-2 グラントウキョウサウスタワー 1F,https://tabelog.com/tokyo/A1302/A130201/13283347/
286,カフェ,タリーズコーヒー ニューオータニガーデンコート店,"営業時間
[月～金] 7:30～20:00[土] 9:00～18:00[日･祝] 9:00～18:00
定休日
なし",東京都千代田区紀尾井町4-1 ホテルニューオータニ東京 ガーデンコート　2Ｆ,https://tabelog.com/tokyo/A1308/A130803/13054382/
287,カフェ,スターバックスコーヒー 大手町プレイス店,"営業時間
［月～金］7:00～21:00［土］9:00～17:00
定休日
日曜日、祝日",東京都千代田区大手町2-3-1 大手町プレイス,https://tabelog.com/tokyo/A1302/A130201/13226228/
288,カフェ,カフェリシオ,"営業時間
7:30～17:00
定休日
土曜日、日曜日、祝日",東京都千代田区大手町1-9-5 大手町フィナンシャルシティ 4F,https://tabelog.com/tokyo/A1302/A130201/13155034/
289,カフェ,相田みつを美術館カフェ,,東京都千代田区丸の内3-5-1 東京国際フォーラム ガラス棟　B1F,https://tabelog.com/tokyo/A1301/A130102/13108511/
290,カフェ,スターバックス・コーヒー 新大手町ビル店,"営業時間
7:00～21:00[土]8:00～18:00
定休日
日曜日、祝日",東京都千代田区大手町2-2-1,https://tabelog.com/tokyo/A1302/A130201/13033650/
291,カフェ,楡 大手町店,"定休日
日曜・祝日",東京都千代田区大手町1丁目1-3 大手センタービルＢ１,https://tabelog.com/tokyo/A1302/A130201/13040903/
292,カフェ,カルディ,,東京都千代田区東神田3-2-4-101 東神田サマリアマンション,https://tabelog.com/tokyo/A1311/A131103/13075907/
293,カフェ,ベックスコーヒーショップ 秋葉原電気街口店,"営業時間
[月～金]6:30～21:00[土・日・祝]7:00～21:00
日曜営業
定休日
無休",東京都千代田区外神田1-17-6 秋葉原電気街 改札外,https://tabelog.com/tokyo/A1310/A131001/13076580/
294,カフェ,喫茶店 ピノキオ 飯野ビル店,"営業時間
[月～金]7:00～19:00
定休日
土曜日、日曜日、祝日",東京都千代田区内幸町2-1-1 飯野ビル B1F,https://tabelog.com/tokyo/A1308/A130802/13278677/
295,カフェ,ドトールコーヒーショップ 有楽町駅前店,"営業時間
［月～金］6:50～21:00［土・日］7:30～20:00",東京都千代田区丸の内3-6-11,https://tabelog.com/tokyo/A1301/A130102/13248918/
296,カフェ,カフェ インペリアル,"営業時間
帝国劇場で、ショーを開演している時間帯のみ営業
日曜営業
定休日
帝国劇場の公演による",東京都千代田区丸の内3-1-1 帝劇ビル 帝国劇場 2F,https://tabelog.com/tokyo/A1301/A130102/13098459/
297,カフェ,ツタンカーメン,"営業時間
[火～金]11:00～20:00 LO 19：00[土・日・祝]11:00～20:00 LO 19：00月曜定休
日曜営業
定休日
施設に準ずる。",東京都千代田区丸の内3-5-1 東京国際フォーラム Aブロック 1F,https://tabelog.com/tokyo/A1301/A130102/13245166/
298,カフェ,ドトールコーヒーショップ 竹橋店,"営業時間
[月～金]6:45～19:00[土]10:00～18:00
定休日
日曜日、祝日",東京都千代田区一ツ橋1-1-1 パレスサイドビル B1F,https://tabelog.com/tokyo/A1302/A130201/13086866/
299,カフェ,ドトールコーヒーショップ 半蔵門店,,東京都千代田区麹町1-8-8,https://tabelog.com/tokyo/A1308/A130803/13086905/
300,カフェ,エクセルシオールカフェ 水道橋西口店,"営業時間
6:45〜22:30
日曜営業
定休日
無休",東京都千代田区神田三崎町2-22-18 西山興業新水道橋ビル B1F～2F,https://tabelog.com/tokyo/A1310/A131003/13105035/
301,カフェ,星乃珈琲店 神田店,"営業時間
［月～金］7:00～22:00(L.O.21:15)［土］8:00～22:00(L.O.21:15)［日］8:00～19:30(L.O.18:45)
日曜営業
定休日
無休",東京都千代田区鍛冶町2-1-3 保志場ビル 2F,https://tabelog.com/tokyo/A1310/A131002/13207999/
302,カフェ,カフェ・ラブリコ,"営業時間
[月～金]10:00～18:00(17:30L.O)
定休日
土曜・日曜・祝日",東京都千代田区富士見2-4-3 朝日観光ビル　１Ｆ,https://tabelog.com/tokyo/A1309/A130906/13031050/
303,カフェ,コーヒーショップ ファースト 麹町店,,東京都千代田区平河町1-8-8,https://tabelog.com/tokyo/A1308/A130803/13086628/
304,カフェ,一茶一会,"営業時間
※新型コロナウィルス感染拡大為、平日は短縮営業並びに「土・日・祝日」はお休みしております。[月～金]11:30～15:00（ランチタイム営業のみ）
定休日
日・祝",東京都千代田区神田小川町3-24 大栄堂ビル２ １Ｆ,https://tabelog.com/tokyo/A1310/A131002/13049666/
305,カフェ,スターバックス・コーヒー 日比谷シティ店,"営業時間
[月～金] 08:00～20:00 [土] 08:00～19:00
定休日
日・祝",東京都千代田区内幸町2-2-3 日比谷国際ビル B1F,https://tabelog.com/tokyo/A1301/A130103/13033517/
306,カフェ,カフェ・ド・エトワール,"営業時間
[月～金]8:00～19:00
定休日
土曜昼のみ・日祝定休日",東京都千代田区五番町2-15 第一星光ビル 1F,https://tabelog.com/tokyo/A1309/A130904/13050599/
307,カフェ,サザコーヒー KITTE 丸の内店,"営業時間
[月～日] 11:00～21:00
日曜営業
定休日
元日",東京都千代田区丸の内2-7-2 JPタワー1階,https://tabelog.com/tokyo/A1302/A130201/13224880/
308,カフェ,ネバーランド カフェ,"営業時間
[月～金]11:00～23:00(L.O.22:30)　[土]11:00～18:30(L.O.18:00)　
定休日
日祝",東京都千代田区九段南1-4-3,https://tabelog.com/tokyo/A1309/A130906/13026190/
309,カフェ,コーヒーパーラー ヒルトップ,"営業時間
11:30～21:00（20:00L.O.）お飲み物20：30L.O.※ご予約は（17:00～）ディナーのみ承ります
定休日
無休",東京都千代田区神田駿河台1-1 山の上ホテル　Ｂ１Ｆ,https://tabelog.com/tokyo/A1310/A131002/13006541/
310,カフェ,トーキョーベーカーズキッチン,"営業時間
［月～金］朝食 6:30～9:30ランチ 11:00～14:30カフェ 14:30～16:30［土・日］朝食 6:30～10:30
日曜営業
定休日
無休",東京都千代田区内神田2-1-2 三井ガーデンホテル大手町 1F,https://tabelog.com/tokyo/A1310/A131002/13223306/
311,カフェ,ザ・ロビー,"営業時間
※最新情報につきましてはレストランまで直接お問い合わせくださいブレックファースト：  6:30～11:00 (LO)ランチ　　　　　　：11:30～14:30 (LO 14:00)アフタヌーンティー：11:30～20:00 (LO 18:00)ディナー　　　　　：17:00～20:00 (LO 19:30) 
日曜営業
定休日
無休",東京都千代田区有楽町1-8-1 ザ・ペニンシュラ東京　１Ｆ,https://tabelog.com/tokyo/A1301/A130102/13043018/
312,カフェ,そば粉カフェバー ずく箱,"営業時間
12：00～15：0018：30～22：00
定休日
土曜・日曜・祝日",東京都千代田区神田佐久間町3-13,https://tabelog.com/tokyo/A1310/A131002/13218588/
313,カフェ,スターバックス・コーヒー 市ヶ谷駅前店,"営業時間
[月～土]7:00～22:00[日・祝]8:00～21:00
日曜営業
定休日
無休",東京都千代田区五番町2 市ヶ谷ストア　２Ｆ,https://tabelog.com/tokyo/A1309/A130904/13026483/
314,カフェ,センダイカフェ,"営業時間
［月～金］7:30～17:00［土］11:00～17:00
定休日
日曜日、祝日",東京都千代田区神田神保町3-4-1,https://tabelog.com/tokyo/A1310/A131003/13250729/
315,カフェ,ファイブ・クロスティーズ・コーヒー グランスタ店,"営業時間
[月～土] 7:00～22:00[日・祝]7:00～21:00※まん延防止等重点措置期間中は20:00閉店
日曜営業
定休日
無休",東京都千代田区丸の内1-9-1 JR東日本東京駅 B1F,https://tabelog.com/tokyo/A1302/A130201/13207915/
316,カフェ,ペーパーバックカフェ,"営業時間
[月～土]10:00～18:00 Ｌ.Ｏ17:45（ランチタイム11：30～15：00）[日・祝]10:00～18:00 Ｌ.Ｏ17:45（ランチタイム11：30～15：00）　
日曜営業
定休日
無休（年始除く）",東京都千代田区神田神保町1-17 東京堂書店,https://tabelog.com/tokyo/A1310/A131003/13143570/
317,カフェ,フライング・スコッツマン 秋葉原店,"営業時間
[月～金]11:00～20:00(L.O 19:30) (11:00~14:30 通常メニュー+ランチ)[土・日・祝]11:00～20:00(L.O 19:30) 
日曜営業
定休日
なし",東京都千代田区外神田4-2-6 AKIBA426ビル 3F,https://tabelog.com/tokyo/A1310/A131001/13182991/
318,カフェ,カフェベローチェ 三崎町店,"営業時間
［月～金］7:00～19:00［土・日・祝］7:00～18:00
日曜営業
定休日
無休（年末年始休みあり）",東京都千代田区神田三崎町2-2-2 加藤ビル 1F,https://tabelog.com/tokyo/A1310/A131003/13104573/
319,カフェ,ティグラート,"営業時間
[月～土]12:00-22:00[祝]14:00-18:00[日]店休●2023年夏季休業のお知らせ8月11日から8月15日までお休みさせて頂きます。
定休日
日曜日",東京都千代田区六番町13-6 ASビル 1F,https://tabelog.com/tokyo/A1309/A130902/13218391/
320,カフェ,エクセルシオールカフェ お茶の水店,"営業時間
［月～金］6:45～18:00［土・日・祝］7:00～18:00
日曜営業
定休日
無休",東京都千代田区神田駿河台2-1 お茶の水ユニオンビル 1F,https://tabelog.com/tokyo/A1310/A131002/13086535/
321,カフェ,ドトールコーヒーショップ 八重洲中央口店,"営業時間
平日　　6:30 - 22:30土曜　　6:30 - 22:00日祝　　6:30 - 22:00
日曜営業
定休日
なし",東京都千代田区丸の内1-9-1 東京駅一番街,https://tabelog.com/tokyo/A1302/A130201/13119963/
322,カフェ,かふぇ ぺしゃわーる,"営業時間
現在新型コロナウイルスの影響で営業時間を短縮しております。平日　10:00～19:00(L.O.18:30)土日祝　11:00～18:00(L.O.17:30)
日曜営業
定休日
年中無休",東京都千代田区紀尾井町4-1 ホテルニューオータニ東京 アーケード階,https://tabelog.com/tokyo/A1308/A130803/13011150/
323,カフェ,ドトールコーヒーショップ 半蔵門一番町店,"営業時間
[月～金]7:00～21:00[土・日・祝]9:00～17:00
日曜営業
定休日
無休",東京都千代田区一番町13-14,https://tabelog.com/tokyo/A1308/A130803/13199714/
324,カフェ,ギャラリー珈琲店 古瀬戸,"営業時間
[月～日]10:00～20:00
日曜営業",東京都千代田区神田神保町1-7 ＮＳＥビル 1F,https://tabelog.com/tokyo/A1310/A131003/13011635/
325,カフェ,ZEN LOUNGE,,東京都千代田区紀尾井町4-1 ホテルニューオータニ東京 ザ・メイン 11F エグゼクティブハウス 禅,https://tabelog.com/tokyo/A1308/A130803/13142747/
326,カフェ,カフェ・トリオンプ,"営業時間
[火～金]11:30～22:00[土日祝]13:00～21:00
定休日
月曜日",東京都千代田区外神田5-6-4 メトロビル1F,https://tabelog.com/tokyo/A1311/A131101/13044270/
327,カフェ,アボカフェ,"営業時間
営業時間は変更になる場合があります。SNSまたはお電話にて確認お願いします。[月～金]11:30～15:00　(L.O.14:30)17:30～21:30　(food LO:21:00)[土・日・祝日]12:00～15:00　(L.O.14:30)15:00～21:00　(food LO:20:30)
日曜営業
定休日
不定休",東京都千代田区神田神保町1-2-9 ウエルスビル 3F,https://tabelog.com/tokyo/A1310/A131003/13042695/
328,カフェ,珈琲専門店 エース,"定休日
月曜日、日曜日、祝日",東京都千代田区内神田3-10-6,https://tabelog.com/tokyo/A1310/A131002/13020976/
329,カフェ,スターバックス コーヒー 丸の内新東京ビル店,"営業時間
［月～金］7:00～22:00［土］8:00～21:00［日・祝］10:00～20:00
日曜営業
定休日
不定休",東京都千代田区丸の内3-3-1 丸の内新東京ビル 1F,https://tabelog.com/tokyo/A1302/A130201/13193768/
330,カフェ,カフェ・ベローチェ 淡路町駅前店,"営業時間
［月～金］7:00～22:00［土・日・祝］7:00～21:00
日曜営業
定休日
無休",東京都千代田区神田須田町1-10 神田オーエヌビル　1F,https://tabelog.com/tokyo/A1310/A131002/13058010/
331,カフェ,KITASANDO Kissa,"営業時間
[月〜日、祝]OPEN10:00~19:00(L.O18:30)
日曜営業
定休日
不定休",東京都千代田区大手町2-6-3 TOKYO TORCH銭瓶町ビルディング 1F ぜにがめプレイス,https://tabelog.com/tokyo/A1302/A130201/13275143/
332,カフェ,タリーズコーヒー アンドティー ルミネ有楽町店,"営業時間
[月～金]8:00～22:00[土・日・祝]9:00～22:00
日曜営業
定休日
無休",東京都千代田区有楽町2-5-1 ルミネ有楽町 8F,https://tabelog.com/tokyo/A1301/A130102/13241648/
333,カフェ,フライング・スコッツマン 御徒町店,"営業時間
コロナウイルス影響のため当面時短営業になります。[月〜金]11:30～18:30(L.O. 18:00)11:30～14:30 通常メニュー+ランチ[土, 日, 祝]11:30～18:30(L.O. 18:00)
日曜営業
定休日
無休",東京都千代田区外神田6-16-8 御徒町アーバンホテル 1F,https://tabelog.com/tokyo/A1311/A131101/13236442/
334,カフェ,スターバックスコーヒー 神田駅南口店,"営業時間
[月～金]7:00～21:30[土・日・祝]8:00～20:00
定休日
不定休",東京都千代田区鍛冶町2-7-1 JR神田駅南改札口外,https://tabelog.com/tokyo/A1310/A131002/13279255/
335,カフェ,タリーズコーヒー 日本経済新聞社 太陽樹店,"営業時間
[月～金]08:00～20:00
定休日
土曜日・日曜日・祝日",東京都千代田区大手町1-3-7 日本経済新聞社東京本社ビル 2Ｆ,https://tabelog.com/tokyo/A1310/A131002/13114715/
336,カフェ,ディーン＆デルーカ マーケットストア 有楽町店,"営業時間
［月～土］10:00～22:00［日］10:00～21:00
定休日
不定休(ルミネ有楽町 ルミネ2に準ずる)",東京都千代田区有楽町2-5-1 ルミネ有楽町 ルミネ2 1F,https://tabelog.com/tokyo/A1301/A130102/13162209/
337,カフェ,バロン,,東京都千代田区神田錦町2-7-1 東和ビル 1F,https://tabelog.com/tokyo/A1302/A130201/13076140/
338,カフェ,ビーアンドビーコーヒー 丸の内店,"営業時間
[平日] 7:00～17:00
定休日
土日祝",東京都千代田区丸の内3-3-1 新東京ビル B1F,https://tabelog.com/tokyo/A1301/A130102/13121786/
339,カフェ,ゆとりの空間 日比谷店,"営業時間
11:00～20:00ランチ　11:00～14:30(ラストオーダー)ディナー　16:00～20:00(19:30ラストオーダー)
日曜営業
定休日
無休",東京都千代田区有楽町1-2-2 日比谷シャンテ 2F,https://tabelog.com/tokyo/A1301/A130102/13043619/
340,カフェ,No.4,"営業時間
8:00 OPEN  〜 21:00 CLOSE (20:30 L.O.)メニュー8:00～10:45(L.O.)　：モーニングメニュー11:30～CLOSE　　 ：ランチメニュー  
日曜営業
定休日
無休（正月休み）",東京都千代田区四番町5-9,https://tabelog.com/tokyo/A1309/A130904/13189835/
341,カフェ,DIXANS 九段下,"営業時間
[月～金]8:00～19:00(L.O.18:30)[土・日・祝]11:00～18:00(L.O.17:30)
日曜営業",東京都千代田区九段北1-2-12 九段下プラレールビル 1F,https://tabelog.com/tokyo/A1309/A130906/13259006/
342,カフェ,みのや菓子工房,"営業時間
11:30～21:00
日曜営業",東京都千代田区外神田4-14-1 秋葉原UDXビル 3F,https://tabelog.com/tokyo/A1310/A131001/13281600/
343,カフェ,淡路坂珈琲 お茶の水店,"営業時間
07:30 - 19:00
日曜営業
定休日
なし",東京都千代田区神田淡路町2-9 JR紅梅橋高架下4号,https://tabelog.com/tokyo/A1310/A131002/13235018/
344,カフェ,Delica ホブノブ,,東京都千代田区西神田2-5-2 ＴＡＳビル　１Ｆ,https://tabelog.com/tokyo/A1310/A131003/13041138/
345,カフェ,茶寮 結 靖国神社店,"営業時間
9:30～16:30
日曜営業
定休日
年中無休（遊就館休館日）",東京都千代田区九段北3-1-1 靖国神社 遊就館内,https://tabelog.com/tokyo/A1309/A130905/13055768/
346,カフェ,ザ・プリンスギャラリー東京紀尾井町クラブラウンジ,"営業時間
7:00～22:00",東京都千代田区紀尾井町1-2 ザ・プリンスギャラリー東京紀尾井町 34F,https://tabelog.com/tokyo/A1308/A130801/13202629/
347,カフェ,喫茶プペ,"営業時間
[月～金]7:00～17:00(L.O.16:00)[土]11:00～14:00(L.O.13:30)緊急事態宣言により時短営業中
定休日
日曜・祝日・年末年始",東京都千代田区神田錦町3-13-11,https://tabelog.com/tokyo/A1302/A130201/13053630/
348,カフェ,星乃珈琲店 御茶ノ水店,"営業時間
9:00～20:00(L.O.20:30)［モーニング］9:00～11:00［ランチ］11:00～14:00",東京都千代田区神田駿河台2-4 ウィーンビル 2F,https://tabelog.com/tokyo/A1310/A131002/13226133/
349,カフェ,みねるばの森,"営業時間
［月～金］9:00～18:00
定休日
土曜日・日曜日・祝日",東京都千代田区九段北1-9-17 寺島文庫ビル 1F,https://tabelog.com/tokyo/A1309/A130906/13117837/
350,カフェ,フェリカ　国会図書館内,"営業時間
[月～金]11:00～14:00[土]11:00～14:00
定休日
奇数週の土曜日および図書館休館日（日曜、祝日、年末年始、第3水曜日（資料整理休館日））",東京都千代田区永田町1-10-1 国会図書館新館1階,https://tabelog.com/tokyo/A1308/A130801/13095498/
351,カフェ,ゴディバカフェ 東京,"営業時間
8:00～22:00
日曜営業
定休日
不定休（施設に準ずる）",東京都千代田区丸の内1-9-1 JR東京駅 B1F グランルーフ フロント内,https://tabelog.com/tokyo/A1302/A130201/13253018/
352,カフェ,JAM Akihabara,"営業時間
[月～木曜日]11：30～23：00[金曜日/祝前日]11：30～29：00
日曜営業
定休日
無し",東京都千代田区外神田3-2-13 山口ビルB1F,https://tabelog.com/tokyo/A1310/A131001/13044073/
353,カフェ,三河屋綾部商店,"営業時間
[月～土]9:00～18:00（喫茶17:00まで）
定休日
日曜日（2月3月は水曜日定休、日曜営業）",東京都千代田区外神田2-17-3,https://tabelog.com/tokyo/A1310/A131002/13059874/
354,カフェ,サンマルクカフェ 水道橋東口店,"営業時間
［月～金］7:00～22:00［土］7:00～21:00［日・祝］7:00～20:30
日曜営業
定休日
年中無休",東京都千代田区神田三崎町2-9-2,https://tabelog.com/tokyo/A1310/A131003/13085914/
355,カフェ,VMG CAFE 九段会館テラス,,東京都千代田区九段南1-6-5 九段会館テラス 5F,https://tabelog.com/tokyo/A1309/A130906/13278575/
356,カフェ,スターバックス・コーヒー 大手町カンファレンスセンター店,"営業時間
[月～金]７:00～22:00[土]8:00～19:00
定休日
日曜・祝日",東京都千代田区大手町1-3-2 大手町カンファレンスセンター 1F,https://tabelog.com/tokyo/A1302/A130201/13090535/
357,カフェ,文房堂Gallery Cafe,"営業時間
11：00～18：30（L.O.18:00）
日曜営業
定休日
年末年始",東京都千代田区神田神保町1-21-1 文房堂ビル 3F,https://tabelog.com/tokyo/A1310/A131003/13198613/
358,カフェ,アディロンダックカフェ,"営業時間
月曜日〜土曜日12:00~22:00ライブ曜日: 火曜日、水曜日
定休日
日曜、祝日",東京都千代田区神田神保町1-2-9 ウェルスビル ４Ｆ,https://tabelog.com/tokyo/A1310/A131003/13102538/
359,カフェ,ベローチェ  麹町店,"営業時間
7:00～22:00(日・祭21:00閉店)
日曜営業
定休日
無休",東京都千代田区麹町4-3-5 紀尾井観光ﾋﾞﾙ1F,https://tabelog.com/tokyo/A1308/A130803/13097052/
360,カフェ,スターバックスコーヒー グランスタ八重洲店,"営業時間
6:30～22:30
定休日
不定休",東京都千代田区丸の内1-9-1 東京駅八重洲中央口 B1F グランルーフ フロント,https://tabelog.com/tokyo/A1302/A130201/13211049/
361,カフェ,喫茶室 サンマリ,,東京都千代田区大手町1-6-1 大手町ビル B2F,https://tabelog.com/tokyo/A1302/A130201/13115658/
362,カフェ,神田珈琲園 神田北口店,"営業時間
[月～金]7:00～22:00[土]8:00～18:00[日・祝]9:00～18:00
日曜営業
定休日
5月連休、お盆、年末年始の営業時間はHPお知らせをご覧ください。",東京都千代田区鍛冶町2-13-12,https://tabelog.com/tokyo/A1310/A131002/13111193/
363,カフェ,イノダコーヒ 東京大丸支店,"営業時間
10:00～20:00(L.O.19:30)
日曜営業
定休日
無休（大丸に準ずる）",東京都千代田区丸の内1-9-1 大丸東京店 8F,https://tabelog.com/tokyo/A1302/A130201/13044988/
364,カフェ,スターバックスコーヒー 丸の内オアゾ店,"営業時間
7:00～22:00
日曜営業
定休日
無休",東京都千代田区丸の内1-6-4 丸の内OAZO,https://tabelog.com/tokyo/A1302/A130201/13250522/
365,カフェ,カフェ・ベローチェ 岩本町店,"営業時間
[月〜金]7:00〜22:00[土・日・祝]7:00〜21:30
日曜営業
定休日
無休",東京都千代田区岩本町3-9-17 スリーセブンビル 1F,https://tabelog.com/tokyo/A1310/A131002/13110120/
366,カフェ,MCR HIBIYA,"営業時間
8:30～19:30
日曜営業
定休日
無休",東京都千代田区有楽町1-9-4 蚕糸会館 1F,https://tabelog.com/tokyo/A1301/A130102/13278400/
367,カフェ,キーズカフェ ビックカメラ有楽町店,"営業時間
10:00～21:00　
日曜営業
定休日
無休",東京都千代田区有楽町1-11-1 ビックカメラ有楽町店 7F,https://tabelog.com/tokyo/A1301/A130102/13177315/
368,カフェ,ドトールコーヒーショップ 神保町駅前店,"営業時間
[月～金]6:45～22:00[土・日・祝]8:00～20:00
日曜営業",東京都千代田区神田神保町1-10-1 1F・2F,https://tabelog.com/tokyo/A1310/A131003/13060188/
369,カフェ,ドトールコーヒーショップ  新大手町ビル店,"営業時間
[平日] 7:00-21:00 [土曜] 8:00-14:30 
定休日
日曜、祝祭日",東京都千代田区大手町2-2-1,https://tabelog.com/tokyo/A1302/A130201/13041982/
370,カフェ,ドトールコーヒーショップ 有楽町電気ビル店,"営業時間
7:30～21:00　[土]8:00～19:00　[日]10:00～19:00
日曜営業",東京都千代田区有楽町1-7-1 有楽町電気ビル B1F,https://tabelog.com/tokyo/A1301/A130102/13135880/
371,カフェ,カフェ・ド・クリエ 四ッ谷店,"営業時間
『平日』6:30～21:00
日曜営業",東京都千代田区麹町6-6-1,https://tabelog.com/tokyo/A1309/A130902/13086574/
372,カフェ,アシスト コーヒー　ロースタリー,"営業時間
【月】11:30～18:00【火】11:30～18:00【水】11:30～18:00【木】11:30～18.00【金】11:30～20:00【土】11:00～17:00
定休日
日曜日・祝日／第一土曜日",東京都千代田区岩本町1-1-4 サンサイド岩本町ビル 1F,https://tabelog.com/tokyo/A1302/A130204/13220292/
373,カフェ,スターバックス・コーヒー 新丸ビル店,"営業時間
7:00～21:00
日曜営業
定休日
無休",東京都千代田区丸の内1-5-1 新丸の内ビルディング B1F,https://tabelog.com/tokyo/A1302/A130201/13038463/
374,カフェ,ジュン,"営業時間
［月～金］11：00～18：00（L O）[土・日・祝]11：00～18：00（L O）※店内状況によりLOは遅くなる場合もございます。詳細はお問い合わせください。
定休日
交通会館定館日",東京都千代田区有楽町2-10-1,https://tabelog.com/tokyo/A1301/A130102/13076013/
375,カフェ,TOFFEE tokyo,"営業時間
10:00～19:00[月～金]10:00～22:00[日・祝]10:00～18:00
日曜営業",東京都千代田区大手町2-6-4 常盤橋タワー 1F,https://tabelog.com/tokyo/A1302/A130201/13262087/
376,カフェ,ダッキーダック 有楽町店,"営業時間
[月～木・日・祝]11:00～22:00（L.O.21:30）[金・土]11:00～22:30（L.O.22:00）
日曜営業
定休日
不定休日あり (有楽町イトシアに準ずる)",東京都千代田区有楽町2-7-1 有楽町イトシア 2F,https://tabelog.com/tokyo/A1301/A130101/13132586/
377,カフェ,タリーズコーヒー 四ツ谷東口店,,東京都千代田区麹町5-3 第7秋山ビルディング 1F,https://tabelog.com/tokyo/A1308/A130803/13086701/
378,カフェ,レック コーヒー 水道橋店,"営業時間
［月～金］7:30～20:00［土・日・祝］9:00～19:00",東京都千代田区神田三崎町3-10-1,https://tabelog.com/tokyo/A1309/A130905/13241893/
379,カフェ,エクセルシオールカフェ 秋葉原中央通り店,"営業時間

日曜営業",東京都千代田区外神田3-15-1 秋葉原プレイス1階,https://tabelog.com/tokyo/A1311/A131101/13047410/
380,カフェ,ぷり,"営業時間
7:30～18:00",東京都千代田区岩本町2-4-7,https://tabelog.com/tokyo/A1310/A131002/13088547/
381,カフェ,エキスパート倶楽部,"営業時間
11:30～14:30(L.O.14:00)
定休日
土曜日、日曜日、祝日",東京都千代田区霞が関3-2-3 霞が関コモンゲート ショップ&レストラン アネックス1F,https://tabelog.com/tokyo/A1308/A130802/13089797/
382,カフェ,ボンドール,"営業時間
[月～金] 11:30 ～ 20:30[土] 11:30 ～ 20:30",東京都千代田区外神田6-11-8,https://tabelog.com/tokyo/A1311/A131101/13088667/
383,カフェ,カフェ&ラウンジ トリコロール,"営業時間
［月～土］11:00～23:00(L.O.22:30)［日・祝］11:00～22:00(L.O.21:30)",東京都千代田区丸の内1-5-1 新丸ビル 5F,https://tabelog.com/tokyo/A1302/A130201/13213133/
384,カフェ,ベックスコーヒーショップ 東京新幹線店,,東京都千代田区丸の内1-9-1 ＪＲ東京駅新幹線（東北・上越・北陸・山形・秋田）中央乗り換え口内,https://tabelog.com/tokyo/A1302/A130201/13180360/
385,カフェ,タリーズコーヒー 日比谷シャンテ店,,東京都千代田区有楽町1-2-2 日比谷シャンテ B1F,https://tabelog.com/tokyo/A1301/A130102/13245460/
386,カフェ,ディーン&デルーカ 有楽町カフェ,,東京都千代田区有楽町2-9-17 ルミネストリート,https://tabelog.com/tokyo/A1301/A130102/13174308/
387,カフェ,イトウコーヒー店,,東京都千代田区神田錦町3-8 ランドステージお茶の水 1F,https://tabelog.com/tokyo/A1310/A131002/13086531/
388,カフェ,乙コーヒー,"営業時間
[月・水・木・金]11:00～20:00(L.O.19:30)[土・日・祝]11:00～18:00(L.O.17:30)
日曜営業
定休日
火曜日",東京都千代田区外神田2-18-13,https://tabelog.com/tokyo/A1310/A131002/13137455/
389,カフェ,ドトールコーヒーショップ 神保町すずらん通り店,"営業時間
［月～金］7:00～21:00［土］8:00～20:00［日・祝］9:00～19:00
日曜営業
定休日
無休",東京都千代田区神田神保町1-17,https://tabelog.com/tokyo/A1310/A131003/13059976/
390,カフェ,上島珈琲店 御茶ノ水ワテラス店,"営業時間
［月～金］7:30～21:00［土・日・祝］8:00～21:00
日曜営業
定休日
無休",東京都千代田区神田淡路町2-105 ワテラスアネックス 1F,https://tabelog.com/tokyo/A1310/A131002/13154441/
391,カフェ,珈琲館 千代田区一番町店,"営業時間
［月～金］7:00～20:00［土・日・祝］10:00～18:00
日曜営業
定休日
無休",東京都千代田区一番町4-25 相模屋第5ビル 1F,https://tabelog.com/tokyo/A1308/A130803/13204488/
392,カフェ,珈琲果実 JA共済ビル店,"営業時間
[月～金]8:00～10:0011:30～16:0010時～11時半は店内閉鎖
定休日
土・日・祝",東京都千代田区平河町2-7-9 JA共済ビル 2F,https://tabelog.com/tokyo/A1308/A130803/13131164/
393,カフェ,Pelican Moon Caffe 霞が関コモンゲート店,"営業時間
平　日　8:00~22:00　土日祝　CLOSELast Order 21:00定休日（土日祝）ベーカリー併設
定休日
土日祝",東京都千代田区霞が関3-2-1 霞が関コモンゲー ト 西館 1F,https://tabelog.com/tokyo/A1301/A130103/13276929/
394,カフェ,カフェ・トロワバグ,"営業時間
[月～金]10:00～20:00[土]12:00～19:00
定休日
日曜日",東京都千代田区神田神保町1-12-1 富田ビル B1F,https://tabelog.com/tokyo/A1310/A131003/13011637/
395,カフェ,Tokyo City i CAFE by PRONTO,"営業時間
［月～金］7:00～22:00［土・日］10:00～22:00
日曜営業
定休日
無休",東京都千代田区丸の内2-7-2 KITTE B1F,https://tabelog.com/tokyo/A1302/A130201/13153661/
396,カフェ,ドトールコーヒーショップ 神田淡路町店,"営業時間
［月～金］7:00～19:00［土］7:30～18:00［日・祝］8:00～18:00
日曜営業
定休日
無休",東京都千代田区神田須田町1-2-1,https://tabelog.com/tokyo/A1310/A131002/13086823/
397,カフェ,L,,東京都千代田区神田猿楽町1-5-4 松井ビル 1F,https://tabelog.com/tokyo/A1310/A131003/13075769/
398,カフェ,サンマルクカフェ 神田北口店,"営業時間
平日7:00～22:00土日祝8:00～22:00
日曜営業
定休日
無休",東京都千代田区神田鍛冶町3-3-31 鍛治町ベストビル,https://tabelog.com/tokyo/A1310/A131002/13122372/
399,カフェ,カンダコーヒー,"営業時間
[月～金] 7:00～17:00[土・日・祝]12:00～18:00
日曜営業",東京都千代田区神田神保町2-38-10 多幸ビル １Ｆ,https://tabelog.com/tokyo/A1310/A131003/13133520/
400,カフェ,カフェ ド バンフ,"営業時間
9:00～20:00
定休日
日・祝、第１・３土",東京都千代田区西神田2-5-6 中西ビル２Ｆ,https://tabelog.com/tokyo/A1310/A131003/13061185/
401,カフェ,ジャズ オリンパス！,"営業時間
[火～金]11:45～16:00ランチ価格は平日14:00まで※会話可14:00からはリスニングタイム※会話不可［木金のみ］19:00～22:00※会話可[土]13:00～16:00終日、リスニングタイム
定休日
日曜.月曜.祝日  臨時はHPにて告知",東京都千代田区神田小川町3-24,https://tabelog.com/tokyo/A1310/A131002/13094943/
402,カフェ,カフェ ラグタイム,"営業時間
12:00～19:00
定休日
土曜日、日曜日、祝日",東京都千代田区富士見2-2-11 富士見ヨシダビル B1F,https://tabelog.com/tokyo/A1309/A130905/13006233/
403,カフェ,珈琲館 飯田橋店,"営業時間
［月～金］7:00～22:30［土・日・祝］7:30～22:30
日曜営業
定休日
なし",東京都千代田区飯田橋4-8-13 山商ビル１Ｆ,https://tabelog.com/tokyo/A1309/A130905/13025105/
404,カフェ,エクセルシオール カフェ 神田小川町店,"営業時間
8:00～20:00",東京都千代田区神田小川町1-5-1,https://tabelog.com/tokyo/A1310/A131002/13286173/
405,カフェ,茶記,"営業時間
11:00～20:00
日曜営業
定休日
施設に準ずる。",東京都千代田区有楽町2-5-1 阪急メンズ東京 6F,https://tabelog.com/tokyo/A1301/A130102/13235566/
406,カフェ,カフェ・ベローチェ 岩本町駅前店,"営業時間
7:00～23:00
定休日
年中無休",東京都千代田区神田岩本町1-14 白石第二ビル 1F,https://tabelog.com/tokyo/A1310/A131002/13057577/
407,カフェ,CAFE OASIS 秋葉原店,"営業時間
[月～金]7:00～21:00[土・日]9:00～19:00
日曜営業
定休日
年中無休",東京都千代田区外神田6-14-12 神田中沢ビル 1F,https://tabelog.com/tokyo/A1311/A131101/13269704/
408,カフェ,青山ティーファクトリー,"営業時間
［月・火・土・日］11:00～18:00［水・木・金］11:00～21:00
日曜営業
定休日
無休",東京都千代田区神田神保町1-18-6 望月ビル 1F,https://tabelog.com/tokyo/A1310/A131003/13195226/
409,カフェ,アーモンド,"営業時間
[月～金]6:30～16:00[土]6:30～14:00
定休日
日曜・祝日",東京都千代田区岩本町2-8-2 保科ビル B1F,https://tabelog.com/tokyo/A1302/A130204/13075775/
410,カフェ,インペリアルラウンジ アクア,"営業時間
11:30～24:00(L.O.23:30)※平日前の休日は、11:30～22:00（L.O.21:30）
日曜営業
定休日
無休",東京都千代田区内幸町1-1-1 帝国ホテル 東京 本館 17F,https://tabelog.com/tokyo/A1301/A130102/13002297/
411,カフェ,ミロンガ ヌオーバ,"営業時間
[月・火・木・金]11:30～22:30(L.O.22:00)[土・日・祝]11:30～19:00(L.O.18:30)
日曜営業
定休日
水曜日",東京都千代田区神田神保町1-3-3,https://tabelog.com/tokyo/A1310/A131003/13281958/
412,カフェ,ティーハウスタカノ,"営業時間
平日　　　　　11:30〜19:00土曜・祝日　　11:30〜18:30日曜定休12月29日（金）から1月4日（木）まで冬季休業いたします
定休日
日曜日・12月29日（金）から1月4日（木）まで冬季休業いたします",東京都千代田区神田神保町1-3 寿ビル B1F,https://tabelog.com/tokyo/A1310/A131003/13000643/
413,カフェ,アップルファーム 東京店,"営業時間
10:00～17:30(L.O.17:00)
定休日
土曜日、日曜日、祝日",東京都千代田区外神田5-2-5 セントラルコアビル　２Ｆ,https://tabelog.com/tokyo/A1311/A131101/13019937/
414,カフェ,NEW YORKER'S Cafe 駿河台４丁目店,"営業時間
［月～金］7:00～22:00［土］8:00～22:00［日・祝］8:00～21:30
日曜営業
定休日
なし",東京都千代田区神田駿河台4-1-1 ウエルトンビル 1F,https://tabelog.com/tokyo/A1310/A131002/13086953/
415,カフェ,GODIVA cafe 日比谷店,"営業時間
11:00～21:00(フードL.O.20:30)
日曜営業",東京都千代田区有楽町1-5-2 東宝日比谷プロムナードビル 2F,https://tabelog.com/tokyo/A1301/A130102/13283094/
416,カフェ,ドトールコーヒーショップ 大手町ファーストスクエア店,"営業時間
6:45～20:00(L.O.19:45)
定休日
土曜日、日曜日、祝日",東京都千代田区大手町1-5-1 大手町ファーストスクエア,https://tabelog.com/tokyo/A1302/A130201/13085990/
417,カフェ,喫茶室ルノアール 秋葉原電気街口店,"営業時間
[月～金]7:30～22:00[土・日・祝]7:30～22:00
日曜営業
定休日
なし",東京都千代田区外神田1-18-19 新秋葉原ビル B1F,https://tabelog.com/tokyo/A1310/A131001/13199110/
418,カフェ,珈琲館 専大前本店,"営業時間
[月～金]7:30～20:00(L.O.19:30)[土・日・祝]8:00～20:00(L.O.19:30)
日曜営業
定休日
無休",東京都千代田区神田神保町3-1 日建ビル 1F,https://tabelog.com/tokyo/A1310/A131003/13087126/
419,カフェ,TRIGGER HAPPY,"営業時間
平日　：18:00～23:00（L.O 22:30）土日祝：15:00～23:00（L.O 22:30）
日曜営業
定休日
なし",東京都千代田区外神田5-2-7 B1F,https://tabelog.com/tokyo/A1311/A131101/13193500/
420,カフェ,カフェ・ド・クリエ 飯田橋ラムラ店,"営業時間
［月～金］7:00～20:00［土・日・祝］8:00～20:00
日曜営業
定休日
無休",東京都千代田区飯田橋4-25-1 飯田橋セントラルプラザ ラムラ 1F,https://tabelog.com/tokyo/A1309/A130905/13086591/
421,カフェ,Cafe Wheel Bar by PRONTO IL BAR,"営業時間
7:00～21:00
日曜営業
定休日
年中無休",東京都千代田区外神田1-17-6 JR秋葉原駅,https://tabelog.com/tokyo/A1310/A131001/13109677/
422,カフェ,はまの屋パーラー 帝国ホテル,"営業時間
11:00～19:00（L.O. 18:30）
日曜営業
定休日
不定休(帝国ホテルプラザ東京に準ずる)",東京都千代田区内幸町1-1-1 帝国ホテルプラザ東京 4F,https://tabelog.com/tokyo/A1301/A130101/13194953/
423,カフェ,Cafe MOCO,,東京都千代田区外神田1-12-2 志村無線ビル　１Ｆ,https://tabelog.com/tokyo/A1310/A131001/13045716/
424,カフェ,ディゾン 水道橋,"営業時間
[月～金]8:00～19:00[土・日・祝]11:00～18:00",東京都千代田区西神田2-7-11 北村ビル 1F,https://tabelog.com/tokyo/A1310/A131003/13182399/
425,カフェ,スターバックス・コーヒー お茶の水村田ビル店,"営業時間
[月～土] 07:00～22:00 [日・祝] 08:00～21:00
定休日
年中無休",東京都千代田区神田駿河台2-5,https://tabelog.com/tokyo/A1310/A131002/13033523/
426,カフェ,Curry Labo Tokyo 日比谷店,"営業時間
11:00〜17:00
日曜営業
定休日
年末年始",東京都千代田区日比谷公園1-2,https://tabelog.com/tokyo/A1301/A130102/13266046/
427,カフェ,カフェイチハチロクキュウ バイマルゼン,"営業時間
9:00～21:00
日曜営業
定休日
無休",東京都千代田区丸の内1-6-4 オアゾ 3F 丸善 丸の内本店,https://tabelog.com/tokyo/A1302/A130201/13215333/
428,カフェ,みつばちcoffee,"営業時間
月〜土　11:00〜16:00
定休日
日.祝　※月々のお休みはInstagramをご覧下さい。",東京都千代田区神田和泉町1-1-12 ミツバビル 1F,https://tabelog.com/tokyo/A1310/A131001/13269166/
429,カフェ,ドトールコーヒーショップ 神保町2丁目店,"営業時間
［月～金］7:30～20:00［土・日・祝］9:00～18:00
日曜営業
定休日
無休",東京都千代田区神田神保町2-17 神田神保町ビル1F,https://tabelog.com/tokyo/A1310/A131003/13073530/
430,カフェ,果実園リーベル 日比谷シャンテ店,"営業時間
11:00～20:00
日曜営業
定休日
日比谷シャンテの休日に準ずる",東京都千代田区有楽町1-2-2 日比谷シャンテ 2F,https://tabelog.com/tokyo/A1301/A130102/13265586/
431,カフェ,レオンズ コーヒー 神田店,"営業時間
[月～金]9:30～20:00[土・日・祝]9:30～19:30
日曜営業
定休日
1/1",東京都千代田区神田須田町1-14-1,https://tabelog.com/tokyo/A1310/A131002/13234305/
432,カフェ,ザ・ラウンジ byアマン,"営業時間
11:00～22:00",東京都千代田区大手町1-5-6 大手町タワー 33F,https://tabelog.com/tokyo/A1302/A130201/13180843/
433,カフェ,カフェダイニング クレアンテ 御茶ノ水店,"営業時間
11:00～20:00
日曜営業
定休日
無休",東京都千代田区神田駿河台4-3 お茶の水ビルディング B1F,https://tabelog.com/tokyo/A1310/A131002/13244285/
434,カフェ,DEL'IMMO TOKYO CAFE 大丸東京店,"営業時間
10:00～20:00
日曜営業
定休日
施設に準ずる。",東京都千代田区丸の内1-9-1 大丸東京店 4F,https://tabelog.com/tokyo/A1302/A130201/13267668/
435,カフェ,タリーズコーヒー 東京商工会議所ビル店,"営業時間
[月～金]7:30～20:00[土]8:00～20:00
定休日
日曜日、祝日",東京都千代田区丸の内3-2-2 東京商工会議所ビル（丸の内二重橋ビルディング） 1F,https://tabelog.com/tokyo/A1302/A130201/13230479/
436,カフェ,ランデブーラウンジ・バー,"営業時間
［ラウンジ］10:00～22:30(L.O.22:00)［バー］11:00～22:30(L.O.22:00)
日曜営業
定休日
無休",東京都千代田区内幸町1-1-1 帝国ホテル 東京 本館 1F,https://tabelog.com/tokyo/A1301/A130102/13019119/
437,カフェ,古瀬戸珈琲店,,東京都千代田区神田小川町3-10 江本ビル 2F,https://tabelog.com/tokyo/A1310/A131002/13006272/
438,カフェ,プークー 食堂,"営業時間
11:00～20:00(L.O.19:30)
定休日
月曜日、日曜日",東京都千代田区東神田1-2-11 2F,https://tabelog.com/tokyo/A1302/A130204/13248204/
439,カフェ,カフェ・ド・クリエ 市ヶ谷東店,"営業時間
［月～金］7:00～19:00［土・日・祝］8:00～19:00
日曜営業
定休日
無休",東京都千代田区九段北4-1-11 原鉄ビル 1F,https://tabelog.com/tokyo/A1309/A130904/13086576/
440,カフェ,バード,,東京都千代田区外神田6-10-11,https://tabelog.com/tokyo/A1311/A131101/13088323/
441,カフェ,タリーズコーヒー 大丸東京店,"営業時間
［月・火・水・木・土・日］10:00～21:00［金］10:00～20:00
定休日
不定休(大丸東京店に準ずる)",東京都千代田区丸の内1-9-1 大丸東京店 4F,https://tabelog.com/tokyo/A1302/A130201/13146558/
442,カフェ,珈琲茶館 集 イトシアプラザ有楽町店,"営業時間
9:00～21:00(L.O.20:30)
日曜営業
定休日
無休",東京都千代田区有楽町2-7-1 有楽町イトシア 2F,https://tabelog.com/tokyo/A1301/A130102/13045330/
443,カフェ,Mr.FARMER 東京ミッドタウン日比谷,"営業時間
平日　11:00～22:00（L.O.21:30）金土祝前日11:00～22:30（LO22:00）【年末年始の営業について】12月31日　17:00 閉店1 月1日　休業1月2日、3日　21:00 閉店
日曜営業
定休日
東京ミッドタウン日比谷に準ずる",東京都千代田区有楽町1-1-2 東京ミッドタウン日比谷 B1F HIBIYA FOOD HALL,https://tabelog.com/tokyo/A1301/A130102/13219579/
444,カフェ,グリッチコーヒー&ロースターズ,,東京都千代田区神田錦町3-16 香村ビル 1F,https://tabelog.com/tokyo/A1310/A131003/13180698/
445,カフェ,ドトールコーヒーショップ 飯田橋東京区政会館店,"営業時間
［月～金］7:00～20:00［土・日・祝］8:00～18:00",東京都千代田区飯田橋3-5-1 東京区政会館 1F,https://tabelog.com/tokyo/A1309/A130905/13204764/
446,カフェ,喫茶室ルノアール 飯田橋西口店,"営業時間
［月～土］7:30～22:00［日・祝］8:00～22:00
日曜営業
定休日
なし",東京都千代田区富士見2-2-6 今井ビル 2F,https://tabelog.com/tokyo/A1309/A130905/13106935/
447,カフェ,コーヒーマシーン 丸の内OAZO店,"営業時間
[月～金]7:00～19:00（LO18:30）[土・日・祝]11:00～18:00（LO17:30)
日曜営業
定休日
無休",東京都千代田区丸の内1-6-2 新丸の内センタービルディングﾞB1,https://tabelog.com/tokyo/A1302/A130201/13042594/
448,カフェ,Glico ALMOND DAYS,"営業時間
9:00～21:00",東京都千代田区丸の内1-9-1 東京駅一番街 東京おかしランド B1F,https://tabelog.com/tokyo/A1302/A130201/13279524/
449,カフェ,喫茶 ばーんせっと,"営業時間
[月～土]11:00～17:00
定休日
（日）",東京都千代田区一ツ橋2丁目6-2,https://tabelog.com/tokyo/A1310/A131003/13059953/
450,カフェ,丸福珈琲店 ヨドバシ「AKIBA」店,"営業時間
10:00～21:00
日曜営業
定休日
年中無休",東京都千代田区神田花岡町1-1 ヨドバシAkiba 4F,https://tabelog.com/tokyo/A1310/A131001/13022208/
451,カフェ,ローズベーカリー 丸の内,"営業時間
11：00～20：00",東京都千代田区丸の内2-1-1 明治安田生命ビル 1F,https://tabelog.com/tokyo/A1302/A130201/13122282/
452,カフェ,京橋千疋屋フルーツパーラー 大丸東京店,"営業時間
10:00～20:00(L.O.19:30)
定休日
不定休(大丸東京店の営業に準じる)",東京都千代田区丸の内1-9-1 大丸東京店 3F,https://tabelog.com/tokyo/A1302/A130201/13154437/
453,カフェ,カフェ パスクッチ 麹町店,"営業時間
[月～金]9:00～21:00(L.O. 20:30)[土・日・祝] 9:00～19:00(L.O. 18:30)
日曜営業
定休日
定休日なし",東京都千代田区麹町1-3 ダイアン麹町 1F,https://tabelog.com/tokyo/A1308/A130803/13243163/
454,カフェ,プロント ライブラリーショップ＆カフェ日比谷,"営業時間
［月～金］10:00～19:00［土・日・祝］10:00～17:00
定休日
不定休(日比谷図書文化館の営業に準ずる)",東京都千代田区日比谷公園1-4 日比谷図書文化館1F,https://tabelog.com/tokyo/A1301/A130102/13136203/
455,カフェ,タリーズ コーヒー 神田橋本郷通り店,"営業時間
7:00～21:00
定休日
土曜日、日曜日",東京都千代田区内神田1-2-8,https://tabelog.com/tokyo/A1302/A130201/13185850/
456,カフェ,スターバックスコーヒー 都営神保町駅店,,東京都千代田区神田神保町2-7 都営三田線・新宿線 神保町駅構内,https://tabelog.com/tokyo/A1310/A131003/13244909/
457,カフェ,スターバックス・コーヒー 北の丸スクエア店,"営業時間
［月～金］6:30～22:00［土・日・祝］8:00～20:00
日曜営業
定休日
無休（臨時休業あり）毎年8/15ビル休館日",東京都千代田区九段北1-13-12 北の丸スクエア 1F,https://tabelog.com/tokyo/A1309/A130906/13034131/
458,カフェ,カフェ・ド・クリエ 飯田橋東口店,"営業時間
［月～土］6:30～20:00［日・祝］6:30～19:00
日曜営業
定休日
無休",東京都千代田区飯田橋4-7-1 ROCK BELAY １Ｆ,https://tabelog.com/tokyo/A1309/A130905/13086592/
459,カフェ,BLOSSOM & BOUQUET 秋葉原UDX店,"営業時間
月～金 7:00～20:00 土 11:00～18:00 
定休日
日・祝 (秋葉原UDXビル休館日)",東京都千代田区外神田4-14-1 秋葉原UDXビル 5F,https://tabelog.com/tokyo/A1310/A131001/13122974/
460,カフェ,珈琲舎 蔵,"営業時間
[月～金]11:00～20:00[土]12:00～17:00
定休日
日曜日、祝日",東京都千代田区神田神保町1-26 矢崎ビル ２Ｆ,https://tabelog.com/tokyo/A1310/A131003/13011597/
461,カフェ,タリーズコーヒー PCP丸の内店,"営業時間
7:30～20:00
日曜営業
定休日
無休",東京都千代田区丸の内1-11-1 パシフィック・センチュリー・プレイス丸の内　Ｂ１Ｆ,https://tabelog.com/tokyo/A1302/A130201/13041685/
462,カフェ,カフェ　ベローチェ 水道橋店,"営業時間
7:00～23:00
定休日
無休",東京都千代田区神田三崎町2-21-2 リーフスクエア水道橋ビル 1Ｆ,https://tabelog.com/tokyo/A1310/A131003/13096259/
463,カフェ,ジャパン レール カフェ,"営業時間
［月～金］8:00～22:00　［土・日・祝］8:00～21:00
日曜営業
定休日
無休",東京都千代田区丸の内1-9,https://tabelog.com/tokyo/A1302/A130201/13244790/
464,カフェ,カフェ・ボンフィーノ 秋葉原店,"営業時間
9:30～17:00
定休日
土曜･日曜･祝日",東京都千代田区神田和泉町1 YKKビル1F,https://tabelog.com/tokyo/A1310/A131001/13107455/
465,カフェ,上島珈琲店 千代田区二番町店,"営業時間
［月～金］7:00～20:00 ［土・日・祝］8:00～18:00
日曜営業
定休日
不定",東京都千代田区二番町12-3 CIRCLES二番町 1F,https://tabelog.com/tokyo/A1308/A130803/13267502/
466,カフェ,珈琲 庵,"営業時間

日曜営業",東京都千代田区外神田1-5-8 １Ｆ,https://tabelog.com/tokyo/A1310/A131001/13011240/
467,カフェ,かんだデザート,"営業時間
［月～金］12:00～20:00［土］14:00～20:00★2020年9月より変更。
定休日
日曜日、祝日、 土曜不定休",東京都千代田区鍛冶町2-11-20 ＪＲ高架下 Ａ３ビル １Ｆ,https://tabelog.com/tokyo/A1310/A131002/13099201/
468,カフェ,カフェ・ベローチェ 秋葉原駅前広場店,,東京都千代田区神田松永町104 TSKビル 1F,https://tabelog.com/tokyo/A1310/A131001/13111198/
469,カフェ,阿蘇,"営業時間
9:30～17:30
定休日
日曜日",東京都千代田区有楽町2-10-1 東京交通会館 B1F,https://tabelog.com/tokyo/A1301/A130102/13057334/
470,カフェ,馬亞車 神田店,"営業時間
[月~金]7:00〜18:30",東京都千代田区内神田2丁目2-1,https://tabelog.com/tokyo/A1310/A131002/13036905/
471,カフェ,スペース ココ,,東京都千代田区神田神保町1-64 黒政ビル 1F,https://tabelog.com/tokyo/A1310/A131003/13180234/
472,カフェ,スターバックスコーヒー 東京ミッドタウン日比谷店,,東京都千代田区有楽町1-1-4 東京ミッドタウン日比谷,https://tabelog.com/tokyo/A1301/A130102/13219591/
473,カフェ,パレスホテル東京 クラブラウンジ,"営業時間
10:00～21:00
日曜営業
定休日
無休",東京都千代田区丸の内1-1-1 パレスホテル東京 19F,https://tabelog.com/tokyo/A1302/A130201/13253629/
474,カフェ,カフェの,"営業時間
［月～金］8:30～20:00［土］15:00～20:00
定休日
日曜日、祝日",東京都千代田区麹町1-8-8 グランドメゾン麹町 1F,https://tabelog.com/tokyo/A1308/A130803/13075892/
475,カフェ,ブルディガラ スタンド JPタワーKITTE店,"営業時間
[月～金] 8:00 - 20:00[土・日・祝]11:00 - 20:00
日曜営業
定休日
年中無休",東京都千代田区丸の内2-7-2 KITTE 1F,https://tabelog.com/tokyo/A1302/A130201/13153666/
476,カフェ,ザ・フレンチトーストファクトリー ヨドバシAkiba店,"営業時間
11：00～22：00（LO21：00）
定休日
施設の準ずる",東京都千代田区神田花岡町1-1 ヨドバシAkiba 8F,https://tabelog.com/tokyo/A1310/A131001/13189295/
477,カフェ,寿清庵 茶室,,東京都千代田区内神田3-10-9,https://tabelog.com/tokyo/A1310/A131002/13251021/
478,カフェ,ティークロッシング  エチカフィット永田町店,"営業時間
[月～金] 7:00～22:30 (L.O.22:00)[土・日・祝] 8:00～22:00 (L.O.21:30)
日曜営業
定休日
不定休(Echika fit 永田町に準ずる)",東京都千代田区永田町1-11-28 Echika fit 永田町 B3F,https://tabelog.com/tokyo/A1308/A130803/13159596/
479,カフェ,エクセルシオールカフェ 神田北口店,"営業時間
[月～金]6:30～21:00[土・日]8:00～18:00
日曜営業
定休日
無休",東京都千代田区内神田3-19-8 櫻井ビル 2F,https://tabelog.com/tokyo/A1310/A131002/13239476/
480,カフェ,喫茶 穂高,"営業時間
[月～土]8:00～19:00
定休日
日曜日、祝日",東京都千代田区神田駿河台4-5-3 御茶ノ水穂高ビル １Ｆ,https://tabelog.com/tokyo/A1310/A131002/13006537/
481,カフェ,スターバックス・コーヒー KDDI大手町ビル店,"営業時間
[月～金] 08:00～22:00 [土] 09:00～18:00
定休日
日曜日・祝日",東京都千代田区大手町1-8-1 KDDI大手町ビル 1F,https://tabelog.com/tokyo/A1302/A130201/13033023/
482,カフェ,ベックスコーヒーショップ 東京新幹線南店,"営業時間
6:15～21:30
日曜営業
定休日
無休",東京都千代田区丸の内1-9-1 JR東京駅新幹線 南乗換口改札,https://tabelog.com/tokyo/A1302/A130201/13208451/
483,カフェ,ファイナルファンタジー エオルゼアカフェ,"営業時間
［6部制］11:00～12:3013:00～14:3015:00～16:3017:00～18:3019:00～20:3021:00～22:30
日曜営業
定休日
無休",東京都千代田区外神田1-1-10 2F,https://tabelog.com/tokyo/A1310/A131002/13171115/
484,カフェ,カフェ・ド・クリエ 市ヶ谷駅前店,,東京都千代田区五番町1-10,https://tabelog.com/tokyo/A1309/A130904/13086575/
485,カフェ,ドトールコーヒーショップ 市ヶ谷駅前店,"営業時間
［月～金］7:00～20:00［土］8:00～20:00［日］8:00～18:00
日曜営業",東京都千代田区九段南4-8-27 重盛ビル 1F,https://tabelog.com/tokyo/A1309/A130904/13061417/
486,カフェ,スターバックスコーヒー 東京ガーデンテラス紀尾井町店,"営業時間
[月～金]7:00～22:00[土]8:00～21:00[日8:00～20:00
日曜営業
定休日
不定休",東京都千代田区紀尾井町1-2 東京ガーデンテラス紀尾井町 2F,https://tabelog.com/tokyo/A1308/A130801/13195377/
487,カフェ,RISE CAFE TOKYO,"営業時間
[月～土]10:00～17:00
定休日
日曜・祝日",東京都千代田区神田三崎町3-2-12 山順ビル 1F,https://tabelog.com/tokyo/A1310/A131003/13282560/
488,カフェ,キーズカフェ 秋葉原SEEKBASE店,"営業時間
7：00～22：00
日曜営業
定休日
不定休",東京都千代田区神田練塀町15-1 2F,https://tabelog.com/tokyo/A1311/A131101/13242836/
489,カフェ,可否道 平河町店,"営業時間
10:00～19:00
定休日
日曜日、祝日",東京都千代田区平河町2-12-2 ニュー福井ビル　Ｂ１Ｆ,https://tabelog.com/tokyo/A1308/A130803/13011396/
490,カフェ,SEVEN,"営業時間
ランチ11：30～15:30（L.O.15：00）平日ランチ予約不可  夜18:00～21：30（L.O.21:00）土曜日11:30～14:30（L.O.14:00） 
定休日
日曜",東京都千代田区神田和泉町1-13-11 和泉町中央ビル B1F,https://tabelog.com/tokyo/A1310/A131001/13182507/
491,カフェ,スターバックス・コーヒー 赤坂プルデンシャルタワー店,"営業時間
[月～金]7:00～22:00[土・日・祝]7:00～20:00
定休日
不定休",東京都千代田区永田町2丁目13-10 赤坂プルデンシャルタワー １F,https://tabelog.com/tokyo/A1308/A130801/13046578/
492,カフェ,ブリタニアティー,"営業時間
[月～土]8:30～20:30[日]8:30～20:00",東京都千代田区神田神保町1-1,https://tabelog.com/tokyo/A1310/A131003/13278637/
493,カフェ,タリーズコーヒー 飯田橋ガーデンエアタワー店,"営業時間
7:00～20:00
定休日
土曜日、日曜日、祝日",東京都千代田区飯田橋3-10-10 飯田橋ガーデンエアタワー 1F,https://tabelog.com/tokyo/A1309/A130905/13086725/
494,カフェ,ビバラビーダ,"営業時間
ランチ11:30〜15:00ディナー（完全予約制、貸切のみ）17:00〜23:00
定休日
土曜・日曜・祝日",東京都千代田区外神田2-12-6,https://tabelog.com/tokyo/A1311/A131101/13140953/
495,カフェ,タリーズコーヒー 日比谷公園店,"営業時間
[月～日]8:00～19:00
日曜営業
定休日
不定休",東京都千代田区日比谷公園1-5,https://tabelog.com/tokyo/A1308/A130802/13272029/
496,カフェ,豆香房 神田西口店,"営業時間
[月～金]7:00～18:00[土]12:00～16:30
定休日
日曜日・祝日",東京都千代田区内神田1-12-12 美土代ビル1F,https://tabelog.com/tokyo/A1310/A131002/13090398/
497,カフェ,スターバックス・コーヒー アトレ秋葉原1店,"営業時間
7:00～22:30(店内飲食L.O.21:30)
日曜営業
定休日
無休",東京都千代田区外神田1-17-6 アトレ秋葉原1 3F・4F,https://tabelog.com/tokyo/A1310/A131001/13117930/
498,カフェ,カメリア,"営業時間
［月～金］11:30～14:0017:00～22:00［土・日・祝］11:30～15:0017:00～22:00
日曜営業
定休日
無休",東京都千代田区丸の内1-9-1 東京ステーションホテル 2F,https://tabelog.com/tokyo/A1302/A130201/13147496/
499,カフェ,デリスカフェ 大丸東京店,"営業時間
10:00～20:00
日曜営業
定休日
施設に準ずる。",東京都千代田区丸の内1-9-1 大丸東京店 6F,https://tabelog.com/tokyo/A1302/A130201/13264191/
500,カフェ,ラウンジ春秋館,"営業時間
[月～金]10:00～18:00ラウンジパーティープラン (2時間) は 21:00 まで
定休日
土・日・祝日",東京都千代田区紀尾井町3-23 文芸春秋ビル西館１階,https://tabelog.com/tokyo/A1308/A130803/13126452/
501,カフェ,BOND,,東京都千代田区飯田橋4-7-4 飯田橋グランプラス 1F,https://tabelog.com/tokyo/A1309/A130905/13271041/
502,カフェ,スターバックスコーヒー KITTE丸の内店,"営業時間
7:00～22:00
日曜営業
定休日
無休",東京都千代田区丸の内2-7-2,https://tabelog.com/tokyo/A1302/A130201/13231749/
503,カフェ,プラット　木屋,,東京都千代田区飯田橋4-3-2 第2KIYA ビル　1F,https://tabelog.com/tokyo/A1309/A130905/13137185/
504,カフェ,カフェ・ベローチェ 神田美土代町店,"営業時間
[月～金]7:00～22:00[土・日・祝]7:00～20:00
日曜営業
定休日
無休",東京都千代田区内神田1-15-10 内神田ＦＴビル　１Ｆ,https://tabelog.com/tokyo/A1310/A131002/13101856/
505,カフェ,珈琲館　 神田北口店,"営業時間
7:30～19:00
定休日
土曜日・日曜日・祝日",東京都千代田区鍛冶町2-10-11 リョービイマジクスビル 1F,https://tabelog.com/tokyo/A1310/A131002/13143722/
506,カフェ,カフェ・プラネット・ショコラ 有楽町,"営業時間
［土・日・祝］10:30～18:30",東京都千代田区有楽町2-10-1 交通会館 1F,https://tabelog.com/tokyo/A1301/A130102/13166201/
507,カフェ,ソーシャル グッド ロースターズ 千代田,"営業時間
[月～土]10:00～18:00
定休日
日曜日",東京都千代田区神田錦町1-14-13 LANDPOOL KANDA TERRACE 2F,https://tabelog.com/tokyo/A1310/A131002/13224773/
508,カフェ,ドトールコーヒーショップ 飯田橋富士見店,"営業時間
［月～金］7:00～21:00［土］7:00～19:30［日・祝］7:30～19:00
日曜営業
定休日
なし",東京都千代田区富士見2-3-10 飯田ビル 1F,https://tabelog.com/tokyo/A1309/A130905/13090459/
509,カフェ,エクセルシオールカフェ 九段下店,"営業時間
［月～金］6:45～21:00［土・日・祝］7:00～20:00
日曜営業
定休日
無休",東京都千代田区九段北1-11-4 新光ビル 1F,https://tabelog.com/tokyo/A1309/A130906/13085664/
510,カフェ,ビチェリン 阪急メンズ東京店,"営業時間
【月～金】12:00～20:00(フードL.O 19:00、ドリンクL.O 19:30)【土・日・祝】11:00～20:00(フードL.O 19:00、ドリンクL.O 19:30)
日曜営業
定休日
館に準ずる",東京都千代田区有楽町2-5-1 阪急メンズ東京 B1F,https://tabelog.com/tokyo/A1301/A130102/13263125/
511,カフェ,ムラタヤ珈琲店,,東京都千代田区神田小川町1-7 神田小川町ハイツ １Ｆ,https://tabelog.com/tokyo/A1310/A131002/13086983/
512,カフェ,テイクアブレイク,,東京都千代田区大手町1-9-2 大手町フィナンシャルシティ グランキューブ B1F,https://tabelog.com/tokyo/A1302/A130201/13199234/
513,カフェ,ビズ ブレイク カフェ,,東京都千代田区大手町1-5-1 大手町ファーストスクエア B1F,https://tabelog.com/tokyo/A1302/A130201/13175898/
514,カフェ,Donato,"営業時間
12:00～22:30（L.O.22:00）
定休日
月曜日、日曜日",東京都千代田区神田駿河台3-3 五明館ビル 1F,https://tabelog.com/tokyo/A1310/A131002/13265437/
515,カフェ,プロント Otemachi One店,"営業時間
月～金モーニング　8:00～10:00カフェ　10:00～17:30ディナー　17:30～23:00
定休日
土日、祝休み",東京都千代田区大手町1-2-1 B2F,https://tabelog.com/tokyo/A1302/A130201/13248354/
516,カフェ,Business-Airport Cafe 九段会館テラス店,"営業時間
11:00～20:00 
定休日
土曜日、日曜日(結婚式予約なければ営業していることもあり)",東京都千代田区九段南1-6-5 九段会館テラス B1F,https://tabelog.com/tokyo/A1309/A130906/13279032/
517,カフェ,Cafe trefle,"営業時間
［月～金］8:00～20:00
定休日
土曜日、日曜日、祝日",東京都千代田区西神田3-3-12 西神田YSビル 1F,https://tabelog.com/tokyo/A1309/A130906/13261310/
518,カフェ,あきやま,,東京都千代田区神田小川町2-8,https://tabelog.com/tokyo/A1310/A131002/13175278/
519,カフェ,LEOC,"営業時間
[月～金]9:00～18:30
定休日
土日・祝日・年末年始",東京都千代田区霞が関3-2-2 霞ヶ関コモンゲート東館2階,https://tabelog.com/tokyo/A1301/A130103/13108804/
520,カフェ,Kalm Cafe&Bar,"営業時間
11:30～13:3018:00～22:00(予約制)
定休日
月曜日",東京都千代田区神田神保町3-4-29 九段下SSTビル 1F,https://tabelog.com/tokyo/A1309/A130906/13276783/
521,カフェ,橙幻郷,"営業時間
12:00～23:00(L.O.22:30)　※イベント等で、営業時間の変更や、定休日の変更があります『まん延防止等重点措置』2022年1月21日～2022年2月13日の間は、営業時間は、21時まで、酒類の提供は20時まで
日曜営業
定休日
水曜日・元日",東京都千代田区外神田3-2-7 石塚ビル　１Ｆ,https://tabelog.com/tokyo/A1311/A131101/13060096/
522,カフェ,80's Cafe,,東京都千代田区神田須田町1丁目21-4 神田ＮＫビル2F,https://tabelog.com/tokyo/A1310/A131002/13129644/
523,カフェ,HAYAKAWA coffee,"営業時間
11:30～18:30
日曜営業
定休日
火曜日、水曜日",東京都千代田区飯田橋2-16-2,https://tabelog.com/tokyo/A1309/A130906/13288379/
524,カフェ,アキハバラクロス,,東京都千代田区外神田3-7-12,https://tabelog.com/tokyo/A1311/A131101/13221336/
525,カフェ,魔女の箱庭  Witches Garden,"営業時間
ランチ 12:00～17:00ディナー 17:00～5:00（L.O.4:30）
日曜営業
定休日
特になし",東京都千代田区外神田3-1-10 OAKビル 4F,https://tabelog.com/tokyo/A1310/A131001/13272115/
526,カフェ,TKPミーティングカフェ 上野広小路店,,東京都千代田区外神田5-3-3 アパホテル 1F,https://tabelog.com/tokyo/A1311/A131101/13263228/
527,カフェ,タリーズコーヒー 丸紅ビル店,"営業時間
7:30～19:00
定休日
土曜日、日曜日",東京都千代田区大手町1-4-2 丸紅本社ビル 1F,https://tabelog.com/tokyo/A1302/A130201/13274202/
528,カフェ,モリンガカフェ 神田店,"営業時間
月～金　11:00～17:00
定休日
土曜日・日曜日・祝日",東京都千代田区内神田3-21-6 森山ビル 2F,https://tabelog.com/tokyo/A1310/A131002/13213552/
529,カフェ,アットほぉ～むカフェ 本店6階,"営業時間
10:00～22:00(L.O.21:20)",東京都千代田区外神田1-11-4 ミツワビル 6F,https://tabelog.com/tokyo/A1310/A131001/13185554/
530,カフェ,Bicerin KASUMIGASEKI CTR. GOVT. BLDG.2,"営業時間
[月～日]10:00～20:00(L.O.19:00)
日曜営業
定休日
不定休",東京都千代田区霞が関2-1-2 中央合同庁舎第2号館 2F,https://tabelog.com/tokyo/A1308/A130802/13260903/
531,カフェ,CRISP SALAD WORKS,,東京都千代田区丸の内2-4-1 丸の内ビルディング B1F,https://tabelog.com/tokyo/A1302/A130201/13284761/
532,カフェ,キッチン サウナ,"営業時間
11:30～20:00(L.O.19:30)
日曜営業",東京都千代田区神田錦町3-9 神田ポートビル 1F,https://tabelog.com/tokyo/A1302/A130201/13260282/
533,カフェ,コロコロ堂 秋葉原店,"営業時間
［平日］13:00～23:00［土・日・祝］10:00～23:00",東京都千代田区神田須田町2-9-5 柴田第一ビル 1F,https://tabelog.com/tokyo/A1310/A131002/13283083/
534,カフェ,フォーチューンラテ カフェ,,東京都千代田区神田花岡町1-1 GUNDAM Café TOKYO BRAND CORE,https://tabelog.com/tokyo/A1310/A131001/13250169/
535,カフェ,カフェ＆バー アデーレ,,東京都千代田区内神田3-11-1 三恵ビル 2F,https://tabelog.com/tokyo/A1310/A131002/13232767/
536,カフェ,中央合同庁舎第7号館　喫茶室Ⅱ,"営業時間
[月～金]9:15～17:30
定休日
土日・祝日・年末年始",東京都千代田区霞が関3-2-2 霞ヶ関コモンゲート東館32階,https://tabelog.com/tokyo/A1301/A130103/13108803/
537,カフェ,Smokerz Cafe Raizeen,,東京都千代田区神田佐久間町2-10,https://tabelog.com/tokyo/A1310/A131001/13269647/
538,カフェ,Nippon cafe MONDO,"営業時間
11:30～21:00
定休日
水曜日、日曜日、祝日",東京都千代田区三番町18-19 アルテビル 1F,https://tabelog.com/tokyo/A1308/A130803/13275075/
539,カフェ,妹メイドカフェ ソラミカ,"営業時間
[月～金］14:00～23:00[土・日・祝]12:00～23:00
日曜営業
定休日
無休",東京都千代田区外神田1-9-11 神タワービル 4F,https://tabelog.com/tokyo/A1310/A131001/13198195/
540,カフェ,タリーズコーヒー 衆議院第二議員会館店,,東京都千代田区永田町2-1-2 B1F,https://tabelog.com/tokyo/A1308/A130802/13214210/
541,カフェ,コメダ珈琲店 アトレ秋葉原店,"営業時間
7:00～23:00
日曜営業
定休日
無休",東京都千代田区神田花岡町1-9 アトレ秋葉原2店 2F,https://tabelog.com/tokyo/A1310/A131001/13290629/
542,カフェ,タングラム,"営業時間
19:00～24:00
日曜営業
定休日
土曜日、祝日",東京都千代田区九段北4-1-16 氷川サニービル 1F,https://tabelog.com/tokyo/A1309/A130904/13181443/
543,カフェ,瀬織津姫Cafe,"営業時間
12:00～21:00(L.O.20:30)
定休日
月曜日、火曜日、日曜日",東京都千代田区九段北4-1-16 氷川サニービル 2F,https://tabelog.com/tokyo/A1309/A130904/13250792/
544,カフェ,Axe Shisha Cafe A×S,"営業時間
[月～金]15:00～23:30[土・日・祝]13:00～23:30
日曜営業
定休日
不定休",東京都千代田区鍛冶町2-1-13 B1～B2F,https://tabelog.com/tokyo/A1310/A131002/13277797/
545,カフェ,アットほぉ～むカフェ 本店5階,"営業時間
10:00～22:00
日曜営業
定休日
無休",東京都千代田区外神田1-11-4 ミツワビル 5F,https://tabelog.com/tokyo/A1310/A131001/13185528/
546,カフェ,アットほぉ～むカフェ 本店4階,"営業時間
10:00～22:00(L.O.21:20)
日曜営業
定休日
無休",東京都千代田区外神田1-11-4 ミツワビル 4F,https://tabelog.com/tokyo/A1310/A131001/13185552/
547,カフェ,喫茶 喫煙所 神田駅北口駅前,"営業時間
月ー金 12:00～20:00
定休日
土日",東京都千代田区内神田3-21-8 神田北口合同ビル 4F,https://tabelog.com/tokyo/A1310/A131002/13250497/
548,カフェ,秋葉城ドラキュラ,,東京都千代田区外神田4-6-10 ワンサードレジデンス 4F,https://tabelog.com/tokyo/A1311/A131101/13198544/
549,カフェ,セガコラボカフェスタンド 秋葉原 4号館,"営業時間

日曜営業",東京都千代田区外神田1-15-9 セガ秋葉原 4号館 1F,https://tabelog.com/tokyo/A1310/A131001/13266354/
550,カフェ,サウナbar SOLA SPA,,東京都千代田区内神田3-19-10,https://tabelog.com/tokyo/A1310/A131002/13259966/
551,カフェ,タリーズコーヒー 常盤橋タワー店,"営業時間
8:00～20:00
定休日
日曜日",東京都千代田区大手町2-6-4 TOKYO TORCH 常盤橋タワー B1F,https://tabelog.com/tokyo/A1302/A130201/13265544/
552,カフェ,タリーズコーヒー  丸の内テラス店,"営業時間
[月～金]7:00～20:00[土]9:00～19:00[日・祝]10:00～18:00
日曜営業
定休日
無休",東京都千代田区丸の内1-3-4 丸の内テラス B1F,https://tabelog.com/tokyo/A1302/A130201/13252678/
553,カフェ,ホライゾンクラブ,,東京都千代田区丸の内1-8-3 丸の内トラストタワー本館,https://tabelog.com/tokyo/A1302/A130201/13253858/
554,カフェ,アニカラ★ヒーロー,"営業時間
[火～金]16:00～22:00[土・日]13:00～22:00
日曜営業
定休日
月曜日",東京都千代田区外神田1-5-7 5F,https://tabelog.com/tokyo/A1310/A131001/13190309/
555,カフェ,スフレオムレツのお店 クロとシロ,,東京都千代田区神田北乗物町18-5 ダイユー神田 1F,https://tabelog.com/tokyo/A1310/A131002/13284867/
556,カフェ,サロン 燦,"営業時間
[月～金]10:30-20:00ラストオーダーは19:45[月～金]ランチ11:00-14:00
定休日
不定期",東京都千代田区神田駿河台1-1 明治大学リバティタワー 23F,https://tabelog.com/tokyo/A1310/A131002/13045504/
557,カフェ,アタクカフェ,"営業時間
9:00～19:00",東京都千代田区神田神保町1-26 CK126 1F,https://tabelog.com/tokyo/A1310/A131003/13287249/
558,カフェ,喫茶室ルノアール 秋葉原昭和通り口店,"営業時間
[月～土]7:30～22:00[日･祝]8:00～22:00
日曜営業
定休日
年中無休",東京都千代田区神田佐久間町1-18 信交ビル 2F,https://tabelog.com/tokyo/A1310/A131001/13286575/
559,カフェ,BOOK COMPASS エキュート東京店,,東京都千代田区丸の内1-9-1 エキュート東京,https://tabelog.com/tokyo/A1302/A130201/13280729/
560,カフェ,カフェ エ アペロ,"営業時間
［月～金］8:30～18:30(18:00LO)［土、祝］9:00～17:00(16:30L.O)
定休日
日曜日",東京都千代田区富士見1-7-12 A-ARCH BLDG. 1F,https://tabelog.com/tokyo/A1309/A130905/13243793/
561,カフェ,The Birth,"営業時間
[月・火・水・木]11:00～17:00[金]11:00～23:00
定休日
土曜日、日曜日、祝日",東京都千代田区東神田2-4-1 RENACE BOCTÒK 1F,https://tabelog.com/tokyo/A1310/A131002/13272453/
562,カフェ,キャラクロ フィート アイドルマスター,,東京都千代田区外神田2-5-12 タカラビル B1F,https://tabelog.com/tokyo/A1310/A131001/13184608/
563,カフェ,高架画廊 カフェスペース 無題,"営業時間
11:00～21:00
定休日
火曜日、日曜日、祝日",東京都千代田区鍛冶町2-11-17,https://tabelog.com/tokyo/A1310/A131002/13274583/
564,カフェ,1/3rd Cafe&bar 秋葉原,"営業時間
［月～金］11:00～22:00［土・日・祝］貸切スペース貸切予約がない場合は土日祝通常営業
定休日
土曜日・日曜日・祝日",東京都千代田区外神田4-9-2 千住ビル 1～2F,https://tabelog.com/tokyo/A1311/A131101/13240493/
565,カフェ,MY SHOKUDO Cafe,,東京都千代田区大手町2-6-4 TOKYO TORCH 常盤橋タワー 3F,https://tabelog.com/tokyo/A1302/A130201/13283472/
566,カフェ,カフェ カウンター,,東京都千代田区丸の内3-5-1 東京国際フォーラム,https://tabelog.com/tokyo/A1301/A130102/13182779/
567,カフェ,タリーズコーヒー 参議院会館店,,東京都千代田区永田町2-1-1 参議院会館 B1F,https://tabelog.com/tokyo/A1308/A130801/13220559/
568,カフェ,Lobby Lounge,"営業時間
6：30～23：00(L.O. 22：30)
日曜営業
定休日
無休",東京都千代田区有楽町2-2-3 THE GATE HOTEL 東京 4F,https://tabelog.com/tokyo/A1301/A130102/13229658/
569,カフェ,MY SYOKUDO HALL&KITCHEN,,東京都千代田区大手町2-6-4 TOKYO TORCH terrace 3F,https://tabelog.com/tokyo/A1302/A130201/13263984/
570,カフェ,ブレッツ,"営業時間
18:00～翌2:00
定休日
無休",東京都千代田区内神田3-20-6 第108東京ビル3F,https://tabelog.com/tokyo/A1310/A131002/13119758/
571,カフェ,UNITY coffee and sweets,"営業時間
[木～日］11:00～19:30(L.O.19:00)
日曜営業",東京都千代田区鍛冶町2-13-8,https://tabelog.com/tokyo/A1310/A131002/13287682/
572,カフェ,ドトールコーヒーショップ 岩本町2丁目店,"営業時間
[月〜金]7:00〜20:00[土]7:30〜17:00
定休日
日・祝",東京都千代田区岩本町2-8 井桁ビル1F,https://tabelog.com/tokyo/A1310/A131002/13102166/
573,カフェ,ALICE,"営業時間
[月～木] 17:00～23:30 [金・土]17:00～翌4:30
定休日
日曜",東京都千代田区神田平河町2 大興ビル B1F,https://tabelog.com/tokyo/A1310/A131001/13118273/
574,カフェ,Schwartz Chevalier,"営業時間
17：00～23：00（L.O.22：30）金・土のみ　17：00～翌朝5：00　
日曜営業
定休日
無休",東京都千代田区外神田3-15-6 秋葉原M2ビル 5F,https://tabelog.com/tokyo/A1311/A131101/13248898/
575,カフェ,シヤイン,,東京都千代田区東神田2-4-10,https://tabelog.com/tokyo/A1310/A131002/13075998/
576,カフェ,アシックス ラン トーキョー マルノウチ,"営業時間
［月～金］12:00～21:00［土・日・祝］9:00～17:00
日曜営業
定休日
無休",東京都千代田区丸の内2-5-2 三菱ビル B1F,https://tabelog.com/tokyo/A1302/A130201/13234821/
577,カフェ,パルケトーキョー,,東京都千代田区東神田1-9-8,https://tabelog.com/tokyo/A1310/A131002/13186347/
578,カフェ,オレゴンマジック,,東京都千代田区神田駿河台2-10 中茂ビル 1F,https://tabelog.com/tokyo/A1310/A131002/13087493/
579,カフェ,ガーデンラウンジ,"営業時間
7:30～18:00
日曜営業
定休日
無休",東京都千代田区紀尾井町4-1 ホテルニューオータニ ガーデンタワーロビィ,https://tabelog.com/tokyo/A1308/A130803/13288581/
580,カフェ,ライスタコスカフェ 霞が関店,"営業時間
[月～木]11:00～15:00[金]11:00～15:00 / 17:30～21:00【緊急事態宣言発令に伴う営業時間変更のお知らせ】◆期間 2021年1月8日（金）～3月21日（日）◆営業時間[月～木]11:00～15:00 　[金]11:00～15:00 / 17:30～20:00◆フード・ドリンク（アルコールLO 19:00）※アルコールの提供は19時まで。
定休日
土・日・祝日",東京都千代田区霞が関2-1-2 中央合同庁舎 第2号館 B1F,https://tabelog.com/tokyo/A1308/A130802/13211392/
581,カフェ,クロックカフェ,"営業時間
平日　　9:30～23:00 土日祝　9:30～22:00
定休日
なし",東京都千代田区東神田1-15-9,https://tabelog.com/tokyo/A1302/A130204/13222728/
582,カフェ,ICONIC STAGE marunouchi,"営業時間
11:00-21:00（フードL.O.20:00、 ドリンクL.O.20:30）
日曜営業
定休日
新丸ビルに準ずる（年末年始は1/1のみ休業）",東京都千代田区丸の内1-5-1 新丸の内ビルディング B1F,https://tabelog.com/tokyo/A1302/A130201/13290185/
583,カフェ,CHIKYU MASALA CHAI 麹町,"営業時間
［月］9：00～17：00
定休日
土曜日、日曜日",東京都千代田区四番町7-16,https://tabelog.com/tokyo/A1308/A130803/13258635/
584,カフェ,PASSAGE bis!,"営業時間
12:00～19:00
定休日
不定休",東京都千代田区神田神保町1-15-3 サンサイド神保町 3F,https://tabelog.com/tokyo/A1310/A131003/13288605/
585,カフェ,喫茶モア,"営業時間
10:00～17:00",東京都千代田区永田町1-7-1 参議院分館 1F,https://tabelog.com/tokyo/A1308/A130802/13269531/
586,カフェ,きのこカフェ,,東京都千代田区麹町2-14-3,https://tabelog.com/tokyo/A1308/A130803/13210873/
587,カフェ,あめにてぃcafe 梨の木舎,"営業時間
12:00～19:00
定休日
土曜日、日曜日、祝日",東京都千代田区神田三崎町2-2-12 エコービル 1F,https://tabelog.com/tokyo/A1310/A131003/13206375/
588,カフェ,シーシャ レント,"営業時間
14:00～23:00（L.O.22:00）",東京都千代田区神田三崎町3-6-17 BACHビル 3F,https://tabelog.com/tokyo/A1310/A131003/13274311/
589,カフェ,932東京霞が関,"営業時間
11:00～21:00(食べ物L.O.20:00、飲み物L.O20:30)
定休日
土曜日、日曜日、祝日",東京都千代田区霞が関1-1-3 弁護士会館 B1F,https://tabelog.com/tokyo/A1308/A130802/13267673/
590,カフェ,インペリアルシアター フードショップ,,東京都千代田区丸の内3-1-1 帝国劇場 1F,https://tabelog.com/tokyo/A1301/A130102/13228309/
591,カフェ,ゴーネイティブジャパン,"営業時間

日曜営業",東京都千代田区東神田1-3-6,https://tabelog.com/tokyo/A1302/A130204/13209687/
592,カフェ,EXCELSIOR CAFFE 平河町森タワー店,"営業時間
8:00～17:00",東京都千代田区平河町2-16-1 森タワー 1F,https://tabelog.com/tokyo/A1308/A130803/13260058/
593,カフェ,ルミナスゲート,"営業時間
13：00～23：00 （L.O.22:45）
日曜営業
定休日
無休",東京都千代田区外神田3-7-12 イサミヤ第8ビル 4F,https://tabelog.com/tokyo/A1311/A131101/13250455/
594,カフェ,大喜利カフェボケルバ,"営業時間
13:00～18:0018:00～23:00
日曜営業
定休日
不定休",東京都千代田区岩本町3-7-11 神田KSビル 3F,https://tabelog.com/tokyo/A1310/A131002/13286788/
595,カフェ,ブラックキャット,"営業時間
12:00～23:00
定休日
無休",東京都千代田区外神田3-16-13 秋葉原FTビル 4F,https://tabelog.com/tokyo/A1311/A131101/13249818/
596,カフェ,あにばーさるカフェ,"営業時間
10:00～21:00",東京都千代田区外神田1-1-10 AKIBAマルチエンターテインメント 2F,https://tabelog.com/tokyo/A1310/A131002/13236936/
597,カフェ,大月珈琲店,,東京都千代田区丸の内3-5-1 東京国際フォーラム 地上広場,https://tabelog.com/tokyo/A1301/A130102/13148085/
598,カフェ,モア,"営業時間
8:00～18:00",東京都千代田区永田町2-1-1 参議院会館,https://tabelog.com/tokyo/A1308/A130801/13151356/
599,カフェ,PiNK RABBiT,"営業時間
平日　　17時～23時土日祝　12時～23時※通し営業
日曜営業
定休日
無休",東京都千代田区外神田4-7-3 虎ビル 3F,https://tabelog.com/tokyo/A1311/A131101/13248900/
600,カフェ,セガコラボカフェ 秋葉原2号館,,東京都千代田区外神田1-15-1 セガ秋葉原2号館 6F,https://tabelog.com/tokyo/A1310/A131001/13234753/
601,カフェ,Craft Shelter,"営業時間
15:00～24:00",東京都千代田区神田淡路町1-21-4,https://tabelog.com/tokyo/A1310/A131002/13281961/
602,カフェ,FFFFF Cafe,,東京都千代田区神田多町2-9-6,https://tabelog.com/tokyo/A1310/A131002/13266331/
603,カフェ,ステラマップカフェ,"営業時間
基本営業時間：11:00～19:45(L.O.19:15)
日曜営業
定休日
無休",東京都千代田区外神田1-10-8 平岡ビル ソフマップAKIBA4号店 7F,https://tabelog.com/tokyo/A1310/A131001/13235119/
604,カフェ,カフェラウンジ CHIYORA,"営業時間
10:00～17:00",東京都千代田区神田須田町1-25 ＪＲ神田万世橋ビル 3F,https://tabelog.com/tokyo/A1310/A131002/13284392/
605,カフェ,カフェ彩,,東京都千代田区丸の内3-4-1 新国際ビル B1F,https://tabelog.com/tokyo/A1301/A130102/13170953/
606,カフェ,カフェ クルーズ,"営業時間
[月～金]11:30～14:00(L.O.13:30)[土・日・祝]11:30～14:30(L.O.14:00)
日曜営業
定休日
不定休（科学技術館の休館日やその他の日に休業することがあります）",東京都千代田区北の丸公園2-1 科学技術館 B1F,https://tabelog.com/tokyo/A1309/A130905/13244777/
607,カフェ,茶-en,,東京都千代田区飯田橋4-5-16 エル千代田 2F,https://tabelog.com/tokyo/A1309/A130905/13220530/
608,カフェ,科学技術館 軽食・喫茶,,東京都千代田区北の丸公園2-1 科学技術館 4F,https://tabelog.com/tokyo/A1309/A130905/13192032/
609,カフェ,カフェ メリア,"営業時間
［月～金］10:00～18:00［土］10:00～17:00
定休日
日曜日、祝日",東京都千代田区神田錦町2-4 上田ビル 1F,https://tabelog.com/tokyo/A1310/A131002/13257568/
610,カフェ,メイドカフェ&バー ブルーエッグ,"営業時間
[月～金]15:00～23:00[土・日・祝]13:00～23:00
日曜営業
定休日
無休",東京都千代田区外神田1-6-3 アキバあそび館 5F,https://tabelog.com/tokyo/A1310/A131001/13231966/
611,カフェ,珈琲くるる,,東京都千代田区内神田1-5-9,https://tabelog.com/tokyo/A1310/A131002/13284124/
612,カフェ,三番館,"営業時間
9:30～17:00
定休日
土曜日、日曜日、祝日",東京都千代田区九段南3-6-1 アシスト靖國ビル 1F,https://tabelog.com/tokyo/A1309/A130904/13188465/
613,カフェ,パステルプール,"営業時間
平日　17：00～23：00土日祝　12：00～23：00　※通し営業
日曜営業
定休日
無休",東京都千代田区外神田4-7-3 虎ビル 3F,https://tabelog.com/tokyo/A1311/A131101/13248901/
614,カフェ,縁浪漫館,,東京都千代田区外神田1-9-11 神タワービル 5F,https://tabelog.com/tokyo/A1310/A131001/13198226/
615,カフェ,PAMOJA,"営業時間
11:00～16:00(L.O.15:30)",東京都千代田区神田猿楽町1-2-6 ビラビスタ猿楽町 1F,https://tabelog.com/tokyo/A1310/A131003/13282654/
616,カフェ,カフェトレティオ,,東京都千代田区外神田2-17-5,https://tabelog.com/tokyo/A1310/A131002/13130059/
617,カフェ,巫女喫茶 秋葉亭,,東京都千代田区外神田1-6-1 外神田ビル 1F,https://tabelog.com/tokyo/A1310/A131001/13249149/
618,カフェ,Cafe 眠り猫,,東京都千代田区外神田5-2-7 2F,https://tabelog.com/tokyo/A1311/A131101/13194203/
619,カフェ,ハマ カフェ,"営業時間
火曜日～土曜日ランチ　11:30～17:00ディナー　18:00～23:00（予約制）日曜日、祝日は不定休となりますので、ご来店の際は電話にて確認をお願いします。
定休日
定休日；月曜日",東京都千代田区外神田2-11-2,https://tabelog.com/tokyo/A1311/A131101/13241974/
620,カフェ,明月茶コーヒーバー Tea & Coffee ダイニングバー,,東京都千代田区岩本町1-9-4 岩本町194ビル,https://tabelog.com/tokyo/A1302/A130204/13257071/
621,カフェ,タリーズコーヒー 大手町プレイス 2階店,"営業時間
［月〜金］7:00〜18:00
定休日
土日祝日",東京都千代田区大手町2-3-1 大手町プレイス 2F,https://tabelog.com/tokyo/A1302/A130201/13226463/
622,カフェ,册,"営業時間
10:30～19:00
定休日
土曜日、日曜日、祝日",東京都千代田区九段南2-1-17 パークマンション千鳥ヶ淵 1F,https://tabelog.com/tokyo/A1309/A130906/13176177/
623,カフェ,ストリーマー エスプレッソ KANDA,,東京都千代田区神田小川町3-1 S'Port MIZUNO 2F,https://tabelog.com/tokyo/A1310/A131002/13253379/
624,カフェ,喫茶室「十八番」,"営業時間
国立劇場の公演時間に順ずる
定休日
国立劇場の休館日に準ずる",東京都千代田区隼町4-1 国立劇場　大劇場・小劇場　3Ｆ,https://tabelog.com/tokyo/A1308/A130803/13051194/
625,カフェ,ほめほめ☆さらさら,"営業時間
［月～金］15:00～21:00(L.O.20:30)［土日祝］12:00～21:00(L.O.20:30)
日曜営業
定休日
不定期（ブログにて告知あり）",東京都千代田区外神田1-6-7 秋葉原センタービル５Ｆ,https://tabelog.com/tokyo/A1310/A131001/13127149/
626,カフェ,王立アフィリア・クロニクルS 秋葉原店,"営業時間
[月～金]18:00～23:00(フード&写真L.O.22:00 ドリンクL.O.22:30)[土・日・祝]15:00～23:00(フード&写真L.O.22:00 ドリンクL.O.22:30)
日曜営業
定休日
不定休",東京都千代田区外神田4-4-3 秋葉原SILビル 8F,https://tabelog.com/tokyo/A1310/A131001/13198886/
627,カフェ,五十鈴茶屋 東京大神宮,,東京都千代田区富士見2-4-1 東京大神宮境内,https://tabelog.com/tokyo/A1309/A130905/13221629/
628,カフェ,花田,"営業時間
［月～土］10:30～19:00［祝］11:00～18:30
定休日
日曜日",東京都千代田区九段南2-2-5 九段ビル　１Ｆ・２Ｆ,https://tabelog.com/tokyo/A1309/A130906/13097868/
629,カフェ,オニーズバー,"営業時間
12:00～15:00 19:00～23:00
定休日
日曜日",東京都千代田区神田猿楽町2-1-16 シエルブルー猿楽町ビル B1F,https://tabelog.com/tokyo/A1310/A131003/13163706/
630,カフェ,カフェ・アマルフィー,"営業時間
[月～金] 11:30～21:30(L.O)[土] 12:00～16:00（夜予約のみ） 
定休日
日曜（パーティー予約のみ）",東京都千代田区六番町5-5 飯田ビル4F,https://tabelog.com/tokyo/A1309/A130902/13120421/
631,カフェ,LL45 cafe,"営業時間
[火～日]10:00～22:00
日曜営業
定休日
月曜日、祝日",東京都千代田区東神田1-2-10 泰岳ビル 1F,https://tabelog.com/tokyo/A1302/A130204/13263685/
632,カフェ,テラスカフェ,,東京都千代田区永田町2-1-2,https://tabelog.com/tokyo/A1308/A130802/13150428/
633,カフェ,私の大切なものが、あなたの幸せに繋がりますように。,"営業時間
[月～金]11:00～22:00[土・日・祝]休日
定休日
土日祝日",東京都千代田区麹町3-5,https://tabelog.com/tokyo/A1308/A130803/13283696/
634,カフェ,タリーズコーヒー Otemachi One店,"営業時間
[月～金]7:00～20:00[土]9:00～18:00
定休日
日曜日、祝日",東京都千代田区大手町1-2-1 Otemachi One B1F,https://tabelog.com/tokyo/A1302/A130201/13247770/
635,カフェ,喫茶 コンパス,,東京都千代田区富士見2-14-23 東京逓信病院 診療棟 1F,https://tabelog.com/tokyo/A1309/A130905/13271009/
636,カフェ,Re.Ra.Ku PRO ランニング＆カフェ 永田町店,"営業時間
8:00～20:00
日曜営業
定休日
年中無休",東京都千代田区平河町2-16-1 森タワー 1F,https://tabelog.com/tokyo/A1308/A130803/13264946/
637,カフェ,中国茶専門店 RIMTAE,,東京都千代田区丸の内2-4-1 丸の内ビルディング B1F,https://tabelog.com/tokyo/A1302/A130201/13284777/
638,カフェ,和デモダン,"営業時間
9:00～17:00
定休日
土曜日、日曜日、祝日",東京都千代田区神田須田町1-5 ディアマントビル 1F,https://tabelog.com/tokyo/A1310/A131002/13205905/
639,カフェ,セガコラボカフェ 秋葉原 3号館,,東京都千代田区外神田1-11-11 外神田1丁目ビルディング セガ秋葉原 3号館 7F,https://tabelog.com/tokyo/A1310/A131001/13191745/
640,カフェ,麹町ゴルフ倶楽部,"営業時間
[月～木]10:00～24:00[金・祝前]10:00～翌4:00[土・日]10:00～22:00
定休日
日曜日",東京都千代田区紀尾井町3-8 第2紀尾井町ビルB1,https://tabelog.com/tokyo/A1308/A130803/13113707/
641,カフェ,喫煙喫茶 銀座和蘭豆 秋葉原店,"営業時間
[月～日]7:30～19:00
日曜営業
定休日
不定休",東京都千代田区神田和泉町1-3-3 タイワビル 1F,https://tabelog.com/tokyo/A1310/A131001/13267886/
642,カフェ,不忍カフェ シノバズ,"営業時間
［火～金］16:00～22:00［土・日］13:00～22:00
日曜営業
定休日
月曜日",東京都千代田区外神田1-5-7 宝ビル 2F,https://tabelog.com/tokyo/A1310/A131001/13196841/
643,カフェ,カフェ ジョージズ,"営業時間
11:30～14:00（軽食・喫茶）18:00～24:00（バー）
定休日
日・祝",東京都千代田区神田多町2-7-7,https://tabelog.com/tokyo/A1310/A131002/13128560/
644,カフェ,タマヤ,,東京都千代田区永田町1-6-1,https://tabelog.com/tokyo/A1308/A130802/13076052/
645,カフェ,sastaina station daidai,,東京都千代田区有楽町1-12-1 新有楽町ビル B1F,https://tabelog.com/tokyo/A1301/A130102/13272266/
646,カフェ,グランサイファーキッチン,"営業時間
［月～木・日・祝］11:00～22:00［金・土・祝前日］11:00～23:00",東京都千代田区外神田1-1-10 パセラリゾーツAKIBAマルチエンターテインメント 2F,https://tabelog.com/tokyo/A1310/A131002/13286803/
647,カフェ,イースポーツカフェ,,東京都千代田区外神田3-2-12 Box'R AKIBAビル 2F,https://tabelog.com/tokyo/A1311/A131101/13177666/
648,カフェ,La Vie en rose,"営業時間
17:00～23:00（L.O.22:30）
日曜営業
定休日
不定休",東京都千代田区外神田3-7-8 インタスビル 3F,https://tabelog.com/tokyo/A1311/A131101/13248887/
649,カフェ,まぜる～むcafe,,東京都千代田区外神田3-7-12 AKIHABARACORSS,https://tabelog.com/tokyo/A1311/A131101/13264125/
650,カフェ,ヒビヤ デリ&カフェ 日比谷ミッドタウン店,,東京都千代田区有楽町1-1-2 東京ミッドタウン日比谷 9F,https://tabelog.com/tokyo/A1301/A130102/13236179/
651,カフェ,KANAME Cafe,,東京都千代田区飯田橋4-5-16,https://tabelog.com/tokyo/A1309/A130905/13267292/
652,カフェ,ナイン カフェ バイ プロント,,東京都千代田区紀尾井町7-1 上智大学四谷キャンパス 9号館 B1F,https://tabelog.com/tokyo/A1309/A130902/13239468/
653,カフェ,ジェリー ジェリー カフェ 秋葉原店,"営業時間
［第1部］13:00～18:00［第2部］18:00～23:00
日曜営業
定休日
無休",東京都千代田区神田佐久間町3-37-23,https://tabelog.com/tokyo/A1310/A131001/13240982/
654,カフェ,ブックカフェ 二十世紀,"営業時間
[月～土]11:00～19:00[日・祝]11:00～18:00
日曜営業
定休日
無休",東京都千代田区神田神保町2-5-4 開拓社ビル 2F,https://tabelog.com/tokyo/A1310/A131003/13231513/
655,カフェ,セブンシーズ,,東京都千代田区外神田1-14-3 秋葉原電波会館 2F,https://tabelog.com/tokyo/A1310/A131001/13245075/
656,カフェ,小宮園ジョナ,,東京都千代田区鍛冶町1-9-11 石川COビル 1F,https://tabelog.com/tokyo/A1310/A131002/13089279/
657,カフェ,タリーズコーヒー 衆議院第一議員会館店,,東京都千代田区永田町2-2-1,https://tabelog.com/tokyo/A1308/A130801/13180367/
658,カフェ,コーヒーハウス 丸の内 シャリ,,東京都千代田区丸の内1-2-1 東京海上日動ビル 新館 B1F,https://tabelog.com/tokyo/A1302/A130201/13076425/
659,カフェ,あにま～る,"営業時間
［月～金］14:00～23:00［土・日・祝］12:00～23:00
日曜営業
定休日
無休",東京都千代田区外神田1-8-4 銭谷ビル 4F,https://tabelog.com/tokyo/A1310/A131001/13196842/
660,カフェ,喫茶&Bar とまり木,"営業時間
11:30～16:0018:00～24:00
定休日
土曜日、日曜日、祝日",東京都千代田区神田三崎町3-4-2 J・SQUARE水道橋 B1F,https://tabelog.com/tokyo/A1310/A131003/13246851/
661,カフェ,Cafe Inclusion,"営業時間
Cafe Inclusion［月〜土］12:00〜21:00(L.o.20:30)Gym SecureBase［月〜土］11:00〜23:00※最終受付　ビジター:21:00　月額会員:22:00
定休日
日曜日、祝日",東京都千代田区神田駿河台3-7 神田旅館組合ビル 1F,https://tabelog.com/tokyo/A1310/A131002/13278689/
662,カフェ,My Charaful Cafe,,東京都千代田区神田淡路町1-4-1 友泉淡路町ビル B1F,https://tabelog.com/tokyo/A1310/A131002/13285276/
663,カフェ,あるまじろ,,東京都千代田区富士見2-3-1 信幸ビル 1F,https://tabelog.com/tokyo/A1309/A130905/13274414/
664,カフェ,きよの,"営業時間
11:30～23:30
定休日
土曜日・日曜日・祝日",東京都千代田区平河町2-2-5,https://tabelog.com/tokyo/A1308/A130803/13090966/
665,カフェ,コラボカフェ本舗,"営業時間
［月・水・木・金］12:30～19:40(L.O.19:10)［土・日・祝］11:00～19:40(L.O.19:10)
日曜営業
定休日
火曜日",東京都千代田区外神田4-3-10 シャトンビル 1F・2F,https://tabelog.com/tokyo/A1310/A131001/13210760/
666,カフェ,のん散歩,,東京都千代田区神田神保町3-1-2,https://tabelog.com/tokyo/A1310/A131003/13266347/
667,カフェ,茶釜コーヒーカフェ トップ,,東京都千代田区神田多町2-9-4,https://tabelog.com/tokyo/A1310/A131002/13277941/
668,カフェ,グランドパイレーツ,"営業時間
[月～木]17:00～23:00[金]17:00～翌5:00[土]12:00～翌5:00[日]12:00～23:00
日曜営業
定休日
不定休",東京都千代田区外神田1-8-4 銭谷ビル B1F,https://tabelog.com/tokyo/A1310/A131002/13159054/
669,カフェ,夜宴迷宮,"営業時間
[火～金]17:00～翌5:00[土]12:00～翌5:00[日]12:00～22:00
日曜営業
定休日
月曜日",東京都千代田区外神田3-10-5 T＆K　AKIBABLDG　2F,https://tabelog.com/tokyo/A1311/A131101/13124822/
670,カフェ,タリーズコーヒー 霞が関中央合同庁舎第5号館店,"営業時間
8:30～19:00
定休日
土曜日、日曜日、祝日",東京都千代田区霞が関1-2-2 中央合同庁舎第5号館 1F,https://tabelog.com/tokyo/A1308/A130802/13222719/
671,カフェ,猫耳メイド屋,"営業時間
17:00～23:00（L.O.22:30）15:00～23:00で通し営業です。
日曜営業
定休日
不定休",東京都千代田区外神田3-7-8 インタスビル 4F,https://tabelog.com/tokyo/A1311/A131101/13248888/
672,カフェ,Yomi Cafe,,東京都千代田区大手町1-7-1 読売新聞ビル 1F,https://tabelog.com/tokyo/A1302/A130201/13258032/
673,カフェ,タリーズコーヒー 大手町プレイス 3階店,"営業時間
7:30～20:00
定休日
土曜日、日曜日、祝日",東京都千代田区大手町2-3-1 大手町プレイス 3F,https://tabelog.com/tokyo/A1302/A130201/13227651/
674,カフェ,ゴッシュジャパン 九段下店,"営業時間
12:00～17:00",東京都千代田区九段北1-14-13,https://tabelog.com/tokyo/A1309/A130906/13275173/
675,カフェ,セガコラボカフェ 秋葉原4号館,,東京都千代田区外神田1-15-9 セガ秋葉原 5F,https://tabelog.com/tokyo/A1310/A131001/13203657/
676,カフェ,Primrose Hill,,東京都千代田区麹町3-4-37 １Ｆ,https://tabelog.com/tokyo/A1308/A130803/13036334/
677,カフェ,クリハラスポーツ用品店 喫茶部,"営業時間
[月～金]10:00～17:00
定休日
土曜日、日曜日、祝日",東京都千代田区内神田2-5-11 桐治ビル 1F,https://tabelog.com/tokyo/A1310/A131002/13271258/
678,カフェ,タリーズコーヒー &TEA KITTE丸の内店,"営業時間

日曜営業",東京都千代田区丸の内2-7-2 KITTE 1F,https://tabelog.com/tokyo/A1302/A130201/13290924/
679,カフェ,CAMP17,"営業時間
8:00～20:00
定休日
土曜日、日曜日、祝日",東京都千代田区紀尾井町1-3 東京ガーデンテラス紀尾井町 紀尾井タワー 17F,https://tabelog.com/tokyo/A1308/A130803/13279263/
680,カフェ,東京国際フォーラム ホールA カフェコーナー,,東京都千代田区丸の内3-5-1 ホールA 2F,https://tabelog.com/tokyo/A1301/A130102/13215380/
681,カフェ,ＮＥＷＴＹＰＥ,"営業時間
火曜日／水曜日／木曜日：18時～23時金曜日／土曜日／祝前日：18時～29時日曜日／祝日：18時～23時
日曜営業
定休日
月曜日",東京都千代田区外神田3-7-12 イサミヤ第8ビル　3F,https://tabelog.com/tokyo/A1311/A131101/13174383/
682,カフェ,氷と宝石のパティスリー リリアンキュキュ,,東京都千代田区外神田3-11-5 D・B秋葉原ビル 1F～2F,https://tabelog.com/tokyo/A1311/A131101/13259729/
683,カフェ,Sampo,"営業時間
ランチタイム　11:30～14:00カフェタイム　14:00～17:00バータイム　　17:00～23:00
定休日
土曜・日曜・祝日",東京都千代田区神田須田町2-9-13 三木ビル 1F,https://tabelog.com/tokyo/A1310/A131002/13143505/
684,カフェ,スポット,,東京都千代田区麹町1-8,https://tabelog.com/tokyo/A1308/A130803/13211096/
685,カフェ,Oshun tea cigar,"営業時間
[火・木～日]12:00～18:00
日曜営業
定休日
月曜日、水曜日",東京都千代田区麹町1-5-12,https://tabelog.com/tokyo/A1308/A130803/13288529/
686,カフェ,猫の隠れ家,"営業時間
17:00～23:00（L.O.22:30）
日曜営業
定休日
不定休",東京都千代田区外神田3-7-8 インタスビル 2F,https://tabelog.com/tokyo/A1311/A131101/13248891/
687,カフェ,ニューオータニ クラブラウンジ,,東京都千代田区紀尾井町4-1 ザ・メイン 3F,https://tabelog.com/tokyo/A1308/A130803/13250097/
688,カフェ,Cafe de Canela,"営業時間
11:00～20:00
日曜営業
定休日
火曜日",東京都千代田区西神田3-8-5 2F,https://tabelog.com/tokyo/A1310/A131003/13287079/
689,カフェ,アプリポワゼ,"営業時間
【月～金】　通常：11：00～18：00【月～金】　ランチ：11：00～15：00
定休日
土曜・日曜・祝日",東京都千代田区神田多町2-11 第19岡崎ビル 1F,https://tabelog.com/tokyo/A1310/A131002/13167540/
690,カフェ,due,"営業時間
8:00～17:00
定休日
土曜日、日曜日",東京都千代田区神田神保町3-3-5,https://tabelog.com/tokyo/A1310/A131003/13289880/
691,カフェ,Cafe1968,"営業時間
10:00～18:00
定休日
土曜日、日曜日、祝日",東京都千代田区丸の内3-3-1 新東京ビル 8F,https://tabelog.com/tokyo/A1301/A130102/13282518/
692,カフェ,ティーラウンジ 佳風,"営業時間
10:00～17:00(料理L.O.16:00 ドリンクL.O.16:30)
日曜営業
定休日
無休",東京都千代田区平河町2-16-15 ザ・キタノホテル東京 2F,https://tabelog.com/tokyo/A1308/A130803/13255029/
693,カフェ,テテスマニス,"営業時間
11:30～18:30
定休日
土曜日、日曜日、祝日",東京都千代田区内神田1-10-11 コハラビル 1F,https://tabelog.com/tokyo/A1310/A131002/13172436/
694,カフェ,サロンクリスティ,"営業時間
10:00～22:00(L.O.21:00)
定休日
土曜日、日曜日、祝日",東京都千代田区神田多町2-2,https://tabelog.com/tokyo/A1310/A131002/13283679/
695,カフェ,プリンセスカフェ 有楽町マルイ館,,東京都千代田区有楽町2-7-1 有楽町イトシア 8F,https://tabelog.com/tokyo/A1301/A130102/13254539/
696,カフェ,孝芳堂,"営業時間
[土・日]12:00～17:00
日曜営業
定休日
月曜日、火曜日、水曜日、木曜日、金曜日",東京都千代田区九段南4-2-3 九段木田ビル 1F,https://tabelog.com/tokyo/A1309/A130904/13283976/
697,カフェ,娘娘美苑,,東京都千代田区外神田1-6-7 秋葉原センタービル 3F,https://tabelog.com/tokyo/A1310/A131002/13248890/
698,カフェ,ベックスコーヒーショップ 丸の内北口店,,東京都千代田区丸の内1-7-3 JR東京駅 丸の内味の散歩道,https://tabelog.com/tokyo/A1302/A130201/13227977/
699,カフェ,ラップキッチン,,東京都千代田区麹町3-4-2,https://tabelog.com/tokyo/A1308/A130803/13203489/
700,カフェ,プルームショップ 東京駅グランルーフ店,,東京都千代田区丸の内1-9-1 JR東日本東京駅構 グランルーフ 3F,https://tabelog.com/tokyo/A1302/A130201/13254945/
701,カフェ,カフェ ファロ,,東京都千代田区麹町4-5 海事センタービル 2F,https://tabelog.com/tokyo/A1308/A130803/13238519/
702,カフェ,カフェテラス 武道,"営業時間
12:00～15:00(L.O.14:30)
日曜営業",東京都千代田区北の丸公園2-3,https://tabelog.com/tokyo/A1309/A130906/13079508/
703,カフェ,BROS TOKYO 神田岩本町店,"営業時間
11:00～17:00
定休日
土曜日、日曜日",東京都千代田区岩本町2-16-10 1F,https://tabelog.com/tokyo/A1310/A131002/13208328/
704,カフェ,ストーリエ・ディタリア,,東京都千代田区内幸町1-7-1 日比谷OKUROJI,https://tabelog.com/tokyo/A1301/A130103/13271103/
705,カフェ,WARP 御茶ノ水店,,東京都千代田区神田淡路町1-21-4 第二西野ビル 2F,https://tabelog.com/tokyo/A1310/A131002/13282974/
706,カフェ,Go Big Island Coffee,"営業時間
［月～金］※コロナ感染拡大防止に基づき10:00～18:00
定休日
土曜日、日曜日、祝日",東京都千代田区麴町3-1 KOJIMACHI TERRACE 1F,https://tabelog.com/tokyo/A1308/A130803/13256636/
707,カフェ,コタカフェ,"営業時間
11:00～14:30
定休日
不定休(大妻女子大学に準ずる)",東京都千代田区三番町12 大妻女子大学 新校舎本館 2F,https://tabelog.com/tokyo/A1308/A130803/13173458/
708,カフェ,手と花,"営業時間
16:00～22:00
日曜営業
定休日
水曜日",東京都千代田区神田司町2-16,https://tabelog.com/tokyo/A1310/A131002/13160042/
709,カフェ,ファニーティップス,"営業時間
【月～土】11：00～19：00定休日【日】※イベントの開催状況で営業日・営業時間の変更あり※
定休日
毎週日曜日",東京都千代田区外神田5-5-7 パンセ秋葉原　Ｂ１Ｆ,https://tabelog.com/tokyo/A1311/A131101/13108114/
710,カフェ,日経ホール ドリンクコーナー,,東京都千代田区大手町1-3-7 日経ビル 3F,https://tabelog.com/tokyo/A1310/A131002/13241375/
711,カフェ,sofa AKIHABARA,,東京都千代田区外神田3-13-2,https://tabelog.com/tokyo/A1310/A131001/13242418/
712,カフェ,らくごカフェ,"営業時間
カフェ営業：[月～土]　11：00～18：00　（貸切の場合あり）夜とときどきの昼は、落語ライヴ営業をしています。
定休日
日・祝日　（落語会の予定があるときは夜間、日・祝日も開店）",東京都千代田区神田神保町2-3 神田古書センター ５Ｆ,https://tabelog.com/tokyo/A1310/A131003/13093941/
713,カフェ,デュオカフェ 有楽町店,,東京都千代田区有楽町2-8-1,https://tabelog.com/tokyo/A1301/A130102/13207828/
714,カフェ,Pharos Coffee,"営業時間
11:00～18:00
日曜営業
定休日
水曜日",東京都千代田区神田神保町1-25-4,https://tabelog.com/tokyo/A1310/A131003/13281433/
715,カフェ,アソビCafe,"営業時間
[月～金]17:00～23:00[土・日・祝]12:00～22:00
日曜営業
定休日
無休",東京都千代田区神田神保町1-32-42 堀井ビル 1F,https://tabelog.com/tokyo/A1310/A131003/13212933/
716,カフェ,アキバスタジアムCheerCheer,"営業時間
土曜日・日曜日・祝日 13:00～24:00平日 17:00～24:00 通し営業※日によって変更あり（Twitterで告知）
日曜営業
定休日
 無休",東京都千代田区外神田4-7-3 虎ビル 2F,https://tabelog.com/tokyo/A1311/A131101/13248902/
717,カフェ,モトヤエクスプレス 西神田店,"営業時間
[月～金]8:30～17:30",東京都千代田区西神田3-5-2,https://tabelog.com/tokyo/A1309/A130906/13274647/
