,genre,store_name,business_hours,address,url
0,カフェ,FLOWER WALL MONE,"営業時間
【月〜金】12:00〜４:０0(L.O３:３0)【土・日・祝】11:00〜４:０0(L.O３:３0)
日曜営業
定休日
年末年始",東京都新宿区新宿3-5-3 高山ランド会館 B1F,https://tabelog.com/tokyo/A1304/A130401/13268836/
1,カフェ,喫茶パステト,"営業時間
［月～金］13:00～22:00（フードLO21:15／ドリンクLO21:30）［土日祝］11:30～22:00（フードLO21:15／ドリンクLO21:30）
日曜営業
定休日
年末年始",東京都新宿区新宿3-23-18 クロス新宿ビル B1F,https://tabelog.com/tokyo/A1304/A130401/13263143/
2,カフェ,APPARTEMENT 301,"営業時間
12:00~23:15※ランチタイムL.O.16:00※カフェタイムは終日ご利用いただけます
日曜営業
定休日
なし",東京都新宿区新宿3-10-10 要会館 3F,https://tabelog.com/tokyo/A1304/A130401/13260381/
3,カフェ,THE SMILE ルミネエスト新宿店,"営業時間
［月〜金・土・日・祝日］  11:00～21:00 (L.O. 20:15)※その他‥ルミネエスト営業に準ずる
日曜営業
定休日
不定休(ルミネエスト新宿に準ずる)",東京都新宿区新宿3-38-1 ルミネエスト新宿店 7F,https://tabelog.com/tokyo/A1304/A130401/13155314/
4,カフェ,ル・パン・コティディアン 東京オペラシティ店,"営業時間
レストラン9:00～20:00　(L.O　19:00)テイクアウト8:00～20:00ブレックファースト9:00～11:00ランチ11:00～15:00
日曜営業
定休日
東京オペラシティビルに準ずる",東京都新宿区西新宿3-20-2 東京オペラシティ 1F,https://tabelog.com/tokyo/A1318/A131807/13143660/
5,カフェ,common cafe 新宿東口店,"営業時間
【全日】11:30～22:00（L.O　21:25）
日曜営業
定休日
年中無休",東京都新宿区歌舞伎町1-20-2 アパホテル新宿歌舞伎町タワー 2Ｆ,https://tabelog.com/tokyo/A1304/A130401/13185960/
6,カフェ,棲家アーキテクチャカフェ,"営業時間
10：00〜18：00 Cafe Time18：00〜28：00  Bar  Time
日曜営業
定休日
無休",東京都新宿区新宿3-6-7 第6三和ビル 4F,https://tabelog.com/tokyo/A1304/A130401/13257634/
7,カフェ,ELZA,"営業時間
11:00~22:00(L.O21:30)祝日も営業
日曜営業
定休日
火曜日",東京都新宿区神楽坂6-23,https://tabelog.com/tokyo/A1309/A130905/13280217/
8,カフェ,ブルックリンパーラー,"営業時間
営業時間営業時間を変更しております。OPEN11:30　CLOSE 22:00（Food L.O 21:00  Drink L.O 21:30)金、土　CLOSE 23:00（Food L.O 21:00　Drink L.O 22:30）
日曜営業
定休日
無休（マルイ・アネックス休館日に準ず）",東京都新宿区新宿3-1-26 新宿マルイ　アネックス B1F,https://tabelog.com/tokyo/A1304/A130401/13097951/
9,カフェ,WPU CAFE&DINER,"営業時間
11:30~22:00(l.o21:30)
日曜営業
定休日
無し。12/31-1/5日まで年末年始休業です。",東京都新宿区西新宿7-10-5,https://tabelog.com/tokyo/A1304/A130401/13285794/
10,カフェ,PUT ON CAFE,"営業時間
【ランチ：水〜日】11:30〜16:00(15:30 Lo)【ディナー：水〜日】17:30〜22:30(22:00 Lo)
日曜営業
定休日
月曜日・火曜日",東京都新宿区歌舞伎町1-29-1 東急歌舞伎町タワー 5F,https://tabelog.com/tokyo/A1304/A130401/13286083/
11,カフェ,Caffice,"営業時間
10:00～23:00(L.O:22:00、ドリンクL.O:22:30)
日曜営業
定休日
無し。年中無休。",東京都新宿区新宿4-2-23 新四curumuビル 2F,https://tabelog.com/tokyo/A1304/A130401/13174391/
12,カフェ,プロラボカフェ,"営業時間
[月～日]11：00～17：00（L.O 16:00)※時間帯によって提供メニューが異なります。LUNCH TIME：11:00～15:00（L.O 14:30）CAFE TIME：15:00～17:00（L.O 16:00)　※デザート・ドリンクメニューのみ提供
日曜営業
定休日
不定休",東京都新宿区新宿3-1-22 ADビル 1F,https://tabelog.com/tokyo/A1304/A130401/13282544/
13,カフェ,KINEEL,"営業時間
【火〜水】11：30〜22：00（L.O 21：30）【木・金】11：30〜23：00（L.O 22：30）【土】11：30〜23：00（L.O 22：30）【日・祝】11：30〜21：00（L.O 20：30）
日曜営業
定休日
月曜　※お店の状況により日曜定休あり",東京都新宿区新宿3-14-23 マヤビル B1F,https://tabelog.com/tokyo/A1304/A130401/13284053/
14,カフェ,SHELTY CAFE,"営業時間
【平日】11:00～22:00(L.O21:30）【土曜日】11:00～22:00(L.O21:30）【日祝】11:00～18:00(L.O17:30）
日曜営業
定休日
不定休日（詳細はインスタグラムにて）",東京都新宿区若宮町12-4 フィルパーク神楽坂若宮 1F,https://tabelog.com/tokyo/A1309/A130905/13290633/
15,カフェ,アナログ 新宿,"営業時間
「Lunch」12:00-17:00 (L.O.16:00) 「Dinner」17:00-23:30「cafe」12:00-23:30
日曜営業
定休日
年末年始",東京都新宿区新宿3-12-12 吉田ビル 4Ｆ,https://tabelog.com/tokyo/A1304/A130401/13148918/
16,カフェ,アティックルーム新宿,"営業時間
【ランチ】12:00～17:00（L.O.15:45）【ディナー】17:00～23:00（L.O.22:15）【カフェ】12:00～23:00
日曜営業
定休日
年末年始",東京都新宿区新宿3-21-2 全日第3新宿東口ビル4ー5F,https://tabelog.com/tokyo/A1304/A130401/13181935/
17,カフェ,アームウッド コテージ,"営業時間
[月〜木]  11:30～18:00[金、土、祝前日]   11:30～23:00[日、祝]   11:30～20:00※TEA TIMEは通しでやっております。※火曜定休日
日曜営業
定休日
火曜日",東京都新宿区新宿1-10-5 ２Ｆ,https://tabelog.com/tokyo/A1304/A130402/13041657/
18,カフェ,騒豆花 新宿ミロード店,"営業時間
[月～日]11:00～20:00
日曜営業
定休日
年中無休 ※ミロード定休日に準ずる",東京都新宿区西新宿1-1-3 新宿ミロード 7F,https://tabelog.com/tokyo/A1304/A130401/13223382/
19,カフェ,シマダカフェ 神楽坂,"営業時間
【火～日・祝】11:00～21:00（L.O.20:30）※予約は18:00以降のみ可
日曜営業
定休日
月曜日（祝日の場合は営業、翌平日休）",東京都新宿区神楽坂3-6 神楽坂3丁目テラス 3F,https://tabelog.com/tokyo/A1309/A130905/13154672/
20,カフェ,カフェ キャッツバイ,"営業時間
19:00～疲れたら休みます
定休日
不定休　日曜日休みがち",東京都新宿区上落合3-9-1 北村ビル B1F,https://tabelog.com/tokyo/A1319/A131901/13165600/
21,カフェ,GOOD MORNING CAFE NOWADAYS,"営業時間
【 WEEKDAY 】・MORNING 7:00〜10:30・LUNCH 11:00〜14:30・CAFE 14:30〜17:00・DINNER 17:00〜20:00 (L.O)【 HOLIDAY 】・MORNING 8:00〜10:30・LUNCH 11:00〜14:30・CAFE 14:30〜17:00・DINNER 17:00〜20:00 (L.O)
日曜営業
定休日
【年末（12/31）は定休日となります】",東京都新宿区大京町31-4 Brillia ist 千駄ヶ谷 1F,https://tabelog.com/tokyo/A1309/A130903/13181946/
22,カフェ,猿カフェ 新宿マルイ本館店,"営業時間
新型コロナウイルス感染症拡大防止の為、短縮営業しております。月〜日　11:00～21:00(フードラストオーダー 20:00、 ドリンクラストオーダー 20:30）
日曜営業
定休日
不定休(新宿マルイ本館に準ずる)",東京都新宿区新宿3-30-13 新宿マルイ本館 8F,https://tabelog.com/tokyo/A1304/A130401/13163566/
23,カフェ,A&A CAFE,"営業時間
ランチ：11:00～15:30（L.O.）カフェ：15:30～19:00（L.O.）ディナー：19:00～21:30（L.O. 21:00）※貸切や20時ごろの大人数でのご利用がある場合は、営業時間を変更いたしますので、その際はご相談ください。
日曜営業
定休日
不定期",東京都新宿区戸塚町1-102-11 ニューライフ早稲田 1F,https://tabelog.com/tokyo/A1305/A130504/13228710/
24,カフェ,カフェラヴォワ かどやホテル,"営業時間
営業時間7:00～22:00【モーニングタイム】　7：00〜10：00 　　　【ランチタイム】　11：30〜14：30 【ディナータイム】　17：00〜22：00※間の時間も休まずに営業致しております
日曜営業
定休日
無休",東京都新宿区西新宿1-23-1 かどやホテル　１Ｆ,https://tabelog.com/tokyo/A1304/A130401/13006735/
25,カフェ,MID cafe 早稲田店,"営業時間
［通常営業］月曜ー金曜 : 11時00分〜21時00分（Lo/20:00）土日／祝日 : 11時00分〜21時00分（Lo/20:00）
日曜営業
定休日
不定休",東京都新宿区戸塚町1-102-18 MYビル 1F,https://tabelog.com/tokyo/A1305/A130504/13283310/
26,カフェ,HAND BAKES,"営業時間
11:00～21:00(L.O20:30)
日曜営業
定休日
不定休(ルミネ新宿店　ルミネ2に準ずる)　通し営業ですので、「昼時を逃してしまったランチに」「お買い物の合間に」「仕事帰りに」様々なシーンでご利用いただけます。是非お立ち寄りくださいませ。",東京都新宿区新宿3-38-2 ルミネ新宿LUMINE2 3F,https://tabelog.com/tokyo/A1304/A130401/13156065/
27,カフェ,サロン ベイクアンドティー,"営業時間
［平日・土曜日］11:00-20:30（L.O.19:00）［日曜日・祝日］11:00-20:00（L.O.19:00)
日曜営業
定休日
不定休(NEWoManに準ずる)",東京都新宿区新宿4-1-6 NEWoMan 3F,https://tabelog.com/tokyo/A1304/A130401/13193544/
28,カフェ,クロカツサン,"営業時間
8:00～17:30(L.O.17:00)◆モーニングサービス　OPEN～10:30(L.O.10:00)
日曜営業
定休日
不定休 ※12/31まで通常営業、1/1,2,3休み",東京都新宿区西新宿4-18-2 フィル・パーク西新宿 2F,https://tabelog.com/tokyo/A1304/A130401/13279174/
29,カフェ,カフェ・ベローチェ 西早稲田店,"営業時間
7:00～22:00
日曜営業
定休日
無休",東京都新宿区西早稲田2-21-16 高田馬場EKKビル １Ｆ,https://tabelog.com/tokyo/A1305/A130503/13121315/
30,カフェ,カフェド ペル,"営業時間
11:30～17:15（L.O.16:00）
日曜営業
定休日
不定休 ※公式サイトに営業日カレンダーあり基本は月・火",東京都新宿区西早稲田2-16-17 NKビル1F,https://tabelog.com/tokyo/A1305/A130503/13235556/
31,カフェ,ドトール珈琲店  飯田橋ラムラ店,"営業時間
8:00～21:00(L.O.20:30)",東京都新宿区神楽河岸1-1 セントラルプラザ 1F,https://tabelog.com/tokyo/A1309/A130905/13241918/
32,カフェ,台湾甜商店 新宿店,"営業時間
11:00～22:00
定休日
不定休",東京都新宿区新宿3-36-10 アインズ&トルペ新宿東口店 2F,https://tabelog.com/tokyo/A1304/A130401/13225322/
33,カフェ,函館 美鈴珈琲 新宿店,"営業時間
9:00～20:00 (L.O.19:30)(モーニング 9:00～11:00)
日曜営業
定休日
不定休（伊勢丹会館に準ずる）",東京都新宿区新宿3-15-17 伊勢丹会館 1F,https://tabelog.com/tokyo/A1304/A130401/13213782/
34,カフェ,ピーク・ラウンジ,"営業時間
12:00～22:00(L.O.)
日曜営業
定休日
無休",東京都新宿区西新宿3-7-1 パークハイアット東京　４１Ｆ,https://tabelog.com/tokyo/A1304/A130401/13004207/
35,カフェ,喫茶室ルノアール 新宿靖国通り店,"営業時間
［月～金］8:00～22:00［土・日・祝］8:00～22:00
日曜営業
定休日
なし",東京都新宿区歌舞伎町1-1-19 同栄新宿ビル 1F,https://tabelog.com/tokyo/A1304/A130401/13113417/
36,カフェ,ゆめいろCafe,"営業時間
[火～土]11:00～18:00（L.O.17:30）モーニング[火～金]7:00～10:00日曜、祝日、祭日定休貸切営業の場合もございます。ブログにてご確認のうえ、お越しください。
定休日
日曜日・祝日",東京都新宿区百人町2-11-23,https://tabelog.com/tokyo/A1304/A130404/13144302/
37,カフェ,タリーズコーヒー 都庁店,"営業時間
8:00～18:00
定休日
土曜日、日曜日",東京都新宿区西新宿2-8-1 東京都庁　第二本庁舎　２Ｆ,https://tabelog.com/tokyo/A1304/A130401/13037296/
38,カフェ,ドトールコーヒーショップ 新宿1丁目南店,"営業時間
平日　　7:20-21:00土曜　　7:20-21:00日祝　　7:20-19:30
日曜営業
定休日
年中無休",東京都新宿区新宿1-20-4,https://tabelog.com/tokyo/A1304/A130402/13059249/
39,カフェ,ドトールコーヒーショップ 新宿文化センター通り店,"営業時間
7:15〜21:00
日曜営業
定休日
無休",東京都新宿区新宿5-18-10,https://tabelog.com/tokyo/A1304/A130401/13107680/
40,カフェ,Cafe & Bar CARESS,"営業時間
[月～日]12:00～23:30(L.O.23:00)
日曜営業
定休日
不定休",東京都新宿区西早稲田3-15-2 田口ビル 1F,https://tabelog.com/tokyo/A1305/A130504/13257846/
41,カフェ,珈琲茶館 集 プレミアム新宿店,,東京都新宿区歌舞伎町1-17-1 栗田ビル 2F・3F,https://tabelog.com/tokyo/A1304/A130401/13219318/
42,カフェ,カナルカフェ,"営業時間
［月～土］11:30～22:00（L.O.21:00）［日・祝］11:30～21:30（L.O.20:30）
日曜営業
定休日
第一月曜",東京都新宿区神楽坂1-9,https://tabelog.com/tokyo/A1309/A130905/13000402/
43,カフェ,TOKI CAFE,"営業時間
［全日］9:00～22:30　・平日限定モーニングタイム　9:00～11:00 　　(トースト&茹で卵セット無料）　・平日限定ランチタイム　11:00～14:00　 （ランチメニュー390円）　・平日限定ナイトタイム　17:00〜22:30 　（利用料金最大1190円）
日曜営業
定休日
年末年始",東京都新宿区神楽坂2-12,https://tabelog.com/tokyo/A1309/A130905/13178703/
44,カフェ,カフェ・ベローチェ 神楽坂店,"営業時間
7:00～23:00
日曜営業
定休日
年中無休",東京都新宿区神楽坂4-1-1 オザワビル 1F,https://tabelog.com/tokyo/A1309/A130905/13051369/
45,カフェ,コトカフェ,"営業時間
[日～木.祝日］11:00～20:00（食事L.O. 19:00  お茶LO.19:30)[金.土.祝前日］ 11:00～21:00（食事L.O. 20:00  お茶LO. 20:30）（LUNCH 11:00〜16:00）(evening&dinner 16:00〜)※緊急事態宣言、蔓延防止措置中のお時間となります。
日曜営業
定休日
なし",東京都新宿区新宿5-17-6 中田ビル 2F,https://tabelog.com/tokyo/A1304/A130401/13145454/
46,カフェ,ROZI coffee,"営業時間
11:00～19:00(L.O.18:30)日曜～金曜11:00～21:00(L.O.20:30)土曜のみ
日曜営業
定休日
年中無休",東京都新宿区大久保2-32-6,https://tabelog.com/tokyo/A1304/A130404/13278032/
47,カフェ,Studio Cafe MARU,"営業時間
11:00～21:00
日曜営業
定休日
無休",東京都新宿区百人町2-2-7 ソウルタウン 3F,https://tabelog.com/tokyo/A1304/A130404/13263955/
48,カフェ,スターバックス・コーヒー 西新宿三井ビル店,"営業時間
[月～金] 07:30～20:00 [土] 10:00～18:00
定休日
日・祝",東京都新宿区西新宿6-24-1 西新宿三井ビル内,https://tabelog.com/tokyo/A1304/A130401/13033097/
49,カフェ,CAFE iN,"営業時間
11:00～23:00",東京都新宿区大久保1-12-27 アイオスビル 2F,https://tabelog.com/tokyo/A1304/A130404/13276860/
50,カフェ,ストロベリーフィールズ,"営業時間
10:00～15:00(L.O)
定休日
土曜・日曜・祝日",東京都新宿区西新宿6-2-16 ストロベリーフィールズ,https://tabelog.com/tokyo/A1304/A130401/13060864/
51,カフェ,喫茶室ルノアール 大久保店,"営業時間
[月～金]7：30～22：00[土・日・祝]8：00～22：00
日曜営業
定休日
なし",東京都新宿区百人町1-18-8 大久保角ビル2F,https://tabelog.com/tokyo/A1304/A130404/13044614/
52,カフェ,トンボロ,"営業時間
11:00～18:00
日曜営業
定休日
水曜日、木曜日",東京都新宿区神楽坂6-16,https://tabelog.com/tokyo/A1309/A130905/13006444/
53,カフェ,スターバックス・コーヒー 四谷3丁目店,"営業時間
[月～金] 07:00～21:00 [土]08:00～21:00[日・祝] 08:00～20:00
定休日
年中無休",東京都新宿区四谷2-14-4 ミツヤ四谷ビル　１Ｆ,https://tabelog.com/tokyo/A1309/A130903/13033155/
54,カフェ,Re:s cafebar&sweets,"営業時間
[火～日]11:00～17:00(l.o16:30)
定休日
月曜日",東京都新宿区大久保3-9-5 都営西大久保アパート 1F,https://tabelog.com/tokyo/A1305/A130503/13263204/
55,カフェ,ラ・プティ・メルスリー ルミネエスト新宿店,"営業時間
【月〜金】11:00～21:30 (L.O. 21:00)【土・日・祝】10:30～21:30 (L.O. 21:00)
日曜営業
定休日
ルミネエスト新宿店に準ずる",東京都新宿区新宿3-38-1 ルミネエスト新宿店 2F,https://tabelog.com/tokyo/A1304/A130401/13117596/
56,カフェ,喫茶室ルノアール ニュー新宿3丁目店,"営業時間
[月～金]7：30-22：00[土]8：00-22：00[日・祝]8：00-22：00
日曜営業
定休日
なし",東京都新宿区新宿3-4-1 東新宿ビル B2F,https://tabelog.com/tokyo/A1304/A130401/13086999/
57,カフェ,ドトールコーヒーショップ 新宿靖国通り店,"営業時間
7:00～22:30
日曜営業
定休日
無休",東京都新宿区歌舞伎町1-23-15,https://tabelog.com/tokyo/A1304/A130401/13194210/
58,カフェ,珈琲西武 本店,"営業時間
[月～木]11:00～23:30(L.O 23:00)[日・祝日]11:00〜23:00(L.O 22:30)
日曜営業
定休日
なし",東京都新宿区歌舞伎町1-6-12 ハナミチTOKYO歌舞伎町 2F,https://tabelog.com/tokyo/A1304/A130401/13288884/
59,カフェ,カフェ シークレットウィンドウ,"営業時間
 CAFE 11：00〜21：00 予約不可❌TAKE2(BAR)17：00〜21:00 予約制PANCAKE LO 20：00
日曜営業
定休日
無休",東京都新宿区大久保2-25-35,https://tabelog.com/tokyo/A1304/A130404/13274594/
60,カフェ,ポムダムールトーキョー,"営業時間
[月～水、金〜日]13:00～23:00(22:30 L.O)[木]13:00～20:00(19:30 L.O)※ コロナウィルス感染拡大防止のため短縮営業にて運営中13:00～20:00(19:30 L.O)(テイクアウトは20:00まで可)
日曜営業
定休日
不定休",東京都新宿区新宿5-9-12 KIビル 2F,https://tabelog.com/tokyo/A1304/A130401/13182540/
61,カフェ,ラテアンドコス,"営業時間
10:30～20:00",東京都新宿区百人町1-15-24 1F,https://tabelog.com/tokyo/A1304/A130404/13249665/
62,カフェ,コメダ珈琲店 東京医科大学病院店,"営業時間
7:00～23:00(L.O.22:30)
日曜営業
定休日
無休",東京都新宿区西新宿6-7-1 東京医科大学病院 駐車場棟 1F,https://tabelog.com/tokyo/A1304/A130401/13257535/
63,カフェ,Cafe du Riche,"営業時間
平日　　9:00～23:30（L.O.22:30）土日祝　9:00～24:00（L.O.23:00）
日曜営業
定休日
年中無休",東京都新宿区大久保1-17-10,https://tabelog.com/tokyo/A1304/A130401/13185651/
64,カフェ,タリーズコーヒー 新宿センタービル店,"営業時間
[平日]7:30～21:00[土] 10:00～19:00
定休日
日曜祝日",東京都新宿区西新宿1-25-1 新宿センタービル B1F,https://tabelog.com/tokyo/A1304/A130401/13058909/
65,カフェ,百舌の蔵,,東京都新宿区荒木町12,https://tabelog.com/tokyo/A1309/A130903/13157337/
66,カフェ,マカプレッソ 本店,"営業時間
10:00～23:00
日曜営業
定休日
無休",東京都新宿区百人町2-3-21 2F,https://tabelog.com/tokyo/A1304/A130404/13241864/
67,カフェ,喫茶室ルノアール 新宿中央東口店,"営業時間
[全日]8：00～22：00
日曜営業
定休日
無休",東京都新宿区新宿3-28-13 中島ビル B1F,https://tabelog.com/tokyo/A1304/A130401/13230603/
68,カフェ,ウィークエンダーズコーヒー オール ライト,"営業時間
[月・火・水・木・金・土]10:00～20:00[日]11:00～20:00
日曜営業
定休日
不定休",東京都新宿区矢来町123 第一矢来ビル 1F,https://tabelog.com/tokyo/A1309/A130905/13175859/
69,カフェ,ドトールコーヒーショップ 高田馬場4丁目店,"営業時間
［月～金］6:45～20:00［土・日・祝］7:30～20:00
日曜営業
定休日
無休",東京都新宿区高田馬場4-8-4,https://tabelog.com/tokyo/A1305/A130503/13086778/
70,カフェ,タリーズコーヒー 新宿２丁目店,,東京都新宿区新宿2-5-9,https://tabelog.com/tokyo/A1304/A130401/13086706/
71,カフェ,ザ・ステーション カフェバー,"営業時間
10:00～22:00(L.O.21:30)※新型コロナウイルス感染拡大に伴い、営業内容を変更させていただく場合がございます。ご利用の際は、新宿プリンスホテル公式Webサイトをご確認くださいますようお願いいたします。
日曜営業
定休日
無休",東京都新宿区歌舞伎町1-30-1 新宿プリンスホテル B1F,https://tabelog.com/tokyo/A1304/A130401/13190105/
72,カフェ,PAUL  神楽坂店,"営業時間
10:00～21:00(L.O.20:30)
日曜営業
定休日
不定期（年末など）",東京都新宿区神楽坂5-1-4 神楽坂テラス 1F,https://tabelog.com/tokyo/A1309/A130905/13122278/
73,カフェ,タリーズコーヒー  ルミネエスト新宿店,"営業時間
[月～金］11:00～21:00［土］10:30～21:00［日・祝］10:30～21:00",東京都新宿区新宿3-38-1 ルミネエスト新宿 5F,https://tabelog.com/tokyo/A1304/A130401/13231892/
74,カフェ,カフェ&ミール ムジ 新宿,"営業時間
11:00～21:00(L.O.20:30)
日曜営業
定休日
不定休",東京都新宿区新宿3-15-15 新宿ピカデリー B1,https://tabelog.com/tokyo/A1304/A130401/13053848/
75,カフェ,ドトールコーヒーショップ 新宿京王モールアネックス店,"営業時間
［月～金］6:45～21:00［土・日］8:00～20:00
日曜営業
定休日
無休",東京都新宿区西新宿1-19 京王モール,https://tabelog.com/tokyo/A1304/A130401/13197699/
76,カフェ,タリーズコーヒー 東京女子医科大学病院店,"営業時間
平日・土曜　7:30～20:00第３土曜・日曜・祝日　8:30～19:00
日曜営業
定休日
年末年始",東京都新宿区河田町8-1 東京女子医科大学病院総合外来センター南エントランス,https://tabelog.com/tokyo/A1305/A130504/13101245/
77,カフェ,タリーズコーヒー イーホテル東新宿店,"営業時間
7:00～17:00",東京都新宿区歌舞伎町2-3-15 イーホテル東新宿 1F,https://tabelog.com/tokyo/A1304/A130401/13104080/
78,カフェ,トルドロ,,東京都新宿区百人町1-1-17,https://tabelog.com/tokyo/A1304/A130404/13285032/
79,カフェ,METDORU CAFE,"営業時間
11:00～22:00(L.O.21:30)",東京都新宿区百人町1-1-26 1F,https://tabelog.com/tokyo/A1304/A130401/13286645/
80,カフェ,カーブドッチ迎賓館,"営業時間
9:00～17:00（LO 16:30）ランチ 11:00～15:00
日曜営業
定休日
水曜日",東京都新宿区四谷1-12-11,https://tabelog.com/tokyo/A1309/A130902/13245568/
81,カフェ,スコップカフェ,"営業時間
月〜金    11:30 - 23:00(火曜のみ 11:30 - 17:00)土    12:00 - 23:00日　 12:00 - 22:00
定休日
無休",東京都新宿区新宿2-5-11  甲州屋ビルB1F,https://tabelog.com/tokyo/A1304/A130401/13132718/
82,カフェ,in the MIDDLE,"営業時間
[月・日]11:00～18:00[水・木]11:00～19:00[金・土]11:00～17:0018:00～24:00
日曜営業
定休日
火曜日、不定休",東京都新宿区新宿5-1-19 藤和新宿番衆町コープ 1F,https://tabelog.com/tokyo/A1304/A130402/13290559/
83,カフェ,上島珈琲店 神楽坂店,"営業時間
[月～金]7:30～22:00[土]8:00～22:00[日・祝]8:00～21:00
日曜営業
定休日
無休",東京都新宿区神楽坂3-2 木村屋ビル1F・2F,https://tabelog.com/tokyo/A1309/A130905/13129412/
84,カフェ,星乃珈琲店 新宿東口店,"営業時間
11:00～22:30
日曜営業",東京都新宿区新宿3-17-5 新宿ニュー富士ビル２F,https://tabelog.com/tokyo/A1304/A130401/13126198/
85,カフェ,cocochiyo cafe,"営業時間
［月～金］11:00～19:00［日］11:00～19:00  火曜日　定休　（土）(日) (祝）不定休喫茶タイム　11:00〜18:00 ディナータイム　18:00〜22:00 ※要予約貸切パーティー・弾き語りライブ・各種イベント休止中
日曜営業
定休日
(火）　定休　（土）(日) (祝）不定休",東京都新宿区新宿1-20-6 石原共同ビル 1F,https://tabelog.com/tokyo/A1304/A130402/13177228/
86,カフェ,むさしの森 Diner 新宿中央公園店,"営業時間
7:00～22:00",東京都新宿区西新宿2-11-5,https://tabelog.com/tokyo/A1304/A130401/13247800/
87,カフェ,カフェ アルル,,東京都新宿区新宿5-10-8 1F,https://tabelog.com/tokyo/A1304/A130401/13087540/
88,カフェ,BIRTHDAY MORE,"営業時間
11:00～17:00
日曜営業
定休日
火曜日、水曜日、金曜日、土曜日",東京都新宿区左門町1-17 アパルトマン四谷 1F,https://tabelog.com/tokyo/A1309/A130903/13267605/
89,カフェ,スターバックス・コーヒー 神楽坂下店,"営業時間
7:00～22:30
日曜営業
定休日
不定休",東京都新宿区神楽坂1-9-2 秀永ビル,https://tabelog.com/tokyo/A1309/A130905/13138801/
90,カフェ,但馬屋珈琲店 本店,"営業時間
9:30～23:00
日曜営業
定休日
無休",東京都新宿区西新宿1-2-6 1F・2F,https://tabelog.com/tokyo/A1304/A130401/13000747/
91,カフェ,星乃珈琲店  西新宿2号店,,東京都新宿区西新宿1-16-4 井門西新宿ビル B1F,https://tabelog.com/tokyo/A1304/A130401/13251665/
92,カフェ,スターバックスコーヒー 新大久保駅店,"営業時間
7:00～22:00
日曜営業
定休日
不定休",東京都新宿区百人町1-10-15,https://tabelog.com/tokyo/A1304/A130404/13247705/
93,カフェ,椿屋珈琲 ひがし離れ,"営業時間
9:30～23:00
日曜営業
定休日
無休",東京都新宿区新宿3-21-9 新宿ダッキープラザビル 1F・B1F,https://tabelog.com/tokyo/A1304/A130401/13153682/
94,カフェ,タリーズコーヒー  新宿イーストサイドスクエア店,"営業時間
［月～金］7:30～20:00［土・日・祝］9:00～19:30
日曜営業
定休日
無休",東京都新宿区新宿6-27-30 新宿イーストサイドスクエア B1F,https://tabelog.com/tokyo/A1304/A130401/13146349/
95,カフェ,エクセルシオールカフェ 新宿損保ジャパンビル店,"営業時間
[月～金]7:00～22:20（L.O.22:00）[土]7:00～21:00[日・祝]8:00～21:00
日曜営業",東京都新宿区西新宿1-26 損保ジャパンビル１F,https://tabelog.com/tokyo/A1304/A130401/13076555/
96,カフェ,キクノヤコーヒー店,"営業時間
8:00～18:00モーニングは月～金当面8時頃〜16：30
定休日
日曜・祝日",東京都新宿区新宿1-6-10,https://tabelog.com/tokyo/A1304/A130402/13086619/
97,カフェ,喫茶 まちぶせ,"営業時間
11:00～19:00",東京都新宿区市谷柳町29 麹屋ビル 1F,https://tabelog.com/tokyo/A1305/A130504/13274492/
98,カフェ,スターバックス・コーヒー 新宿マルイ本館2階店,"営業時間
7:00～23:00
日曜営業
定休日
不定休（新宿マルイに準ずる）",東京都新宿区新宿3-30-13 新宿マルイ　本館 2Ｆ,https://tabelog.com/tokyo/A1304/A130401/13089689/
99,カフェ,喫茶室ルノアール 新大久保駅前店,"営業時間
[月～土]7：30～22：00[日・祝]8：00～22：00
日曜営業
定休日
なし",東京都新宿区百人町2-11-25 新戸山ビル 2F,https://tabelog.com/tokyo/A1304/A130404/13087020/
100,カフェ,CAFe NAKAI,"営業時間
［平日］9:30～18:00［土・祝］9:30～15:00
定休日
日曜日",東京都新宿区中落合1-20-15,https://tabelog.com/tokyo/A1321/A132104/13262534/
101,カフェ,Californian Poke,"営業時間
月曜日〜日曜日 11時〜24時                     ラストオーダー23時30分
日曜営業
定休日
基本無休",東京都新宿区百人町1-1-2 第二仙崎ビル 1F,https://tabelog.com/tokyo/A1304/A130401/13205526/
102,カフェ,タリーズコーヒー 早大理工店,"営業時間
[月～金]8:00～20:00[土]9:00～18:00
定休日
日曜日・祝日",東京都新宿区大久保 3-4-1,https://tabelog.com/tokyo/A1305/A130503/13127437/
103,カフェ,スターバックスコーヒー 新宿ミロード5階店,"営業時間
7:00～22:30
日曜営業
定休日
無休",東京都新宿区西新宿1-1-3 新宿ミロード 5F,https://tabelog.com/tokyo/A1304/A130401/13237474/
104,カフェ,ドトールコーヒーショップ 若松河田店,"営業時間
7:30～21:00
日曜営業
定休日
無休",東京都新宿区若松町10-1 YSビル 1F,https://tabelog.com/tokyo/A1305/A130504/13177387/
105,カフェ,カフェ ド ヴァルタージュ,"営業時間
[月火水木金] 11:30～15:00
定休日
土曜日・日曜日・祝日",東京都新宿区新宿1-31-15 2F,https://tabelog.com/tokyo/A1304/A130402/13203302/
106,カフェ,喫茶室ルノアール 西武新宿駅前店,"営業時間
[月～金]7:00～22:00[土・日・祝]7:00～22:00
日曜営業
定休日
なし",東京都新宿区歌舞伎町1-26-6 灯ビル 2F,https://tabelog.com/tokyo/A1304/A130401/13050781/
107,カフェ,ナナズグリーンティー ルミネエスト新宿店,"営業時間
10:00～20:30(L.O.)",東京都新宿区新宿3-38-1 ルミネエスト 8F,https://tabelog.com/tokyo/A1304/A130401/13235961/
108,カフェ,ア フュー ワーズ コーヒー,"営業時間
8:00～19:00
日曜営業
定休日
火曜日、隔週水曜日(その他不定休あり)",東京都新宿区新宿7-24-4,https://tabelog.com/tokyo/A1305/A130504/13243103/
109,カフェ,スターバックスコーヒー 京王新宿三丁目ビル店,"営業時間
7:00～22:00
日曜営業
定休日
無休",東京都新宿区新宿3-1-24 京王新宿三丁目ビル,https://tabelog.com/tokyo/A1304/A130401/13243090/
110,カフェ,コメダ珈琲店 高田馬場駅前店,,東京都新宿区高田馬場3-2-5 フレンドビル 2F,https://tabelog.com/tokyo/A1305/A130503/13242073/
111,カフェ,コパン,"営業時間
[月～金]7:00～21:00(L.O.20:50)[土・日・祝]8:00～20:00(L.O.19:50)
日曜営業
定休日
無休",東京都新宿区神楽坂6-50 勝村ビル　１F,https://tabelog.com/tokyo/A1309/A130905/13087827/
112,カフェ,サンマルクカフェ 新宿御苑前店,"営業時間
7:00～22:00
日曜営業
定休日
年中無休",東京都新宿区新宿1-7-10 AK-O-Fビルディング,https://tabelog.com/tokyo/A1304/A130402/13122830/
113,カフェ,リッカンコーヒー,"営業時間
9:00～18:00",東京都新宿区西早稲田2-18-25,https://tabelog.com/tokyo/A1305/A130503/13278476/
114,カフェ,MARRON PAPIER of seoul,"営業時間
［平日］9:00～20:00［土・日・祝］12:00～20:00
日曜営業
定休日
無休(ある場合はInstagramで告知)",東京都新宿区大京町26-51 AZ Music新宿御苑 1F,https://tabelog.com/tokyo/A1309/A130903/13259840/
115,カフェ,ABC canteen,"営業時間
11:00-22:00(L.O21:30)
日曜営業
定休日
ビルの定休日に準ずる／通し営業ですので、「昼時を逃してしまったランチに」「お買い物の合間に」「仕事帰りに」様々なシーンでご利用いただけます。是非お立ち寄りくださいませ。",東京都新宿区新宿3-38-1 ルミネエスト新宿 7F,https://tabelog.com/tokyo/A1304/A130401/13249997/
116,カフェ,elm green coffee,"営業時間
10:30～18:30(L.O.18:00)
日曜営業
定休日
月曜・火曜",東京都新宿区赤城下町10,https://tabelog.com/tokyo/A1309/A130905/13262297/
117,カフェ,星乃珈琲店 新宿アルタ店,"営業時間
11:00～22:30
定休日
不定休（アルタに準ずる）",東京都新宿区新宿3-24-3 新宿アルタ Ｂ１Ｆ,https://tabelog.com/tokyo/A1304/A130401/13160269/
118,カフェ,サンマルクカフェ 東京大久保店,"営業時間
7:30～22:00
日曜営業
定休日
無",東京都新宿区百人町2-23-1 ＴＳＴビル,https://tabelog.com/tokyo/A1304/A130404/13101804/
119,カフェ,ajura,"営業時間
9:00～19:30",東京都新宿区新宿1-24-1 藤和ハイタウン新宿 104,https://tabelog.com/tokyo/A1304/A130402/13280204/
120,カフェ,スターバックス・コーヒー 新宿エルタワー店,"営業時間
07:00～22:00
日曜営業
定休日
年中無休",東京都新宿区西新宿1-6-1 新宿エルタワー,https://tabelog.com/tokyo/A1304/A130401/13033642/
121,カフェ,ドトールコーヒーショップ 新宿3丁目東店,"営業時間
[月～金] 7:00～22:00 [土] 8:00～22:00 [日・祝] 8:00～21:00
日曜営業
定休日
年中無休",東京都新宿区新宿3-11-9,https://tabelog.com/tokyo/A1304/A130401/13043872/
122,カフェ,牛込珈琲店,"営業時間
[月～土]8:00～19:00[日]11:00～19:00
日曜営業",東京都新宿区納戸町12-7 第３長森ビル 1F,https://tabelog.com/tokyo/A1309/A130905/13250505/
123,カフェ,ドトールコーヒーショップ 西新宿1丁目店,"営業時間
6:30～22:00　[土] 7:00～21:00　[日・祝] 7:00～21:00　
日曜営業",東京都新宿区西新宿1-13-8 朝日新宿ビル,https://tabelog.com/tokyo/A1304/A130401/13039604/
124,カフェ,ドトールコーヒーショップ  新宿野村ビル店,"営業時間
［月～金］7:00～18:00［土・日・祝］10:00～17:00
日曜営業
定休日
無休",東京都新宿区西新宿1-26-2 新宿野村ビル B1F,https://tabelog.com/tokyo/A1304/A130401/13052513/
125,カフェ,茶房・はちはち,"営業時間
10:00～19:00
日曜営業
定休日
金曜日",東京都新宿区新小川町7-7 アゼリアビル 1F,https://tabelog.com/tokyo/A1309/A130905/13224991/
126,カフェ,パーカー カフェ,"営業時間
General Shop11:00～18:00Cafe8:00～18:00
日曜営業
定休日
月曜日",東京都新宿区新宿2-5-5 新宿土地建物第11ビル 1F,https://tabelog.com/tokyo/A1304/A130401/13279540/
127,カフェ,喫茶室ルノアール 新宿西口エステックビル店,"営業時間
[月～金]7:00～22:00[土]8:00～22:00[日・祝]8:00～21:00
日曜営業
定休日
なし",東京都新宿区西新宿1-24-1 エステック情報ビル B１F,https://tabelog.com/tokyo/A1304/A130401/13047392/
128,カフェ,カクテル＆ティーラウンジ,"営業時間
月曜～金曜日　10:00～21:00 (L.O. 20:30)土・日・祝日　11:00～21:00 (L.O. 20:30)※新型コロナウイルス感染拡大の影響により、営業時間、営業日が変更となる場合がございます
日曜営業
定休日
無休",東京都新宿区西新宿2-2-1 京王プラザホテル 本館 3Ｆ,https://tabelog.com/tokyo/A1304/A130401/13090805/
129,カフェ,BEANUS CLOVE,"営業時間
〔月〜木・日〕10:00~21:00（L.O.　20:30）〔金・土・祝日の前日〕10:00~22:00（L.O.　21:30）
日曜営業
定休日
無休〔※元旦休み〕",東京都新宿区新宿3-1-17,https://tabelog.com/tokyo/A1304/A130401/13057423/
130,カフェ,カナルカフェブティック,"営業時間
［月～土］11:30～22:00（L.O.21:00）［日・祝］11:30～21:30（L.O.20:30）※土日祝はデッキサイドのみ11:00オープン
日曜営業
定休日
不定休",東京都新宿区神楽坂1-9,https://tabelog.com/tokyo/A1309/A130905/13120158/
131,カフェ,CAFE AALIYA,"営業時間
【月~木 ・日】9:30~21:00 【金・土】 9:30~21:30
日曜営業
定休日
元日のみ",東京都新宿区新宿3-1-17 山本ビルＢ１Ｆ,https://tabelog.com/tokyo/A1304/A130401/13012089/
132,カフェ,coffee＆tea BBB,"営業時間
[火～金]9:00～21:00[月・土・日・祝]12:00～19:00
日曜営業
定休日
無休",東京都新宿区西新宿8-5-3 渡邊ビル2F,https://tabelog.com/tokyo/A1304/A130401/13052913/
133,カフェ,The Jones Cafe Bar,"営業時間
7:00～22:00（フード8:00～、ラストオーダー21:00）
日曜営業
定休日
無休",東京都新宿区西新宿3-4-7 キンプトン新宿東京 1F,https://tabelog.com/tokyo/A1304/A130401/13251761/
134,カフェ,ル・カフェ・ドゥブルベ,,東京都新宿区西新宿1-12-10 ２Ｆ,https://tabelog.com/tokyo/A1304/A130401/13000746/
135,カフェ,THE COOKIE 594 新大久保店,"営業時間
11:00～22:00
日曜営業",東京都新宿区百人町1-11-22 B1F,https://tabelog.com/tokyo/A1304/A130404/13272852/
136,カフェ,喫茶室ルノアール 新宿明治通り店,"営業時間
[全日]8:00～22:00
日曜営業
定休日
なし",東京都新宿区新宿3-13-5 クリハシビル 2F,https://tabelog.com/tokyo/A1304/A130401/13206289/
137,カフェ,星乃珈琲店 高田馬場店,"営業時間

日曜営業",東京都新宿区高田馬場2-17-15 唐橋ビル 2F,https://tabelog.com/tokyo/A1305/A130503/13233301/
138,カフェ,タリーズコーヒー 新宿小滝橋通り店,"営業時間
[月～金]7:30～20:00[土・日]8:00～20:00
日曜営業",東京都新宿区西新宿7-8-13,https://tabelog.com/tokyo/A1304/A130401/13086710/
139,カフェ,エクセルシオール カフェ 高田馬場駅前店,"営業時間
［月～金］7:00～22:00［土・日］8:00～22:00
日曜営業
定休日
無休",東京都新宿区高田馬場2-17-6 ゆう文ビル,https://tabelog.com/tokyo/A1305/A130503/13269032/
140,カフェ,メープルダイナーバイ ザ・メープルマニア 新宿店,"営業時間
10:00～21:00
日曜営業
定休日
施設に準ずる",東京都新宿区西新宿1-1-3 新宿ミロード,https://tabelog.com/tokyo/A1304/A130401/13229385/
141,カフェ,新宿御苑 中央休憩所,"営業時間
9:00～16:00
日曜営業
定休日
不定休",東京都新宿区内藤町11,https://tabelog.com/tokyo/A1304/A130401/13189149/
142,カフェ,ドトールコーヒーショップ 大久保店,"営業時間
平日　07:30 - 21:00　土曜　08:00 - 20:00　日祝　08:00 - 20:00　
日曜営業",東京都新宿区百人町1-17-7,https://tabelog.com/tokyo/A1304/A130404/13086858/
143,カフェ,CAFE CUPOLA mejiro,"営業時間
水・木・日・祝：9-17時金：11-18時土：  9-18時
日曜営業
定休日
毎週月曜、火曜 ※祝日の場合は翌日がお休みです。HP内「今月の営業カレンダー」をご確認ください",東京都新宿区下落合3-21-7 目白通りCHビル１F,https://tabelog.com/tokyo/A1305/A130502/13208387/
144,カフェ,スターバックスコーヒー 東急歌舞伎町タワー店,"営業時間
7:00～22:00
定休日
不定休",東京都新宿区歌舞伎町1-29-1 東急歌舞伎町タワー 1F,https://tabelog.com/tokyo/A1304/A130401/13283807/
145,カフェ,カンタベリ・カフェ 新宿小田急ハルク店,"営業時間
9:00～22:00(L.O.21:30)
日曜営業
定休日
無休",東京都新宿区西新宿1-5-1 新宿西口ハルク MB3F,https://tabelog.com/tokyo/A1304/A130401/13090141/
146,カフェ,ドトールコーヒーショップ 西武新宿北口店,"営業時間
［月〜金］7:30～21:00［土・日・祝］8:00～20:00
日曜営業
定休日
無休",東京都新宿区歌舞伎町2-46-7 第三平沢ビル 1F・2F,https://tabelog.com/tokyo/A1304/A130401/13072779/
147,カフェ,香港物語スイーツ,"営業時間
11:00～21:30
日曜営業
定休日
無休",東京都新宿区四谷2-11-8 オフィスコート四谷 1F,https://tabelog.com/tokyo/A1309/A130903/13260681/
148,カフェ,ドム,"営業時間
月ー金　8：30－20：00土・日11：００－19：00
日曜営業
定休日
無休",東京都新宿区新宿1-30-7,https://tabelog.com/tokyo/A1304/A130402/13076089/
149,カフェ,TSUBASA COFFEE,"営業時間
【平日】Morning  AM8:30～11:30Cafetime AM8:30〜17:00(LO)【土・日・祝】Morning  AM8:00～11:30Cafetime AM8:00〜17:00(LO)
日曜営業
定休日
不定休。 インスタグラム、GoogleMAPを参照してください。",東京都新宿区新宿1-15-12 千寿ビル 1F,https://tabelog.com/tokyo/A1304/A130402/13259936/
150,カフェ,パンデュール,"営業時間
[月～金]9:30～21:00[土]10:30～21:00
定休日
日曜日、祝日",東京都新宿区下落合1-3-19,https://tabelog.com/tokyo/A1305/A130503/13106987/
151,カフェ,ジャルダン ノスタルジック,"営業時間
[月・水・木・金] 12:00～17:00[土・日]11:30～19:00
日曜営業
定休日
火曜日",東京都新宿区天神町66-2 1F,https://tabelog.com/tokyo/A1309/A130905/13149369/
152,カフェ,カフェ オン,"営業時間
11:00～22:00(L.O.21:30)
定休日
不定休(K－PLAZAに準ずる)",東京都新宿区百人町2-1-1 K－PLAZA 2F,https://tabelog.com/tokyo/A1304/A130404/13154649/
153,カフェ,ターカリー,"営業時間
11:40～14:00夜は貸切が多い",東京都新宿区市谷薬王寺町70,https://tabelog.com/tokyo/A1305/A130504/13095083/
154,カフェ,タリーズコーヒー 新宿御苑駅前店,"営業時間
平日：7:00～20：00土 ：休業中
定休日
日曜日",東京都新宿区新宿1-6-5 共益ビル1F,https://tabelog.com/tokyo/A1304/A130402/13095966/
155,カフェ,カフェ・ベローチェ 神楽坂駅前店,"営業時間
7:00～23:00(土日、祭日も通常営業)
日曜営業
定休日
無休",東京都新宿区矢来町109 神楽坂ﾛｰｽﾞﾋﾞﾙﾃﾞｨﾝｸﾞ1F,https://tabelog.com/tokyo/A1309/A130905/13121201/
156,カフェ,セガフレード・ザネッティ・エスプレッソ 西武新宿ペペ店,"営業時間
［月～木］7:00～22:00(L.O.21:30)［土］8:00～22:00(L.O.21:30)[日・祝]8:00～21:30(L.O.21:00)
日曜営業
定休日
金曜日",東京都新宿区歌舞伎町1-30-1 新宿ペペ　１Ｆ,https://tabelog.com/tokyo/A1304/A130401/13017253/
157,カフェ,スターバックス・コーヒー 新宿三井ビル店,"営業時間
7:00〜21:00
日曜営業
定休日
不定休（「新宿三井ビル」に準ずる）",東京都新宿区西新宿2-1-1 新宿三井ビル B1F　55ひろば,https://tabelog.com/tokyo/A1304/A130401/13056050/
158,カフェ,ブレスカフェ,"営業時間
【月~金】12:00～22:00（L.O 21:00）［ランチタイム] OPEN〜14:00まで。【土日祝】11:00～22:00（L.O 21:00）［ランチタイム] OPEN〜14:00まで。※まん延防止、緊急事態宣言が発令された場合は都の指示に従い時短営業
日曜営業
定休日
なし(研修や年末年始などの臨時休業はあり)",東京都新宿区新宿3-9-4 増蔵ビル 3F,https://tabelog.com/tokyo/A1304/A130401/13123537/
159,カフェ,パティスリー マーブ 若松町店,"営業時間
[月～金]10:00～20:00[土・祝]　　　　　　　　11:00～18:00
定休日
日曜日",東京都新宿区若松町24-10-102A,https://tabelog.com/tokyo/A1305/A130504/13059402/
160,カフェ,ザ・ペニンシュラ ブティック&カフェ 伊勢丹新宿店,,東京都新宿区新宿3-14-1 伊勢丹新宿店 本館 B1F プラ ド エピスリー内,https://tabelog.com/tokyo/A1304/A130401/13251848/
161,カフェ,カフェ・パティオ,,東京都新宿区神楽坂4-3,https://tabelog.com/tokyo/A1309/A130905/13011329/
162,カフェ,星乃珈琲店 落合店,"営業時間
8:00～22:00(L.O.21:30)",東京都新宿区上落合3-8-25 FLAMP 2F,https://tabelog.com/tokyo/A1319/A131901/13221998/
163,カフェ,珈琲日記 四ツ谷店,"営業時間
9:00～17:00(L.O.16:30)
日曜営業
定休日
月曜日、他不定休",東京都新宿区若葉2-7-1 ビデオフォーカスビル 1F,https://tabelog.com/tokyo/A1309/A130903/13260497/
164,カフェ,サーティーンカフェ,"営業時間
[月～土]11:00～17:00(L.O.16:30)
定休日
日曜日･祝日",東京都新宿区歌舞伎町2-44-1 東京都健康プラザハイジア 4F,https://tabelog.com/tokyo/A1304/A130401/13196460/
165,カフェ,スタジアムカフェ,,東京都新宿区霞ヶ丘町4-1 日本青年館 1F,https://tabelog.com/tokyo/A1306/A130603/13220464/
166,カフェ,橙子猫,"営業時間
[月～金]10:00～17:00[土・日・祝] 10:00～15:00
日曜営業
定休日
不定休",東京都新宿区西早稲田1-6-1 早稲田大学国際文学館 B1F,https://tabelog.com/tokyo/A1305/A130504/13265070/
167,カフェ,まるフェ,"営業時間
【平日】　１１：００～２２：３０【土日祝】不定期営業　Instagramでお知らせ
日曜営業
定休日
なし",東京都新宿区神楽坂6-73 メイゾン勝美,https://tabelog.com/tokyo/A1309/A130905/13250502/
168,カフェ,ローレル,"営業時間
[月～金]11:00～19:00[土・日・祝]11:00～20:00
日曜営業
定休日
水曜・不定休",東京都新宿区新宿3-28-14,https://tabelog.com/tokyo/A1304/A130401/13012068/
169,カフェ,カフェ・ド・クリエ 高田馬場店,"営業時間
［月～金］6:45～20:00［土］7:00～20:00［日・祝］7:30～20:00
日曜営業
定休日
無休",東京都新宿区高田馬場4-8-7 花川ビル　１Ｆ,https://tabelog.com/tokyo/A1305/A130503/13042602/
170,カフェ,オン・ザ・コーナー,"営業時間
8:00～20:00
定休日
月曜日、日曜日、祝日",東京都新宿区改代町27,https://tabelog.com/tokyo/A1309/A130905/13087496/
171,カフェ,ラ・メゾン アンソレイユターブル ルミネ新宿店,"営業時間
【月〜金】11:00～21:30（L.O.21:00）【土・日・祝】10:30〜21:30（L.O.21:00）
日曜営業
定休日
不定休（ルミネに準ずる）",東京都新宿区新宿3-38-2 ルミネ新宿LUMINE2 5F,https://tabelog.com/tokyo/A1304/A130401/13018902/
172,カフェ,DUG,"営業時間
12:00～23:30
日曜営業
定休日
無休",東京都新宿区新宿3-15-12,https://tabelog.com/tokyo/A1304/A130401/13006685/
173,カフェ,サンマルクカフェ 西武新宿ぺぺ店,"営業時間
10:00～21:30
日曜営業
定休日
無休",東京都新宿区歌舞伎町1-30-1 西武新宿ぺぺ B2F,https://tabelog.com/tokyo/A1304/A130401/13116872/
174,カフェ,シュベール 新大久保店,"営業時間
［月～金］8:00～20:00(L.O.19:20)［土・日・祝］8:00～19:00(L.O.18:20)
日曜営業
定休日
無休",東京都新宿区百人町2-4-1 サンビル 2F,https://tabelog.com/tokyo/A1304/A130404/13053984/
175,カフェ,ムーン ミカ タカハシ コーヒー サロン,"営業時間
13:00～18:00(L.O.17:30)
日曜営業
定休日
不定休",東京都新宿区四谷4-28-16 吉岡ビル 3Ｆ,https://tabelog.com/tokyo/A1304/A130402/13223801/
176,カフェ,vivo daily stand  大久保店,"営業時間
11:00～26:00(LUNCH　11:00～15:00)
日曜営業
定休日
年中無休",東京都新宿区百人町1-15-33 ホテルEMPIRE 1F,https://tabelog.com/tokyo/A1304/A130404/13146832/
177,カフェ,forucafe,"営業時間
9:00～18:00(L.O17:00)
日曜営業
定休日
不定休",東京都新宿区西早稲田2-4-26 1F,https://tabelog.com/tokyo/A1305/A130504/13159901/
178,カフェ,カフェ・ベローチェ 西新宿店,"営業時間
7:00～23:00
日曜営業
定休日
無休",東京都新宿区西新宿7-10-7 加賀谷ビル １F,https://tabelog.com/tokyo/A1304/A130401/13116459/
179,カフェ,茶咖匠,"営業時間
11:00～22:00
日曜営業
定休日
無休",東京都新宿区北新宿3-1-21 大塚ビル 1F,https://tabelog.com/tokyo/A1304/A130404/13219442/
180,カフェ,イマノ トウキョウ カフェアンドバー,"営業時間
［カフェ］7:00～10:3011:00～16:00［バー］17:00～22:00(料理L.O.21:00)
日曜営業
定休日
無休",東京都新宿区新宿5-12-2 IMANO TOKYO HOSTEL,https://tabelog.com/tokyo/A1304/A130401/13191322/
181,カフェ,Spicier スパイスチャイとインドカレーパン,"営業時間
11:30～18:30
日曜営業
定休日
月曜日、火曜日",東京都新宿区神楽坂3-2-33 102,https://tabelog.com/tokyo/A1309/A130905/13280101/
182,カフェ,ARTNIA,"営業時間
11:00～22:00
日曜営業
定休日
不定休",東京都新宿区新宿6-27-30 新宿イーストサイドスクエア 1F,https://tabelog.com/tokyo/A1304/A130401/13151040/
183,カフェ,ロマン,"営業時間
11:30〜19:00
日曜営業
定休日
お正月",東京都新宿区高田馬場2-18-11 稲門ビル M2F,https://tabelog.com/tokyo/A1305/A130503/13076359/
184,カフェ,Solewカフェ,,東京都新宿区新宿2-8-1,https://tabelog.com/tokyo/A1304/A130402/13279570/
185,カフェ,スターバックスコーヒー 新宿中央公園 SHUKNOVA店,"営業時間
7:00～21:00
定休日
不定休",東京都新宿区西新宿2-11-5 SHUKNOVA 1F,https://tabelog.com/tokyo/A1304/A130401/13248980/
186,カフェ,ハタケカフェ,"営業時間
10:00～20:00(L.O.19:30)
日曜営業
定休日
不定休（新宿伊勢丹の休館日に合わせた日にちになります）",東京都新宿区新宿3-14-1 伊勢丹新宿店 B2F,https://tabelog.com/tokyo/A1304/A130401/13146662/
187,カフェ,カフェ・ベローチェ 飯田橋駅東口店,"営業時間
7:00～23:00
日曜営業
定休日
年中無休",東京都新宿区揚場町1-21 飯田橋升本ビル 1F,https://tabelog.com/tokyo/A1309/A130905/13100772/
188,カフェ,喫茶室ルノアール 新宿西口駅前店,"営業時間
[月～金]7:30～22:00[土・日・祝]7:30～22:00
日曜営業
定休日
なし",東京都新宿区西新宿1-17-1 日本生命西新宿ビル2F,https://tabelog.com/tokyo/A1304/A130401/13050296/
189,カフェ,ル カフェ ドゥ ジョエル･ロブション ニュウマン新宿店,"営業時間
［月～金］8:00～21:30［土・日・祝］8:00～21:00
日曜営業
定休日
不定休",東京都新宿区新宿4-1-6 NEWoMan SHINJUKU 1F,https://tabelog.com/tokyo/A1304/A130401/13193558/
190,カフェ,味陶庵 志奈川,"営業時間
11:30～14:30(L.O.)
定休日
土曜・日曜・祝日",東京都新宿区西新宿4-11-19,https://tabelog.com/tokyo/A1304/A130401/13146555/
191,カフェ,コメダ珈琲店 新宿靖国通り店,"営業時間
【日～木・祝日】 8:00～23:00 （LO.22:30）【金・土・祝前日】8:00～5:00（ﾌｰﾄﾞ L.O 4:00/ ﾄﾞﾘﾝｸ L.O 4:15）※年末年始･お盆期間は営業時間が異なる場合がございます｡
日曜営業
定休日
無休",東京都新宿区歌舞伎町1-16-3 セレサ陽栄新宿ビル 2F,https://tabelog.com/tokyo/A1304/A130401/13205200/
192,カフェ,CEN CAFE,"営業時間
OPEN 9:00~CLOSE 21:00(L.O 20:30)
日曜営業
定休日
無休",東京都新宿区百人町1-5-19 HOTEL CEN,https://tabelog.com/tokyo/A1304/A130404/13238858/
193,カフェ,コメダ珈琲店 新宿ファーストウエスト店,"営業時間
［月～金］7:00～22:20［土・日・祝］8:00～21:50
日曜営業
定休日
無休",東京都新宿区西新宿1-23-7 新宿ファーストウエストビル 1F,https://tabelog.com/tokyo/A1304/A130401/13276239/
194,カフェ,GOOD DRINK,"営業時間
11:00～18:00
日曜営業
定休日
水曜日",東京都新宿区市谷薬王寺町67 ハイツ神田 1F,https://tabelog.com/tokyo/A1305/A130504/13265285/
195,カフェ,スターバックス・コーヒー 新宿マルイ本館8階店,"営業時間
[月～土]11:00～21:00[日・祝]11:00～20:30
定休日
不定休（新宿マルイに準ずる）",東京都新宿区新宿3-30-13 新宿マルイ　本館 8Ｆ,https://tabelog.com/tokyo/A1304/A130401/13089690/
196,カフェ,BECK'S COFFEE SHOP 新宿店,"営業時間
[月～日]6:15～22:00
日曜営業
定休日
無休",東京都新宿区新宿3 新宿駅中央東口改札内,https://tabelog.com/tokyo/A1304/A130401/13043703/
197,カフェ,カフェ ナード 新宿店,,東京都新宿区歌舞伎町2-19-11 新宿シャロームビル 1F,https://tabelog.com/tokyo/A1304/A130401/13176490/
198,カフェ,マリアージュ フレール 新宿店,"営業時間
11:00～20:00(L.O.19:00)
日曜営業
定休日
無休",東京都新宿区新宿3-14-25,https://tabelog.com/tokyo/A1304/A130401/13004298/
199,カフェ,saryo ITOEN 京王新宿店,,東京都新宿区西新宿1-1-4 京王百貨店新宿店 2F,https://tabelog.com/tokyo/A1304/A130401/13256556/
200,カフェ,OGA BAR by 小笠原伯爵邸,"営業時間
12:00～20:00 (L.O.および商品購入19:30まで)
日曜営業
定休日
年中無休",東京都新宿区河田町10-10 小笠原伯爵邸,https://tabelog.com/tokyo/A1305/A130504/13050639/
201,カフェ,スワンプ,"営業時間
7:00～19:00
日曜営業
定休日
水曜日",東京都新宿区西新宿駅7-21-12 れんげ荘,https://tabelog.com/tokyo/A1304/A130401/13276179/
202,カフェ,オスロ コーヒー 新宿サブナード店,"営業時間
10:00〜22:00（L.O.21:30）
日曜営業
定休日
不定休（サブナードに準ずる）",東京都新宿区歌舞伎町1 新宿サブナード1号,https://tabelog.com/tokyo/A1304/A130401/13208626/
203,カフェ,タリーズコーヒー 神楽坂店,"営業時間
平日：7:30～20:00土 ：8:00～18:00日祝：8:00～18:00
日曜営業",東京都新宿区箪笥町22 伊藤園神楽坂ビル 1F,https://tabelog.com/tokyo/A1309/A130905/13094548/
204,カフェ,マリオンクレープ 新宿モア4カフェ店,,東京都新宿区新宿3-20 MOA4番街 路上　新宿モア4番街（新宿駅東口 新宿区三丁目）,https://tabelog.com/tokyo/A1304/A130401/13077932/
205,カフェ,スターバックス・コーヒー ルミネ新宿店,"営業時間
11:00～23:00(L.O.22:30)
日曜営業
定休日
不定休",東京都新宿区西新宿1-1-5 ルミネ新宿LUMINE1 6F,https://tabelog.com/tokyo/A1304/A130401/13033603/
206,カフェ,素多亜,,東京都新宿区新宿3-17-24 スタービル B1F,https://tabelog.com/tokyo/A1304/A130401/13012094/
207,カフェ,カフェテラス ロイ,"営業時間
7:30～20:00(L.O.19:30)
日曜営業
定休日
無休",東京都新宿区西新宿6-12-39 ダイワロイネットホテル西新宿 2F,https://tabelog.com/tokyo/A1304/A130401/13238985/
208,カフェ,タリーズコーヒー ルミネエスト新宿B1店,"営業時間
8:00～22:00
日曜営業
定休日
無休",東京都新宿区新宿3-38-1 ルミネエスト新宿店 B1F,https://tabelog.com/tokyo/A1304/A130401/13257646/
209,カフェ,カフェ ベローチェ 新宿三丁目店,"営業時間
7:00～23:00
日曜営業
定休日
年中無休",東京都新宿区新宿3-1-26 新宿三丁目イーストビル B1F,https://tabelog.com/tokyo/A1304/A130401/13091633/
210,カフェ,丸橋珈琲,,東京都新宿区三栄町25,https://tabelog.com/tokyo/A1309/A130903/13144972/
211,カフェ,CAFE ONE HALF,,東京都新宿区新宿4-1-10 新宿ヴィクトリアビル B1,https://tabelog.com/tokyo/A1304/A130401/13055033/
212,カフェ,茶傳也,"営業時間
[月～金]10:00-19:00[土]10:00-19:00
定休日
日・祝日",東京都新宿区西新宿6-5-1 新宿アイランドタワー B1F,https://tabelog.com/tokyo/A1304/A130401/13085179/
213,カフェ,SASAYAIORI+ 新宿御苑,"営業時間
[月～金]9:00～16:10[土・日・祝]9:00～17:30
日曜営業
定休日
新宿御苑の閉園日に順じる",東京都新宿区内藤町11 新宿御苑 中央休憩所,https://tabelog.com/tokyo/A1304/A130401/13270503/
214,カフェ,喫茶室ルノアール 新宿大ガード店,"営業時間
[月～金]7：30-22：00 [土・日・祝]7：30-22：00
日曜営業
定休日
なし",東京都新宿区西新宿7-1-1 新宿カレイドビル 2F,https://tabelog.com/tokyo/A1304/A130401/13087018/
215,カフェ,The tee Tokyo　supported by MLESNA TEA,"営業時間
11:00～20:00（L.O.19:30）
日曜営業
定休日
無※年末年始　および　臨時休業を除く",東京都新宿区箪笥町30,https://tabelog.com/tokyo/A1309/A130905/13207005/
216,カフェ,問いカフェ,"営業時間
[月～土曜日] 10：00～20：00(L.O19:30)
定休日
日曜日、年末年始、施設点検日",東京都新宿区市谷田町1-14-1 DNPプラザ 1F,https://tabelog.com/tokyo/A1309/A130904/13164940/
217,カフェ,珈琲貴族エジンバラ,"営業時間
※24時間営業
日曜営業
定休日
無休",東京都新宿区新宿3-2-4 新宿M&Eスクエアビル 2F,https://tabelog.com/tokyo/A1304/A130401/13017217/
218,カフェ,エクセルシオール カフェ 新宿小滝橋通り店,"営業時間
［月～金］7:00～22:00［土・日］8:00～21:00
日曜営業
定休日
無休",東京都新宿区西新宿7-2-5 TH西新宿ビル 1F・2F,https://tabelog.com/tokyo/A1304/A130401/13217773/
219,カフェ,サンリンシャ,"営業時間
[月・土]11:15～17:00　(L.O)16:30[火・木・金]11:15～20:00　（L.O19:30)[水]11:15～15:00  (L.O)14:30月や状況により営業時間が変わりますのでお出掛けの際はお気軽にお電話でのご確認・ご予約をお勧めいたします。
定休日
日曜日・祝日",東京都新宿区高田馬場4-4-10 コーポラス徳光 1F,https://tabelog.com/tokyo/A1305/A130503/13165298/
220,カフェ,ル サロン ド ニナス 小田急百貨店新宿,"営業時間
10：00～20：30※日曜・祝日は～20：00 
日曜営業",東京都新宿区西新宿1-5-1 小田急ハルク　M2F,https://tabelog.com/tokyo/A1304/A130401/13215518/
221,カフェ,CoffeeLounge Lemon,"営業時間
営業時間　　　　　　　１１：３０　～　１９：００
日曜営業
定休日
不定休（毎月異なるので、当店ホームページ内　newsにてご確認ください。)",東京都新宿区新宿3-14-24 パークシティ 3,https://tabelog.com/tokyo/A1304/A130401/13089601/
222,カフェ,カフェテラスボンテ 信濃町店,"営業時間
8:00～21:00モーニングタイム：8:00～11:00",東京都新宿区信濃町34 トーシン信濃町駅前ビル 1F,https://tabelog.com/tokyo/A1309/A130901/13087589/
223,カフェ,MOVE CAFE,"営業時間
【月〜金】11:30-20:00 L.O19:15【土、日】11:30-21:00 L.O20:15ランチタイム　11：30～16：00
日曜営業
定休日
年中無休 (臨時休業日あり)",東京都新宿区新宿5-16-7 加丸屋ビル2F・3F,https://tabelog.com/tokyo/A1304/A130401/13053673/
224,カフェ,サンマルクカフェ 新宿アイランド店,"営業時間
[月～金]7:00～22:00 [土・日・祝]8:00～21:00
日曜営業
定休日
無休",東京都新宿区西新宿6-5-1 新宿アイランドタワー パティオ,https://tabelog.com/tokyo/A1304/A130401/13143310/
225,カフェ,夏目坂珈琲,"営業時間
11:00～17:00
日曜営業
定休日
なし",東京都新宿区戸山1-11-10 Rビル 1F,https://tabelog.com/tokyo/A1305/A130504/13263671/
226,カフェ,Sweets&Champagne A LA MODE,"営業時間
20：00～5：00
日曜営業
定休日
無休",東京都新宿区歌舞伎町1-17-5 和田久ビル B1F,https://tabelog.com/tokyo/A1304/A130401/13263888/
227,カフェ,茶々工房,"営業時間
12:00～19:00(L.O.18:30)
定休日
日曜・祝日",東京都新宿区西早稲田2-21-19,https://tabelog.com/tokyo/A1305/A130503/13104991/
228,カフェ,椿屋珈琲 新宿茶寮,"営業時間
8:00～翌5:00
日曜営業
定休日
無休",東京都新宿区新宿3-36-12 杉忠ビル 2F・3F,https://tabelog.com/tokyo/A1304/A130401/13023347/
229,カフェ,ロイトシロ,"営業時間
［水～土］21:00～翌1:00(L.O.24:00)［日］13:30～21:00
日曜営業
定休日
月曜日、火曜日",東京都新宿区歌舞伎町2-41-3 レオ寿ビル 3F,https://tabelog.com/tokyo/A1304/A130401/13236139/
230,カフェ,BECK'S COFFEE SHOP 高田馬場店,"営業時間

日曜営業",東京都新宿区高田馬場1-35-2 JR高田馬場駅 早稲田口改札外,https://tabelog.com/tokyo/A1305/A130503/13265905/
231,カフェ,ピアーズカフェ 西武新宿店,"営業時間
7:00～21:00
日曜営業
定休日
無休",東京都新宿区歌舞伎町1-30-1 西武新宿ペペ ブリックストリート,https://tabelog.com/tokyo/A1304/A130401/13193528/
232,カフェ,PEARL LADY CHA BAR 新宿店,"営業時間
12:00～20:00
日曜営業
定休日
無休",東京都新宿区新宿3-27-10 武蔵野ビル B1F,https://tabelog.com/tokyo/A1304/A130401/13050915/
233,カフェ,タリーズコーヒー 飯田橋東口店,"営業時間
［月～金］7:00～21:00［土・日］8:00～19:00
日曜営業
定休日
無休",東京都新宿区揚場町1-14,https://tabelog.com/tokyo/A1309/A130905/13180593/
234,カフェ,カフェ・ド・クリエ 新宿フロントタワー店,"営業時間
7:00～19:00
日曜営業
定休日
無休",東京都新宿区北新宿2-21-1 新宿フロントタワー 1F,https://tabelog.com/tokyo/A1304/A130401/13132042/
235,カフェ,コメダ珈琲店 新宿三丁目店,"営業時間
7:00～23:00
日曜営業",東京都新宿区新宿3-1-16 京王新宿追分第二ビル 2F,https://tabelog.com/tokyo/A1304/A130401/13274424/
236,カフェ,Arbor  Coffee,"営業時間
9:00～17:00
日曜営業
定休日
水曜日",東京都新宿区西五軒町7-11 田中ビル 1F,https://tabelog.com/tokyo/A1309/A130905/13271502/
237,カフェ,Paul Bassett 新宿,"営業時間
【平日】 7:30 - 20:00（LO 19:30）【土日祝】9:00 - 20:00（LO 19:30）※テイクアウトドリンクOK♪併設の「PIZZA SALVATORE CUOMO & BAR 新宿」スタッフがご案内いたします。
日曜営業
定休日
無休",東京都新宿区西新宿1-26-2 新宿野村ビル B1F,https://tabelog.com/tokyo/A1304/A130401/13026041/
238,カフェ,マックス,"営業時間
[月～土]8:00～22:00[日・祝]8:00～20:00
日曜営業
定休日
なし",東京都新宿区西新宿5-6-4,https://tabelog.com/tokyo/A1304/A130401/13088694/
239,カフェ,珈琲店・香磁,,東京都新宿区早稲田鶴巻町521,https://tabelog.com/tokyo/A1305/A130504/13089630/
240,カフェ,スターバックス・コーヒー 西武高田馬場駅店,"営業時間
06:00～23:00
定休日
年中無休",東京都新宿区高田馬場1-35-2 西武高田馬場駅構内,https://tabelog.com/tokyo/A1305/A130503/13033068/
241,カフェ,ボルカン,"営業時間
［月～金］10:00～17:00［土］10:00～17:00
定休日
日曜日、祝日",東京都新宿区細工町1-2 ブルーヘヴンハウス 1F,https://tabelog.com/tokyo/A1309/A130905/13006377/
242,カフェ,NEW YORKER'S Cafe 新宿エステックビル店,"営業時間
[月～土]７:00～22:00[土・日・祝]8:00～21:30
日曜営業
定休日
なし",東京都新宿区西新宿1-24-1 エステック情報ビル 1F,https://tabelog.com/tokyo/A1304/A130401/13086955/
243,カフェ,ラ・ムー,"営業時間
9:00～22:00
定休日
日曜",東京都新宿区北新宿3-4-7,https://tabelog.com/tokyo/A1304/A130404/13048655/
244,カフェ,Cafe Shakey's,"営業時間
11:00～21:00（L/O20：00）ご来店をお待ちしております。
日曜営業
定休日
無し（年末年始のみ）",東京都新宿区霞ヶ丘町14-1 明治神宮外苑信濃町休憩所　１Ｆ,https://tabelog.com/tokyo/A1309/A130901/13054327/
245,カフェ,三茶一生,"営業時間
11：00～22：00（L.O.22：00）
日曜営業
定休日
無",東京都新宿区高田馬場1-25-31,https://tabelog.com/tokyo/A1305/A130503/13211677/
246,カフェ,珈琲専門 猫廼舎,"営業時間
［水・木・金・土］12:00～24:00［日］12:00～18:00
日曜営業
定休日
月曜日、火曜日",東京都新宿区荒木町8 根本ビル 1F,https://tabelog.com/tokyo/A1309/A130903/13185712/
247,カフェ,latte chano-mama,"営業時間
10:00～20:00（L.O 19:00） 伊勢丹新宿本店の営業時間に準じます。誠に勝手ながら、2023年9月1日(金) 伊勢丹新宿店本館・メンズ館は全館イベント開催につき休業させていただきます。
日曜営業
定休日
無休",東京都新宿区新宿3-14-1 伊勢丹新宿店本館　6F,https://tabelog.com/tokyo/A1304/A130401/13176057/
248,カフェ,COVERT COFFEE,"営業時間
10:00～21:00",東京都新宿区新宿3-27-10 武蔵野ビル B1F,https://tabelog.com/tokyo/A1304/A130401/13275633/
249,カフェ,Gather by UNPLAN,"営業時間
Open 8:00-18:00(L.O17:00)Morning 8:00-11:00(L.O10:45)Lunch 11:30-15:00
日曜営業
定休日
年末年始",東京都新宿区天神町23-1 UNPLAN kagurazaka 1F,https://tabelog.com/tokyo/A1309/A130905/13194305/
250,カフェ,Cafeひととき,"営業時間
[月～土]9:30～18:00(ラストオーダー1時間前)<ランチ>11:00前後仕込み終わり次第からご提供可無くなり次第終了
定休日
日曜•祝日•第1土曜•第3土曜",東京都新宿区下落合4-25-7 コンフォート目白　１F,https://tabelog.com/tokyo/A1321/A132101/13091020/
251,カフェ,はなのき,,東京都新宿区内藤町11,https://tabelog.com/tokyo/A1304/A130402/13146693/
252,カフェ,プリミエール,"営業時間
［月～金］10:00～20:00［土］10:00～17:00
定休日
日曜日、祝日",東京都新宿区早稲田町77-21,https://tabelog.com/tokyo/A1305/A130504/13009114/
253,カフェ,カフェ・ド・クリエ 曙橋店,"営業時間
[月～金]7:00～20:00[土・日・祝]8:00～19:00
日曜営業
定休日
無休",東京都新宿区住吉町1-20 角張ビル 1F,https://tabelog.com/tokyo/A1309/A130903/13086577/
254,カフェ,Cafe&Barカトレア,"営業時間
9:00～21:30(L.O)
定休日
不定休日あり",東京都新宿区市谷本村町4-1 ホテルグランドヒル市ヶ谷 東館 1Ｆ,https://tabelog.com/tokyo/A1309/A130904/13153828/
255,カフェ,早苗,"営業時間
[月～土]11:00～20:00 [日・祝]13:00～19:00
日曜営業",東京都新宿区戸塚町1-102,https://tabelog.com/tokyo/A1305/A130504/13200472/
256,カフェ,Cafe BingGo,"営業時間
平日　10：00～22：30（L/O　10：00）土日祝　10：00～23：00（L/O　10：30）
日曜営業
定休日
年中無休",東京都新宿区百人町2‐2‐3 TRN新大久保ビル 2～3F,https://tabelog.com/tokyo/A1304/A130404/13226628/
257,カフェ,アンサンク,"営業時間
[火～金] 11：30～19：00（L.O.18:30）[土] 11：30～18：00（L.O.17:30）
定休日
日・月",東京都新宿区荒木町15 サンシャトー四谷２０１,https://tabelog.com/tokyo/A1309/A130903/13119966/
258,カフェ,コーヒー　フラジャイル,"営業時間
11:30～18:00
定休日
毎週金曜日",東京都新宿区新宿3-11-6 エクレ新宿 B102,https://tabelog.com/tokyo/A1304/A130401/13165114/
259,カフェ,BERG,"営業時間
07:00～23:00 (L.O.22:30)
日曜営業
定休日
無休",東京都新宿区新宿3-38-1 ルミネエスト新宿店 B1F,https://tabelog.com/tokyo/A1304/A130401/13004332/
260,カフェ,サナギ  新宿,"営業時間
ランチ　11:00～15:00カフェ　15:00～17:00ディナー　17:00～23:00
日曜営業
定休日
不定休（NEWoManに準ずる）",東京都新宿区新宿3-35-6サナギ 新宿,https://tabelog.com/tokyo/A1304/A130401/13203241/
261,カフェ,17/F,,東京都新宿区西早稲田2-4-26 FRONT RIVER 1F,https://tabelog.com/tokyo/A1305/A130504/13247036/
262,カフェ,エクセルシオールカフェ 新宿アイランド店,"営業時間
［月～金］7:00～21:00［土・日・祝］8:00～21:00
日曜営業
定休日
無休",東京都新宿区西新宿6-5-1 新宿アイランドタワー,https://tabelog.com/tokyo/A1304/A130401/13086544/
263,カフェ,カフェ・ラフィーネ,"営業時間
[月～金]8:00～18:00[土]9:00～15:00
定休日
日曜・祝日",東京都新宿区西新宿3-2-9 ワシントンホテル 本館 B1F,https://tabelog.com/tokyo/A1304/A130401/13056772/
264,カフェ,喫茶室ルノアール 新宿ハルク横店,"営業時間
[月～金]7：30-22：00[土曜日]7：30-22：00[日祭日]8：00-22：00 
日曜営業
定休日
なし",東京都新宿区西新宿1-5-11 三葉ビルB1,https://tabelog.com/tokyo/A1304/A130401/13037020/
265,カフェ,カフェ・ベローチェ 新宿二丁目店,"営業時間
7:00～23:00
日曜営業
定休日
年中無休",東京都新宿区新宿2-15-22 S2ビル1F,https://tabelog.com/tokyo/A1304/A130401/13058851/
266,カフェ,珈琲茶館　集 新宿店,"営業時間
10:00～23:30（L.O.フード 22:30／ドリンク・ケーキ 23:00）
日曜営業
定休日
無休",東京都新宿区歌舞伎町1-17-12 第一浅川ビル 2F,https://tabelog.com/tokyo/A1304/A130401/13053936/
267,カフェ,RITUEL CAFE ルミネ新宿店,"営業時間
[平日]9:00～21:00(LO20:00)[土・日・祝]8:00～21:00(LO20:00)　＜モーニング＞　～11:00　＜ランチ＞　11:00～15:00(LO14:30)＜ディナー＞　17:00〜22:00(LO21:30)
日曜営業
定休日
施設に準ずる",東京都新宿区西新宿1-1-5 ルミネ新宿LUMINE1 B2F,https://tabelog.com/tokyo/A1304/A130401/13247172/
268,カフェ,コロンバン 京王新宿サロン,"営業時間
11:00～22:00
日曜営業
定休日
不定休（京王百貨店に準ずる）",東京都新宿区西新宿1-1-4 京王百貨店新宿店 8F,https://tabelog.com/tokyo/A1304/A130401/13055084/
269,カフェ,Dishers 新宿住友ビル店,"営業時間
[月～金]7:00～21:00(L.O.20:30)[土・日・祝]11:00～21:00(L.O.20:30)
日曜営業
定休日
年中無休（ビル休館日や点検日を除く）",東京都新宿区西新宿2-6-1 新宿住友ビル B1F,https://tabelog.com/tokyo/A1304/A130401/13247652/
270,カフェ,THE THREE LITTLE PIGS,"営業時間
[月～金] 11:30～18:00 
日曜営業
定休日
土曜日・日曜日・祝日",東京都新宿区新宿7-3-36 戸山センチュリー 103,https://tabelog.com/tokyo/A1305/A130504/13184347/
271,カフェ,名曲･珈琲 新宿 らんぶる,"営業時間
月〜土　9:30〜20:00日　9:30〜18:00土、日、祝は一部メニューはやってません。
日曜営業
定休日
12月31日、1月1日、2日",東京都新宿区新宿3-31-3 １Ｆ・Ｂ１Ｆ,https://tabelog.com/tokyo/A1304/A130401/13000865/
272,カフェ,Vegetable base TOKYO,"営業時間
[月～金]11:00～15:00(イートイン　L.O.14:30)17:00〜20:30(イートイン　L.O.20:00)[土・日・祝]11:00〜20:30(イートイン　L.O 20:00)
日曜営業
定休日
不定休",東京都新宿区神楽坂5-32-3,https://tabelog.com/tokyo/A1309/A130905/13264969/
273,カフェ,タリーズコーヒー 新宿コクーンタワー店,"営業時間
通常［月〜日］不定休8:00～21:002020年8月中［月〜日］8:00〜20:00不定休予定
日曜営業
定休日
無休
※8月中は営業時間短縮で営業いたします。",東京都新宿区西新宿1-7-3 モード学園コクーンタワー 1F,https://tabelog.com/tokyo/A1304/A130401/13124954/
274,カフェ,モリバコーヒー 四谷二丁目店,"営業時間
［月～金］6:30～21:30［土・日・祝］6:45～21:30
日曜営業
定休日
無休",東京都新宿区四谷2-10 第２太郎ビル １Ｆ,https://tabelog.com/tokyo/A1309/A130903/13055296/
275,カフェ,いーぐる,"営業時間
11:30～23:20(L.O.22:50)
定休日
日曜日、祝日",東京都新宿区四谷1-8-6 ホリナカビル B1F,https://tabelog.com/tokyo/A1309/A130902/13012176/
276,カフェ,カフェのある暮らしとお菓子のお店,"営業時間
11:00～19:00(L.O18:00)
日曜営業
定休日
月曜日、火曜日、水曜日、木曜日",東京都新宿区住吉町10-13 KRビル 101,https://tabelog.com/tokyo/A1309/A130903/13272766/
277,カフェ,ガーデン ラウンジ,"営業時間
11：00～18：30（ラストオーダー 18：00）※状況により変更となる場合がございますので、あらかじめご了承ください。
日曜営業
定休日
無休",東京都新宿区戸塚町1-104-19 リーガロイヤルホテル東京 1F,https://tabelog.com/tokyo/A1305/A130504/13018940/
278,カフェ,Short Cake Company,"営業時間
［火～日］18:00～24:00
日曜営業
定休日
月曜日",東京都新宿区歌舞伎町1-15-9 常盤ビル第二 2F,https://tabelog.com/tokyo/A1304/A130401/13291083/
279,カフェ,喫茶室ルノアール 新宿南口ルミネ前店,"営業時間
[全日]8：00～22：00
日曜営業
定休日
なし",東京都新宿区西新宿1-18-1 小川ビル B1,https://tabelog.com/tokyo/A1304/A130401/13162978/
280,カフェ,eat more SOUP&BREAD,"営業時間
【全日】11：00～22：00　(L.O 21:00)
日曜営業
定休日
施設に準ずる",東京都新宿区新宿3-38-1 ルミネエスト 7F,https://tabelog.com/tokyo/A1304/A130401/13158436/
281,カフェ,珈琲 タイムス,"営業時間
月〜土　8:00～22:00日　8:00〜21:00
日曜営業
定休日
無休（臨時のお休みがある場合は店頭にて告知あり）",東京都新宿区新宿3-35-11 タイムスビル 1F,https://tabelog.com/tokyo/A1304/A130401/13059046/
282,カフェ,キーズカフェ ビックロ新宿店,"営業時間
10:00～20:00
日曜営業
定休日
無休",東京都新宿区新宿3-29-1 ビックロ新宿店 B1F,https://tabelog.com/tokyo/A1304/A130401/13183690/
283,カフェ,Merci,"営業時間
11:00～18:00",東京都新宿区市谷台町17-2,https://tabelog.com/tokyo/A1309/A130903/13246952/
284,カフェ,Caffe CIELO,"営業時間
[月〜金]8：00〜20：30[土・日・祝]9：00〜19：30
日曜営業
定休日
なし",東京都新宿区高田馬場1-31-8,https://tabelog.com/tokyo/A1305/A130503/13094403/
285,カフェ,アフターオールコーヒー,"営業時間
[月・木～日]11:00～23:00
日曜営業
定休日
火曜・水曜",東京都新宿区西新宿7-15-14,https://tabelog.com/tokyo/A1304/A130401/13273581/
286,カフェ,エクセルシオールカフェ  新宿三丁目店,"営業時間
8:00～23:00
日曜営業
定休日
無休",東京都新宿区新宿3-28-15,https://tabelog.com/tokyo/A1304/A130401/13190937/
287,カフェ,Delices tarte&cafe 新宿ミロード店,"営業時間
11:00～21:00
日曜営業
定休日
不定休",東京都新宿区西新宿1-1-3 新宿ミロード 2F,https://tabelog.com/tokyo/A1304/A130401/13267796/
288,カフェ,喫茶室ルノアール 新宿西口1丁目店,"営業時間
[月～土] 7:30～22:00[日・祝] 8:00～22:00
日曜営業
定休日
なし",東京都新宿区西新宿1-4-1 西新宿プリンスビル B1F,https://tabelog.com/tokyo/A1304/A130401/13183815/
289,カフェ,馬場FLAT HANARE,"営業時間
毎月第二月曜定休日ランチ11:00〜15:00(LO:14:00)ディナー17:00～21:00(LO:20:30)
日曜営業
定休日
毎月第二月曜日",東京都新宿区大久保3-10 オレンジコート内,https://tabelog.com/tokyo/A1305/A130503/13224742/
290,カフェ,カフェ ベローチェ 新宿サブナード店,"営業時間
［月～金］7:00～21:00［土・日・祝］7:30～21:00
日曜営業
定休日
無休",東京都新宿区歌舞伎町1 新宿サブナード地下街,https://tabelog.com/tokyo/A1304/A130401/13027518/
291,カフェ,シルエット,"営業時間
[月～木]7:00～22:00[金]7:00～22:45[土]7:30～22:45[日・祝]8:00～22:00
日曜営業
定休日
小田急エース南館に準ずる",東京都新宿区西新宿1 西口地下街1号 小田急エース南館,https://tabelog.com/tokyo/A1304/A130401/13264623/
292,カフェ,カフェ・ハイチ 新宿センタービル店,"営業時間
［月～金］8:00～21:00(L.O.20:30)［土・日・祝］11:00～20:00(L.O.19:30)
日曜営業
定休日
無休",東京都新宿区西新宿1-25-1 新宿センタービル MB1F,https://tabelog.com/tokyo/A1304/A130401/13019157/
293,カフェ,クムコーヒー ルミネエスト新宿店,"営業時間
[月～金・土日祝]11:30~22:00（LO 21:15）
日曜営業
定休日
なし　施設に準ずる",東京都新宿区新宿3-38-1 ルミネエスト新宿 8F,https://tabelog.com/tokyo/A1304/A130401/13264136/
294,カフェ,アロン,"営業時間
[月･火･木～土]7:30~20:00[水]9:30～20:00
定休日
日祝",東京都新宿区北新宿4-13-12,https://tabelog.com/tokyo/A1319/A131901/13087330/
295,カフェ,壹番館,"営業時間
[月～金]8:00～18:00[土・祝]9:00～17:00
定休日
毎週日曜",東京都新宿区信濃町30,https://tabelog.com/tokyo/A1309/A130901/13076519/
296,カフェ,喫茶 タビビトの木,"営業時間
［月・火・木・金・土」11:00～21:00［日］11:00～20:00
日曜営業
定休日
水曜日",東京都新宿区西早稲田2-1-2,https://tabelog.com/tokyo/A1305/A130504/13209831/
297,カフェ,コメダ珈琲店 新宿御苑前店,"営業時間
7:00～21:30
日曜営業
定休日
無休",東京都新宿区新宿1-10-1 文芸社ビル 1F,https://tabelog.com/tokyo/A1304/A130402/13206471/
298,カフェ,プロント 高田馬場店,"営業時間
［月～金］7:00～22:00［土・日］7:00～18:00
日曜営業
定休日
無休",東京都新宿区高田馬場1-33-13 千年ビル B1F,https://tabelog.com/tokyo/A1305/A130503/13164918/
299,カフェ,薬王寺カフェ,,東京都新宿区市谷薬王寺町66 戸塚ビル1F,https://tabelog.com/tokyo/A1305/A130504/13135506/
300,カフェ,サンマルクカフェ 新宿モノリスビル店,"営業時間
[月～金]7:30～20:00[土]10:00～19:00
定休日
日曜日 祝日 不定休日あり",東京都新宿区西新宿2-3-1,https://tabelog.com/tokyo/A1304/A130401/13153768/
301,カフェ,セガフレード・ザネッティ・エスプレッソ 東京オペラシティ店,"営業時間
[月～金]8:00～21:00[土・日・祝]10:00～19:00
日曜営業
定休日
東京オペラシティに準ずる",東京都新宿区西新宿3-20-2 東京オペラシティ B1F,https://tabelog.com/tokyo/A1318/A131807/13140866/
302,カフェ,クール,,東京都新宿区歌舞伎町2-37-3 マルトモビル 2F,https://tabelog.com/tokyo/A1304/A130401/13146954/
303,カフェ,喫茶マナミー,"営業時間
［火～土］11:00～15:00
定休日
月曜日、日曜日、祝日",東京都新宿区新宿1-14-9 大畠ビル 1F,https://tabelog.com/tokyo/A1304/A130402/13271051/
304,カフェ,モーガン,"営業時間
7:00～17:00
定休日
日曜日、祝日",東京都新宿区住吉町1-15 四谷ＴＴビル １Ｆ,https://tabelog.com/tokyo/A1309/A130903/13076271/
305,カフェ,和宇茶,,東京都新宿区大久保1-9-17 1F,https://tabelog.com/tokyo/A1304/A130404/13229773/
306,カフェ,cafe guum,"営業時間
11:00～22:00（L.O.21:30）",東京都新宿区大久保1-17-7,https://tabelog.com/tokyo/A1304/A130401/13280590/
307,カフェ,スターバックス・コーヒー 慶應義塾大学病院店,"営業時間
[月～土] 7:45 ～ 19:00[日・祝] 13:00 ～ 19:00
定休日
不定休",東京都新宿区信濃町35 慶應義塾大学病院1号館,https://tabelog.com/tokyo/A1306/A130603/13038366/
308,カフェ,ドトールコーヒーショップ 新宿2丁目店,,東京都新宿区新宿2-5-8 志村ビル １Ｆ,https://tabelog.com/tokyo/A1304/A130401/13086815/
309,カフェ,珈琲舎,"営業時間
［月火木金土］11:00～17:00
定休日
日・水",東京都新宿区四谷3-10,https://tabelog.com/tokyo/A1309/A130903/13089621/
310,カフェ,喫茶室ルノアール 新宿3丁目ビッグスビル店,"営業時間
[月～土]8:00～22:30[日・祝]9:00～20:00
日曜営業
定休日
なし",東京都新宿区新宿2-19-1 ビッグスビル地下2階,https://tabelog.com/tokyo/A1304/A130401/13135918/
311,カフェ,春水堂 ルミネエスト新宿店,"営業時間
［月～金］10:30～22:00［土・日・祝］10:30～21:30
日曜営業
定休日
不定休",東京都新宿区新宿3-38-1 ルミネエスト B1F,https://tabelog.com/tokyo/A1304/A130401/13201975/
312,カフェ,ドトールコーヒーショップ 西新宿３丁目店,,東京都新宿区西新宿3-1-5,https://tabelog.com/tokyo/A1304/A130401/13086839/
313,カフェ,椿屋カフェ 新宿東口店,"営業時間
平日 11:00～22:00土日祝 11:00～23:00
日曜営業
定休日
無休",東京都新宿区新宿3-21-3 新宿東和ビル 2F,https://tabelog.com/tokyo/A1304/A130401/13186531/
314,カフェ,カフェ・ド・クリエ 新宿東新ビル店,"営業時間
7:30～20:00
日曜営業
定休日
無休",東京都新宿区新宿3-21-7 東新ビル B2F,https://tabelog.com/tokyo/A1304/A130401/13086578/
315,カフェ,リジーグ,"営業時間
10:30～20:00(L.O.19:30)
日曜営業
定休日
不定休",東京都新宿区新宿3-14-1 伊勢丹新宿店 8F,https://tabelog.com/tokyo/A1304/A130401/13043279/
316,カフェ,こはぜ珈琲 早稲田店,"営業時間
11:00～20:30
日曜営業
定休日
第2火曜日",東京都新宿区西早稲田1-9-13,https://tabelog.com/tokyo/A1305/A130504/13257699/
317,カフェ,ドトールコーヒーショップ 新宿アイランド店,"営業時間
[月～金]7:00 - 21:00　[　土　]7:30 - 19:00　[ 日 祝 ]8:00 - 18:00　
日曜営業",東京都新宿区西新宿6-4-1,https://tabelog.com/tokyo/A1304/A130401/13086812/
318,カフェ,GUF,"営業時間
11:00～24:00(L.O.23:00)",東京都新宿区大久保1-16-19 2F,https://tabelog.com/tokyo/A1304/A130404/13279803/
319,カフェ,エクセルシオール カフェ 新宿パークタワー店,"営業時間
[月～金]7:00～20:00(L.O.)[土]7:30～20:00(L.O.)[日・祝]8:00～20:00(L.O.)
日曜営業
定休日
無休",東京都新宿区西新宿3-7-1 新宿パークタワー B1F,https://tabelog.com/tokyo/A1304/A130401/13028118/
320,カフェ,Any Kafe,,東京都新宿区百人町1-6-15 NKビル 5F,https://tabelog.com/tokyo/A1304/A130404/13271859/
321,カフェ,コメダ珈琲店 ドン・キホーテ新宿店,"営業時間
7:00～23:00
日曜営業
定休日
無休",東京都新宿区大久保1-12-6 ドン・キホーテ新宿店 2F,https://tabelog.com/tokyo/A1304/A130404/13146744/
322,カフェ,クムコーヒー 新大久保店,"営業時間
11:30~22:30
日曜営業
定休日
なし",東京都新宿区大久保1-15-11 ネクストビル 2F,https://tabelog.com/tokyo/A1304/A130404/13267731/
323,カフェ,C.STAND 新宿三丁目店,"営業時間
13:00-翌5:00最終入店　3:30 ドリンクLO　4:30
定休日
無　新宿三丁目駅1分の好立地のシーシャ専門店。ソファー席を多くご用意しているのでゆったりお寛ぎいただけます。間接照明のあるオシャレ空間はデートにもおすすめ。",東京都新宿区新宿3-11-11 ダイアン新宿ビル 3F,https://tabelog.com/tokyo/A1304/A130401/13261509/
324,カフェ,meya cake&coffee shop,"営業時間
11:00～19:00
日曜営業
定休日
火曜日",東京都新宿区百人町1-23-10 ステイエム新宿北 1F,https://tabelog.com/tokyo/A1304/A130404/13273574/
325,カフェ,喫茶 マリエール,,東京都新宿区歌舞伎町2-2-21 ライオンズマンション歌舞伎町 B1F,https://tabelog.com/tokyo/A1304/A130401/13088710/
326,カフェ,9SARI CAFE & BAR,"営業時間
12:00～21:00
日曜営業
定休日
水曜日",東京都新宿区大久保3-13-1 都営西大久保アパート1号棟 1F,https://tabelog.com/tokyo/A1305/A130503/13193433/
327,カフェ,スターバックス・コーヒー 新宿グリーンタワービル店,"営業時間
[月～金] 07:00～20:00 [土] 07:30～19:00 [日・祝] 08:00～19:00
日曜営業
定休日
年中無休",東京都新宿区西新宿6-14-1,https://tabelog.com/tokyo/A1304/A130401/13032586/
328,カフェ,タリーズコーヒー 新宿NSビルアネックス店,"営業時間
［月～金］7:30～22:00［土・日・祝］8:00～20:00
日曜営業
定休日
無休",東京都新宿区西新宿2-4-1 新宿NSビル 1Ｆ,https://tabelog.com/tokyo/A1304/A130401/13150821/
329,カフェ,カフェ・ハイチ 新宿サブナード店,,東京都新宿区歌舞伎町1 新宿サブナード 地下街,https://tabelog.com/tokyo/A1304/A130401/13019158/
330,カフェ,ドトールコーヒーショップ  飯田橋ラムラ店,"営業時間
［月～金・土］8:00～22:00［日・祝］9:00～21:30※2015年3月1日〜5月7日まで改修のため休店
日曜営業
定休日
年中無休",東京都新宿区神楽河岸1-1 飯田橋セントラルプラザ ラムラ 2F,https://tabelog.com/tokyo/A1309/A130905/13103562/
331,カフェ,フォンテーヌ,"営業時間
[月～金]8:00～22:30[土・日・祝] 11:00～18:00
日曜営業
定休日
無休",東京都新宿区神楽坂6-37 山田ビル　Ｂ１Ｆ,https://tabelog.com/tokyo/A1309/A130905/13024784/
332,カフェ,カフェ ヴォーグ ルビー,,東京都新宿区若松町28-6,https://tabelog.com/tokyo/A1305/A130504/13107462/
333,カフェ,Cafeルノアール 新宿京王モール店,"営業時間
［月～金］7:00～22:00［土・日・祝］7:00～22:00
日曜営業
定休日
なし",東京都新宿区西新宿1 京王モール第A-5号区画ル 1F,https://tabelog.com/tokyo/A1304/A130401/13182843/
334,カフェ,騎士道,"定休日
日曜",東京都新宿区四谷4丁目28-20,https://tabelog.com/tokyo/A1304/A130402/13047537/
335,カフェ,BOWLS cafe,"営業時間
11:30～17:00(L.O.16:00)
日曜営業
定休日
不定休",東京都新宿区新宿2-5-16 霞ビル　１Ｆ,https://tabelog.com/tokyo/A1304/A130401/13023320/
336,カフェ,エクセルシオールカフェ 日土地西新宿ビル店,"営業時間
[月～金]　7:00～20:00[土]　8:00～18:00[日・祝]　10:00～18:00
定休日
無休",東京都新宿区西新宿6-10-1 日土地西新宿ビル　1F,https://tabelog.com/tokyo/A1304/A130401/13085240/
337,カフェ,カイサルカフェ,"営業時間
月～金9:30～23:00(3階のみ21:30閉店)(※ラストオーダーのお時間は混雑状況によって変動あり)土・日・祝9:00～23:00(3階のみ21:30閉店)(※ラストオーダーのお時間は混雑状況によって変動あり)
定休日
無",東京都新宿区百人町1-6-15 ヤナギヤビル 2F･3F,https://tabelog.com/tokyo/A1304/A130404/13139995/
338,カフェ,スターバックスコーヒー 早稲田大学戸山キャンパス店,"営業時間
10:00～18:00
日曜営業
定休日
不定休",東京都新宿区戸山1-24-1 早稲田アリーナ,https://tabelog.com/tokyo/A1305/A130504/13232836/
339,カフェ,カフェ 英國屋,"営業時間
[月～土]8:00～23:00[日]8:00～22:30
日曜営業
定休日
不定期",東京都新宿区西新宿1-6-1 新宿エルタワー B2F,https://tabelog.com/tokyo/A1304/A130401/13054797/
340,カフェ,自家焙煎珈琲 ナガシマ,"営業時間
12:00～17:00(L.O.16:00) 
定休日
土曜日、日曜日、祝日",東京都新宿区神楽坂3-6 神楽坂NSビル 1F,https://tabelog.com/tokyo/A1309/A130905/13178253/
341,カフェ,甘露,"営業時間
11:30〜18:00
日曜営業
定休日
木曜日",東京都新宿区西早稲田3-14-11,https://tabelog.com/tokyo/A1305/A130504/13227459/
342,カフェ,sugeo coffee in 余白,"営業時間
[月] カフェタイム12:00～17:00バータイム18:00～24:00[木・金]10:00～16:00[土・日]8:30～16:00
日曜営業
定休日
火曜日、水曜日",東京都新宿区白銀町1-13 第11シグマビルディング飯田橋 1F,https://tabelog.com/tokyo/A1303/A130301/13278894/
343,カフェ,ギャラリー シロップ,"営業時間
11:00～18:00
日曜営業
定休日
火曜日、水曜日、木曜日",東京都新宿区矢来町102-7 蒼鷹社ビル 1F,https://tabelog.com/tokyo/A1309/A130905/13234542/
344,カフェ,緑の豆 新宿御苑店,"営業時間
[月〜土]10:00〜19:00
定休日
日曜日、祝日",東京都新宿区新宿1丁目17-16,https://tabelog.com/tokyo/A1304/A130402/13083280/
345,カフェ,オールシーズンズ コーヒー,"営業時間
9:00～19:00（L.O.18:30）※土日祝日も同じ営業時間です。※臨時メンテナンスなどを行う場合があるので、最新の営業時間は公式Instagramにてご確認ください。
日曜営業
定休日
無休(※年末年始のみお休み）",東京都新宿区新宿2-7-7 寿ビル 1F,https://tabelog.com/tokyo/A1304/A130401/13187981/
346,カフェ,喫茶室ルノアール 新宿南口甲州街道店,"営業時間
[月～金]7:30～22:00[土・日・祝]7:30～22:00
日曜営業
定休日
なし",東京都新宿区西新宿1-19-5 新宿幸容ビル B1F,https://tabelog.com/tokyo/A1304/A130401/13199774/
347,カフェ,ナムチニハニーカフェ,"営業時間
11:00～23:00
日曜営業
定休日
無休",東京都新宿区大久保2-32-4 貴志ビル 2F,https://tabelog.com/tokyo/A1304/A130404/13155715/
348,カフェ,tea＆sweets こく～ん,"営業時間
[火～金]11:00～15:30（L.O.15:00）
定休日
月曜日、土曜日、日曜日",東京都新宿区大久保3-10-1 オレンジコートショッピングセンター内,https://tabelog.com/tokyo/A1305/A130503/13059312/
349,カフェ,カフェ ウォール,"営業時間
［月～日］12:00～21:00（L.O 20:30)
日曜営業
定休日
無休（年末年始を除く）※年末年始",東京都新宿区新宿3-9-5 ゴールドビル 3FB,https://tabelog.com/tokyo/A1304/A130401/13171550/
350,カフェ,オルタナティブ コーヒー ワークス,"営業時間
10:00～18:00
日曜営業
定休日
水曜日",東京都新宿区北新宿4-3-1,https://tabelog.com/tokyo/A1319/A131901/13238148/
351,カフェ,カフェラリー 新宿店,"営業時間
10:00～20:00
日曜営業",東京都新宿区西新宿1-1 新宿西口小田急エース 北館,https://tabelog.com/tokyo/A1304/A130401/13106936/
352,カフェ,カフェテラス小島屋,,東京都新宿区若松町32-1 プラザ小島屋 2F,https://tabelog.com/tokyo/A1305/A130504/13149775/
353,カフェ,LUNA CAFE ORGANIC & LAUNDRY,"営業時間
10:00～18:00
日曜営業
定休日
無休",東京都新宿区高田馬場1-24-18,https://tabelog.com/tokyo/A1305/A130503/13251710/
354,カフェ,CAFE HUDSON 新宿ミロード店,"営業時間
[Lunch] 11:00～15:00[Dinner]15：00～22:00（Food L.0.21:00 / Drink L.O.21:30）
定休日
施設に準ずる",東京都新宿区西新宿1-1-3 新宿ミロード 9F,https://tabelog.com/tokyo/A1304/A130401/13223467/
355,カフェ,ディー・カッツェ,"営業時間
[月～金] 11:30～22:00(L.O)[土日祝] 12:00～19:00※イベントなどで時短あり
日曜営業
定休日
無休",東京都新宿区新宿1-19-8 サンモール第７ビル２F,https://tabelog.com/tokyo/A1304/A130402/13098301/
356,カフェ,珈琲専門店 預言CAFE,"営業時間
[月・火・水・木・土・祝] 14:00～(受付終了18:15)[金]16:00～21:00(受付終了20:45)
定休日
日曜日、第2土曜日",東京都新宿区高田馬場4-2-38 宏陽ビル 1F,https://tabelog.com/tokyo/A1305/A130503/13092149/
357,カフェ,サンマルクカフェ 四ツ谷駅前店,"営業時間
［月～金］7:00～21:30［土・日］7:00～21:00
日曜営業
定休日
無休",東京都新宿区四谷1-2-4 クニヤビル,https://tabelog.com/tokyo/A1309/A130902/13122829/
358,カフェ,シナモロールカフェ 新宿店,"営業時間
11:00～21:30(L.O.21:00)
定休日
不定休(新宿マルイ アネックスに準ずる)",東京都新宿区新宿3-1-26 新宿マルイ アネックス 1F,https://tabelog.com/tokyo/A1304/A130401/13206197/
359,カフェ,イタリアントマト カフェジュニア 東京オペラシティ店,"営業時間
［月～金］8:00～20:30 ［土］9:00～20:30 ［日・祝］9:00～20:00
日曜営業
定休日
無休",東京都新宿区西新宿3-20-2 東京オペラシティ 1F,https://tabelog.com/tokyo/A1318/A131807/13036253/
360,カフェ,ボン ジュール ホテルグレイスリー新宿店,"営業時間
カフェ　11:00～19:30(L.O. 19:00)
日曜営業
定休日
無休",東京都新宿区歌舞伎町1-19-1 ホテルグレイスリー新宿（新宿東宝ビル） 8F,https://tabelog.com/tokyo/A1304/A130401/13180944/
361,カフェ,カフェ エクラ,"営業時間
9:00～22:00",東京都新宿区大久保1-5-13 2F,https://tabelog.com/tokyo/A1304/A130404/13237821/
362,カフェ,コトコトサリョウ 新宿ミロード店,"営業時間
11:00～23:00(L.O.22:30)
定休日
不定休(小田急新宿ミロードに準ずる)",東京都新宿区西新宿1-1-3 小田急新宿ミロード 8F,https://tabelog.com/tokyo/A1304/A130401/13184035/
363,カフェ,ココット カフェ,"営業時間
{水〜金・日・祭日] 13:00〜18:00(L.O.17:30) [土] 　　ここ暫くは14:30〜OPENとなります。
日曜営業
定休日
月・火曜日",東京都新宿区津久戸町3-12,https://tabelog.com/tokyo/A1309/A130905/13053164/
364,カフェ,リージェンシークラブラウンジ,"営業時間
10:30～21:00
日曜営業
定休日
無休",東京都新宿区西新宿2-7-2 ハイアットリージェンシー東京 9F,https://tabelog.com/tokyo/A1304/A130401/13043171/
365,カフェ,アートラウンジ デュエット,"営業時間
［平日］13：00～18：00（L.O. 17:30）［土日祝］9：00～19：00（L.O. 18:30）※土日祝についてはドリンク提供9：00～、料理・ケーキ提供10：00～とさせていただきます。
日曜営業
定休日
なし",東京都新宿区西新宿2-2-1 京王プラザホテル 本館　3Ｆ,https://tabelog.com/tokyo/A1304/A130401/13039653/
366,カフェ,ドトールコーヒーショップ 飯田橋神楽坂店,"営業時間
[月〜金]7:00-22:30[土日祝]8:00-20:30
日曜営業
定休日
無休",東京都新宿区神楽坂1-12,https://tabelog.com/tokyo/A1309/A130905/13086906/
367,カフェ,グループ,"営業時間
12:00〜14:00
定休日
日曜日、祝日",東京都新宿区新宿5-10-14,https://tabelog.com/tokyo/A1304/A130401/13075936/
368,カフェ,ドウモカフェ,,東京都新宿区百人町1-15-29 PATIO新宿G2,https://tabelog.com/tokyo/A1304/A130404/13211802/
369,カフェ,lafrutta,"営業時間
11:00～21:00
日曜営業
定休日
月曜〜木曜",東京都新宿区西新宿7-1-1 新宿カレイドビル B1F カレチカ,https://tabelog.com/tokyo/A1305/A130504/13262157/
370,カフェ,トーキョー オーチャード,"営業時間
[水～日]11:30～19:00
日曜営業
定休日
月曜・火曜",東京都新宿区新宿4-1-6 田畑ビル 3F,https://tabelog.com/tokyo/A1304/A130401/13228993/
371,カフェ,ムジコム 武蔵野美術大学市ヶ谷キャンパス店,"営業時間
11:00～20:00",東京都新宿区市谷田町1-4 武蔵野美術大学市ヶ谷キャンパス 1F,https://tabelog.com/tokyo/A1309/A130904/13237837/
372,カフェ,ドトールコーヒーショップ 高田馬場店,"営業時間
[月～金] 7:00～21:30 [土] 7:30～21:00 [日・祝] 8:00～21:00
日曜営業
定休日
年中無休",東京都新宿区高田馬場1-17-16,https://tabelog.com/tokyo/A1305/A130503/13154951/
373,カフェ,BORA CAFE,,東京都新宿区大久保2-25-2 白石ビル 2F～3F,https://tabelog.com/tokyo/A1304/A130404/13274000/
374,カフェ,カシワギ カフェ,"営業時間
[月～金] 11:00-21:00 [土・日・祝] 11:00～20:00(L.O)フード1時間前       ドリンク30分前
日曜営業
定休日
無休(年末年始のみ休み)",東京都新宿区西新宿8-19-11,https://tabelog.com/tokyo/A1304/A130401/13190486/
375,カフェ,東風 coffee cabinet,"営業時間
12:00～19:00
日曜営業
定休日
月曜日、火曜日",東京都新宿区新宿6-24-3 レジェンド新宿 2F,https://tabelog.com/tokyo/A1304/A130401/13271638/
376,カフェ,ユニカフェ１２５,"営業時間
＜Uni.Shop&Cafe125＞8:30～:19:30夏季及び年末年始を除き年中無休
日曜営業
定休日
夏期休暇と年末年始休暇あり",東京都新宿区戸塚町1-104,https://tabelog.com/tokyo/A1305/A130504/13088826/
377,カフェ,モヒーニ 四谷店,"営業時間
[火～日]10:00～19:00
日曜営業
定休日
月曜日",東京都新宿区若葉1-4,https://tabelog.com/tokyo/A1309/A130903/13161719/
378,カフェ,ギャップカフェ,,東京都新宿区新宿3-37-1 新宿フラッグス 1F,https://tabelog.com/tokyo/A1304/A130401/13247516/
379,カフェ,Cafe Miami 新宿小田急エース店,"営業時間
11:00～23:00
日曜営業
定休日
小田急エース南館に準ずる",東京都新宿区西新宿1丁目西口地下街1号 小田急エース南館,https://tabelog.com/tokyo/A1304/A130401/13265317/
380,カフェ,スターバックス・コーヒー 新宿西口店,"営業時間
07:00～23:00
日曜営業
定休日
不定休",東京都新宿区西新宿1-12-1 高倉第1ビル,https://tabelog.com/tokyo/A1304/A130401/13034158/
381,カフェ,ヌイボックス,"営業時間
12:00～18:00
日曜営業
定休日
月曜日",東京都新宿区新宿1-12-8,https://tabelog.com/tokyo/A1304/A130402/13253328/
382,カフェ,タリーズコーヒー 新宿イーストサイドスクエアアトリウム店,"営業時間
8:00～19:00
定休日
土曜日、日曜日、祝日",東京都新宿区新宿6-27-30 新宿イーストサイドスクエア 1F,https://tabelog.com/tokyo/A1304/A130401/13146347/
383,カフェ,喫茶室ルノアール 新宿TOHOシネマズ前店,"営業時間
[全日]8:00～22:00
日曜営業
定休日
なし",東京都新宿区歌舞伎町1-14-4 川新ビル 2F,https://tabelog.com/tokyo/A1304/A130401/13050602/
384,カフェ,Neul,"営業時間
11:00～21:00(L.O..20:30)
日曜営業
定休日
無休",東京都新宿区百人町1-3-25,https://tabelog.com/tokyo/A1304/A130404/13260345/
385,カフェ,プロント 新宿御苑前店,"営業時間
【月〜金】7:00～23：00（L.O.22:00）【土】7:00～22:00（L.O.21:00）【日・祝】11：00〜17：00（L.O.16:30）
日曜営業
定休日
年中無休",東京都新宿区新宿1-12-6 天伸ビル 1・2F,https://tabelog.com/tokyo/A1304/A130401/13159138/
386,カフェ,#flowership kagurazaka,"営業時間
[火・水・木・金]14:00～23:00(L.O.22:30)[土]11:00～23:00(LO22:30)[日]11:00〜19:00(LO18:30)
日曜営業
定休日
月曜日",東京都新宿区神楽坂3-2-33,https://tabelog.com/tokyo/A1309/A130905/13277291/
387,カフェ,珈琲や 早稲田工房,,東京都新宿区早稲田南町52-2,https://tabelog.com/tokyo/A1305/A130504/13251342/
388,カフェ,ドティ カフェ ベトナム,"営業時間
［月～金］11:00～20:00［土・日・祝］10:00～17:00
日曜営業
定休日
年中無休",東京都新宿区大久保 3-10-1 オレンジコート,https://tabelog.com/tokyo/A1305/A130503/13239302/
389,カフェ,インテリジェントロビー ルコ,"営業時間
09:00～22:00(L.O.21:15) ランチ 11:30～13:15(L.O.13:15)
定休日
土・日・祝（宴会時応相談）",東京都新宿区揚場町2-1 軽子坂ＭＮビル1F,https://tabelog.com/tokyo/A1309/A130905/13052319/
390,カフェ,スターバックス・コーヒー 西武新宿PePe店,"営業時間
7:00～23:00（L.O.）
日曜営業
定休日
ほぼ無休（西武新宿ペペに準ず）",東京都新宿区歌舞伎町1-30-1 西武新宿ぺぺ 3F,https://tabelog.com/tokyo/A1304/A130401/13033668/
391,カフェ,wired bonbon ルミネ新宿店,"営業時間
11:00〜20:00（L.O. 19:00）ーーーーー通常営業時間11:00～22:30[ LAST ORDER ]FOOD 21:45 / DRINK 22:00ーーーーー【年末年始営業時間】12/31：11:00〜18:001/1：休業　
日曜営業
定休日
不定休（ルミネ1の休館日に準ずる）",東京都新宿区西新宿1-1-5 ルミネ新宿1 6F,https://tabelog.com/tokyo/A1304/A130401/13219930/
392,カフェ,ブルーボトルコーヒー 新宿カフェ,"営業時間
08:00 ～ 21:30
日曜営業",東京都新宿区新宿4-1-6 NEWoMan SHINJUKU 1F,https://tabelog.com/tokyo/A1304/A130401/13193547/
393,カフェ,アララカララ,"営業時間
平日11:30～20:00　日曜・祭日11:30～15:00 
定休日
無休",東京都新宿区西早稲田1-9-6,https://tabelog.com/tokyo/A1305/A130504/13095360/
394,カフェ,リエコーヒー 本店,"営業時間
[月～金]8:00～18:00[土・日・祝]10:00～18:00
日曜営業
定休日
無休",東京都新宿区西新宿6-6-2 ヒルトン東京 B1F,https://tabelog.com/tokyo/A1304/A130401/13086991/
395,カフェ,椿屋珈琲 神楽坂茶房,"営業時間
月～木 9:00～22:30金・土 9:00～23:00日祝日 9:00～22:30
日曜営業
定休日
無休",東京都新宿区神楽坂5-35 おおとりビル 1F,https://tabelog.com/tokyo/A1309/A130905/13191536/
396,カフェ,アバズカフェ,"営業時間
[月～土]10:00～18:30
定休日
日曜日",東京都新宿区早稲田鶴巻町518-17 ロゼ早稲田 1F,https://tabelog.com/tokyo/A1305/A130504/13157196/
397,カフェ,韓流茶房,"営業時間
[火～日] 12:30～18:00(L.O.)
日曜営業
定休日
月曜日",東京都新宿区百人町1-6-15 NKビル　３F,https://tabelog.com/tokyo/A1304/A130404/13111984/
398,カフェ,ピース,"営業時間
9:00～22:45(L.O.22:30)
日曜営業
定休日
1月1～3日",東京都新宿区西新宿1-5-1 新宿西口ハルク 1Ｆ,https://tabelog.com/tokyo/A1304/A130401/13046669/
399,カフェ,ヘッドクォーターズカフェ,"営業時間
11：00〜22：00(L.O.21:15)
日曜営業
定休日
1月1日（祝）は休業させていただきます",東京都新宿区西新宿1-1-3 新宿ミロード 8F,https://tabelog.com/tokyo/A1304/A130401/13166843/
400,カフェ,舘,"営業時間
[火～日]8:30～22:00(L.O.21:30)[月]定休日 or 8:30～17:00
日曜営業
定休日
月曜日は定休日 or 8:30～17:00　店内で前日告知",東京都新宿区中落合1-17-1,https://tabelog.com/tokyo/A1321/A132104/13089116/
401,カフェ,コンテナ カフェ＆バー,"営業時間
[火水金土]13:00〜18:00
定休日
日、月、木曜日＋不定休。Instagramでご確認ください。",東京都新宿区新宿3-8-5 中川ビル　３Ｆ,https://tabelog.com/tokyo/A1304/A130401/13101984/
402,カフェ,スターバックスコーヒー 新宿御苑店,"営業時間
9:00～17:30(L.O.17:00)
日曜営業
定休日
月曜日",東京都新宿区内藤町11 新宿御苑,https://tabelog.com/tokyo/A1304/A130401/13245454/
403,カフェ,ICE MOUNTAIN CAFE,"営業時間
[火・水・木]11:30～20:00(L.O)[金・土・日]11:30～20:00(L.O)
日曜営業
定休日
月曜日",東京都新宿区新宿7-22-5 平元ビル 1F,https://tabelog.com/tokyo/A1304/A130401/13256688/
404,カフェ,NEW YORKER'S Cafe 高田馬場1丁目店,"営業時間
[月～土] 7:00～22:00[日・祝]7:30～22:00
日曜営業
定休日
なし",東京都新宿区高田馬場1-33-13 千年ビル　１Ｆ,https://tabelog.com/tokyo/A1305/A130503/13010935/
405,カフェ,サンマルクカフェ 新宿西口駅前店,"営業時間
7:00～22:30
日曜営業
定休日
年中無休",東京都新宿区西新宿1-4-2 141ビル 2F,https://tabelog.com/tokyo/A1304/A130401/13168079/
406,カフェ,ザッシカフェ,"営業時間
15:00～翌0:00
日曜営業
定休日
不定休(休みはTwitterでお知らせ)",東京都新宿区高田馬場1-20-17 １Ｆ,https://tabelog.com/tokyo/A1305/A130504/13036040/
407,カフェ,THE SMOKIST COFFEE 東新宿店,"営業時間
［月～土］7:00～22:30［日］7:00～22:00
日曜営業
定休日
無休",東京都新宿区新宿6-29-11 イーストクロスタワー 1～2F,https://tabelog.com/tokyo/A1304/A130401/13256832/
408,カフェ,楽屋,"営業時間
10:00～20:00
日曜営業
定休日
不定休",東京都新宿区新宿3-6-4 ２Ｆ,https://tabelog.com/tokyo/A1304/A130401/13012046/
409,カフェ,ドトールコーヒーショップ 早稲田店,"営業時間
[月～金] 7:30～21:00 [土・日・祝] 8:00～20:00
日曜営業
定休日
年中無休(年末年始のみ休み)",東京都新宿区馬場下町14-1,https://tabelog.com/tokyo/A1305/A130504/13154507/
410,カフェ,星乃珈琲店 西新宿店,"営業時間
9:00～22:30(L.O.21:45)［モーニング］9:00～11:00［ランチ］11:00～14:00
日曜営業
定休日
無休",東京都新宿区西新宿1-3-14 新宿プラザビル 1F,https://tabelog.com/tokyo/A1304/A130401/13186033/
411,カフェ,AALIYA COFFEE ROASTERS,"営業時間
11:00～20:30(料理L.O.19:30 ドリンクL.O.20:00)
日曜営業
定休日
無休",東京都新宿区新宿3-1-17 山本ビル 2F,https://tabelog.com/tokyo/A1304/A130401/13258197/
412,カフェ,エクセルシオール カフェ 東京オペラシティ店,"営業時間
[月～金]7:30～22:00[土]8:00～22:00[日・祝]8:00～22:00※まん延防止等重点措置期間中は20:00閉店
日曜営業
定休日
無休",東京都新宿区西新宿3-20-2 東京オペラシティ 1F,https://tabelog.com/tokyo/A1318/A131807/13040597/
413,カフェ,ドトールコーヒーショップ 西新宿1丁目南店,"営業時間
[月～金]6:30～22:00[土・日・祝]7:00～21:00
日曜営業
定休日
無休",東京都新宿区西新宿1-14-8,https://tabelog.com/tokyo/A1304/A130401/13107482/
414,カフェ,ミバショウ,"営業時間
平日8:00～16:00
定休日
土曜、日曜、祝日",東京都新宿区市谷本村町2-33 ART ICHIGAYA　＃02,https://tabelog.com/tokyo/A1309/A130904/13194543/
415,カフェ,kokocara,"営業時間
[月～金]11:30～23:30(L.O23:00)[土]12:00～23:30(L.O23:00)
定休日
日祝日",東京都新宿区四谷3-6 アスナロビル2F,https://tabelog.com/tokyo/A1309/A130903/13115887/
416,カフェ,Place/NE°,"営業時間
10:00～22:00（L.O.21:00）",東京都新宿区百人町2-2-43,https://tabelog.com/tokyo/A1304/A130404/13276407/
417,カフェ,つぶら乃 新宿御苑店,,東京都新宿区内藤町11 新宿御苑,https://tabelog.com/tokyo/A1304/A130401/13270196/
418,カフェ,アンドシー,"営業時間
[月・水] 11:30 ～ 15:30[木・金] 11:30 ～ 15:30※少し前からモーニング、ディナーはお休みされているそうです。※土曜日はランチのみ営業されていることもあるのでご確認ください。
定休日
火曜日土曜日日曜日",東京都新宿区西新宿5-12-7 ハウスあい中島 １階,https://tabelog.com/tokyo/A1304/A130401/13123208/
419,カフェ,ドトールコーヒーショップ 四谷1丁目南店,"営業時間
[月〜金]7:00〜21:30[土]7:30〜21:30[日・祝]8:00〜21:00
日曜営業",東京都新宿区四谷1-18 四谷プラザビルディング,https://tabelog.com/tokyo/A1309/A130902/13090748/
420,カフェ,スターバックス・コーヒー 新宿野村ビル店,"営業時間
[月～金] 07:30～20:30 [土] 08:00～20:00 [日・祝] 09:00～19:00
日曜営業
定休日
年中無休",東京都新宿区西新宿1-26-2 新宿野村ビル B1F,https://tabelog.com/tokyo/A1304/A130401/13033124/
421,カフェ,珈琲豆林,"営業時間
7:00～19:30
定休日
日曜",東京都新宿区百人町2-5-5 清ビル 1F,https://tabelog.com/tokyo/A1304/A130404/13166587/
422,カフェ,ベルモント,,東京都新宿区四谷1-9-3 新盛ビル 2F,https://tabelog.com/tokyo/A1309/A130902/13145475/
423,カフェ,さち福やCAFE コモレ四谷店,"営業時間
［月～金］11:30～15:00(L.O.14:30)17:00～21:00(L.O.20:00)［土・日・祝］11:30～15:00(L.O.14:30)17:00～20:00(L.O.19:00)
日曜営業
定休日
無休",東京都新宿区四谷1-6-1 コモレ四谷 2F,https://tabelog.com/tokyo/A1309/A130902/13249786/
424,カフェ,Celeb,"営業時間
11:00～20:00(L.O.19:40)
日曜営業",東京都新宿区新宿2-16-9 五城ビル,https://tabelog.com/tokyo/A1304/A130401/13227895/
425,カフェ,カフェ・ソウセキ,"営業時間
10:00～17:30(L.O.17:00)
日曜営業
定休日
月曜日、火曜日、水曜日、木曜日、金曜日",東京都新宿区早稲田南町7 新宿区立漱石山房記念館 １F,https://tabelog.com/tokyo/A1305/A130504/13214190/
426,カフェ,アンモナイトコーヒーマーケット 早稲田店,"営業時間
平日　　9：30~19：30土日祝 10：00~19：00
日曜営業
定休日
無",東京都新宿区馬場下町61-1 1F,https://tabelog.com/tokyo/A1305/A130504/13249088/
427,カフェ,LUCAS FARM CAFE,"営業時間
11:00～20:00(L.O.19:30)
日曜営業
定休日
不定休",東京都新宿区高田馬場1-26-5 F・Iビル 4F,https://tabelog.com/tokyo/A1305/A130503/13223305/
428,カフェ,ドトールコーヒーショップ コモレ四谷店,"営業時間
[月～金]7:00～19:00[土・日・祝]10:00～17:00
日曜営業",東京都新宿区四谷1-6-1 コモレ四谷 2F,https://tabelog.com/tokyo/A1309/A130902/13244246/
429,カフェ,Cafe 1 Part,"営業時間
10:00～17:00",東京都新宿区水道町2-3 星川ビル 1F,https://tabelog.com/tokyo/A1309/A130905/13283988/
430,カフェ,エニシダ,"営業時間
[月・火・水・木・金・土] 10：30～18:00
定休日
日曜日・祝日",東京都新宿区北新宿4-28-11,https://tabelog.com/tokyo/A1319/A131901/13182319/
431,カフェ,ペパン,"営業時間
［火～金］11:30～14:00
定休日
月曜日、土曜日、日曜日、祝日",東京都新宿区下落合3-17-34 グリーンビル2F,https://tabelog.com/tokyo/A1305/A130502/13073527/
432,カフェ,タリーズコーヒー 国立国際医療研究センター店,"営業時間
7:30～18:00
日曜営業
定休日
土曜日、日曜日",東京都新宿区戸山1-21-1 国立国際医療研究センター 1F,https://tabelog.com/tokyo/A1305/A130503/13182259/
433,カフェ,フリーマン,,東京都新宿区河田町11-3,https://tabelog.com/tokyo/A1305/A130504/13177097/
434,カフェ,地球を旅するCAFE,"営業時間
[水～日]9:00〜17:00（L.O.16:30)
日曜営業
定休日
月曜・火曜",東京都新宿区高田馬場2-12-5 プレビル 1F,https://tabelog.com/tokyo/A1305/A130503/13175374/
435,カフェ,RITA AFFOGATO TOKYO,"営業時間
[月～金]10:00～18:30[土・日・祝]10:00～19:30
日曜営業
定休日
不定休",東京都新宿区神楽坂6-39,https://tabelog.com/tokyo/A1309/A130905/13290608/
436,カフェ,スターバックスコーヒー アトレ信濃町店,"営業時間
7:00～22:00
日曜営業
定休日
不定休",東京都新宿区信濃町34 アトレ信濃町,https://tabelog.com/tokyo/A1309/A130901/13255429/
437,カフェ,ブラジル館 四丁目店,"営業時間
[月〜金]7:45～20:00[土]7:45～18:00
定休日
日曜・祝日",東京都新宿区西新宿4丁目1-10 東建ニューハイツ1F,https://tabelog.com/tokyo/A1304/A130401/13047823/
438,カフェ,スターバックスコーヒー 新宿2丁目店,,東京都新宿区新宿2-5-12 FORECAST新宿AVENUE,https://tabelog.com/tokyo/A1304/A130401/13236556/
439,カフェ,アフタヌーンティー・ティールーム 京王百貨店新宿店,"営業時間
[月～土]10:00～20:30[日・祝]10:00～20:00
日曜営業
定休日
京王百貨店新宿店に準ずる",東京都新宿区西新宿1-1-4 京王百貨店新宿店 3F,https://tabelog.com/tokyo/A1304/A130401/13128922/
440,カフェ,ヒルトン東京エグゼクティブラウンジ,"営業時間
[月～金]6:30～22:00[土・日・祝]6)30～23:00
定休日
無休",東京都新宿区西新宿6-6-2 ヒルトン東京 37F,https://tabelog.com/tokyo/A1304/A130401/13117704/
441,カフェ,ドトールコーヒーショップ 新宿三井ビル店,"営業時間
[月〜土]7:00〜21:00[日・祝]8:00〜19:00
日曜営業",東京都新宿区西新宿2-1-1 新宿三井ビル B1F,https://tabelog.com/tokyo/A1304/A130401/13107636/
442,カフェ,カフェ プルニエ パリ 伊勢丹新宿,"営業時間
11:00～20:00(L.O.19:30)
日曜営業
定休日
無休",東京都新宿区新宿3-14-1,https://tabelog.com/tokyo/A1304/A130401/13226421/
443,カフェ,サンマルクカフェ 新宿新南口店,"営業時間
[月～金] 7:00～22:00 [土・日・祝] 7:00～21:00
日曜営業
定休日
年中無休",東京都新宿区新宿4-1-1 2F,https://tabelog.com/tokyo/A1304/A130401/13162269/
444,カフェ,イタリアン・トマト カフェジュニア 新宿靖国通り店,,東京都新宿区新宿3-15-12,https://tabelog.com/tokyo/A1304/A130401/13100289/
445,カフェ,スクープコーヒー,"営業時間
10:00～21:00(L.O.20:30)
日曜営業",東京都新宿区大久保1-10-15 レックスマンション 2F,https://tabelog.com/tokyo/A1304/A130404/13278185/
446,カフェ,アンク コーヒースタンド,"営業時間
[2月17日]11:00～16:00",東京都新宿区戸山3-14-5,https://tabelog.com/tokyo/A1305/A130504/13235578/
447,カフェ,あかぎカフェ,"営業時間
平日　 11:30～21:00(L.O.食事19:50 喫茶20:00)土日祝　 11:30～17:00(L.O食事14:20 喫茶16:00)
日曜営業
定休日
火曜日、第２月曜日",東京都新宿区赤城元町1-10 赤城神社境内,https://tabelog.com/tokyo/A1309/A130905/13117235/
448,カフェ,66カフェ 飯田橋店,"営業時間
ランチ　10：00～15:00ディナー　15：00～22:0012/30～1/4は営業時間を変更する場合がございます。ご来店の際は店舗までお問い合わせください。
定休日
無休（ラムラ休館日に準ず）",東京都新宿区神楽河岸1-1 セントラルプラザRAMLA 1F,https://tabelog.com/tokyo/A1309/A130905/13182107/
449,カフェ,カフェ GOTO,"営業時間
［月～土］10:00～21:50(L.O.21:25)［日・祝］10:00～19:00
日曜営業
定休日
無休",東京都新宿区馬場下町7-3 林ビル　2Ｆ,https://tabelog.com/tokyo/A1305/A130504/13006171/
450,カフェ,タリーズコーヒー 新宿エルタワー店,"営業時間
［月～金］9:00～20:00［土・日・祝］9:00～20:00
日曜営業
定休日
無休",東京都新宿区西新宿1-6-1 新宿エルタワー B2F,https://tabelog.com/tokyo/A1304/A130401/13150822/
451,カフェ,ラ・ターブル 新宿店,"営業時間
［月～土］10:00～20:30［日・祝］10:00～20:00
定休日
不定休(京王百貨店の休業日に準ずる)",東京都新宿区西新宿1-1-4 京王百貨店新宿店 2F,https://tabelog.com/tokyo/A1304/A130401/13129811/
452,カフェ,Vegeto Coffee,,東京都新宿区西早稲田1-1-8,https://tabelog.com/tokyo/A1305/A130504/13249145/
453,カフェ,グリーン・バース,"営業時間
[月～土]10:00～20:30[日・祝]10:00～20:00
日曜営業
定休日
無休",東京都新宿区西新宿1-1-4 京王百貨店新宿店 5F,https://tabelog.com/tokyo/A1304/A130401/13127460/
454,カフェ,新宿バルト9 H&Bコンセッション,"営業時間
10:00～28:00
日曜営業
定休日
無休",東京都新宿区新宿3-1-26 新宿三丁目イーストビル 新宿バルト9　9F,https://tabelog.com/tokyo/A1304/A130401/13090845/
455,カフェ,ALAMAS CAFE,"営業時間
【平日】18：00〜2：00【金・土・祝前日】18：00〜5：00【日・祝日】15：00〜0：00",東京都新宿区新宿2-12-1 1F,https://tabelog.com/tokyo/A1304/A130401/13058475/
456,カフェ,四八珈琲,"営業時間
［月～日］10:00～19:00(L.O.18:00)
定休日
不定休",東京都新宿区四谷4-15 九久ビル １F,https://tabelog.com/tokyo/A1304/A130402/13160145/
457,カフェ,喫茶室ルノアール 新宿区役所横店,"営業時間
［月～金］8:00～22:00［土・日・祝］8:00～22:00
日曜営業
定休日
なし",東京都新宿区歌舞伎町1-3-5 相模ビル1F 2F,https://tabelog.com/tokyo/A1304/A130401/13116914/
458,カフェ,スターバックス・コーヒー 新宿3丁目店,"営業時間
[月～金] 07:00～22:30 [土・日・祝] 07:30～22:30
日曜営業
定休日
年中無休",東京都新宿区新宿3-11-6 エクレ新宿ビル 1Ｆ,https://tabelog.com/tokyo/A1304/A130401/13033161/
459,カフェ,タリーズコーヒー 西新宿駅前店,"営業時間
[月～金]7:00～21:00[土]7:30～20:00[日・祝]8:30～21:00",東京都新宿区西新宿 8-5-1,https://tabelog.com/tokyo/A1304/A130401/13160804/
460,カフェ,BUONO×BUONO,"営業時間
ランチ       月、火、金、土、日　  11:30～14:00(L.O.13:30ディナー　 18:00～24:00（L.O23:00水曜定休日
日曜営業
定休日
水曜日",東京都新宿区上落合1-16-2 クレヨン落合 1F,https://tabelog.com/tokyo/A1321/A132104/13169925/
461,カフェ,サラベス ルミネ新宿店,"営業時間
9:00～22:00 (Food L.O.21:00・Drink L.O.21:30)
定休日
無休",東京都新宿区新宿3-38-2 ルミネ新宿LUMINE2 2Ｆ,https://tabelog.com/tokyo/A1304/A130401/13148788/
462,カフェ,CAFÉ OASE,"営業時間
10:00～22:30
日曜営業
定休日
無休",東京都新宿区新宿3-1-26 新宿三丁目イーストビル 新宿バルト9　10F,https://tabelog.com/tokyo/A1304/A130401/13047653/
463,カフェ,リウェイコーヒースタンド,"営業時間
10:00～18:00",東京都新宿区高田馬場4-18-12,https://tabelog.com/tokyo/A1305/A130503/13253821/
464,カフェ,ドトールコーヒーショップ 新宿ビルディング店,"営業時間
6:30〜19:00 (ラストオーダー　18:30)
日曜営業
定休日
無休",東京都新宿区西新宿1-8-1 新宿ビルディングB2F,https://tabelog.com/tokyo/A1304/A130401/13107113/
465,カフェ,ベローチェ 新宿五丁目店,"営業時間
7:00～22:00
日曜営業
定休日
無休",東京都新宿区新宿5-18-20 新宿オミビル 1F,https://tabelog.com/tokyo/A1304/A130401/13155048/
466,カフェ,新宿ピカデリー コンセッション,"営業時間
9:00～23:00
定休日
年中無休",東京都新宿区新宿3-15-15 新宿ピカデリー　３Ｆ　ロビーフロア,https://tabelog.com/tokyo/A1304/A130401/13093600/
467,カフェ,ナムチニハニーカフェ 2号店,"営業時間
11:00～23:00",東京都新宿区大久保1-16-22 B1F,https://tabelog.com/tokyo/A1304/A130404/13279228/
468,カフェ,アウンコーヒー 新宿御苑前店,"営業時間
［月～金］8:00～19:00［土・日・祝］11:00～18:00
日曜営業
定休日
不定休",東京都新宿区新宿2-15-25,https://tabelog.com/tokyo/A1304/A130401/13284872/
469,カフェ,カンタベリ,"営業時間
8:00～21:00
日曜営業
定休日
無休",東京都新宿区高田馬場1-26-5 Ｆ・Ｉビル B1F,https://tabelog.com/tokyo/A1305/A130503/13010930/
470,カフェ,t.,"営業時間
［火〜日］12:00〜22:00
日曜営業
定休日
月曜(祝日の場合は翌火曜)",東京都新宿区荒木町16 第二歯朶ビル 1F・B1F,https://tabelog.com/tokyo/A1309/A130903/13172437/
471,カフェ,OSLO COFFEE 四谷三丁目店,,東京都新宿区四谷3-8-9 三井ビル 1F,https://tabelog.com/tokyo/A1309/A130903/13275168/
472,カフェ,猿田彦珈琲とティキタカアイスクリームのお店,"営業時間
8:00～22:00",東京都新宿区西新宿1-1-5 新宿ルミネ1 1F,https://tabelog.com/tokyo/A1304/A130401/13212457/
473,カフェ,ドトールコーヒーショップ 新宿サブナード店,"営業時間
7:30～19:45(L.O.19:30)
日曜営業
定休日
無休",東京都新宿区歌舞伎町1 新宿サブナード地下街,https://tabelog.com/tokyo/A1304/A130401/13086814/
474,カフェ,杉大門,"営業時間
8:30～18:00モーニング8:30～11:00
定休日
土曜日、日曜日、祝日",東京都新宿区四谷3-3,https://tabelog.com/tokyo/A1309/A130903/13089312/
475,カフェ,新宿東口の猫のカフェ,"営業時間
13:00～21:00(L.O.20:30)
日曜営業
定休日
不定休",東京都新宿区新宿3-23-18 クラス新宿ビル 1F,https://tabelog.com/tokyo/A1304/A130401/13278947/
476,カフェ,SCENE clos,"営業時間

日曜営業",東京都新宿区大久保2-31-17 1F,https://tabelog.com/tokyo/A1304/A130404/13287772/
477,カフェ,サンマルクカフェ 西鉄イン新宿店,"営業時間
7:00～22:00
日曜営業
定休日
年中無休",東京都新宿区西新宿7-23-2 西鉄イン新宿 1F,https://tabelog.com/tokyo/A1304/A130401/13156277/
478,カフェ,喫茶室ルノアール 四谷店,"営業時間
[月～土] 7:30～22:00[日・祝] 8:00～22:00
日曜営業
定休日
なし",東京都新宿区四谷1-3-22,https://tabelog.com/tokyo/A1309/A130902/13012812/
479,カフェ,スターバックス・コーヒー 高田馬場早稲田通り店,"営業時間
7:00～23:00
定休日
年中無休",東京都新宿区高田馬場1-25-32 108ビル,https://tabelog.com/tokyo/A1305/A130503/13032992/
480,カフェ,COZY STYLE COFFEE,"営業時間
[火～金]10:00～18:00 [土・日・祝] 10:00～18:00
日曜営業
定休日
月曜日",東京都新宿区上落合3-10-3 丸山ビル 1F,https://tabelog.com/tokyo/A1319/A131901/13220114/
481,カフェ,珈琲館 神楽坂店,"営業時間
7:30～22:30
日曜営業
定休日
無休",東京都新宿区神楽坂6-46 ローベル神楽坂ビル１Ｆ,https://tabelog.com/tokyo/A1309/A130905/13091058/
482,カフェ,Pacific BAKE HOUSE,"営業時間
9:00-21:00
日曜営業
定休日
不定休",東京都新宿区新宿3-38-1 ルミネエスト新宿 1F,https://tabelog.com/tokyo/A1304/A130401/13282739/
483,カフェ,cafe omotenashamoji,"営業時間
11:00～18:00(L.O.17:30)
日曜営業
定休日
不定休",東京都新宿区西早稲田3-28-1 リコスビル 1F,https://tabelog.com/tokyo/A1305/A130503/13222249/
484,カフェ,B Cafe&Lab,,東京都新宿区高田馬場4-2-28,https://tabelog.com/tokyo/A1305/A130503/13276595/
485,カフェ,プロント 新宿西口店,"営業時間
[平日]カフェ 7:00 ～ 17:00／バー 17:00 ～ 24:00[土]カフェ 10:30 ～ 17:00／バー 17:00 ～ 24:00[日、祝日]カフェ 10:30 ～ 17:00／バー 17:00 ～ 23:00
日曜営業
定休日
不定休",東京都新宿区西新宿1-19-2,https://tabelog.com/tokyo/A1304/A130401/13118896/
486,カフェ,BAM BI COFFEE,"営業時間
11:00~22:30( パンケーキメニューL.O.  21:00 )( ドリンク・デザートL.O.  22:00 )
日曜営業
定休日
不定休",東京都新宿区大久保1-14-26,https://tabelog.com/tokyo/A1304/A130404/13270013/
487,カフェ,珈瑠で,"営業時間
[月～土]9:30～20:00
定休日
日・祝",東京都新宿区津久戸町3-17,https://tabelog.com/tokyo/A1309/A130905/13054959/
488,カフェ,神乃珈琲 新宿東口店,"営業時間
[月～金]11:00～23:00[土・日・祝]11:00～21:00
日曜営業",東京都新宿区新宿3-25-10 當山ビル 1F,https://tabelog.com/tokyo/A1304/A130401/13273141/
489,カフェ,タリーズコーヒー Emio Style BIGBOX 高田馬場店,"営業時間
8:00～22:00
日曜営業
定休日
無休",東京都新宿区高田馬場1-35-3 BIGBOX高田馬場 2F,https://tabelog.com/tokyo/A1305/A130503/13214370/
490,カフェ,セガフレード・ザネッティ・エスプレッソ 新宿三丁目店,"営業時間
[月～金]8:00～22:00(L.O.21:00)[土・日]9:00～22:00(L.O.21:00)
日曜営業
定休日
無休",東京都新宿区新宿3-31-7 ミヤビル　１Ｆ・２Ｆ・３Ｆ,https://tabelog.com/tokyo/A1304/A130401/13017368/
491,カフェ,ぷらんたん,"営業時間
12:00～17:30
定休日
日曜日、祝日",東京都新宿区戸塚町1-101-13,https://tabelog.com/tokyo/A1305/A130504/13076183/
492,カフェ,喫茶室ルノアール 市ヶ谷外堀通り店,"営業時間
［月～金］7:30～22:00［土］8:00～22:00［日・祝］9:00～20:00
日曜営業
定休日
なし",東京都新宿区市谷田町1-3 片倉ビル 2F,https://tabelog.com/tokyo/A1309/A130904/13087052/
493,カフェ,ドトールコーヒーショップ 曙橋店,"営業時間
[月〜金]7:00-20:00[土]7:00-19:00
定休日
日曜日",東京都新宿区住吉町7-1,https://tabelog.com/tokyo/A1309/A130903/13086802/
494,カフェ,Lawn,"営業時間
11:00～18:00
定休日
土曜日、日曜日、祝日",東京都新宿区四谷1-2,https://tabelog.com/tokyo/A1309/A130902/13124722/
495,カフェ,ドトールコーヒーショップ 四谷３丁目店,"営業時間
[月〜金]7:15〜20:00[土]7:30〜19:00[日・祝]8:30〜19:00
日曜営業",東京都新宿区四谷3-9,https://tabelog.com/tokyo/A1309/A130903/13055871/
496,カフェ,新宿喫茶りこりす,"営業時間
【月曜日〜土曜日】lunch 11:30〜15:00 cafe 15:00〜18:00 (フードL.O17:30)bar 18:00〜23:00［フードL.O22:00 ドリンクL.O22:30］
定休日
日曜日",東京都新宿区新宿5-8-6 ホテルたてしな 1F,https://tabelog.com/tokyo/A1304/A130401/13280139/
497,カフェ,BECK'S COFFEE SHOP 四ッ谷店,"営業時間
[月～金]6:45～21:00[土・日・祝]6:45～20:00※時短営業中［平日］6:30～20:00［土日］6:45～18:00
日曜営業
定休日
無休",東京都新宿区四谷1 四ツ谷駅構内麹町口階段脇,https://tabelog.com/tokyo/A1309/A130902/13025093/
498,カフェ,ダブルトールコーヒー 新宿御苑,"営業時間
[月～金]8:00～18:00[土]10:00～18:00
定休日
日曜日、祝日",東京都新宿区新宿1-23-11 御苑メインビル 1F,https://tabelog.com/tokyo/A1304/A130402/13242397/
499,カフェ,カフェ・ベローチェ 四谷三丁目店,"営業時間
［月～金］7:00～22:30［土・日・祝］7:00～22:00
日曜営業
定休日
無休",東京都新宿区四谷3-8 四谷 Twin Tower West 1F,https://tabelog.com/tokyo/A1309/A130903/13130647/
500,カフェ,珈琲西武 西新宿店,"営業時間
(月曜日～土曜日)11:00~22:30(L.O food21:30.drink22:00)(日、祝日)11:00~22:00(L.O food21:00 drink21:30)
日曜営業
定休日
12月31日から1月3日店休になります。",東京都新宿区西新宿7-9-16 西新宿メトロビル 2F,https://tabelog.com/tokyo/A1304/A130401/13239218/
501,カフェ,Amelie,,東京都新宿区西五軒町9-5,https://tabelog.com/tokyo/A1309/A130905/13183196/
502,カフェ,ホメリ,"営業時間
9：00〜19：00
定休日
日曜日",東京都新宿区三栄町25-33 BOWビル2階,https://tabelog.com/tokyo/A1309/A130903/13114323/
503,カフェ,スターバックス・コーヒー 新宿ダイアンビル店,"営業時間
7:00～22:30
日曜営業
定休日
無休",東京都新宿区新宿3-36-6 大安ビル　１Ｆ,https://tabelog.com/tokyo/A1304/A130401/13023060/
504,カフェ,タリーズコーヒー 新宿オークタワー店,"営業時間
7:30～19:00
定休日
土曜日、日曜日",東京都新宿区西新宿6-8-1 オークタワー,https://tabelog.com/tokyo/A1304/A130401/13022246/
505,カフェ,アウンコーヒー ミャンマーコーヒーラボ 牛込柳町店,"営業時間
[月～金]11:00～18:00[土・日・祝]8:00～18:00
日曜営業
定休日
不定休",東京都新宿区原町2-7-6,https://tabelog.com/tokyo/A1305/A130504/13253622/
506,カフェ,Cafe Renoir 早稲田駅前店,"営業時間
全日:　8:00-22:00
日曜営業
定休日
無休",東京都新宿区馬場下町62-16 芝田ビル 2F,https://tabelog.com/tokyo/A1305/A130504/13245342/
507,カフェ,スターバックスコーヒー 新宿サブナード店,"営業時間
7:00～22:00
日曜営業
定休日
不定休(サブナードに準ずる)",東京都新宿区歌舞伎町1 新宿サブナード地下街,https://tabelog.com/tokyo/A1304/A130401/13043785/
508,カフェ,ホイッスルカフェ,"営業時間
11:00～21:00
日曜営業
定休日
月曜",東京都新宿区西早稲田2-10-18 パティオ西早稲田 1F,https://tabelog.com/tokyo/A1305/A130504/13164715/
509,カフェ,PASSAGE COFFEE 市ヶ谷店,"営業時間
［月～金］7:30～19:00［土・日・祝］9:00～19:00
日曜営業",東京都新宿区市谷田町2-7-15 クロスプレイス 1F,https://tabelog.com/tokyo/A1309/A130904/13271641/
510,カフェ,スターバックス・コーヒー 新宿新南口店,"営業時間
07:00～23:00
日曜営業
定休日
年中無休",東京都新宿区新宿4-1-9 新宿ユースビル,https://tabelog.com/tokyo/A1304/A130401/13033549/
511,カフェ,スターバックスコーヒー アトレ四谷店,"営業時間
[月～土]7:30～22:00[日・祝]7:30～21:00
日曜営業
定休日
施設に準ずる",東京都新宿区四谷1-5-25 アトレ四谷,https://tabelog.com/tokyo/A1309/A130902/13138319/
512,カフェ,瑠奈,"営業時間
ランチ11:30~
定休日
土曜、日曜",東京都新宿区大久保1-3-22-106,https://tabelog.com/tokyo/A1304/A130401/13089572/
513,カフェ,Seoul Cafe,"営業時間
11：00～23：00（フードL.O.22：00、ドリンクL.O.22：30）
日曜営業
定休日
年中無休",東京都新宿区大久保1-16-30 巨山ビル 2Ｆ,https://tabelog.com/tokyo/A1304/A130404/13232939/
514,カフェ,アカアマコーヒーロースターズ トウキョウ,"営業時間
［毎日］8:00〜19:00ラストオーダー19:00
日曜営業
定休日
なし。",東京都新宿区赤城元町1-25,https://tabelog.com/tokyo/A1309/A130905/13248105/
515,カフェ,喫茶室ルノアール 高田馬場2丁目店,"営業時間
[月～金]7:30～22:00 [土・日・祝]8:00～22:00
日曜営業
定休日
なし",東京都新宿区高田馬場2-18-6 柳屋ビル 1F,https://tabelog.com/tokyo/A1305/A130503/13199112/
516,カフェ,バイ ブック アンド ベッド トウキョウ 新宿店,"営業時間
CAFE11:00~20:00TAKE OUT7:00~23:00※現金不可・カード可（VISA , MASTER , JCB , AMEX , Diners）・電子マネー可（交通系IC , ID, 楽天Edy）
定休日
無",東京都新宿区歌舞伎町1-27-5 歌舞伎町APMビル 8F,https://tabelog.com/tokyo/A1304/A130401/13221587/
517,カフェ,トラノコ,"営業時間
10:30～18:00
日曜営業
定休日
不定休",東京都新宿区三栄町6-14 寿ビル 1F,https://tabelog.com/tokyo/A1309/A130902/13221607/
518,カフェ,スターバックス・コーヒー 飯田橋軽子坂店,"営業時間
[月～土] 07:00～22:00 [日・祝] 08:00～21:00
定休日
年中無休",東京都新宿区揚場町2-1 軽子坂MNビル,https://tabelog.com/tokyo/A1309/A130905/13033040/
519,カフェ,ドトールコーヒーショップ 西新宿青梅街道店,"営業時間
［月～金］7:00～19:00［土・日・祝］8:00～18:00
日曜営業
定休日
無休",東京都新宿区西新宿7-20-3,https://tabelog.com/tokyo/A1304/A130401/13086840/
520,カフェ,コーヒーハウス香りや,,東京都新宿区西新宿7-20-12 かしわぎMURA2 １Ｆ,https://tabelog.com/tokyo/A1304/A130401/13147339/
521,カフェ,CafeLiz,"営業時間
2023年1月16日より営業時間を変更いたします。OPEN 11:00CLOSE 15:00(L.O. 14:30)
定休日
土日祝日",東京都新宿区下宮比町3-13 新宿中興ビル B1F,https://tabelog.com/tokyo/A1309/A130905/13196436/
522,カフェ,HARU COFFEE & BAR,"営業時間
[カフェ]11:00～17:00[バー]17:00～24:00
定休日
無休",東京都新宿区大久保2-32-1 グットサービスビル 2F,https://tabelog.com/tokyo/A1304/A130404/13132852/
523,カフェ,タリーズコーヒー 新宿スクエアタワー店,"営業時間
平日　06:45〜18:30土曜　06:45〜17:00
定休日
日曜祝日",東京都新宿区西新宿6-22-1,https://tabelog.com/tokyo/A1304/A130401/13086708/
524,カフェ,ワイヤード カフェ ルミネエスト新宿店,"営業時間
11:00～22:00[年末年始営業時間]2022年12月31日11:00～18:002023年1月2日11:00～20:301月3日11:00～20:30
日曜営業
定休日
ルミネエスト新宿に準ずる",東京都新宿区新宿3-38-1 ルミネエスト新宿 8F,https://tabelog.com/tokyo/A1304/A130401/13276430/
525,カフェ,クロスオーバー,"営業時間
[火～木]11:30～18:00[金・土]11:30～21:00
定休日
月曜日、日曜日、祝日",東京都新宿区矢来町109,https://tabelog.com/tokyo/A1309/A130905/13112900/
526,カフェ,ＳＥＫＩ,"営業時間
［月～土］11：30～13：30（ＬＯ）14：00～16：30（ＬＯ）
定休日
日・祝日",東京都新宿区新小川町 5-14 田中ビル 1F,https://tabelog.com/tokyo/A1309/A130905/13126336/
527,カフェ,BOM CAFE,"営業時間
10:00～20:00
日曜営業
定休日
無休",東京都新宿区大久保2-31-16 2F,https://tabelog.com/tokyo/A1304/A130404/13284385/
528,カフェ,アフタヌーンティー・ラブアンドテーブル 新宿ルミネ店,"営業時間
11:00～21:00",東京都新宿区西新宿1-1-5 ルミネ新宿LUMINE1　4F,https://tabelog.com/tokyo/A1304/A130401/13205644/
529,カフェ,星乃珈琲店 コモレ四谷,"営業時間
［月～金］8:00～20:00(L.O.19:15)［ランチ］11:00～14:00［土・日・祝］9:00～20:00(L.O.19:15)［モーニング］ Open～11:00
日曜営業",東京都新宿区四谷1-6 コモレ四谷1F,https://tabelog.com/tokyo/A1309/A130902/13249340/
530,カフェ,喫茶室ルノアール 高田馬場１丁目店,"営業時間
[月～土]7：30-22：00[日・祝]8：00-22：00
日曜営業
定休日
なし",東京都新宿区高田馬場1-34-12 竹内ビル 1F,https://tabelog.com/tokyo/A1305/A130503/13087010/
531,カフェ,自家焙煎珈琲 凡,,東京都新宿区新宿3-23-1 都里一ビル B1F,https://tabelog.com/tokyo/A1304/A130401/13000735/
532,カフェ,椿屋珈琲 オペラシティ店,"営業時間
[月〜金]10:00-22:00(L.O.21:30)[土・日・祝]10:00-21:00(L.O.20:30)
日曜営業
定休日
無休",東京都新宿区西新宿3-20-2 東京オペラシティビル 2Ｆ,https://tabelog.com/tokyo/A1318/A131807/13152565/
533,カフェ,スウィング バイ コーヒー,,東京都新宿区天神町78 小野沢マンション 1F,https://tabelog.com/tokyo/A1309/A130905/13203442/
534,カフェ,タリーズコーヒー 新宿住友ビル店,"営業時間
[月～金]7:00～20:00[土・日・祝]8:00～19:00
日曜営業
定休日
無休",東京都新宿区西新宿2-6-2 新宿住友ビル B1F,https://tabelog.com/tokyo/A1304/A130401/13247854/
535,カフェ,ミルリトンカフェ,"営業時間
11:30～21:00お食事 L.O.20:00
日曜営業
定休日
毎日営業中です！",東京都新宿区富久町16-12,https://tabelog.com/tokyo/A1304/A130402/13203391/
536,カフェ,スターバックス・コーヒー 飯田橋メトロピア店,"営業時間
[月～金] 07:00～22:00 [土・日・祝] 08:00～21:00
日曜営業
定休日
年中無休",東京都新宿区神楽坂1-13 東京メトロ飯田橋駅構内,https://tabelog.com/tokyo/A1309/A130905/13033561/
537,カフェ,マルモキッチン ルミネエスト新宿店,"営業時間
ランチ11:00～15:00ディナー15:00～23:00(L.O. 22:30)
日曜営業
定休日
不定休(ルミネエスト新宿店に準ずる)",東京都新宿区新宿3-38-1 ルミネエスト新宿店 8F,https://tabelog.com/tokyo/A1304/A130401/13151960/
538,カフェ,タリーズコーヒー 新宿若松河田店,"営業時間
［月～金］7:30～20:00［土・日・祝］8:00～19:00
日曜営業
定休日
無休",東京都新宿区若松町28-7 ダイヤピア212,https://tabelog.com/tokyo/A1305/A130504/13086709/
539,カフェ,LDK+C,"営業時間
[月～金]10:30～18:00ランチ 　11:30～15:00フードラストオーダー　17:00ドリンクラストオーダー　17:30※店休日や営業時間を変更する場合がございますので、ご来店の際は事前にお問い合わせいただくか、必ずインスタグラムをご確認くださいませ。
定休日
土曜日、日曜日",東京都新宿区高田馬場2-8-6 2F,https://tabelog.com/tokyo/A1305/A130503/13261120/
540,カフェ,神楽坂 茶寮 本店,"営業時間
11:30～22:00",東京都新宿区神楽坂3-1,https://tabelog.com/tokyo/A1309/A130905/13268377/
541,カフェ,スターバックス・コーヒー ルミネエスト新宿店,"営業時間
07:30～23:00
日曜営業
定休日
不定休",東京都新宿区新宿3-38-1 ルミネエスト新宿店 2F,https://tabelog.com/tokyo/A1304/A130401/13033074/
542,カフェ,バスあいのり 3丁目テラス,"営業時間
◆営業時間◆月、水、木、金　12:30〜16:00 ［FOOD L.O.15:30  DRINK L.O.15:30］18:00~21:00［FOOD L.O.20:00  DRINK L.O.20:30］土、日、祝日　12:00〜21:00［FOOD L.O.20:00  DRINK L.O.20:30］
日曜営業
定休日
火曜日",東京都新宿区新宿3-16-4,https://tabelog.com/tokyo/A1304/A130401/13250550/
543,カフェ,タリーズコーヒー 新宿NSビル店,"営業時間
[月～金]7:30～20:00[土・日・祝]8:00～18:00
日曜営業
定休日
無休",東京都新宿区西新宿2-4-1 新宿NSビル 1F,https://tabelog.com/tokyo/A1304/A130401/13025519/
544,カフェ,sojo,"営業時間
［水～金］17:00～21:00［土・日］15:00～21:00
日曜営業
定休日
月曜日、火曜日",東京都新宿区早稲田鶴巻町111,https://tabelog.com/tokyo/A1305/A130504/13215338/
545,カフェ,矢来町カフェ,"営業時間
［金・土］13:00～17:30
定休日
月曜日、火曜日、水曜日、木曜日、日曜日",東京都新宿区矢来町32,https://tabelog.com/tokyo/A1309/A130905/13218803/
546,カフェ,CUPS 神楽坂,,東京都新宿区矢来町112 1F,https://tabelog.com/tokyo/A1309/A130905/13172363/
547,カフェ,Tasse Coffee Roastery,,東京都新宿区高田馬場1-6-12 1F,https://tabelog.com/tokyo/A1305/A130503/13290067/
548,カフェ,サバコ,,東京都新宿区西早稲田2-1-19 ＹＫビル　Ｂ１Ｆ,https://tabelog.com/tokyo/A1305/A130504/13009110/
549,カフェ,キスベリー,"営業時間
11:00～20:30(L.O.20:15)
日曜営業
定休日
不定休",東京都新宿区大久保1-17-7 メゾン豊ビル B1F,https://tabelog.com/tokyo/A1304/A130401/13239021/
550,カフェ,ドトールコーヒーショップ 飯田橋東口店,"営業時間
［月～金］6:45～21:00［土・日・祝］8:00～20:00",東京都新宿区下宮比町1-4 飯田橋御幸ビル 1F,https://tabelog.com/tokyo/A1309/A130905/13283607/
551,カフェ,アラビアンカフェ&バー,"営業時間
16:00～翌4:00
日曜営業
定休日
月曜日",東京都新宿区歌舞伎町1-12-14 1F,https://tabelog.com/tokyo/A1304/A130401/13191799/
552,カフェ,ハチサンゴッコ,"営業時間
11:00～19:00 
定休日
月曜日、日曜日",東京都新宿区市谷加賀町2-6-1 市ヶ谷加賀町アパートA棟 1F,https://tabelog.com/tokyo/A1309/A130903/13251370/
553,カフェ,ホヘト,,東京都新宿区百人町1-10-1,https://tabelog.com/tokyo/A1304/A130404/13290096/
554,カフェ,SHISHA CAFE ema.,"営業時間
[月～金]13:00～翌5:00[土・日・祝]13:00～翌5:00
日曜営業
定休日
不定休",東京都新宿区西新宿1-15-9 VINTAGE 7F,https://tabelog.com/tokyo/A1304/A130401/13287696/
555,カフェ,Dainy,"営業時間
11:00～22:00
日曜営業
定休日
無休",東京都新宿区百人町1-4-20 1～3F,https://tabelog.com/tokyo/A1304/A130404/13287412/
556,カフェ,ラタン,,東京都新宿区高田馬場1-31-8 ダイカンプラザ 1F,https://tabelog.com/tokyo/A1305/A130503/13226339/
557,カフェ,スモールキッチンズ 新宿三丁目店,,東京都新宿区新宿3-1-32 新宿ビル1号館 6F,https://tabelog.com/tokyo/A1304/A130401/13245607/
558,カフェ,カフェ チョ ヨイ 目白通り店,"営業時間
[月～日]11:00～18:00
日曜営業
定休日
不定休",東京都新宿区下落合3-12-19,https://tabelog.com/tokyo/A1305/A130502/13267742/
559,カフェ,喫茶レモン,,東京都新宿区早稲田鶴巻町574,https://tabelog.com/tokyo/A1309/A130905/13195366/
560,カフェ,UNCLE JOE,"営業時間
11：00～21：00
日曜営業
定休日
年中無休（毎年12月31日と1月1日は休日）",東京都新宿区大久保1-13-6,https://tabelog.com/tokyo/A1304/A130404/13226123/
561,カフェ,C.STAND 新宿歌舞伎町靖国通り2号店,"営業時間
12:00～翌7:00(L.O.翌6:00)",東京都新宿区歌舞伎町1-6-4 石塚ビル 5F,https://tabelog.com/tokyo/A1304/A130401/13287888/
562,カフェ,Athel Tree Coffee,,東京都新宿区歌舞伎町2-42-17 新宿ビル 1F,https://tabelog.com/tokyo/A1304/A130401/13282638/
563,カフェ,Za Bar,,東京都新宿区歌舞伎町1-29-1 東急歌舞伎町タワー 6F THEATER MILANO-Za,https://tabelog.com/tokyo/A1304/A130401/13285612/
564,カフェ,COFFEESTAND Fuushikaden,"営業時間
9:00～19:00
定休日
不定休",東京都新宿区中落合2-1-10,https://tabelog.com/tokyo/A1321/A132101/13270636/
565,カフェ,BLACK DUCK,,東京都新宿区高田馬場3-18-26,https://tabelog.com/tokyo/A1305/A130503/13287127/
566,カフェ,cafe こかげ,,東京都新宿区河田町9-9,https://tabelog.com/tokyo/A1305/A130504/13238845/
567,カフェ,サロン・ド・カフェ こもれび,,東京都新宿区山吹町362 みどりビル 2F,https://tabelog.com/tokyo/A1309/A130905/13219154/
568,カフェ,EL-BAR,,東京都新宿区歌舞伎町1-13-4 レンショウビル 1F,https://tabelog.com/tokyo/A1304/A130401/13190917/
569,カフェ,セレーネ カフェ,"営業時間
11:45～15:00 18:00～23:00
日曜営業
定休日
無休",東京都新宿区新宿6-13-7,https://tabelog.com/tokyo/A1304/A130401/13249081/
570,カフェ,アジュールブルー,,東京都新宿区百人町1-11-25,https://tabelog.com/tokyo/A1304/A130404/13151788/
571,カフェ,シャルム,,東京都新宿区市谷台町4 大鷹ビル 1F,https://tabelog.com/tokyo/A1309/A130903/13220129/
572,カフェ,DREADFUL,"営業時間
月 - 土 / 18:00～05:00
定休日
日曜日・祝日",東京都新宿区若松町28-3 ハイマート若松　１Ｆ,https://tabelog.com/tokyo/A1309/A130903/13031669/
573,カフェ,スターバックスコーヒー 防衛省店,"営業時間
[月～金]7:00～19:00
定休日
土曜日、日曜日、祝日",東京都新宿区市谷本村町5-1 防衛省 厚生棟 1F,https://tabelog.com/tokyo/A1309/A130903/13086681/
574,カフェ,ビアカフェ,,東京都新宿区歌舞伎町1-30-1 新宿プリンスホテル B1F,https://tabelog.com/tokyo/A1304/A130401/13152390/
575,カフェ,道しるべCafe,,東京都新宿区高田馬場3-8-17,https://tabelog.com/tokyo/A1305/A130503/13278679/
576,カフェ,COBIN,,東京都新宿区高田馬場3-35-14 マンション樹 1F,https://tabelog.com/tokyo/A1321/A132104/13234103/
577,カフェ,やま,,東京都新宿区築地町8,https://tabelog.com/tokyo/A1309/A130905/13076285/
578,カフェ,磯詩樹,,東京都新宿区戸山2-33-128,https://tabelog.com/tokyo/A1304/A130401/13211510/
579,カフェ,ギフテッド カフェ＆バー,"営業時間
11:00～23:30
定休日
日曜日",東京都新宿区喜久井町20 ニシカワビル B1F,https://tabelog.com/tokyo/A1305/A130504/13228694/
580,カフェ,KEY'S CAFE 東京都庁店,"営業時間
[月～金]8:00～14:00
定休日
土曜・日曜・祝日",東京都新宿区西新宿2-8-1 第1本庁舎 1F 北,https://tabelog.com/tokyo/A1304/A130401/13258219/
581,カフェ,フルーツピープス,,東京都新宿区新宿3-38-1 ルミネエスト新宿 8F,https://tabelog.com/tokyo/A1304/A130401/13251224/
582,カフェ,インバウンド リーグ,"営業時間
10:00～19:00
定休日
土曜日、日曜日、祝日",東京都新宿区新宿5-15-14,https://tabelog.com/tokyo/A1304/A130401/13222031/
583,カフェ,ポップアップキッチン,,東京都新宿区大久保1-12-6 ドン・キホーテ新宿店 イケメン通沿い,https://tabelog.com/tokyo/A1304/A130404/13247224/
584,カフェ,cafe 愛本店,,東京都新宿区歌舞伎町2-22-5 叙々苑第2ビル B1F,https://tabelog.com/tokyo/A1304/A130401/13247848/
585,カフェ,糀カフェ 2539,"定休日
月曜日、土曜日、日曜日、祝日",東京都新宿区本塩町3-9,https://tabelog.com/tokyo/A1309/A130902/13268523/
586,カフェ,チャンプ亭,"営業時間
13:00～21:00",東京都新宿区百人町2-6-7 ラクトビルディング 1F,https://tabelog.com/tokyo/A1304/A130404/13243569/
587,カフェ,Garage coffee,"定休日
月曜日、火曜日、水曜日、木曜日、金曜日、日曜日",東京都新宿区荒木町6 ルミエール四谷 2F,https://tabelog.com/tokyo/A1309/A130903/13280687/
588,カフェ,ヒルトピアツーリストインフォメーションセンター,,東京都新宿区西新宿6-6-2 ヒルトン東京 B1F ヒルトピア内,https://tabelog.com/tokyo/A1304/A130401/13230853/
589,カフェ,ジェシカフェ,,東京都新宿区西新宿7-12-12 SAGIYA Bldg 3F,https://tabelog.com/tokyo/A1304/A130401/13233561/
590,カフェ,hiroma,,東京都新宿区下落合3-9-8,https://tabelog.com/tokyo/A1321/A132104/13195053/
591,カフェ,メルヘン,,東京都新宿区戸山2-33-101,https://tabelog.com/tokyo/A1304/A130401/13088775/
592,カフェ,モア 4 カフェ 2号店,,東京都新宿区新宿3-25,https://tabelog.com/tokyo/A1304/A130401/13095546/
593,カフェ,タカマツ喫茶,"営業時間
［ランチ］11:30～15:00［珈琲・ドリンク］11:30～18:00
定休日
土曜日、日曜日",東京都新宿区北新宿1-3-15,https://tabelog.com/tokyo/A1304/A130404/13088104/
594,カフェ,喫茶室Botin,,東京都新宿区中落合1-20-16,https://tabelog.com/tokyo/A1321/A132104/13228785/
595,カフェ,Tasty for Cats ねこのいない、ねこカフェ,,東京都新宿区百人町1-10-15 JR新大久保駅ビル 3F,https://tabelog.com/tokyo/A1304/A130404/13267657/
596,カフェ,Cafe C＋,"営業時間
12：00～23：00
日曜営業
定休日
年中無休",東京都新宿区大久保1-12-27,https://tabelog.com/tokyo/A1304/A130404/13225046/
597,カフェ,Salon de Soin,"営業時間
[月・火・水・金・土]12:00～20:00[日]12:00～18:00
日曜営業
定休日
木曜日、第1水曜日",東京都新宿区新宿1-15-5,https://tabelog.com/tokyo/A1304/A130402/13286012/
598,カフェ,カフェコア,"営業時間
[月～金]9:00～14:00
定休日
土曜・日曜・祝日（山手メディカルセンターに準ずる）",東京都新宿区百人町3-22-1 東京山手メディカルセンター 1F,https://tabelog.com/tokyo/A1305/A130503/13186096/
599,カフェ,Cafe L,"営業時間
日～金　15：00～23：00土　15：00～27：00
日曜営業
定休日
無休",東京都新宿区歌舞伎町1-13-7 TOKYO19ビルB1F,https://tabelog.com/tokyo/A1304/A130401/13186210/
600,カフェ,筑土テラス CAFE&BAR,"営業時間
10:00～20:00
定休日
土曜日、日曜日",東京都新宿区筑土八幡町2-1 筑土テラス 2F,https://tabelog.com/tokyo/A1309/A130905/13280359/
601,カフェ,みんなのこどもカフェ703,"営業時間
12:00～翌5:00
定休日
無休",東京都新宿区歌舞伎町1-23-14 第1メトロビル 3F,https://tabelog.com/tokyo/A1304/A130401/13162422/
602,カフェ,スターバックスコーヒー 小田急百貨店SHINJUKU DELISH PARK店,"営業時間
7:00～22:00
日曜営業
定休日
不定休",東京都新宿区西新宿1西口地下街1 小田急エース北館,https://tabelog.com/tokyo/A1304/A130401/13283847/
603,カフェ,ワセダ食堂,"営業時間
[火～土]11:00～19:00[日]11:00～18:00営業時間は変更される場合あり
日曜営業
定休日
月曜日、祝日",東京都新宿区西早稲田3-14-2,https://tabelog.com/tokyo/A1305/A130504/13258354/
604,カフェ,DiningCafeフルスイング,"営業時間
(月、火、金、土)11:30～20:00(水、日)11:30 ～18:00
日曜営業
定休日
木曜日※祝日の場合は営業いたします。貸切予約の場合は営業致します。※夏季、冬季休暇あり",東京都新宿区四谷4-13-7 清水ビル 1F,https://tabelog.com/tokyo/A1309/A130903/13252235/
605,カフェ,PRONTO,"営業時間
［月～金］8:00～23:00［土・日・祝］11:00～23:00",東京都新宿区信濃町34 アトレ信濃町 2F,https://tabelog.com/tokyo/A1309/A130901/13255886/
606,カフェ,NANATEA&Tsutsumi 新宿店,,東京都新宿区新宿3-38-1 ルミネエスト新宿 B1F,https://tabelog.com/tokyo/A1304/A130401/13290452/
607,カフェ,Lounge K,"営業時間
10:00～20:00",東京都新宿区西新宿1-1-4 京王百貨店新宿店 4F,https://tabelog.com/tokyo/A1304/A130401/13279474/
608,カフェ,スプレ,,東京都新宿区歌舞伎町1-1-2 テルマー湯 4F,https://tabelog.com/tokyo/A1304/A130401/13218565/
609,カフェ,マクマカフェ,,東京都新宿区百人町3-1-2 東京グローブ座ロビー,https://tabelog.com/tokyo/A1305/A130503/13096274/
610,カフェ,かふぇオハナ,"営業時間
11:30～17:00
日曜営業
定休日
月曜日",東京都新宿区四谷本塩町4-15 新井ビル 1F,https://tabelog.com/tokyo/A1309/A130902/13179618/
611,カフェ,もんち珈琲 西新宿,"営業時間
9:00～15:00(L.O.14:00)
日曜営業
定休日
月曜日、火曜日、水曜日、木曜日、金曜日、土曜日",東京都新宿区西新宿7-19-22 新宿天幕 circus,https://tabelog.com/tokyo/A1304/A130401/13284312/
612,カフェ,イントロ,"営業時間

日曜営業",東京都新宿区高田馬場2-14-8,https://tabelog.com/tokyo/A1305/A130503/13087382/
613,カフェ,一保堂茶舗 新宿京王店,"営業時間
10:00～20:00
日曜営業",東京都新宿区西新宿1-1-4 京王百貨店新宿店 中地階,https://tabelog.com/tokyo/A1304/A130401/13260257/
614,カフェ,Moon Cafe,"営業時間
[月～土]7:30～20:00
定休日
日曜日",東京都新宿区中井1-3-8,https://tabelog.com/tokyo/A1321/A132104/13287287/
615,カフェ,ふろーる,,東京都新宿区百人町3-4-3,https://tabelog.com/tokyo/A1304/A130404/13088577/
616,カフェ,覇王樹,,東京都新宿区西新宿4-16-2,https://tabelog.com/tokyo/A1304/A130401/13083567/
617,カフェ,ソロ山,"営業時間
11:00～22:00(21:30最終入店)",東京都新宿区西新宿1-15-9 VINTAGE1 8F,https://tabelog.com/tokyo/A1304/A130401/13288375/
618,カフェ,グーグカフェ,,東京都新宿区新宿1-13-11,https://tabelog.com/tokyo/A1304/A130401/13164791/
619,カフェ,ピーナッツクラブ カフェ,"営業時間
[日～木]10:00～20:00[金・土]10:00～24:00
日曜営業
定休日
不定休",東京都新宿区赤城元町4-11,https://tabelog.com/tokyo/A1309/A130905/13252074/
620,カフェ,喫茶茶会記,"営業時間
15:00～20:30（Tea Time）20:30～23:30（Bar Time）
定休日
無休",東京都新宿区大京町2-4 1F,https://tabelog.com/tokyo/A1309/A130903/13118547/
621,カフェ,COSTA COFFEE 新大久保店,,東京都新宿区百人町2-2-7 Seoultown 1F,https://tabelog.com/tokyo/A1304/A130404/13259908/
622,カフェ,ティールームブランシェ,"営業時間
11:30～13:30頃※無くなり次第、終了
定休日
土曜日・日曜日",東京都新宿区西新宿8-14-4,https://tabelog.com/tokyo/A1304/A130401/13101120/
623,カフェ,KOKONA 新宿店,,"東京都新宿区新宿3-37-14 ME TOKYO SHINJUKU 1F,3F",https://tabelog.com/tokyo/A1304/A130401/13288836/
624,カフェ,Cafe Pukari 新宿店,"営業時間
9:00～21:00
日曜営業
定休日
不定休",東京都新宿区新宿3-23-1 都里一ビル 3F,https://tabelog.com/tokyo/A1304/A130401/13290097/
625,カフェ,クラブラウンジ,"営業時間
7:00～21:30",東京都新宿区西新宿2-2-1 京王プラザホテル本館 45F,https://tabelog.com/tokyo/A1304/A130401/13218729/
626,カフェ,株式会社 トーアコーヒー,,東京都新宿区百人町1-23-13,https://tabelog.com/tokyo/A1304/A130404/13270725/
627,カフェ,隆龍,"営業時間
［水～日］11:00～16:30
日曜営業
定休日
月曜日、火曜日",東京都新宿区左門町18 陽運寺,https://tabelog.com/tokyo/A1309/A130903/13285964/
628,カフェ,cafe DIAMOND,"営業時間
11:00～24:00(L.O.23:00)",東京都新宿区百人町1-7-16 フォーラム 3F,https://tabelog.com/tokyo/A1304/A130404/13283617/
629,カフェ,Garage coffee,,東京都新宿区新宿3-1-32 新宿ビル1号館,https://tabelog.com/tokyo/A1304/A130401/13272916/
630,カフェ,タコクロ,,東京都新宿区神楽坂3-2 1F,https://tabelog.com/tokyo/A1309/A130905/13232182/
631,カフェ,Kaffetanten,,東京都新宿区西早稲田2-15-4 プランドール西早稲田 1F,https://tabelog.com/tokyo/A1305/A130504/13280498/
632,カフェ,Under the Tree,"営業時間
9:00～16:30（L.O.16:00）
日曜営業
定休日
月曜日",東京都新宿区内藤町11,https://tabelog.com/tokyo/A1304/A130402/13277776/
633,カフェ,カフェ クリオ,"営業時間
12:00～16:00(L.O)15:45
定休日
毎週水・日曜日・祝日・歴史館の休館日",東京都新宿区西早稲田1-6-1 早稲田キャンパス1号館 1F 早稲田歴史館,https://tabelog.com/tokyo/A1305/A130504/13221914/
634,カフェ,喫茶 ほくと,"営業時間
8:30～17:00",東京都新宿区西新宿2-8-1 東京都庁第一本庁舎　１Ｆ,https://tabelog.com/tokyo/A1304/A130401/13110497/
635,カフェ,Dart's Cafe 301,"営業時間
18:00～翌4:00
定休日
無休　※日曜日にお休みをいただく場合がございます。",東京都新宿区高田馬場3-2-15 第26東京ビル　３Ｆ,https://tabelog.com/tokyo/A1305/A130503/13093436/
636,カフェ,Cafe Du Ｍusee,"営業時間
[土・日・祝]11:00～16:30(L.O.16:00)展覧会開催日のみの営業
日曜営業
定休日
月曜日、火曜日、水曜日、木曜日、金曜日",東京都新宿区西新宿1-26-1 SOMPO美術館 2F,https://tabelog.com/tokyo/A1304/A130401/13266519/
637,カフェ,さかいち,"営業時間
［月～金］11:00～19:00［土・祝］11:00～18:00
定休日
日曜日",東京都新宿区戸塚町1-104 神戸ビル 1F,https://tabelog.com/tokyo/A1305/A130504/13155691/
638,カフェ,ほすカフェ@クラブ ダーリン,"営業時間
[水～日]16:00～19:00
日曜営業
定休日
月曜日、火曜日、毎月1日",東京都新宿区歌舞伎町2-22-13 ADビル B1F,https://tabelog.com/tokyo/A1304/A130401/13253229/
639,カフェ,茶房 舞む,,東京都新宿区西落合2-21-23,https://tabelog.com/tokyo/A1321/A132104/13176287/
640,カフェ,ふらっと,"営業時間
11:00～15:00(L.O.14:30)
定休日
土曜日、日曜日",東京都新宿区大久保3-5-1,https://tabelog.com/tokyo/A1305/A130504/13106989/
641,カフェ,Rapport antique cafe,"営業時間
［月・火・木・金］11:00～20:00［土・日］11:00～17:30
日曜営業
定休日
水曜日",東京都新宿区早稲田鶴巻町111 ワセダ福田マンション 1F,https://tabelog.com/tokyo/A1305/A130504/13275151/
642,カフェ,イージェーアニメシアター 新宿,,東京都新宿区新宿3-13-3 新宿文化ビル 5F,https://tabelog.com/tokyo/A1304/A130401/13238993/
643,カフェ,神楽坂 茶ぽん,"営業時間
[月・水・木・金]10:00～16:00[土・日・祝]11:00～19:00
日曜営業
定休日
火曜日",東京都新宿区神楽坂3-2 KI大宗ビル 1F,https://tabelog.com/tokyo/A1309/A130905/13245024/
644,カフェ,サブスリー,,東京都新宿区高田馬場3-14-17,https://tabelog.com/tokyo/A1305/A130503/13075982/
645,カフェ,アルバート,,東京都新宿区高田馬場3-12-11 河合ビル　Ｂ１Ｆ,https://tabelog.com/tokyo/A1305/A130503/13006844/
646,カフェ,Black Cat,,東京都新宿区百人町1-24-8 新宿タウンプラザビル 2F,https://tabelog.com/tokyo/A1304/A130404/13267421/
647,カフェ,COSTA COFFEE,,東京都新宿区高田馬場2-14-2 B1F,https://tabelog.com/tokyo/A1305/A130503/13262455/
648,カフェ,New C's Studio.,"営業時間
[月～日]11:00～20:00
日曜営業
定休日
無休",東京都新宿区新宿5-16-11 新宿光ビルディング 1F,https://tabelog.com/tokyo/A1304/A130401/13270739/
649,カフェ,syzygy,"営業時間
11:00～19:00",東京都新宿区神楽坂3-2-33 芸者新道Rosy,https://tabelog.com/tokyo/A1309/A130905/13290400/
650,カフェ,マリアージュ フレール 小田急新宿店,,東京都新宿区西新宿1-5-1 小田急新宿店 B2F,https://tabelog.com/tokyo/A1304/A130401/13281204/
651,カフェ,ミロ,"営業時間
10:00～15:00
日曜営業
定休日
不定休",東京都新宿区新宿5-10-17 アビラス新宿 1F,https://tabelog.com/tokyo/A1304/A130401/13258817/
652,カフェ,カフェアッカ,,東京都新宿区大久保2-7-1 大久保フジビル 1F,https://tabelog.com/tokyo/A1304/A130404/13224088/
653,カフェ,室伏鴻アーカイブカフェ SHY,,東京都新宿区早稲田鶴巻町557 小笠原ビル 1F,https://tabelog.com/tokyo/A1305/A130504/13194430/
654,カフェ,ユブネ トウキョウ,"営業時間
11:30～18:30
日曜営業
定休日
月曜日、火曜日",東京都新宿区新宿5-10-1 第2スカイビル B1F,https://tabelog.com/tokyo/A1304/A130401/13254174/
655,カフェ,猫丸Cafe,"営業時間
11:00～19:00
日曜営業
定休日
水曜日",東京都新宿区西新宿7-4-5 新宿ウエストスクエアビル 1F,https://tabelog.com/tokyo/A1304/A130401/13279707/
656,カフェ,Ace Blue Cafe,"営業時間
11:00～21:00
日曜営業",東京都新宿区四谷4-8 ライオンズ四谷タワーゲート 2F,https://tabelog.com/tokyo/A1309/A130903/13266307/
657,カフェ,サクラカフェ,"営業時間
[月～水]11:30～18:00(L.O.17:00)[木・金]11:30～18:00(L.O.17:00)18:00～LAST
定休日
土曜日、日曜日、祝日、他不定休",東京都新宿区大久保2-18-4 101,https://tabelog.com/tokyo/A1304/A130401/13212638/
658,カフェ,BECK'S COFFEE SHOP 新宿南口店,"営業時間
6:30～22:00",東京都新宿区新宿3-38-1 JR新宿駅 南口改札内,https://tabelog.com/tokyo/A1304/A130401/13284608/
659,カフェ,フラワーフィールド,"営業時間
11:00～19:00
定休日
土日祝日",東京都新宿区新宿1-30-9 新宿第14ビル1F,https://tabelog.com/tokyo/A1304/A130402/13136941/
660,カフェ,ToRa1.2.3.カフェ,"営業時間

日曜営業
定休日
月曜日、火曜日",東京都新宿区中井1-1-12,https://tabelog.com/tokyo/A1321/A132104/13233582/
661,カフェ,サンマルクカフェ＋R ルミネエスト新宿店,"営業時間
11:00〜21:00
日曜営業
定休日
-",東京都新宿区新宿3-38-1 ルミネエスト新宿 7F,https://tabelog.com/tokyo/A1304/A130401/13276514/
662,カフェ,カフェ ベローチェ 新宿一丁目北店,"営業時間
7:00～22:00",東京都新宿区新宿2-15-22 landwork新宿ビル 1F,https://tabelog.com/tokyo/A1304/A130401/13240869/
663,カフェ,ワンデイズ,"定休日
不定休",東京都新宿区大久保3-9-5 都営西大久保アパート,https://tabelog.com/tokyo/A1305/A130503/13278582/
664,カフェ,トウキョウ プラザ ホテル 喫茶店,"営業時間
7:30～10:00事前予約制
日曜営業",東京都新宿区百人町2-15-1 東京プラザホテル内２階,https://tabelog.com/tokyo/A1304/A130404/13054889/
665,カフェ,ブルーピース,"営業時間
[月・水・木・金]17:00～24:00[土・日・祝]13:00～23:00
定休日
火曜日",東京都新宿区荒木町16-16 ベルウッドビル 2F,https://tabelog.com/tokyo/A1309/A130903/13249817/
666,カフェ,ナルシス,,東京都新宿区歌舞伎町1-13-6 Y.Oビル 2F,https://tabelog.com/tokyo/A1304/A130401/13088278/
667,カフェ,喫茶ふれんど,,東京都新宿区戸山1-22-2 新宿区立障害者福祉センター,https://tabelog.com/tokyo/A1305/A130504/13242309/
668,カフェ,オ・シヤンゼリゼ,"営業時間
18:00～21:00
定休日
土曜日、日曜日",東京都新宿区岩戸町16 メイジャー神楽坂　B1F,https://tabelog.com/tokyo/A1309/A130905/13075834/
669,カフェ,PukuPuku 高田馬場店,"営業時間
14:00～24:00
日曜営業
定休日
不定休",東京都新宿区高田馬場2-14-8 Ntビル 2F,https://tabelog.com/tokyo/A1305/A130503/13258794/
670,カフェ,フラックス,"営業時間
月・火・金11:00ー16:00／17:00ー22:00(L.O.21:00)水17:00ー22:00(L.O.21:00)木11:00ー16:00
定休日
土曜・日曜・祝日",東京都新宿区市谷台町8-2 ルシエール ハル １Ｆ,https://tabelog.com/tokyo/A1309/A130903/13106988/
671,カフェ,珈琲亭 伊達,,東京都新宿区筑土八幡町2-24,https://tabelog.com/tokyo/A1309/A130905/13101580/
672,カフェ,Cafe Moon U,"営業時間
[月～土]11:00～19:00(L.O：18:30)[日]11:00～18:00(L.O：17:30)
日曜営業
定休日
不定休",東京都新宿区百人町1-9-22,https://tabelog.com/tokyo/A1304/A130401/13266953/
673,カフェ,しの笛茶房,"営業時間
10:00～16:30
定休日
不定休",東京都新宿区矢来町104 高齢者福祉施設神楽坂 1F,https://tabelog.com/tokyo/A1309/A130905/13142017/
674,カフェ,クラブラウンジ,"営業時間
［月～金］8:00～21:00［土・日］7:00～21:00
日曜営業
定休日
無休",東京都新宿区西新宿2-2-1 京王プラザホテル 南館 34F,https://tabelog.com/tokyo/A1304/A130401/13057462/
675,カフェ,タリーズコーヒー 住友不動産新宿ファーストタワー店,"営業時間
[月～金]7:30～20:00[土・日]9:00～19:00
日曜営業",東京都新宿区西新宿5-1-1 住友不動産新宿ファーストタワー 1F,https://tabelog.com/tokyo/A1304/A130401/13289670/
676,カフェ,カクウチカフェ Okayoshi,,東京都新宿区北新宿2-22-1,https://tabelog.com/tokyo/A1304/A130401/13283668/
677,カフェ,ROCK CAFE LOFT is your room,"営業時間
イベント時間に準ずる
日曜営業
定休日
1/1〜3",東京都新宿区歌舞伎町1-28-5,https://tabelog.com/tokyo/A1304/A130401/13220296/
678,カフェ,絵本カフェ ボローニャ,"営業時間
[火～日]17:00～24:00(L.O.23:00)
日曜営業
定休日
月曜日",東京都新宿区新小川町3-4,https://tabelog.com/tokyo/A1309/A130905/13203473/
679,カフェ,カフェ ノランナ,"営業時間
11:00～23:00
日曜営業
定休日
無休",東京都新宿区大久保1-14-26,https://tabelog.com/tokyo/A1304/A130404/13256876/
680,カフェ,JOY,,東京都新宿区山吹町361,https://tabelog.com/tokyo/A1309/A130905/13191482/
681,カフェ,Music Bar Corda,"営業時間
［月～金］17:00～22:00［土・日・祝］12:00～22:00",東京都新宿区新宿5-18-11 谷川ビル 4F,https://tabelog.com/tokyo/A1304/A130401/13255239/
682,カフェ,コタ カフェ,,東京都新宿区市谷加賀町2-4-31,https://tabelog.com/tokyo/A1309/A130904/13217891/
683,カフェ,神楽坂 ラウンジ&バー サロンドラリアンス,"営業時間
スイーツ&カフェ ／13:00～15:30（15:00LO）ラウンジ&バー 　／19:00～24:00（23:30LO）
定休日
土曜・日曜・祝日",東京都新宿区神楽坂2-11 3F,https://tabelog.com/tokyo/A1309/A130905/13042288/
684,カフェ,ウキチコーヒー,"営業時間
11:30～22:00
定休日
日曜日",東京都新宿区西新宿3-14-2,https://tabelog.com/tokyo/A1318/A131807/13220104/
685,カフェ,ジャズ ナッティ,,東京都新宿区西早稲田1-17-4,https://tabelog.com/tokyo/A1305/A130504/13161040/
686,カフェ,ITTERU COFFEE,"営業時間
［月～金］11:00～17:00［土・日・祝］10:00～17:00
日曜営業
定休日
不定休",東京都新宿区神楽坂3-6-22 The Room 4F,https://tabelog.com/tokyo/A1309/A130905/13256784/
687,カフェ,HealthyTOKYO CBD ショップ＆カフェ 新宿マルイ本館,"営業時間
月〜日8:00-21:00
定休日
なし（館定休日に準ずる）",東京都新宿区新宿3-30-13 新宿マルイ本館 B1F,https://tabelog.com/tokyo/A1304/A130401/13284620/
688,カフェ,神楽坂 和茶,"営業時間
12:00～17:00(L.O.)
日曜営業
定休日
水曜日、他休みあり",東京都新宿区横寺町37,https://tabelog.com/tokyo/A1309/A130905/13235007/
689,カフェ,新宿中央公園 Park cafe,,東京都新宿区西新宿2-11,https://tabelog.com/tokyo/A1304/A130401/13195830/
690,カフェ,L.VERUS Tokyo,"営業時間
ランチ：11:00-14:30カフェ：14:00-18:30
定休日
日曜日",東京都新宿区西新宿7-15-17 東光ビル 5F,https://tabelog.com/tokyo/A1304/A130401/13291070/
691,カフェ,カフェ クースタ,,東京都新宿区上落合1-17-8 もみの樹園,https://tabelog.com/tokyo/A1321/A132104/13183173/
692,カフェ,cafe COMADO,"営業時間
11:00～20:00",東京都新宿区6-13-7 SKB新宿 1F,https://tabelog.com/tokyo/A1304/A130401/13260523/
693,カフェ,y's cafe,,東京都新宿区歌舞伎町2-36-3 アシベ会館 3F,https://tabelog.com/tokyo/A1304/A130401/13283605/
694,カフェ,Ｂｏｏｔｈ,"営業時間
24時間
日曜営業
定休日
無休",東京都新宿区歌舞伎町1-15-5 ビックレモンビル 7Fフロント,https://tabelog.com/tokyo/A1304/A130401/13178940/
695,カフェ,ジェイストーリー,,東京都新宿区大久保3-10-1 オレンジコート内,https://tabelog.com/tokyo/A1305/A130503/13231499/
696,カフェ,カラオケワールド 新宿店,"営業時間
13:00～翌5:00
日曜営業
定休日
年中無休",東京都新宿区新宿3-6-14 新世界ビル 1F・2F・3F・4F,https://tabelog.com/tokyo/A1304/A130401/13147899/
697,カフェ,翔天亭,"営業時間
9:00～17:30
定休日
新宿御苑に準ずる",東京都新宿区内藤町11,https://tabelog.com/tokyo/A1304/A130401/13178374/
698,カフェ,カフェ インペリアル,"営業時間
12:00～22:00
日曜営業
定休日
不定休",東京都新宿区北新宿1-19-24 オークウッド 1F,https://tabelog.com/tokyo/A1304/A130401/13272325/
699,カフェ,Que te pongo,"営業時間
12:00～18:00
定休日
木曜日、金曜日、土曜日、日曜日",東京都新宿区四谷三栄町2-8 1F,https://tabelog.com/tokyo/A1309/A130902/13286038/
700,カフェ,cois espresso club,,東京都新宿区新宿1-5-9,https://tabelog.com/tokyo/A1304/A130402/13291546/
701,カフェ,茶館 パレアナ,,東京都新宿区白銀町1-2,https://tabelog.com/tokyo/A1309/A130905/13024701/
702,カフェ,バナナジュースとバインミーと私。,"営業時間
10:00～19:00(L.O.18:30)
日曜営業
定休日
無休",東京都新宿区西新宿1-1-3 小田急百貨店新宿店 本館 9F 屋上,https://tabelog.com/tokyo/A1304/A130401/13255172/
703,カフェ,ARCOBALENO CAFFE&BAR TOKYO,"営業時間
 
日曜営業
定休日
月曜日、火曜日",東京都新宿区西新宿4-14-7 1F,https://tabelog.com/tokyo/A1304/A130401/13287988/
704,カフェ,農 Cafe and Marche,"営業時間
[月～金]11:30～23:00(L.O 22:30)[土]定休日[日・祝]13:30～20:00(L.O 19:30)※営業時間内でもスタッフが外出していて不在の場合がございます。※22時の時点で店内にお客様がいらっしゃらない場合、閉店させていただいております。
日曜営業
定休日
土曜日",東京都新宿区新宿7-24-4 1F,https://tabelog.com/tokyo/A1305/A130504/13240500/
705,カフェ,絵空箱,"営業時間
開催イベントに準ずる（イベントチケット必須）※21:00～24:00はカフェのみの営業
定休日
2011年11月末までは無休(その後は未定)",東京都新宿区山吹町361 誠志堂ビル1F、2F,https://tabelog.com/tokyo/A1309/A130905/13127756/
706,カフェ,牧師カフェ,,東京都新宿区大久保1-14-14 日本福音ルーテル東京教会,https://tabelog.com/tokyo/A1304/A130404/13223394/
707,カフェ,田端のおでん＆カフェ,,東京都新宿区市谷台町3-2,https://tabelog.com/tokyo/A1309/A130903/13236068/
708,カフェ,ココナ,,東京都新宿区大久保1-7-22,https://tabelog.com/tokyo/A1304/A130401/13214950/
709,カフェ,GAGARIN HOOKAH LOUNGE,"営業時間
＜月～木＞15：00～24：00（L.O.23：45）＜金・土＞15：00～26：00（L.O.25：30）＜日＞15：00～24：00（L.O.23：45）
日曜営業
定休日
不定休",東京都新宿区高田馬場4-8-9,https://tabelog.com/tokyo/A1305/A130503/13200318/
710,カフェ,amico,,東京都新宿区中落合3-15-14,https://tabelog.com/tokyo/A1321/A132101/13289569/
711,カフェ,コーヒー プチ フール,,東京都新宿区下落合1-6-5,https://tabelog.com/tokyo/A1321/A132104/13256019/
712,カフェ,BOX cafe&space 新宿ミロード店,,東京都新宿区西新宿1-1-3 新宿ミロード 7F,https://tabelog.com/tokyo/A1304/A130401/13255817/
713,カフェ,恋愛術師,"営業時間
12:30～22:30(料理L.O.22:00 ドリンクL.O.22:00)
定休日
無休",東京都新宿区百人町2-3-23 5F,https://tabelog.com/tokyo/A1304/A130404/13196105/
714,カフェ,HASIRA,,東京都新宿区大久保1-3-22 1F,https://tabelog.com/tokyo/A1304/A130401/13289640/
715,カフェ,トゥイードル コーヒー,"営業時間
[月～金]10:00～19:00（L.O. 19:00）[土]10:00～15:00（L.O. 15:00 ）
定休日
日曜日、祝日",東京都新宿区西早稲田1-4-18,https://tabelog.com/tokyo/A1304/A130404/13231536/
716,カフェ,カフェ ド ロア,"営業時間
8:00～18:00(L.O.17:00)
定休日
土曜日、日曜日、祝日",東京都新宿区西新宿8-17-1 住友不動産新宿グランドタワー 1F,https://tabelog.com/tokyo/A1304/A130401/13245535/
717,カフェ,ぽんでぃしぇりえとわーる,,東京都新宿区新宿5-18-11 谷川ビル 5F,https://tabelog.com/tokyo/A1304/A130401/13151454/
718,カフェ,カフェ・ド ムウ,,東京都新宿区新宿5-10-10,https://tabelog.com/tokyo/A1304/A130401/13215354/
719,カフェ,NEW ORK CAFE,"営業時間
11:00～20:00（L.O.19:00）
日曜営業
定休日
月曜日",東京都新宿区百人町1-10-15 JR新大久保駅ビル 3F,https://tabelog.com/tokyo/A1304/A130404/13265154/
720,カフェ,喫茶さくら,,東京都新宿区市谷本村町5-1,https://tabelog.com/tokyo/A1309/A130903/13215688/
721,カフェ,cafe restaurant KITCHEN LAB,"営業時間
ランチ　　11:30-16:00ディナー　17:30-22:00東京都の時短要請中は下記になります。11:30-20:00(16:00-17:00休憩)
定休日
日曜日、月曜日",東京都新宿区西新宿4-16-1 西新宿カーネル 1F,https://tabelog.com/tokyo/A1304/A130401/13258022/
722,カフェ,ネッコカフェ,"営業時間
14:00～22:00
日曜営業
定休日
月曜日",東京都新宿区西早稲田2-18-21 羽柴ビル202,https://tabelog.com/tokyo/A1305/A130503/13134435/
723,カフェ,楽喜茶 LUCKY TEA,"営業時間
10:30〜24:00(23:30L.O)
日曜営業
定休日
無休",東京都新宿区百人町1-17-4 林ビル 1F,https://tabelog.com/tokyo/A1304/A130404/13235069/
724,カフェ,カフェ ウール,,東京都新宿区早稲田鶴巻町570 益川ビル 1F,https://tabelog.com/tokyo/A1305/A130504/13200803/
725,カフェ,アスペン,,東京都新宿区中井1-1-12,https://tabelog.com/tokyo/A1321/A132104/13087265/
726,カフェ,すーぱーみるく,,東京都新宿区榎町38,https://tabelog.com/tokyo/A1309/A130905/13088015/
727,カフェ,大洋レコード&Delicatessen,,東京都新宿区赤城下町10-10,https://tabelog.com/tokyo/A1309/A130905/13275105/
728,カフェ,Lattendaily,,東京都新宿区百人町1-1-22,https://tabelog.com/tokyo/A1304/A130404/13255644/
729,カフェ,市谷の杜 本と活字館,"営業時間
11:30〜20:00[土・日・祝日]10:00〜18:00
日曜営業
定休日
月曜日、火曜日(祝日は開館)",東京都新宿区市谷加賀町1-1-1,https://tabelog.com/tokyo/A1309/A130905/13292032/
730,カフェ,カオリ座,,東京都新宿区百人町1-23-19 南口共同ビル B1F,https://tabelog.com/tokyo/A1304/A130404/13160345/
731,カフェ,ギャラリー茶房「椿」,"営業時間
11:00～16:00 18:00～22:00",東京都新宿区山吹町359 1F,https://tabelog.com/tokyo/A1309/A130905/13184658/
732,カフェ,ハニーズ カフェ,,東京都新宿区西新宿1-1-3 小田急百貨店新宿店 本館 10F,https://tabelog.com/tokyo/A1304/A130401/13251484/
733,カフェ,デミタス,,東京都新宿区新宿7-26-37 2F,https://tabelog.com/tokyo/A1304/A130401/13159810/
734,カフェ,サウンドボンズ,"営業時間
12:00～16:00
日曜営業
定休日
月曜日、火曜日、水曜日、木曜日",東京都新宿区新小川町4-16 及川ビル 1F,https://tabelog.com/tokyo/A1309/A130905/13151404/
735,カフェ,K・J Judith,"営業時間
[月～金]14:00～20:00[土・日]12:00～20:00※イベント状況により変動あり
日曜営業
定休日
不定休",東京都新宿区大久保1-8-4 K-SQUAREビル 3F,https://tabelog.com/tokyo/A1304/A130401/13271880/
736,カフェ,mic cafe tomato kagurazaka,"営業時間
[水～日]11:30～22:00 
日曜営業
定休日
月曜日、火曜日",東京都新宿区神楽坂6-40-1,https://tabelog.com/tokyo/A1309/A130905/13272212/
737,カフェ,クローバー,,東京都新宿区北山伏町1-1,https://tabelog.com/tokyo/A1305/A130504/13157349/
738,カフェ,パラダイス カフェ,,東京都新宿区新宿2-13-16 藤井ビル 4F,https://tabelog.com/tokyo/A1304/A130401/13088378/
739,カフェ,ギャラリーカフェパルス,"営業時間
[水～日]11:00～19:00
日曜営業
定休日
月曜日、火曜日",東京都新宿区神楽坂2-21 1F,https://tabelog.com/tokyo/A1309/A130905/13281702/
740,カフェ,ハングオーバーカフェ,"営業時間
8:00～17:00",東京都新宿区大久保2-7-1 大久保フジビル 1F,https://tabelog.com/tokyo/A1304/A130404/13276441/
741,カフェ,シーシャボス,,東京都新宿区大久保1-1-11 コントワール新宿2F,https://tabelog.com/tokyo/A1304/A130401/13216834/
742,カフェ,aka'aka Aromatherapy Hawaiian herb,,東京都新宿区内藤町1-9 塚田ビル 1F,https://tabelog.com/tokyo/A1309/A130903/13261534/
743,カフェ,NENOi,"営業時間
［月～木・土］12:00～19:00［金］12:00～20:00
定休日
日曜日",東京都新宿区西早稲田2-4-26,https://tabelog.com/tokyo/A1305/A130504/13219580/
744,カフェ,o'bo,"営業時間
［月～土］19:00～翌5:00［日・祝］19:00～翌2:00
日曜営業
定休日
なし（臨時休業あり）",東京都新宿区歌舞伎町1-12-4,https://tabelog.com/tokyo/A1304/A130401/13170060/
745,カフェ,miki's cafe,"営業時間
火〜木：10:00〜19:00金：18:00〜23:00土：10:00〜23:00日：10:00〜19:00祝日営業（振替休日あり）詳しくはインスタをチェック！
日曜営業
定休日
月曜日",東京都新宿区新宿5-1-19 藤和新宿番衆町コープ 1F,https://tabelog.com/tokyo/A1304/A130402/13286372/
746,カフェ,ほすカフェ@クラブ ガイズ,"営業時間
16:00～19:00
日曜営業
定休日
毎月1日、月曜日、火曜日",東京都新宿区歌舞伎町2-14-8 メトロプラザ2ビル B2F,https://tabelog.com/tokyo/A1304/A130401/13253230/
747,カフェ,ギミック,"営業時間
［月・火・木］12:00～16:00 19:00～24:00［金］12:00～16:00 19:00～翌5:00［土・日］12:00～翌5:00
日曜営業
定休日
水曜日",東京都新宿区歌舞伎町2-9-15 歌舞伎町ダイヤモンドパレス 1F,https://tabelog.com/tokyo/A1304/A130401/13240192/
748,カフェ,カフェ・フラット,"営業時間
8:00～18:00
定休日
土曜・日曜・祝日・不定休",東京都新宿区西新宿4-15-3,https://tabelog.com/tokyo/A1304/A130401/13087556/
749,カフェ,薬膳カフェ＋お茶 ゼフィー,,東京都新宿区津久戸町5-1 JCHO東京新宿メディカルセンター本館 1F,https://tabelog.com/tokyo/A1309/A130905/13218342/
750,カフェ,奏庵,,東京都新宿区袋町3,https://tabelog.com/tokyo/A1309/A130905/13185022/
751,カフェ,カフェ・ド・クリエ ホピタル 慶應義塾大学病院店,"営業時間
[月～土]7:00～19:00[日・祝]8:00～19:00
日曜営業",東京都新宿区信濃町35 慶應義塾大学病院 2号館 2F,https://tabelog.com/tokyo/A1309/A130901/13257506/
752,カフェ,BOTANICAL BEACH,,東京都新宿区新小川町6-12,https://tabelog.com/tokyo/A1309/A130905/13286356/
753,カフェ,喫茶 ぶどうの木,"営業時間
[月～土]11:30～17:00
定休日
日曜日、祝日不定休",東京都新宿区新宿6-26-6 新宿ハーブビル 1F,https://tabelog.com/tokyo/A1304/A130401/13211900/
754,カフェ,フレデリカ,"営業時間
12:00～20:00(料理L.O.19:30 ドリンクL.O.19:30)
定休日
無休",東京都新宿区歌舞伎町2-14-8 メトロプラザ2ビル B1F,https://tabelog.com/tokyo/A1304/A130401/13263009/
755,カフェ,穏の座,"営業時間
Cafe［月～金］12:00～16:00BAR(紹介制)［月～金］18:00～翌1:00
定休日
土曜日、日曜日、祝日(火曜日、木曜日も不定で休むことあり)",東京都新宿区荒木町3 フォレストビル 2F,https://tabelog.com/tokyo/A1309/A130903/13249827/
756,カフェ,Cherry sugar,,東京都新宿区百人町2-11-2 2F,https://tabelog.com/tokyo/A1304/A130404/13286329/
757,カフェ,タリーズコーヒー 早稲田大学研究開発センター店,"営業時間
［月～金］8:00～19:00［土・日・祝］9:00～18:00　
日曜営業
定休日
無休",東京都新宿区早稲田鶴巻町513,https://tabelog.com/tokyo/A1305/A130504/13246013/
758,カフェ,タリーズコーヒー 東京医科大学病院店,"営業時間
[月～金]7:00～18:00[土]7:00～17:00(隔週営業)",東京都新宿区西新宿6-7-1,https://tabelog.com/tokyo/A1304/A130401/13237618/
759,カフェ,Cafe B-log,,東京都新宿区大久保1-14-26,https://tabelog.com/tokyo/A1304/A130404/13288574/
760,カフェ,テンビリオンポイント,,東京都新宿区天神町68-3 橋本ビル 2F,https://tabelog.com/tokyo/A1309/A130905/13255219/
761,カフェ,ニホンドウ漢方ブティック 京王新宿店,"営業時間
10:00～20:00
定休日
不定休(京王百貨店に準ずる)",東京都新宿区西新宿1-1-4 京王百貨店新宿店 8F,https://tabelog.com/tokyo/A1304/A130401/13142956/
762,カフェ,喫処 珈琲10,,東京都新宿区早稲田町74 早稲田駅前ビル 1F,https://tabelog.com/tokyo/A1305/A130504/13246003/
763,カフェ,Crospot Cafe & Bar,"営業時間
朝食　7:00~10:00(ラストオーダー9:30)カフェタイム　15:00~18:00バータイム　　18:00~23:00(ラストオーダー22:30)
定休日
日曜定休日(朝食を除く）",東京都新宿区歌舞伎町2-40-5,https://tabelog.com/tokyo/A1304/A130401/13238042/
764,カフェ,フレンズ,,東京都新宿区大久保1-3-14 ワールドビジネスセンター 2F,https://tabelog.com/tokyo/A1304/A130401/13220896/
765,カフェ,トドルパフ,,東京都新宿区赤城下町64,https://tabelog.com/tokyo/A1309/A130905/13222679/
766,カフェ,TIPHARETH COFFEE ROASTERY,"営業時間
[月・火・水・木・金]8:30～19:00[土・日・祝]10:00～17:00
日曜営業",東京都新宿区四谷2-11-18 磯合ビル 1F,https://tabelog.com/tokyo/A1309/A130903/13289863/
767,カフェ,CONCEPT CAFE SHINJUKU BY SWEETS PARADISE,"営業時間
11:00～21:00(最終入店 19:30)
日曜営業
定休日
無休",東京都新宿区新宿3-1-26 新宿マルイ アネックス 8F,https://tabelog.com/tokyo/A1304/A130401/13258384/
768,カフェ,カフェ・ド・クリエ 新宿ガーデンタワー,"営業時間
[月～金]7:00～20:00[土・日・祝]8:00～18:00
日曜営業
定休日
無休",東京都新宿区大久保3-8-2 新宿ガーデンタワー 1F,https://tabelog.com/tokyo/A1304/A130404/13201523/
769,カフェ,東京オペラシティコンサートホールビュッフェ,,東京都新宿区西新宿3-20-2,https://tabelog.com/tokyo/A1318/A131807/13216805/
770,カフェ,バークレイカフェ,,東京都新宿区舟町1番地 シティタワー四谷　1F,https://tabelog.com/tokyo/A1309/A130903/13135757/
771,カフェ,iShite Book Cafe,"営業時間
12:00～20:00",東京都新宿区四谷1-1-6 四谷アーバンビルサカス17 B1F,https://tabelog.com/tokyo/A1309/A130902/13281885/
772,カフェ,IGARASHI珈琲館 高田馬場店,,東京都新宿区高田馬場3-1-3,https://tabelog.com/tokyo/A1305/A130503/13268145/
773,カフェ,ここ・からカフェ,"営業時間
[月～金]11:00～15:00
定休日
土曜日、日曜日、祝日、お盆",東京都新宿区新宿7-3-29 新宿ここ・から広場しごと棟 1F,https://tabelog.com/tokyo/A1304/A130401/13234466/
774,カフェ,LINO cafe&bar,"営業時間
13：00～21：00（L.O.20：30）",東京都新宿区歌舞伎町2-38-2,https://tabelog.com/tokyo/A1304/A130401/13277618/
775,カフェ,Chaos,"営業時間
11:00～20:30",東京都新宿区新宿4-1-6 NEWoMan新宿 4F,https://tabelog.com/tokyo/A1304/A130401/13290578/
776,カフェ,カフェ カド,,東京都新宿区山吹町291,https://tabelog.com/tokyo/A1309/A130905/13190916/
777,カフェ,Bad Morning Cafe,"営業時間
要予約、不定期営業
定休日
不定休",東京都新宿区西新宿7-11-16 新宿プラスワンビル 4F,https://tabelog.com/tokyo/A1304/A130401/13266702/
778,カフェ,ドトールコーヒーショップ 新宿京王モール店,"営業時間
[月～土]7:00～22:00[日・祝]8:00～21:00
日曜営業",東京都新宿区西新宿1-1 京王モール B1F,https://tabelog.com/tokyo/A1304/A130401/13289722/
779,カフェ,ガナドール,,東京都新宿区歌舞伎町2-33-1 第六トーアビル 3F,https://tabelog.com/tokyo/A1304/A130401/13199603/
780,カフェ,THE SMOKIST COFFEE 新宿御苑前店,"営業時間
7:00～22:00
日曜営業",東京都新宿区新宿1-14-5 新宿KMビル 1F,https://tabelog.com/tokyo/A1304/A130402/13263741/
781,カフェ,ブックカフェ オカマルトReBIRTH,"営業時間
[木・金]15:00～23:00[土]12:00～18:00",東京都新宿区新宿3-1-32 新宿ビル 3F,https://tabelog.com/tokyo/A1304/A130401/13285513/
782,カフェ,つみ草,,東京都新宿区信濃町11,https://tabelog.com/tokyo/A1309/A130903/13077569/
783,カフェ,COTTI  COFFEE 早稲田大学戸山学院店,"営業時間
[月〜土]08:00～20:00[日]10:00～20:00
日曜営業
定休日
なし",東京都新宿区馬場下町18 D'Lumiere Waseda 1F,https://tabelog.com/tokyo/A1305/A130504/13291303/
784,カフェ,BUNK SANDWICHES 新宿イーストサイドスクエア店,"営業時間
8:00～21:00
日曜営業
定休日
無休",東京都新宿区新宿6-27-30 新宿イーストサイドスクエア,https://tabelog.com/tokyo/A1304/A130401/13280585/
785,カフェ,リボン 1号店,,東京都新宿区歌舞伎町2-9-18 B1F,https://tabelog.com/tokyo/A1304/A130401/13151091/
786,カフェ,カフェ&レストラン おんぶらーじゅ,"営業時間
[月～金]11:00～17:00[土・日・祝(不定期)]11:00～15:00
日曜営業
定休日
土曜日、日曜日、祝日（不定期で営業する事もあり）",東京都新宿区弁天町32-6 シャロームみなみ風,https://tabelog.com/tokyo/A1305/A130504/13280976/
787,カフェ,to 5 cafe,"営業時間
[月〜金]12:00〜23:00[日]12:00〜23:00当面の間、12:00〜16:00
日曜営業
定休日
不定休",東京都新宿区西早稲田3-20-4 金子ビル,https://tabelog.com/tokyo/A1305/A130504/13278779/
788,カフェ,ニーナナ喫茶,"営業時間
12:00～20:00
定休日
月曜日",東京都新宿区歌舞伎町2-36-3 新宿Acb会館 3F,https://tabelog.com/tokyo/A1304/A130401/13289961/
789,カフェ,タリーズコーヒー 新宿小田急第一生命ビル店,"営業時間
7:00～19:30",東京都新宿区西新宿2-7-1 小田急第一生命ビル 2F,https://tabelog.com/tokyo/A1304/A130401/13251503/
790,カフェ,BYO​もちこみCafe ブラックの女王,,東京都新宿区高田馬場1-24-18 アサイガーデンコート 2F,https://tabelog.com/tokyo/A1305/A130503/13232397/
791,カフェ,ハナハウス,"営業時間
土曜・日曜・祝祭日12：00～19：00
日曜営業
定休日
月曜～金曜",東京都新宿区新宿3-7-2 中川ビル 3F,https://tabelog.com/tokyo/A1304/A130401/13157500/
792,カフェ,茶房羅良,"営業時間
[月～金]8:30～16:30
定休日
土日祝",東京都新宿区下落合1-6-2,https://tabelog.com/tokyo/A1321/A132104/13076460/
793,カフェ,Cafe Shiro,,東京都新宿区住吉町5-8 長寿ビルB1F,https://tabelog.com/tokyo/A1309/A130903/13076020/
794,カフェ,ルカフェ,,東京都新宿区市谷船河原町15 アンスティチュフランセ東京,https://tabelog.com/tokyo/A1309/A130905/13219960/
795,カフェ,Akahaiwave,"営業時間
[月〜日] 12:00〜20:00 (L.O. 19:30)
日曜営業
定休日
不定休",東京都新宿区新宿5-11-28 スターハイム 1F,https://tabelog.com/tokyo/A1304/A130401/13282034/
796,カフェ,PECO,,東京都新宿区神楽坂2-5-2-3,https://tabelog.com/tokyo/A1309/A130905/13274484/
797,カフェ,Cafe Dolce Vita,"営業時間

日曜営業
定休日
年中無休",東京都新宿区北新宿1-12-11 エトワールビル北新宿　Ｂ１Ｆ,https://tabelog.com/tokyo/A1304/A130404/13050268/
798,カフェ,天使のため息,,東京都新宿区大久保2-26-1 1F,https://tabelog.com/tokyo/A1304/A130404/13251989/
799,カフェ,新宿ルミネ２キャフェテリア,,東京都新宿区新宿3-38-2 ルミネ新宿LUMINE2,https://tabelog.com/tokyo/A1304/A130401/13089301/
800,カフェ,マスカレードカフェ,"営業時間
=営業時間= ☆バー　・火曜～木曜　　　 １９：００～１：００・金曜〜土曜       　 １９：００～５：００・日曜          　　　 １９：００～０：００
日曜営業
定休日
月曜日・年始",東京都新宿区新宿2‐4‐1 第22宮廷マンション　１Ｆ,https://tabelog.com/tokyo/A1304/A130402/13115166/
801,カフェ,喫茶パレット,"営業時間
9:00～18:00
定休日
土日祝日",東京都新宿区西落合1-21-11 メゾンドール藤崎 B1F,https://tabelog.com/tokyo/A1321/A132101/13138200/
802,カフェ,カフェ ソーマ,"営業時間
〔火～日〕11:00～17:00(食事ラストオーダー16:00)（ドリンクラストオーダー16:30）
日曜営業
定休日
月曜日",東京都新宿区大久保1-12-3 カーサ第二新宿 106B,https://tabelog.com/tokyo/A1304/A130401/13211620/
803,カフェ,Ten-Coo,"営業時間
・ランチタイム11:30～14:00・カフェタイム11:30～16:00・ダイニングタイム　17:00～24:00(L.O.23:00)
定休日
土・日・祝日",東京都新宿区荒木町8-1 藤村ビル１F,https://tabelog.com/tokyo/A1309/A130903/13109980/
804,カフェ,live cafe G,"営業時間
11：00～20：00（L.O食事19：00／ドリンク19：30）
日曜営業
定休日
なし",東京都新宿区歌舞伎町2-14-5 新宿グランベルホテル 1F,https://tabelog.com/tokyo/A1304/A130401/13163475/
805,カフェ,カフェ&バー 89,"営業時間
24時間営業",東京都新宿区百人町1-11-25 ヴィラレナール 1F,https://tabelog.com/tokyo/A1304/A130404/13247890/
806,カフェ,Mer,"営業時間
[木～火]15:00～
日曜営業
定休日
水曜日",東京都新宿区新宿1‐32‐1 苑フタミビル 2F,https://tabelog.com/tokyo/A1304/A130402/13284269/
807,カフェ,プロント アトレ信濃町店,"営業時間
平日　8:00～23:00土・日・祝　11:00～23:00
日曜営業
定休日
無休",東京都新宿区信濃町34 アトレ信濃町 2F,https://tabelog.com/tokyo/A1309/A130901/13255121/
808,カフェ,gallery bar PaM a,"営業時間
[月～日]11:00～24:00(L.O.23:30)
定休日
無休",東京都新宿区四谷4-9-12 グゥビル　1F,https://tabelog.com/tokyo/A1304/A130402/13112639/
809,カフェ,DISH UP,"営業時間
11:00～21:00(L.O.20:30)
日曜営業
定休日
施設に準ずる",東京都新宿区新宿3-1-26 新宿マルイ アネックス 8F,https://tabelog.com/tokyo/A1304/A130401/13276784/
810,カフェ,アナバー カフェアンドバー,"営業時間
21:00～翌5:00
日曜営業
定休日
水曜日",東京都新宿区歌舞伎町2-38-4 古屋ビル 2F,https://tabelog.com/tokyo/A1304/A130401/13213107/
811,カフェ,知るカフェ 早稲田大学前店,"営業時間
12:30～19:00(L.O.18:30)
定休日
土曜日、日曜日、祝日",東京都新宿区西早稲田3-1-4 武田ビル 1F,https://tabelog.com/tokyo/A1305/A130504/13252046/
812,カフェ,クノーテンカフェ,,東京都新宿区西新宿3-9-7,https://tabelog.com/tokyo/A1318/A131807/13220693/
