,genre,store_name,business_hours,address,url
0,カフェ,ブルズガーデン,"営業時間
ランチ&ブランチ11:30〜15:00(L.O14:00)ディナー17:00〜22:00(L.O21:00)※15:00~17:00の間はディナー準備の為、CLOSE致します。（2022年4月５日より平日・土日祝日すべて上記の通りの営業時間となります）
日曜営業
定休日
月曜日（月曜日が祝日の場合は、営業となります。）",東京都世田谷区用賀4-5-15,https://tabelog.com/tokyo/A1317/A131707/13095961/
1,カフェ,komamo,"営業時間
11:00~19:00
日曜営業
定休日
なし",東京都世田谷区三軒茶屋1-9-13,https://tabelog.com/tokyo/A1317/A131706/13287370/
2,カフェ,畳カフェ&バー くまさん家,"営業時間
月～日、祝日、祝前日: 11:00～20:00 （料理L.O. 19:00 ドリンクL.O. 19:00）17時以降は貸切コースのみ20:00まで１７時以降は完全予約制とさせて頂きますのでネット予約もしくは店舗にお電話でご確認下さい。※一週間前までのご連絡で応相談となります
日曜営業
定休日
不定休(加えて年末年始休み)",東京都世田谷区北沢2-34-8 KMビル 3F,https://tabelog.com/tokyo/A1318/A131802/13195941/
3,カフェ,GREEN HOUSE by MERCER BRUNCH 二子玉川,"営業時間
※2023年10月16日~ディナー営業再開致します。【全日】11:00~22:00Lunch　11:00~17:00(16:00LO)Dinner  17:00~22:00(21:00LO)
日曜営業
定休日
休業日・営業時間については玉川高島屋Ｓ．Ｃに準じての営業となります。",東京都世田谷区玉川3-17-1 玉川高島屋S・C 南館 7F,https://tabelog.com/tokyo/A1317/A131708/13240251/
4,カフェ,ハガレ 桜新町店,"営業時間
【営業時間】　　　Lunch Time 11:00～14:30　　　　　　Cafe Time 14:30～17:00　　　Dinner Time 17:00～23:00 　　 (L.O Food 22:00 / Drink 22:30)
日曜営業
定休日
無休(年末年始休業あり）",東京都世田谷区桜新町1-13-7 キャメルビル 3F,https://tabelog.com/tokyo/A1317/A131707/13216106/
5,カフェ,NAN STATION CAFE&TERRACE,"営業時間
11:00〜22:00
日曜営業
定休日
無休",東京都世田谷区北沢2-14-2,https://tabelog.com/tokyo/A1318/A131802/13258618/
6,カフェ,THREE,"営業時間
11:00～翌05:00
日曜営業
定休日
無し",東京都世田谷区三軒茶屋2-10-14 GREST三軒茶屋 2F,https://tabelog.com/tokyo/A1317/A131706/13290398/
7,カフェ,アートレッグカフェ,"営業時間
ランチタイム 11:30～L.O.16:00 ディナータイム 16:00〜L.O.21:30
日曜営業
定休日
年末年始",東京都世田谷区代沢5-30-10 アール下北沢 2F,https://tabelog.com/tokyo/A1318/A131802/13130434/
8,カフェ,chano-ma 二子玉川,"営業時間
11:00～22:00(L.o 21:00)土日祝は終日ご予約を承っておりません。ご了承お願いいたします。
日曜営業
定休日
元日",東京都世田谷区玉川2-21-1 二子玉川ライズショッピングセンター 7F,https://tabelog.com/tokyo/A1317/A131708/13241318/
9,カフェ,OGAWA COFFEE LABORATORY 桜新町,"営業時間
＊4/17~当面の間 平日のみ15：00以降はスイーツとドリンク（アルコール含む）のみの提供となります。土日祝は通常営業7:00～22:00（L.O.21:30）Morning 7:00~11:00Lunch 11:00~15:00Cafe Time 15:00~18:00Dinner 18:00~22:00
日曜営業
定休日
無休",東京都世田谷区新町3-23-8 エスカリエ桜新町 1F,https://tabelog.com/tokyo/A1317/A131707/13248078/
10,カフェ,bills 二子玉川,"営業時間
8:30~21:00(L.O FOOD 20:00 / DRINK 20:30)
日曜営業
定休日
不定休 (玉川高島屋に準ずる)",東京都世田谷区玉川2-27-5 玉川高島屋S・Cマロニエコート 3F,https://tabelog.com/tokyo/A1317/A131708/13186194/
11,カフェ,Mallorca,"営業時間
＜物販＞9:00-20:00＜レストラン＞9:00-22:00 (21:00L.O.)-----------------------------------------------【朝食】9:00-10:30　【ランチ】11:00-15:00【ティータイム】15:00-17:00【ディナー】17:00～22:00(21:00L.O.) 
日曜営業
定休日
施設に準ずる",東京都世田谷区玉川1-14-1 二子玉川ライズS.C.テラスマーケット 2Ｆ,https://tabelog.com/tokyo/A1317/A131708/13181404/
12,カフェ,ブリキボタン CAFE＆DINING,"営業時間
12:00～23:00（ランチ12:00～16:00、カフェ12:00～23:00、ディナー17:00～22:00 food/L.O.22:00,drink/L.O.22:30）
日曜営業
定休日
不定休",東京都世田谷区北沢2-14-7 下北沢セントラルビル 2F,https://tabelog.com/tokyo/A1318/A131802/13138569/
13,カフェ,カフェ ノーチェ,"営業時間
11:00～21:00(L.O.20:30)
日曜営業
定休日
不定休",東京都世田谷区北沢2-24-2 シモキタエキウエ 2F,https://tabelog.com/tokyo/A1318/A131802/13284704/
14,カフェ,Caffe timo,"営業時間
［バーベキュー］12:00～20:00営業時間・定休日は変更となる場合がございますので、ご来店前にお電話で店舗にご確認ください。
日曜営業
定休日
不定休",東京都世田谷区三宿1-3-23 クラールハイト三宿Ⅰ5F,https://tabelog.com/tokyo/A1317/A131705/13169841/
15,カフェ,ICHIMAN,"営業時間
11:00～20:00(L.O 19:30)
定休日
月曜日　※祝日の場合翌日",東京都世田谷区宮坂3-18-2 エルマナビル 1F,https://tabelog.com/tokyo/A1318/A131813/13153458/
16,カフェ,バビーズ 二子玉川,"営業時間
ランチ・ブランチ：10:00～16:00ディナー　　　　：16:00～23:00(LO22:00)
日曜営業
定休日
不定休（施設休業日に準じております）",東京都世田谷区玉川1-14-1 二子玉川ライズS.C.　テラスマーケット 2F,https://tabelog.com/tokyo/A1317/A131708/13181022/
17,カフェ,Waffle cafe ORANGE,"営業時間
[月～日曜］11:00〜20:00※各種要請などにより時短営業となる場合がございます。※混雑時はお席の時間を90分とさせていただきます。
日曜営業
定休日
 ＜年末年始について＞1/1は休業　※12/31・1/2は通常営業致します。",東京都世田谷区北沢2-26-21 エルフェアシティ下北沢 1F,https://tabelog.com/tokyo/A1318/A131802/13015567/
18,カフェ,MARY STAND,"営業時間
11:30-22:00 (21:00L/O)[金曜、土曜、祝前日]11:30-23:00 (22:00L/O)※暫くの間火曜日は17時までの営業になります。
日曜営業
定休日
不定休",東京都世田谷区北沢2-23-11 藤森ビル 1F,https://tabelog.com/tokyo/A1318/A131802/13244169/
19,カフェ,cafe garage Dogberry,"営業時間
モーニング　8:00〜10:00ランチ　10：00～17：30ディナー　17：30～25：00（L.O.24：00）
日曜営業
定休日
年中無休",東京都世田谷区北沢2-29-16 高木ビル 1F,https://tabelog.com/tokyo/A1318/A131802/13239525/
20,カフェ,latte,"営業時間
morning 8:00~11:00※土日祝限定lunch　11:00~16:00dinner　17:00~22:00(L.O food 21:00/drink 21:30)
日曜営業
定休日
不定休",東京都世田谷区代田5-10-6 イーストコート代田 1F,https://tabelog.com/tokyo/A1318/A131812/13269098/
21,カフェ,NIKSEN,"営業時間
【月〜木】12:00~20:00【金・祝前日】12:00~22:00【土】12:00~18:00
定休日
日・祝日",東京都世田谷区松原1-38-3 山本ビル 202,https://tabelog.com/tokyo/A1318/A131804/13291294/
22,カフェ,COFFEE BAR CIELO,"営業時間
［月］12.00〜23.00［火］18.00〜01.00［水〜日］12.00〜01.00
日曜営業
定休日
無休",東京都世田谷区三軒茶屋2-55-12 ライオンズマンション 1F,https://tabelog.com/tokyo/A1317/A131706/13281147/
23,カフェ,カフェ ラ・ボエム 世田谷,"営業時間
日～木11:00～23:00(ラストオーダー Food/22：00　Drink/22：30)金・土・祝前日11:00～24:00(ラストオーダー Food/23：00　Drink/23：30)※テラス席はラストオーダー21:00 クローズ21:30 となります。ランチ (月~金）11:00～14:00
日曜営業
定休日
年中無休",東京都世田谷区池尻1-9-11 メゾン・ド・ソレイユ　1F・B1F,https://tabelog.com/tokyo/A1317/A131705/13004808/
24,カフェ,ドトールコーヒーショップ 経堂農大通り店,"営業時間
7:30～21:00
日曜営業
定休日
不定休",東京都世田谷区経堂1-21-18,https://tabelog.com/tokyo/A1318/A131813/13086768/
25,カフェ,スターバックスコーヒー シモキタエキウエ店,"営業時間
7:00～22:30
日曜営業
定休日
不定休",東京都世田谷区北沢2-24-2 小田急下北沢駅 シモキタエキウエ内,https://tabelog.com/tokyo/A1318/A131802/13240537/
26,カフェ,Donut and Meatball KEOkeo,,東京都世田谷区上野毛1-14-6 1F,https://tabelog.com/tokyo/A1317/A131715/13268067/
27,カフェ,グラウベルコーヒー,"営業時間
[金･土]13:00～17:00
定休日
月曜日、火曜日、水曜日、木曜日、日曜日",東京都世田谷区代田5-7-9 1F,https://tabelog.com/tokyo/A1318/A131812/13197976/
28,カフェ,千寿,"営業時間
11:00～17:00
日曜営業
定休日
月曜日、火曜日",東京都世田谷区羽根木2-35-1,https://tabelog.com/tokyo/A1318/A131803/13011770/
29,カフェ,ファースト クォーター,"営業時間
11:00～19:00
日曜営業
定休日
金曜日",東京都世田谷区桜新町1-12-2,https://tabelog.com/tokyo/A1317/A131707/13237137/
30,カフェ,スターバックスコーヒー 芦花公園店,"営業時間
7:00～22:30
日曜営業
定休日
不定休",東京都世田谷区南烏山1-2-17,https://tabelog.com/tokyo/A1318/A131809/13147369/
31,カフェ,ASAKO IWAYANAGI SALON DE THE,"営業時間
[水～日]8:00～11:0011:30～18:00
日曜営業
定休日
月曜日、火曜日",東京都世田谷区等々力4-5-9 2F,https://tabelog.com/tokyo/A1317/A131715/13264608/
32,カフェ,LEPO COFFEE STAND,"営業時間
8:00～18:00
日曜営業
定休日
木曜日",東京都世田谷区用賀4-20-11 鈴木ビルB 102,https://tabelog.com/tokyo/A1317/A131707/13275082/
33,カフェ,料理と暮らし 適温,"営業時間
［月・火・水・木・日］8:00～18:00［金・土］8:00～22:00
日曜営業
定休日
無休",東京都世田谷区北沢2-21-22,https://tabelog.com/tokyo/A1318/A131802/13269961/
34,カフェ,cafe Canaan,"営業時間
[金～水] 10:00～22:00
定休日
木曜日（不定休）",東京都世田谷区北沢2-7-6 テクノプラザ下北沢 1F,https://tabelog.com/tokyo/A1318/A131802/13036249/
35,カフェ,タリーズコーヒー 経堂コルティ店,"営業時間
[月～金]7:30～22:00[土]7:30～22:00[日・祝]7:30～22:00 
日曜営業",東京都世田谷区経堂2-1-33 経堂コルティ 2F,https://tabelog.com/tokyo/A1318/A131813/13128990/
36,カフェ,ハマダヤ,"営業時間
10:00～20:00
日曜営業
定休日
無休",東京都世田谷区玉川3-17-1 玉川タカシマヤ本館 B1F,https://tabelog.com/tokyo/A1317/A131708/13195394/
37,カフェ,FLUX CAFE,,東京都世田谷区北沢3-19-20 reload D棟2-7,https://tabelog.com/tokyo/A1318/A131802/13260376/
38,カフェ,LOOK UP COFFEE,"営業時間
8:00~19:00(L.O. 18:30)
日曜営業
定休日
定休日なし",東京都世田谷区北沢2-36-14 ガーデンテラス下北沢 1F,https://tabelog.com/tokyo/A1318/A131802/13255831/
39,カフェ,ローキートーン珈琲店,"営業時間
[豆販売]11:00～19:00[cafe]12:00～18:00
日曜営業
定休日
月曜日、火曜日",東京都世田谷区砧6-37-6 1F,https://tabelog.com/tokyo/A1318/A131814/13061569/
40,カフェ,珈琲館 下高井戸店,"営業時間
平日土 09:00〜21:00 / 日祝 09:00〜21:00
日曜営業
定休日
無休",東京都世田谷区赤堤4-48-4,https://tabelog.com/tokyo/A1318/A131809/13087094/
41,カフェ,タイムアンドスペース,"営業時間
11:00～19:00
定休日
水曜日",東京都世田谷区玉川3-1-18 プラウドタワー 1F,https://tabelog.com/tokyo/A1317/A131708/13158937/
42,カフェ,gouter,"営業時間
10:00～17:00
日曜営業
定休日
水曜日",東京都世田谷区奥沢6-13-7,https://tabelog.com/tokyo/A1317/A131715/13270083/
43,カフェ,スターバックスコーヒー 二子玉川公園店,"営業時間
[月～日]7:00～21:00 
日曜営業
定休日
無休",東京都世田谷区玉川1-16-1,https://tabelog.com/tokyo/A1317/A131708/13158702/
44,カフェ,COFFEE COUNTY TOKYO,"営業時間
11:00～19:00
日曜営業
定休日
月曜日",東京都世田谷区北沢1-30-3 1F,https://tabelog.com/tokyo/A1318/A131801/13286911/
45,カフェ,パイ焼き茶房,"営業時間
11:00～17:00
定休日
日曜日、祝日",東京都世田谷区等々力2-18-1,https://tabelog.com/tokyo/A1317/A131715/13024431/
46,カフェ,Want more?,"営業時間
[土・日]11:00～翌1:00
日曜営業
定休日
月曜日、火曜日、水曜日、木曜日、金曜日",東京都世田谷区豪徳寺1-45-2,https://tabelog.com/tokyo/A1318/A131813/13278527/
47,カフェ,Cafe Apartment 183,"営業時間
LUNCH     11:00～15:00 (LO14:30)CAFE       15:00～17:00DINNER   17:00～21:00  (LO20:30)
日曜営業
定休日
年末年始（12/29～1/3）",東京都世田谷区砧3-4-9 レ・ジェイド世田谷砧 1F,https://tabelog.com/tokyo/A1318/A131814/13201663/
48,カフェ,スターバックスコーヒー 千歳烏山店,"営業時間
7:00～22:00
日曜営業
定休日
不定休",東京都世田谷区南烏山5-15-10 SKCビル,https://tabelog.com/tokyo/A1318/A131809/13247231/
49,カフェ,リバースデー,"営業時間

日曜営業
定休日
月曜日、第2・4土曜日",東京都世田谷区代沢4-2-1 1F,https://tabelog.com/tokyo/A1317/A131706/13252424/
50,カフェ,キタサンドウコーヒー 下北沢店,"営業時間
9:00～21:00
日曜営業
定休日
無休",東京都世田谷区北沢2-21-22 (tefu) lounge 2F・3F,https://tabelog.com/tokyo/A1318/A131802/13268270/
51,カフェ,邪宗門 世田谷店,"営業時間
9:00～18:00(早仕舞いあり)
日曜営業
定休日
水曜、木曜、不定休",東京都世田谷区代田1-31-1,https://tabelog.com/tokyo/A1318/A131812/13054515/
52,カフェ,スターバックス・コーヒー 成城店,"営業時間
07:00～22:00
日曜営業
定休日
年中無休",東京都世田谷区成城2-40-25 パレブラン成城,https://tabelog.com/tokyo/A1318/A131814/13034127/
53,カフェ,ソレイユ,,東京都世田谷区成城2-40-3,https://tabelog.com/tokyo/A1318/A131814/13088078/
54,カフェ,ドトールコーヒーショップ 明大前店,,東京都世田谷区松原2-46-2,https://tabelog.com/tokyo/A1318/A131804/13086923/
55,カフェ,MAKAPU’U,"営業時間
平日［火〜金］ランチ   11:00～15:00（L.O.14:30）                         ディナー18:00〜23:00 （L.O.22:30）土曜日　11:00〜23:00 （L.O.22:30）日曜日・祝日　11:00〜21:00 (L.O.20:30)
日曜営業
定休日
月曜日",東京都世田谷区北沢2-27-2 L‘tia 下北沢 1F,https://tabelog.com/tokyo/A1318/A131802/13255242/
56,カフェ,サンマルクカフェ 三軒茶屋店,"営業時間
[月～金] 7:00～22:30 [土・日・祝] 8:00～22:30
日曜営業
定休日
無休",東京都世田谷区太子堂4-23-2 2F,https://tabelog.com/tokyo/A1317/A131706/13189025/
57,カフェ,UTAKATA COFFEE,"営業時間
[月～土]　12:00～22:00[日]         12:00～18:00 (L.O 17:30)
日曜営業
定休日
不定休",東京都世田谷区奥沢5-14-31,https://tabelog.com/tokyo/A1317/A131711/13275281/
58,カフェ,カフェ・ベローチェ 駒沢店,"営業時間
7:00～22:00
日曜営業
定休日
無休",東京都世田谷区駒沢2-7-1 トゥールジョーヌ駒沢公園 1F,https://tabelog.com/tokyo/A1317/A131707/13148662/
59,カフェ,喫茶 一房,"営業時間
11:00～16:00（L.O.15:30）
日曜営業
定休日
月曜日、火曜日",東京都世田谷区北沢2-21-26 2F,https://tabelog.com/tokyo/A1318/A131802/13283909/
60,カフェ,ニト,"営業時間
11:00～19:00
日曜営業
定休日
火曜日",東京都世田谷区上馬4-12-11 フォレスト駒沢大学 1F,https://tabelog.com/tokyo/A1317/A131707/13190488/
61,カフェ,桜樺苑,"営業時間
12:00～18:00(L.O.1730)
定休日
月曜日、火曜日、日曜日",東京都世田谷区三軒茶屋1-5-9,https://tabelog.com/tokyo/A1317/A131706/13244450/
62,カフェ,クレープス ノカオイ,"営業時間
【平日】8:00~19:00(L.O.18:30)【土・日・祝日】8:00~20:00(L.O.19:30)
日曜営業
定休日
第3水曜日",東京都世田谷区奥沢2-37-10 ホームズ自由が丘 1F,https://tabelog.com/tokyo/A1317/A131703/13245720/
63,カフェ,ダカイン スパム サンドイッチ,"営業時間
9:00～19:00",東京都世田谷区若林3-15-6 エクセル若林,https://tabelog.com/tokyo/A1317/A131709/13239393/
64,カフェ,シュエット・トレファクチュール・ラボラトワール,"営業時間
［月・水・木・金］12:00～18:30［土・日・祝］7:30～18:30
日曜営業
定休日
火曜日",東京都世田谷区宮坂1-39-11,https://tabelog.com/tokyo/A1317/A131709/13208538/
65,カフェ,やおまんキッチン,"営業時間
11:30～17:00(L.O.17:00)
定休日
日曜日・祝日・月曜日",東京都世田谷区祖師谷4-1-21,https://tabelog.com/tokyo/A1318/A131814/13186307/
66,カフェ,バイ アンド バイ,"営業時間
COFFEE 9:00～18:00BAR 21:00～翌4:00
日曜営業
定休日
不定休",東京都世田谷区若林4-26-9,https://tabelog.com/tokyo/A1317/A131709/13219270/
67,カフェ,ジァルディーノ,"営業時間
10:00～21:00
日曜営業
定休日
無休",東京都世田谷区玉川3-17-1 玉川タカシマヤ 3F,https://tabelog.com/tokyo/A1317/A131708/13041133/
68,カフェ,織部 下北沢店,"営業時間
11:00～19:00(L.O.18:30)
日曜営業
定休日
無休（元旦は休業します）",東京都世田谷区北沢2-2-3 1F,https://tabelog.com/tokyo/A1318/A131802/13170389/
69,カフェ,ブラスカフェ,"営業時間
月・水・火・木・金11:00〜16:00
定休日
土日曜祝日",東京都世田谷区三軒茶屋1-41-14 猪野ビル 201,https://tabelog.com/tokyo/A1317/A131706/13201364/
70,カフェ,むさしの森珈琲 世田谷オークラランド店,"営業時間
平日: 07:00～22:00土曜日: 07:00～22:00日曜・祝日: 07:00～22:00
日曜営業
定休日
無し",東京都世田谷区桜3-24-1,https://tabelog.com/tokyo/A1317/A131709/13262319/
71,カフェ,エクスプレッサー,,東京都世田谷区北沢2-25-10,https://tabelog.com/tokyo/A1318/A131802/13226002/
72,カフェ,109シネマズ二子玉川 コンセッション,,東京都世田谷区玉川1-14-1 二子玉川ライズ・ショッピングセンター・テラスマーケット,https://tabelog.com/tokyo/A1317/A131708/13184541/
73,カフェ,イエロー カフェ,"営業時間
[月~日]8:00~18:00
日曜営業
定休日
木曜",東京都世田谷区代沢4-17-19 Nビル 1F,https://tabelog.com/tokyo/A1318/A131801/13213210/
74,カフェ,珈琲館 下北沢店,"営業時間
8:00～21:00
日曜営業
定休日
不定休",東京都世田谷区北沢2-25-19 ピアザ近江屋ビル B1F,https://tabelog.com/tokyo/A1318/A131802/13266504/
75,カフェ,ストリーマーコーヒーカンパニー 世田谷代田店,,東京都世田谷区代田2-31-12,https://tabelog.com/tokyo/A1318/A131812/13207434/
76,カフェ,ニコタマ デイズ カフェ,"営業時間
［月～金］7:00～21:00［土］8:00～21:00［日・祝］8:00～20:00
日曜営業
定休日
無休",東京都世田谷区玉川2-22-13,https://tabelog.com/tokyo/A1317/A131708/13201584/
77,カフェ,Crepes No Ka'Oi 成城店,"営業時間
【　EVERY DAY　】8:00~20:00(L.O.19:30)
日曜営業
定休日
第４水曜日",東京都世田谷区成城6-13-22 成城第一生命ビル,https://tabelog.com/tokyo/A1318/A131814/13269124/
78,カフェ,クッポグラフィー 駒沢公園スタジオ,,東京都世田谷区深沢5-1-8,https://tabelog.com/tokyo/A1317/A131715/13255426/
79,カフェ,マジョレルカフェ,"営業時間
11:30～18:00(L.O.17:00)
日曜営業
定休日
火曜日、水曜日",東京都世田谷区下馬2-6-14,https://tabelog.com/tokyo/A1317/A131706/13197179/
80,カフェ,犬拳堂,"営業時間
[月・火・木・金]12:00～14:00（L.O.）18:30～21:30（L.O.）[土・日]12:00～14:30（L.O.）18:30～21:30（L.O.）※但しカレー無くなり次第終了
日曜営業
定休日
水曜日",東京都世田谷区北沢2-38-10,https://tabelog.com/tokyo/A1318/A131802/13191569/
81,カフェ,中原珈琲店,,東京都世田谷区代田5-29-5,https://tabelog.com/tokyo/A1318/A131803/13210801/
82,カフェ,TiTRE,"営業時間
11:00～17:00​
定休日
日曜・月曜・火曜",東京都世田谷区砧7-12-26,https://tabelog.com/tokyo/A1318/A131814/13240435/
83,カフェ,カフェ マルディ,"営業時間
［水～土］12:00～22:00(L.O.21:30)［日］12:00～20:00(L.O.19:30)
日曜営業
定休日
月曜日、火曜日",東京都世田谷区北沢1-8-2 ハイフォーム桐山　１F,https://tabelog.com/tokyo/A1318/A131801/13009356/
84,カフェ,台所 玉ねぎ,"営業時間
11:30～20:00
日曜営業
定休日
月曜日、木曜日",東京都世田谷区奥沢3-31-10,https://tabelog.com/tokyo/A1317/A131711/13250073/
85,カフェ,ブックエンド コーヒー サービス,"営業時間
11:00～22:00
日曜営業
定休日
無休",東京都世田谷区北沢2-11-17,https://tabelog.com/tokyo/A1318/A131802/13169225/
86,カフェ,フェテカフェ,"営業時間
月曜〜日曜　10:00〜17:00
日曜営業
定休日
不定休",東京都世田谷区奥沢5-37-9,https://tabelog.com/tokyo/A1317/A131715/13145398/
87,カフェ,スターバックスコーヒー 経堂駅店,"営業時間
7:00～22:00
定休日
不定休",東京都世田谷区経堂2-1-3,https://tabelog.com/tokyo/A1318/A131813/13249920/
88,カフェ,ル サンジュウイチ,"営業時間
［月・木］10:31～15:31［火］10:31～12:31［金・土・祝］10:31～15:31 18:31～21:00
定休日
水曜日、日曜日",東京都世田谷区用賀4-34-22 ヒロビル5 1F,https://tabelog.com/tokyo/A1317/A131707/13103544/
89,カフェ,セタビカフェ,"営業時間
10:00～18:00(L.O.17:30)
日曜営業
定休日
月曜日(祝日の場合は翌日火曜日)、年末年始",東京都世田谷区砧公園1-2 世田谷美術館 B1F,https://tabelog.com/tokyo/A1317/A131707/13148306/
90,カフェ,FLIGHT LOUNGE,"営業時間
［全日］12ː00～23:00（L.O.22ː30）
日曜営業
定休日
不定休",東京都世田谷区北沢2-24-5 シモキタフロント 4F,https://tabelog.com/tokyo/A1318/A131802/13248034/
91,カフェ,カフェ・ド・パルファン,,東京都世田谷区北沢2-29-3 メゾン・ド・パルファン 2F,https://tabelog.com/tokyo/A1318/A131802/13009448/
92,カフェ,コーヒー＆トースト,"営業時間
10:00～15:00（売り切れ次第終了）
日曜営業
定休日
不定休",東京都世田谷区三軒茶屋1-5-16,https://tabelog.com/tokyo/A1317/A131706/13235312/
93,カフェ,果実園リーベル 二子玉川店,"営業時間
平日　 11：00～20：00 ＊19:00(L.O)土日祝 10：00～20：00 ＊19:00(L.O)
日曜営業
定休日
ドックウッドプラザに準ずる",東京都世田谷区玉川2-23-1 二子玉川ライズドッグウッドプラザ 7F,https://tabelog.com/tokyo/A1317/A131708/13257715/
94,カフェ,シモキタザワテラス PANES HOUSE,"営業時間
10:30～21:00
日曜営業
定休日
無休",東京都世田谷区北沢2-2-10,https://tabelog.com/tokyo/A1318/A131802/13197688/
95,カフェ,倍音,"営業時間
［月・土・日］9:00～16:30［火・水・木・金］8:00～16:30
日曜営業
定休日
不定休",東京都世田谷区若林4-20-11,https://tabelog.com/tokyo/A1317/A131709/13254249/
96,カフェ,プロント 池尻大橋店,"営業時間
[平日]カフェ7:00～17:30サカバ17:30～23:00  [土]カフェ8:00〜17:30サカバ17:30～23:00 [日祝]カフェ9:00～17:30サカバ17:30～22:00
日曜営業
定休日
無休",東京都世田谷区池尻3-1-3,https://tabelog.com/tokyo/A1317/A131705/13078791/
97,カフェ,オクサワ・ファクトリー・コーヒー・アンド・ベイクス,"営業時間
［月～金］10:00～18:00［土・日］9:30～18:00
定休日
不定休",東京都世田谷区奥沢3-30-15,https://tabelog.com/tokyo/A1317/A131711/13201219/
98,カフェ,タンブラン,"営業時間
[平日］17:00～23:00(L.O)[土・日・祝]15:00～23:00(L.O)
日曜営業
定休日
火曜日(祝日は営業）",東京都世田谷区代沢4-41-7,https://tabelog.com/tokyo/A1318/A131812/13039579/
99,カフェ,ドトールコーヒーショップ 成城学園北口店,"営業時間
7:00～21:00
日曜営業
定休日
無休",東京都世田谷区成城6-9-1 五和ビル 1F,https://tabelog.com/tokyo/A1318/A131814/13119561/
100,カフェ,ソープ,"営業時間
[月・火・木〜土]12:00～20:00[水] 12:00〜18:00 
定休日
日曜日",東京都世田谷区池尻4-27-5 松崎マンション　１Ｆ,https://tabelog.com/tokyo/A1317/A131705/13013058/
101,カフェ,コーヒー ミキ 玉川店,"営業時間
[月～日]10:00～20:00（L.O.19:30）
日曜営業
定休日
玉川高島屋S・Cに準ずる",東京都世田谷区玉川3-17-1 玉川高島屋S・C本館2 F,https://tabelog.com/tokyo/A1317/A131708/13048542/
102,カフェ,カフェカフェ,"営業時間
12:00～15:00 17:00～19:30
日曜営業
定休日
木曜日",東京都世田谷区下馬2-20-5,https://tabelog.com/tokyo/A1317/A131706/13009328/
103,カフェ,二足歩行 コーヒーロースターズ,"営業時間
9:00～19:00
日曜営業
定休日
不定休",東京都世田谷区三軒茶屋1-30-9 三軒茶屋ターミナルビル 2F,https://tabelog.com/tokyo/A1317/A131706/13246758/
104,カフェ,珈琲専科　もん,"営業時間
11:00～18:00(詳細は店舗にご確認下さい)まん延防止等重点措置により当面の間18:00閉店
日曜営業
定休日
火曜日(祝日の場合は翌日)",東京都世田谷区松原2-45-11 2F,https://tabelog.com/tokyo/A1318/A131804/13059544/
105,カフェ,カンノンコーヒー 松陰神社店,"営業時間
9:00～19:00
日曜営業
定休日
無休",東京都世田谷区若林3-17-4,https://tabelog.com/tokyo/A1317/A131709/13232551/
106,カフェ,珈琲館 祖師ヶ谷大蔵店,"営業時間
8:00～21:00
日曜営業",東京都世田谷区祖師谷1-8-14,https://tabelog.com/tokyo/A1318/A131814/13243195/
107,カフェ,LARE,"営業時間
[日〜土]　11:00～18:00土・日・祝日も営業しております。
日曜営業
定休日
元旦／特定日",東京都世田谷区駒沢3-16-2,https://tabelog.com/tokyo/A1317/A131707/13039960/
108,カフェ,フォレスティカフェ 成城店,"営業時間
7:00～20:00
日曜営業
定休日
無休",東京都世田谷区成城6-5-34 成城学園前駅,https://tabelog.com/tokyo/A1318/A131814/13139476/
109,カフェ,アトリエ ルル,"営業時間
12:00～19:30
日曜営業
定休日
月曜日、火曜日、水曜日、木曜日",東京都世田谷区奥沢4-26-9,https://tabelog.com/tokyo/A1317/A131711/13269808/
110,カフェ,Junction,,東京都世田谷区上馬5-39-20,https://tabelog.com/tokyo/A1317/A131709/13287814/
111,カフェ,グルテンフリーカフェ タマクーヘン,"営業時間
OPEN 10:00〜CLOSE 18:00(L.O ﾌｰﾄﾞ17:15、ﾄﾞﾘﾝｸ17:30)
日曜営業
定休日
不定休",東京都世田谷区玉川3-20-1 名川ビル 1F,https://tabelog.com/tokyo/A1317/A131708/13221879/
112,カフェ,サンマルクカフェ ピーコックストア経堂店,"営業時間
平日 7:00～23:00土曜日、日曜日、祝日 7:00～22:00
日曜営業
定休日
無休",東京都世田谷区宮坂2-19-5 1F,https://tabelog.com/tokyo/A1318/A131813/13106939/
113,カフェ,クランペット,"営業時間
[月～土]11:30～19:30[日] 11:30～19:30ランチタイム　～14:30
日曜営業
定休日
火曜日",東京都世田谷区中町5-31-8,https://tabelog.com/tokyo/A1317/A131715/13057900/
114,カフェ,Film Coffee&Things,"営業時間
[火〜日]11:00〜18:00
日曜営業
定休日
[月]定休日他不定休あり",東京都世田谷区三軒茶屋1-32-21,https://tabelog.com/tokyo/A1317/A131706/13279703/
115,カフェ,THE NORTH FACE STANDARD 二子玉川,"営業時間
11:00～18:00
日曜営業
定休日
水曜定休",東京都世田谷区玉川1-17-9,https://tabelog.com/tokyo/A1317/A131708/13176970/
116,カフェ,H.Q CAFE 成城店,"営業時間
11:00~22:00（L.O 21:00）
日曜営業
定休日
1月1日（祝）は休業させていただきます",東京都世田谷区成城6-5-34 成城コルティ 2F,https://tabelog.com/tokyo/A1318/A131814/13218193/
117,カフェ,バワリー・キッチン,"営業時間
11:00～23:00[土・日・祝]10:00～23:00",東京都世田谷区駒沢5-18-7,https://tabelog.com/tokyo/A1317/A131707/13003111/
118,カフェ,コロラド 松陰神社店,"営業時間
[月～金]8:00～ 22:00　[土]8:00～22:00　[日・祝日]8:00～22:00
日曜営業
定休日
無休",東京都世田谷区若林3丁目17-1,https://tabelog.com/tokyo/A1317/A131709/13056038/
119,カフェ,TRIANGLE CAFE,"営業時間
月-木 10:00-20:00（L.O. 19:30）金-日＆祝 10:00-21:00（L.O. Food 20:00、Sweets ･Drink 20:30）
日曜営業
定休日
玉川高島屋SCの営業日に準ずる",東京都世田谷区玉川3-17-1 玉川高島屋S・C 南館 3F,https://tabelog.com/tokyo/A1317/A131708/13243011/
120,カフェ,下北果実,"営業時間
12:00～17:30  (ラストオーダー17:00)年末年始の営業時間12/31〜1/1 休業1/2〜　通常営業
日曜営業
定休日
無休　(注)",東京都世田谷区北沢2-7-7 1F,https://tabelog.com/tokyo/A1318/A131802/13246670/
121,カフェ,讃喫茶室 尾山台,"営業時間
10:00～20:00 (19:00L.O.)
日曜営業
定休日
なし",東京都世田谷区等々力4-9-3 NEXUSウィステリア 1F,https://tabelog.com/tokyo/A1317/A131715/13225088/
122,カフェ,3rd Stone Cafe,"営業時間
（CAFE TIME）12:00～22::00（BAR TIME）22:00～am5:00",東京都世田谷区北沢2-14-1 OTビル 3F,https://tabelog.com/tokyo/A1318/A131802/13103895/
123,カフェ,HEIM,"営業時間
9:00～18:00定休日なし
日曜営業
定休日
インスタグラムに掲載しています",東京都世田谷区松原3-30-11,https://tabelog.com/tokyo/A1318/A131809/13272063/
124,カフェ,なごみ堂,"営業時間
11:00〜19:00
日曜営業
定休日
火曜・第３水曜日",東京都世田谷区祖師谷1-37-8 木梨サイクル ２階,https://tabelog.com/tokyo/A1318/A131814/13057693/
125,カフェ,くろねこドーナツ,"営業時間
ドーナツ11:00～売り切れ次第終了
日曜営業
定休日
月曜日、火曜日",東京都世田谷区経堂2-25-13,https://tabelog.com/tokyo/A1318/A131813/13256409/
126,カフェ,カフェ・マレット,"営業時間
11:00～21:00
日曜営業
定休日
火曜日、水曜日",東京都世田谷区経堂2-16-2,https://tabelog.com/tokyo/A1318/A131813/13021810/
127,カフェ,カフェフーケ 玉川店,"営業時間
10:00〜21:00ラストオーダー：フード 20:00／ドリンク 20:30※状況により営業時間等を変更することもあります。モーニング　平日10:00〜11:00ランチ　平日11:30〜14:30
日曜営業
定休日
※玉川高島屋のお休みに準じます",東京都世田谷区玉川3-17-1 玉川タカシマヤ 1F,https://tabelog.com/tokyo/A1317/A131708/13018248/
128,カフェ,ヤングツリーズコーヒー,"営業時間
10:00～17:00
日曜営業
定休日
不定休",東京都世田谷区若林4-30-5,https://tabelog.com/tokyo/A1317/A131709/13275411/
129,カフェ,カボチャ,,東京都世田谷区若林3-17-11,https://tabelog.com/tokyo/A1317/A131709/13289482/
130,カフェ,CAFEDICT,"営業時間
9:30～18:00(L.O.17:00)
日曜営業
定休日
金曜日(祝日は営業)",東京都世田谷区若林3-17-7,https://tabelog.com/tokyo/A1317/A131709/13260746/
131,カフェ,マウンテン ハット,"営業時間
[月～日・祝] 10:00～12:3014:00～19:00※12:30～14:00 休憩のため一時閉店（当面の間、喫茶は14時から、ラストオーダーは18:00）
日曜営業
定休日
水曜日・火曜日（SNSにて告知）",東京都世田谷区等々力2-32-6,https://tabelog.com/tokyo/A1317/A131715/13176899/
132,カフェ,STABLER Shimokitazawa Meatsand,"営業時間
11:00～19:30（LO）12/31〜1/4まで休※1/5 11:00〜通常通り営業
日曜営業
定休日
12/31〜1/4まで休",東京都世田谷区北沢2-12-15,https://tabelog.com/tokyo/A1318/A131802/13254078/
133,カフェ,ドトールコーヒーショップ 三軒茶屋2丁目店,"営業時間
平日　　7:30-20:00土曜　　9:00-20:30日祝　　9:00-20:00
日曜営業
定休日
無休",東京都世田谷区三軒茶屋2-14-13,https://tabelog.com/tokyo/A1317/A131706/13125865/
134,カフェ,喫茶 宝石箱,"営業時間
12:00～17:00
日曜営業
定休日
火曜・水曜",東京都世田谷区南烏山4-18-18 小山マンション102,https://tabelog.com/tokyo/A1318/A131809/13138678/
135,カフェ,喫茶店 セブン,"営業時間
11:00～21:00
日曜営業
定休日
無休",東京都世田谷区三軒茶屋1-32-13,https://tabelog.com/tokyo/A1317/A131706/13025723/
136,カフェ,カフェ＆バー カメラ,"営業時間
[月〜金]17:00〜翌1:00ラストオーダー[土日祝]12:00〜翌1:00ラストオーダー[ランチ]12:00〜15:00
日曜営業
定休日
火曜日",東京都世田谷区北沢2-26-20 月村ビル ２Ｆ,https://tabelog.com/tokyo/A1318/A131802/13040276/
137,カフェ,フーディオ,"営業時間
11:00～22:00（L.O.21:30）
日曜営業
定休日
無休",東京都世田谷区池尻4-38-11,https://tabelog.com/tokyo/A1318/A131801/13137551/
138,カフェ,いちびこ 太子堂店,"営業時間
[月-金]11:00-19:00[土・日・祝]11:00-18:00
日曜営業
定休日
なし",東京都世田谷区太子堂5-8-3,https://tabelog.com/tokyo/A1317/A131706/13212814/
139,カフェ,えくぷり,"営業時間
11:00～20:00
日曜営業
定休日
不定休",東京都世田谷区北沢2-12-16 美鈴ビル 3F,https://tabelog.com/tokyo/A1318/A131802/13243840/
140,カフェ,クルミ堂,"営業時間
12:00～19:00（おおよそ）
日曜営業
定休日
水",東京都世田谷区宮坂3-45-2 2F,https://tabelog.com/tokyo/A1318/A131813/13117157/
141,カフェ,Analog Hamburger ＋Coffee,"営業時間
[月～金] 11:00～15:0017:00~21:00 （LO20：30）[土・日・祝] 11:00～21:00(LO20:30)
日曜営業
定休日
火曜日",東京都世田谷区桜3-8-12 エクセルピア桜 102,https://tabelog.com/tokyo/A1317/A131709/13161640/
142,カフェ,かみむら食堂,"営業時間
［火～金］12:00～16:0018:30～22:30［土・日］12:00～22:30
日曜営業
定休日
月曜日",東京都世田谷区三軒茶屋2-14-22,https://tabelog.com/tokyo/A1317/A131706/13138038/
143,カフェ,スターバックスコーヒー 桜新町店,"営業時間
7:00～22:00
日曜営業
定休日
無休",東京都世田谷区桜新町2-10-4,https://tabelog.com/tokyo/A1317/A131707/13227446/
144,カフェ,アイアンコーヒー,"営業時間
［月・火・木・金］8:30～19:30［土・日・祝］9:00～19:00
日曜営業
定休日
水曜日",東京都世田谷区豪徳寺1-18-9,https://tabelog.com/tokyo/A1318/A131813/13199308/
145,カフェ,カフェ ベローチェ 千歳烏山店,"営業時間
7:00～23:00
日曜営業
定休日
無休",東京都世田谷区南烏山4-12-10 フロンティアビル　１Ｆ,https://tabelog.com/tokyo/A1318/A131809/13046825/
146,カフェ,愛騒,"営業時間
[火]12:00～18:00[水～日]10:00～18:00
日曜営業
定休日
月曜日、不定休",東京都世田谷区赤堤2-9-13 北川ビル 1F,https://tabelog.com/tokyo/A1318/A131809/13281795/
147,カフェ,tag cafe,"営業時間
[月～日]11：00～20：00
日曜営業
定休日
不定休",東京都世田谷区北沢2-12-10 サウスサイド2 ２B,https://tabelog.com/tokyo/A1318/A131802/13133923/
148,カフェ,ゴーダカフェ,"営業時間
[月・火・水・金・土・日]11:30～15:00
定休日
木曜日",東京都世田谷区若林4-30-9 グリーンハウス 1F,https://tabelog.com/tokyo/A1317/A131709/13215693/
149,カフェ,YELLOW KOMAZAWA KOEN,"営業時間
8:00～19:00
日曜営業
定休日
月曜定休",東京都世田谷区駒沢5-19-10,https://tabelog.com/tokyo/A1317/A131707/13266364/
150,カフェ,ウイング,,東京都世田谷区上北沢4-36-23 京王リトナード八幡山,https://tabelog.com/tokyo/A1318/A131809/13129776/
151,カフェ,タビラコ,"営業時間
13:00～20:00日祝13:00～18:00営業時間、定休日は変更する場合がありますブログでその都度告知
日曜営業
定休日
原則木曜日",東京都世田谷区世田谷4-13-20,https://tabelog.com/tokyo/A1317/A131709/13109069/
152,カフェ,カフェ ステップス,"営業時間
［月・水～土］11:30～20:00
定休日
火曜・日曜・祝日",東京都世田谷区若林3-36-8,https://tabelog.com/tokyo/A1317/A131709/13039263/
153,カフェ,タリーズコーヒー 池尻大橋店,"営業時間
［月〜金］7:00〜22:00［土］8:00〜22:00［日］8:00～21:00
日曜営業
定休日
無休",東京都世田谷区池尻3-2-3 ハピネス5ビル 1F 2F,https://tabelog.com/tokyo/A1317/A131705/13086717/
154,カフェ,マサコ,"営業時間
12:00～22:00(L.O.21:00)
日曜営業
定休日
木曜日",東京都世田谷区北沢2-31-2 大久ビル 2F,https://tabelog.com/tokyo/A1318/A131802/13248534/
155,カフェ,ドトールコーヒーショップ 尾山台店,"営業時間
7:30～21:0020:45（LO）
日曜営業
定休日
無休",東京都世田谷区尾山台3-34-8,https://tabelog.com/tokyo/A1317/A131715/13060928/
156,カフェ,GUUUTARA COFFEE,"営業時間
[火・水・金] 11:00位～18:00[木] 13:00位～18:00[土・日・祝] 10:00位～18:00
日曜営業
定休日
月曜日(※祝日の場合は営業)",東京都世田谷区太子堂3-16-3 ASTILE三軒茶屋II B1F,https://tabelog.com/tokyo/A1317/A131706/13260982/
157,カフェ,マルディグラ,,東京都世田谷区北沢2-31-1 サン・ローザ 1F,https://tabelog.com/tokyo/A1318/A131802/13012544/
158,カフェ,スターバックス・コーヒー 明大前店,"営業時間
08:00～22:30
定休日
年中無休",東京都世田谷区松原2-46-5 Ryu'sビル,https://tabelog.com/tokyo/A1318/A131804/13033131/
159,カフェ,Neighborhood and Coffee 奥沢2丁目店,,東京都世田谷区奥沢2-38-9,https://tabelog.com/tokyo/A1317/A131703/13189208/
160,カフェ,星乃珈琲店 スフレ館 下北沢店,"営業時間
11:00～21:00(L.O.20:30)
日曜営業
定休日
無休",東京都世田谷区北沢2-12-12 桑田ビル B1F,https://tabelog.com/tokyo/A1318/A131802/13153181/
161,カフェ,筋金珈琲焙煎所,"営業時間
10：00～21：00（珈琲豆の販売）（喫茶室の営業は休業しています)
定休日
月曜日（祝日の場合は翌日休）",東京都世田谷区北沢3-31-3,https://tabelog.com/tokyo/A1318/A131802/13213957/
162,カフェ,喫茶 mammal,"営業時間
12:00～21:00(最終入店 20:00)
日曜営業
定休日
金曜日(不定休:木曜日)",東京都世田谷区世田谷3-14-16 安藤コープ 1F,https://tabelog.com/tokyo/A1317/A131709/13240731/
163,カフェ,こはぜ珈琲,"営業時間
11:00～20:30（L.O.20:00）
日曜営業
定休日
第２火曜日",東京都世田谷区北沢2-33-6 グリーンテラスビル 1F,https://tabelog.com/tokyo/A1318/A131802/13204411/
164,カフェ,乾物カフェ まめさや。,,東京都世田谷区世田谷2-22-2 サークルビル世田谷 1F,https://tabelog.com/tokyo/A1317/A131709/13255699/
165,カフェ,狛犬珈琲,"営業時間
10:00～18:30（LO18:00）
日曜営業
定休日
年中無休",東京都世田谷区北沢3-31-5,https://tabelog.com/tokyo/A1318/A131802/13238322/
166,カフェ,ノラズ コーヒー テーブル,,東京都世田谷区北沢2-26-25 1F,https://tabelog.com/tokyo/A1318/A131802/13208407/
167,カフェ,サリーラ キャンディー ストア,"営業時間
ランチタイム　11：00～16：00（last oder 15:30)ディナー　        17：00～23：00（food last oder 22:00 drink last oder 22:30)
日曜営業
定休日
不定休",東京都世田谷区三軒茶屋2-13-22,https://tabelog.com/tokyo/A1317/A131706/13227546/
168,カフェ,カフェ トラ,"営業時間
11:00～16:0017:00～22:00
日曜営業
定休日
火曜日、第1・3水曜日",東京都世田谷区奥沢6-13-5,https://tabelog.com/tokyo/A1317/A131715/13148304/
169,カフェ,マーガレット ハウエル ショップアンドカフェ 二子玉川,"営業時間
10:00～20:00(L.O.19:00)
日曜営業
定休日
不定休",東京都世田谷区玉川2-21-1 ライズショッピングセンター タウンフロント 2F,https://tabelog.com/tokyo/A1317/A131708/13172578/
170,カフェ,サンデーブランチ 下北沢店,"営業時間
11:00～19:30（19:00L.O）
日曜営業
定休日
不定休",東京都世田谷区北沢2-29-2 フェニキアビル 2F,https://tabelog.com/tokyo/A1318/A131802/13004596/
171,カフェ,ルピナス,"営業時間
11:30～23:00
日曜営業
定休日
不明",東京都世田谷区弦巻2-8-17 2階,https://tabelog.com/tokyo/A1317/A131707/13053592/
172,カフェ,ニシキヤ洋菓子店,"営業時間
[月～水・金～日]8:30～19:00
日曜営業
定休日
木曜・月3回水曜",東京都世田谷区祖師谷3-32-3 NN協同ビル １Ｆ,https://tabelog.com/tokyo/A1318/A131814/13012633/
173,カフェ,アフタヌーンティー・ティールーム 玉川高島屋SC店,"営業時間
[月～日]10:00～20:00(L.O.19:30)
日曜営業
定休日
1/1",東京都世田谷区玉川3-17-1 玉川タカシマヤ 4F,https://tabelog.com/tokyo/A1317/A131708/13003139/
174,カフェ,パドブレ,"営業時間
店内11:30～15:00テイクアウト11:30～17:00
日曜営業
定休日
月曜日、火曜日",東京都世田谷区経堂2-4-14,https://tabelog.com/tokyo/A1318/A131813/13224779/
175,カフェ,タリーズコーヒー 砧世田谷通り店,"営業時間
8:30～20:00
日曜営業
定休日
なし",東京都世田谷区砧1-15-3 GU世田谷砧店 1F,https://tabelog.com/tokyo/A1318/A131814/13050691/
176,カフェ,ドトールコーヒーショップ 駒沢大学駅前店,"営業時間
[月～金] 7:00～21:30 [土・日・祝] 7:30～21:00
日曜営業
定休日
年中無休",東京都世田谷区上馬3-18-12,https://tabelog.com/tokyo/A1317/A131707/13147425/
177,カフェ,Organic & Music. Com.cafe.音倉,"営業時間
営業　月曜〜日曜　[月〜金]11:00～15:00／15:30 close（ランチ&カフェ）[月〜日]18:30～22:00（ライブorイベント）　緊急事態宣言中は営業時間が異なりますので、音倉HPをごらんください。
日曜営業
定休日
なし",東京都世田谷区北沢2-26-23 EL・NIU Ｂ１,https://tabelog.com/tokyo/A1318/A131802/13095296/
178,カフェ,Amber 自由が丘,"営業時間
10:00-21:00",東京都世田谷区奥沢5-42-3 トレインチ自由が丘 2F,https://tabelog.com/tokyo/A1317/A131703/13278404/
179,カフェ,サンマルクカフェ 小田急豪徳寺駅店,"営業時間
7:00～22:00
定休日
無",東京都世田谷区豪徳寺1-43-4,https://tabelog.com/tokyo/A1318/A131813/13122832/
180,カフェ,ワーキング カフェ ハロ,"営業時間
[火～日]10:00～19:00 
日曜営業
定休日
月曜日",東京都世田谷区豪徳寺1-23-23 Cloche豪徳寺 1F,https://tabelog.com/tokyo/A1318/A131813/13252094/
181,カフェ,ダーウィンルーム,,東京都世田谷区代沢5-31-8 グリーン沢 1F,https://tabelog.com/tokyo/A1318/A131802/13144806/
182,カフェ,BRICK LANE,"営業時間
11:30〜18:00
日曜営業
定休日
火曜日",東京都世田谷区世田谷1-15-14 1F,https://tabelog.com/tokyo/A1317/A131709/13188168/
183,カフェ,パールレディ 下北沢店,"営業時間
［月～金］12:00～20:00［土・日・祝］11:00～20:00
日曜営業
定休日
不定休",東京都世田谷区北沢2-26-24 オーブ井部 102,https://tabelog.com/tokyo/A1318/A131802/13175903/
184,カフェ,MEILI,"営業時間
[月～日]11:00～20:00(L.O.19:30)
日曜営業
定休日
不定休",東京都世田谷区赤堤4-45-17 1F,https://tabelog.com/tokyo/A1318/A131809/13243856/
185,カフェ,GODIVA cafe Futakotamagawa,"営業時間
8:00～21:00",東京都世田谷区玉川1-14-1 二子玉川ライズ・ショッピングセンター テラスマーケット 2F,https://tabelog.com/tokyo/A1317/A131708/13274270/
186,カフェ,かふぇ り どぅ あんぐいゆ,"営業時間
12:00～21:00(L.O.20:00)
日曜営業
定休日
水曜日",東京都世田谷区駒沢2-1-6,https://tabelog.com/tokyo/A1317/A131707/13247978/
187,カフェ,工房花屋SOKO,,東京都世田谷区上用賀5-8-11,https://tabelog.com/tokyo/A1317/A131707/13155976/
188,カフェ,ドエル,,東京都世田谷区宮坂1-28-4 宮の坂ロサ 1F,https://tabelog.com/tokyo/A1317/A131709/13022106/
189,カフェ,ネイバーフッド アンド コーヒー 代沢5丁目店,"営業時間
［店内］7:30～21:00［テイクアウト］7:30～22:00
日曜営業
定休日
無休",東京都世田谷区代沢5-8-13 クリークス代沢,https://tabelog.com/tokyo/A1318/A131802/13162576/
190,カフェ,世田谷百貨店,"営業時間
9:00～19:00(土日祝)9:00～19:00(平日)
日曜営業
定休日
月曜日（インスタグラムをご確認ください）",東京都世田谷区世田谷2-2-8,https://tabelog.com/tokyo/A1317/A131709/13227040/
191,カフェ,スターバックスコーヒー 奥沢2丁目店,"営業時間
8:00～22:00
定休日
不定休",東京都世田谷区奥沢2-38-9,https://tabelog.com/tokyo/A1317/A131703/13271556/
192,カフェ,PAIN et GOHAN,"営業時間
OPEN 8：00〜~CLOSE 22：30（定休日  火曜日＋第3もしくは第4水曜日）モーニング　　8:00〜10:59（LO 10:00）ランチ　11:00〜15:00（LO 14:30）ディナー　17:00〜22:30（LO 21:30）
日曜営業
定休日
火曜日 + 不定休（第3もしくは第4水曜日）",東京都世田谷区代沢3-12-20 ビラアズマ 1F,https://tabelog.com/tokyo/A1318/A131802/13188430/
193,カフェ,リトルマウス,"営業時間
ランチ 11:30 〜15:00カフェ 11:30 〜 17:00(不定期)ディナー 17:00～21:00
日曜営業
定休日
定休日、 月曜日、日曜は予約制になります",東京都世田谷区奥沢4-27-12 パトラ奥沢 B1F,https://tabelog.com/tokyo/A1317/A131711/13249322/
194,カフェ,山猫珈琲店,"営業時間
11:00～21:00
日曜営業
定休日
水曜日",東京都世田谷区赤堤3-3-11,https://tabelog.com/tokyo/A1318/A131809/13248181/
195,カフェ,a-bridge 三軒茶屋店,"営業時間
12:00～24:00
日曜営業
定休日
水曜日",東京都世田谷区三軒茶屋2-14-12 三元ビル　ＲＦ,https://tabelog.com/tokyo/A1317/A131706/13021821/
196,カフェ,珈琲百貨店 喜多見店,,東京都世田谷区喜多見9-2-33 小田急マルシェ喜多見 1F,https://tabelog.com/tokyo/A1318/A131814/13144090/
197,カフェ,アエリアン,"営業時間
10:00～17:00
日曜営業
定休日
月曜日",東京都世田谷区羽根木1-19-20 羽根木インターナショナルガーデンハウスA棟,https://tabelog.com/tokyo/A1318/A131803/13274477/
198,カフェ,星乃珈琲店 三軒茶屋店,"営業時間
9:00～22:00(L.O.21:30)",東京都世田谷区三軒茶屋1-37-3,https://tabelog.com/tokyo/A1317/A131706/13170086/
199,カフェ,ブルーマンデー,,東京都世田谷区北沢2-19-10 2F,https://tabelog.com/tokyo/A1318/A131802/13171688/
200,カフェ,CHICHICAFE,"営業時間
11:00～22:00（L.O.21:00）
日曜営業
定休日
不定休",東京都世田谷区玉川1-2-8,https://tabelog.com/tokyo/A1317/A131708/13093876/
201,カフェ,それいゆ,,東京都世田谷区祖師谷3-32-15 2F,https://tabelog.com/tokyo/A1318/A131814/13097136/
202,カフェ,Pati COFFEE&PLANTS,"営業時間
8:00～18:00
日曜営業
定休日
火曜日",東京都世田谷区代沢4-34-13 代沢クラブ 1F,https://tabelog.com/tokyo/A1318/A131801/13279976/
203,カフェ,ニュー風知空知,"営業時間
18:00～翌2:00
定休日
不定休",東京都世田谷区北沢2-14-2 Jow3ビル 4F,https://tabelog.com/tokyo/A1318/A131802/13106421/
204,カフェ,アナモカフェ,"営業時間
12:00～19:00(L.O.18:30)
日曜営業
定休日
水曜日、木曜日",東京都世田谷区経堂2-20-1,https://tabelog.com/tokyo/A1318/A131813/13154423/
205,カフェ,ヴォルール・ドゥ・フルール  下北沢店,"営業時間
12:00～20:00
日曜営業
定休日
無休",東京都世田谷区北沢2-26-17 ＴＳＫビル 2Ｆ,https://tabelog.com/tokyo/A1318/A131802/13025726/
206,カフェ,ZAC,"営業時間
9：00～22：40 
日曜営業
定休日
無休",東京都世田谷区北沢2-11-2 パティオ下北沢 1F,https://tabelog.com/tokyo/A1318/A131802/13034769/
207,カフェ,Cafe +8101,"営業時間
9:00～22:00 
日曜営業
定休日
不定休",東京都世田谷区上用賀4-15-12 ラ・ストーリア馬事公苑 1F,https://tabelog.com/tokyo/A1317/A131707/13242776/
208,カフェ,サザコーヒー 東急 二子玉川店,"営業時間
10:00～21:00
日曜営業
定休日
無休",東京都世田谷区玉川2-21-1 二子玉川ライズ・ショッピングセンター 食料品 東急フードショー B1F,https://tabelog.com/tokyo/A1317/A131708/13126702/
209,カフェ,ジ ユージュアル,"営業時間
12:00～20:00
日曜営業
定休日
月曜日、火曜日",東京都世田谷区北沢2-27-12 林ビル1F,https://tabelog.com/tokyo/A1318/A131802/13199899/
210,カフェ,コマイチ アンド カフェ,"営業時間
(月～土) 11:00～16:00  17:00〜23:00(L.O22:30)(日.祝)11:00～16:00  17:00〜21:00(L.O20:30) 
日曜営業
定休日
無休",東京都世田谷区駒沢1-20-7 グランメゾン駒沢パーク 2F,https://tabelog.com/tokyo/A1317/A131707/13018915/
211,カフェ,THREE TEA CAFE トレインチ自由が丘店,"営業時間
11:00 – 19:00（L.O 18:30）
日曜営業
定休日
不定休　※トレインチ自由が丘に準じる",東京都世田谷区奥沢5-42-3 トレインチ自由が丘,https://tabelog.com/tokyo/A1317/A131703/13276902/
212,カフェ,カフェ コロラド 三軒茶屋店,"営業時間
8:00～21:30
日曜営業
定休日
無休",東京都世田谷区太子堂4-22-7 森住ビル 1F,https://tabelog.com/tokyo/A1317/A131706/13139224/
213,カフェ,COFFEE AND BAKED LOCASA,"営業時間
8:00～18:00[金・土]8:00～22:00(L.O.21:00)
日曜営業
定休日
木曜日",東京都世田谷区粕谷1-6-27 フジ 1F,https://tabelog.com/tokyo/A1318/A131809/13280996/
214,カフェ,POPO coffee&wine,"営業時間

日曜営業
定休日
月曜日",東京都世田谷区太子堂1-1-11 グレイス世田谷 2F,https://tabelog.com/tokyo/A1317/A131705/13265127/
215,カフェ,キタショク,"営業時間
[火～土]11:00～翌3:00[日]11:00～翌2:00
日曜営業
定休日
月曜日",東京都世田谷区北沢2-14-19 1F・2F,https://tabelog.com/tokyo/A1318/A131802/13190351/
216,カフェ,カフェアランチャート,"営業時間
10：00～20：00（木曜日10：00～18：30）
日曜営業
定休日
不定休（店頭・HPにて事前にお知らせいたします。）",東京都世田谷区奥沢4-27-16,https://tabelog.com/tokyo/A1317/A131711/13135837/
217,カフェ,アンティコカフェ アルアビス 二子玉川店,"営業時間
[平日]8:00～23:00[土・日・祝]9:00～23:00
日曜営業
定休日
ライズショッピングセンターに準ずる",東京都世田谷区玉川2-21-1 二子玉川ライズ・ショッピングセンター １F,https://tabelog.com/tokyo/A1317/A131708/13124102/
218,カフェ,GOOD GREEN THINGS,"営業時間
10:00～20:00
日曜営業",東京都世田谷区玉川1-14-1 二子玉川ライズS.C. テラスマーケット 2F,https://tabelog.com/tokyo/A1317/A131708/13283645/
219,カフェ,YOUR DAILY COFFEE 代沢店,,東京都世田谷区代沢4-38-4 1F,https://tabelog.com/tokyo/A1318/A131801/13257640/
220,カフェ,つゆ艸,"営業時間
13:00～18:00
日曜営業
定休日
月曜日、火曜日、不定休あり",東京都世田谷区代沢5-32-13 露崎商店ビル 1F,https://tabelog.com/tokyo/A1318/A131802/13149374/
221,カフェ,トウキョウコーヒーラボ,"営業時間
11:00～19:00
日曜営業
定休日
火曜日",東京都世田谷区下馬2-29-7,https://tabelog.com/tokyo/A1317/A131705/13246721/
222,カフェ,Bole COFFEE&ICE CREAM,"営業時間
9:00～18:00",東京都世田谷区羽根木1-19-19 羽根木インターナショナルガーデンハウス CT-03,https://tabelog.com/tokyo/A1318/A131803/13285909/
223,カフェ,銭場商店,"営業時間
11:00～20:00
日曜営業
定休日
火曜日",東京都世田谷区太子堂2-34-5 太子堂コーポ 1F,https://tabelog.com/tokyo/A1317/A131706/13191949/
224,カフェ,珈琲館 上北沢店,"営業時間
8:30～20:00
日曜営業",東京都世田谷区上北沢4-12-5,https://tabelog.com/tokyo/A1318/A131809/13087118/
225,カフェ,サイドウォーク コーヒー,"営業時間
[月～日]9:00～19:00
日曜営業
定休日
無休",東京都世田谷区北沢3-9-19 マスタードホテル 1F,https://tabelog.com/tokyo/A1318/A131802/13259405/
226,カフェ,コロラド 下高井戸店,"営業時間
8:00～20:00
日曜営業
定休日
無休",東京都世田谷区松原3-29-19 鈴木ビル2Ｆ,https://tabelog.com/tokyo/A1318/A131809/13048823/
227,カフェ,珈琲専門店 東亜 東松原店,"営業時間
9:30～18:30(L.O.18:00)
日曜営業
定休日
無休",東京都世田谷区松原5-3-17,https://tabelog.com/tokyo/A1318/A131803/13087064/
228,カフェ,コーヒーハウスぽえむ,"営業時間
11:00～20:00(L.O.19:30)
日曜営業
定休日
火曜日",東京都世田谷区赤堤4-46-7 野島ビル 2F,https://tabelog.com/tokyo/A1318/A131809/13019197/
229,カフェ,POPPY,"営業時間
11:00～17:00[火]11:00～16:00
日曜営業
定休日
水曜日、木曜日",東京都世田谷区弦巻2-8-17,https://tabelog.com/tokyo/A1317/A131707/13274098/
230,カフェ,コメダ珈琲店  駒沢公園店,"営業時間
7:00～23:00",東京都世田谷区深沢4-5-13,https://tabelog.com/tokyo/A1317/A131707/13244924/
231,カフェ,VILLAGE CAFE 深沢 BY PROMENADE,"営業時間
[月・水・木・金・土・日]7:00～18:00
日曜営業
定休日
火曜日",東京都世田谷区深沢2-1-10,https://tabelog.com/tokyo/A1317/A131702/13260924/
232,カフェ,タパシエスタ,"営業時間
12:00〜23:00
日曜営業
定休日
無し(不定休)",東京都世田谷区北沢2-23-6 すみれビル 2F,https://tabelog.com/tokyo/A1318/A131802/13273173/
233,カフェ,本の読める店 fuzkue 下北沢店,"営業時間
12:00～22:00 (L.O.21:30)
日曜営業
定休日
無休",東京都世田谷区代田2-36-14 BONUS TRACK,https://tabelog.com/tokyo/A1318/A131802/13255697/
234,カフェ,MUNYA,"営業時間
12:00～24:00Lunch 12:00~15:00(ランチ食材無くなったら終了します)tea      12:00〜24:00Dinner 18:00~24:00月〜金曜日はランチ休み(祝日は営業します)貸切営業のみ平日ランチタイムはご利用可能です夏季(7〜8月)の土日祝日はランチタイム(12:00〜15:00)は前日までの予約制になります
日曜営業
定休日
不定休　平日の月〜金曜日は12 :00〜18:00は休みです　※土日祝日はランチ営業してます　　なお、７月〜9月前半までは土日祝日のランチもお休みします",東京都世田谷区駒沢5-15-4,https://tabelog.com/tokyo/A1317/A131707/13116501/
235,カフェ,いーはとーぼ,,東京都世田谷区北沢2-34-9 第一トキワビル ２Ｆ,https://tabelog.com/tokyo/A1318/A131802/13012546/
236,カフェ,Mr.FARMER 駒沢オリンピック公園,"営業時間
冬季営業時間8:00～21:00（L.O.20:00)※通常営業時間7:00～、2023年12月1日～2024年2月29日まで、上記の冬季営業時間で営業いたします。【年末年始の営業について】12月31日　休業1月1日　休業1月2日、3日　17:00 閉店
日曜営業
定休日
なし",東京都世田谷区駒沢公園1-1-2,https://tabelog.com/tokyo/A1317/A131707/13205140/
237,カフェ,propaganda 下北沢,"営業時間
＝＝＝＝＝＝＝＝＝＝＝＝R3年4月12日〜当面の間、時間短縮営業を行っております。OPEN11:30〜CLOSE20：00（L.O19：00）＊酒類のご提供は取りやめております。ご不便おかけいたしますが、宜しくお願い致します。＝＝＝＝＝＝＝＝＝＝＝＝[月～木・日・祝] 11:30～翌2:00(L.O.翌1:00)[金・土・祝前日] 11:30～翌5:00(L.O.翌4:00)
日曜営業
定休日
無休",東京都世田谷区北沢2-8-8 NSビル 1F,https://tabelog.com/tokyo/A1318/A131802/13179108/
238,カフェ,カフェ ザ サン リブズ ヒア,"営業時間
10:00～19:00(L.O.18:00)
日曜営業
定休日
無休",東京都世田谷区三軒茶屋1-27-33,https://tabelog.com/tokyo/A1317/A131706/13145455/
239,カフェ,Cafe B13,"営業時間
月～金　11:00～20：00土・日　9：00～21：00
日曜営業
定休日
水曜日",東京都世田谷区給田3-34-1 ライオンズマンション 1F,https://tabelog.com/tokyo/A1318/A131809/13259513/
240,カフェ,堀口珈琲 世田谷店,"営業時間
11:00～19:00
日曜営業
定休日
第3水曜",東京都世田谷区船橋1-12-15,https://tabelog.com/tokyo/A1318/A131813/13009444/
241,カフェ,キャンディー,"営業時間

日曜営業",東京都世田谷区太子堂1-12-36,https://tabelog.com/tokyo/A1317/A131706/13087711/
242,カフェ,発酵デパートメント,"営業時間
＜飲食＞・ランチ／ティータイム　  11:30 〜 18:00（FOODメニュー L.O. 15:00）　※15時以降はティータイムメニューとなります・ディナー 　　　18:00 〜21:00（20:30 L.O.)　　※火曜・水曜はディナー休業
日曜営業
定休日
定休日なし",東京都世田谷区代田2-36-15 BONUS TRACK内,https://tabelog.com/tokyo/A1318/A131802/13251284/
243,カフェ,フォローミー,"営業時間
11:00～23:30
定休日
日曜日",東京都世田谷区経堂1-19-7 セントラル経堂 B1F,https://tabelog.com/tokyo/A1318/A131813/13133024/
244,カフェ,ハトス アウトサイド,"営業時間
11:30～15:00(L.O.14:30)17:30～23:00(フードL.O.22:00 ドリンクL.O.22:30)［日・祝］11:30～22:00(L.O.21:00)
日曜営業
定休日
月曜日",東京都世田谷区赤堤4-22-5,https://tabelog.com/tokyo/A1318/A131809/13199601/
245,カフェ,コメダ珈琲店 下北沢店,"営業時間
7:00～23:00
日曜営業
定休日
無休",東京都世田谷区北沢2-25-16 浜銀下北沢ビル 2Ｆ,https://tabelog.com/tokyo/A1318/A131802/13250674/
246,カフェ,スタン コーヒー アンド ベイク,"営業時間
8:00～17:00
日曜営業
定休日
火曜日",東京都世田谷区瀬田4-22-16 1F,https://tabelog.com/tokyo/A1317/A131707/13250002/
247,カフェ,カフェ・ブールマン,"営業時間
15:00～19:00　cafe time 19:00～24:00　bar time　チャージなし。喫茶メニューあり。
日曜営業
定休日
火曜日、 土曜日はラストオーダが16：30、　日曜日（イベントのみ営業）",東京都世田谷区成城6-16-5 カサローザ成城　２Ｆ,https://tabelog.com/tokyo/A1318/A131814/13002006/
248,カフェ,ヨウケル舎,"営業時間
[火〜日]11:30～19:00(L.O.18:30)テイクアウト10:00〜19:00
日曜営業
定休日
不定休
2023年現在、毎週月曜日定休",東京都世田谷区経堂4-7-8,https://tabelog.com/tokyo/A1318/A131813/13116943/
249,カフェ,スターバックスコーヒー 世田谷ビジネススクエア店,"営業時間
［月～土］7:00～22:00［日・祝］7:00～21:00
日曜営業
定休日
不定休",東京都世田谷区用賀4-10-1,https://tabelog.com/tokyo/A1317/A131707/13187085/
250,カフェ,スターバックス・コーヒー 三軒茶屋店,"営業時間
[月～金] 07:00～22:30 [土・日・祝] 08:00～22:30
定休日
年中無休",東京都世田谷区太子堂4-20-25 海津ビル,https://tabelog.com/tokyo/A1317/A131706/13033066/
251,カフェ,RoJean,"営業時間
8:00～15:00",東京都世田谷区北沢1-9-2,https://tabelog.com/tokyo/A1318/A131801/13266582/
252,カフェ,ファンラン,"営業時間
11:30～23:00（L.O19:30)ご予約の方は21:00頃までご相談ください
定休日
月曜日、日曜日",東京都世田谷区上馬4-29-7,https://tabelog.com/tokyo/A1317/A131707/13053594/
253,カフェ,シティ コーヒー セタガヤ,"営業時間
9:00～18:00三月の定休日は3/24のみ夜営業は現在不定期になりますイベント時は時間が変則の場合がごさいます。貸切などご相談承ります。
日曜営業
定休日
3月は3/24のみお休み",東京都世田谷区世田谷4-17-6,https://tabelog.com/tokyo/A1317/A131709/13215433/
254,カフェ,Raw Sugar Roast,"営業時間
8:00～18:00",東京都世田谷区宮坂3-9-4,https://tabelog.com/tokyo/A1318/A131813/13269787/
255,カフェ,La Pina,"営業時間
11:30～21:30(L.O.21:00)",東京都世田谷区北沢3-34-4,https://tabelog.com/tokyo/A1318/A131802/13262426/
256,カフェ,LLOYD COFFEE Setagaya,"営業時間
水木金土11:00-18:00（L.017:30）
定休日
日月火",東京都世田谷区世田谷1-48-1,https://tabelog.com/tokyo/A1317/A131709/13282035/
257,カフェ,ドトールコーヒーショップ 千歳船橋店,"営業時間
全日/07：00～22：00
日曜営業
定休日
無休",東京都世田谷区船橋1-1-5,https://tabelog.com/tokyo/A1318/A131813/13086935/
258,カフェ,アルファベータコーヒーロースターズ,"営業時間
9:00～20:00
日曜営業
定休日
月曜日",東京都世田谷区等々力4-2-1 Ultimo 1F,https://tabelog.com/tokyo/A1317/A131715/13252527/
259,カフェ,gelato pique cafe bio concept 玉川高島屋S・C店,"営業時間
10:00～20:00(L.O.19:30)
定休日
不定休(玉川高島屋S・Cに準ずる)",東京都世田谷区玉川3-17-1 玉川高島屋S・C 南館 B1F,https://tabelog.com/tokyo/A1317/A131708/13181806/
260,カフェ,ニューオールド,"営業時間
火～金9:30~22:00breakfast 9:30~11:00lunch 11:30-15:30dinner 17:30-22:00 (LO21:00)土日祝8:00~22:00breakfast 8:00~10:30lunch 11:30~17:30dinner 17:30-23:00 (LO22:00)火~日cafe menu  ALL TIME
日曜営業
定休日
月曜日",東京都世田谷区弦巻3-9-11,https://tabelog.com/tokyo/A1317/A131707/13157060/
261,カフェ,ピコンバー,"営業時間
［月・水・木・金］13:00～23:00(L.O.22:00)［土］12:00～21:00［日］12:00～20:00
日曜営業
定休日
火曜日",東京都世田谷区豪徳寺1-45-2,https://tabelog.com/tokyo/A1318/A131813/13013097/
262,カフェ,プリティシングス,"営業時間
9:00～21:00",東京都世田谷区駒沢5-24-5,https://tabelog.com/tokyo/A1317/A131707/13259311/
263,カフェ,torse,"営業時間
11:00-20:00（LO） Close21:00食材や仕込みにより営業時間が変更することがございます。詳しくはお電話等でご確認ください。
日曜営業
定休日
なし",東京都世田谷区下馬5-35-5,https://tabelog.com/tokyo/A1317/A131706/13058149/
264,カフェ,チャノコ コーヒー ロースタリー,"営業時間
10:00～19:00
日曜営業
定休日
なし",東京都世田谷区奥沢2-12-6 平井ビル 1F,https://tabelog.com/tokyo/A1317/A131703/13205125/
265,カフェ,城山,"営業時間
[月～金]11：30～20：00土・日・祝]12：00～17：30
日曜営業",東京都世田谷区世田谷3-5-7,https://tabelog.com/tokyo/A1317/A131709/13076434/
266,カフェ,Tea&Sweets テェ・テェ,"営業時間
11:00～19:00
定休日
月曜日、第2・4火曜日",東京都世田谷区赤堤4-45-12 藤枝ビル 2F,https://tabelog.com/tokyo/A1318/A131809/13268780/
267,カフェ,バン,"営業時間
8:00～20:00(L.O.19:30)
定休日
日曜日",東京都世田谷区砧5-1-1 ベルビュー成城 102,https://tabelog.com/tokyo/A1318/A131814/13088398/
268,カフェ,ドトールコーヒーショップ 千歳烏山店,"営業時間
[平日]6:30～20:00[土・日]7:00～20:00
日曜営業
定休日
年中無休",東京都世田谷区南烏山4-12-5 ＴＳ烏山 1F,https://tabelog.com/tokyo/A1318/A131809/13162767/
269,カフェ,リーフ,"営業時間
11:00～15:00(L.O.14:30) 17:00～22:00(L.O.21:00)
日曜営業
定休日
水曜日",東京都世田谷区南烏山5-16-20 鴨志田ビル 2F,https://tabelog.com/tokyo/A1318/A131809/13017451/
270,カフェ,丸山珈琲 尾山台店,"営業時間
10：00～19：00(L.O.18:00)
日曜営業
定休日
不定休",東京都世田谷区等々力2-18-15,https://tabelog.com/tokyo/A1317/A131715/13138505/
271,カフェ,紅茶の店 青い空,"営業時間
11:00～19:00(L.O.18:20)
日曜営業
定休日
月曜日、第1・2火曜日",東京都世田谷区船橋1-6-5,https://tabelog.com/tokyo/A1318/A131813/13098056/
272,カフェ,スマイル,"営業時間
【LUNCH and CAFE】11:30～15:00(LO)【DINNER and CAFE】15:00～22:00(LO)予約いただけたらLO24時まで伸ばせます
日曜営業
定休日
不定休(インスタストーリーをチェックしてください)",東京都世田谷区駒沢2-18-4 福々マンション１F,https://tabelog.com/tokyo/A1317/A131707/13042096/
273,カフェ,Cafe ＆ Gallery  Roomer,"営業時間
11:30～19:00 
日曜営業
定休日
月・火",東京都世田谷区祖師谷1-34-5,https://tabelog.com/tokyo/A1318/A131814/13060270/
274,カフェ,珈琲おーるど,"営業時間
10：00～22：30
定休日
第3月曜日",東京都世田谷区代沢5-6-15,https://tabelog.com/tokyo/A1318/A131812/13089611/
275,カフェ,TEA & TREATS,"営業時間
11:00～19:00
日曜営業
定休日
火曜日、水曜日",東京都世田谷区赤堤3-3-11,https://tabelog.com/tokyo/A1318/A131809/13268941/
276,カフェ,ARENA 下北沢,"営業時間
11:30-翌0:00(food L.O23:00、drink L.O23:30)
日曜営業
定休日
なし",東京都世田谷区北沢2-2-14 モアイ茶沢 ４F,https://tabelog.com/tokyo/A1318/A131802/13151477/
277,カフェ,ビースティ コーヒー クラブ トウキョウ,,東京都世田谷区太子堂3-25-3 1F,https://tabelog.com/tokyo/A1317/A131706/13201200/
278,カフェ,ニコラ,"営業時間
16:00～24:00
日曜営業
定休日
火曜日・第3水曜日（イベント等でお休みあり、店のＨＰ参照）",東京都世田谷区太子堂4-28-10 鈴木ビル 2F,https://tabelog.com/tokyo/A1317/A131706/13127430/
279,カフェ,森山珈琲 三宿焙煎所,"営業時間
ランチ11:00～15:00LOカフェ15:00〜17:00LOディナー(Grand Tableとして）17:00～23:00(L.O.22:00)ページ下部の備考欄をご覧ください。土日祝日は9:00よりモーニング営業有り
日曜営業
定休日
水曜日",東京都世田谷区下馬2-44-11,https://tabelog.com/tokyo/A1317/A131705/13255534/
280,カフェ,Tsumugi 二子玉川ライズ店,"営業時間
10:00～20:00
日曜営業
定休日
無休(施設に準ずる)",東京都世田谷区玉川2-21-1 二子玉川ライズタウンフロント 6F,https://tabelog.com/tokyo/A1317/A131708/13278430/
281,カフェ,バロンデッセ,,東京都世田谷区北沢2-30-11,https://tabelog.com/tokyo/A1318/A131802/13154482/
282,カフェ,K's Cafe,"営業時間
かき氷販売4月下旬〜10月中旬[月～金]14：30～19：30閉店 [土日祝]14：00〜20：00閉店
日曜営業
定休日
木曜日",東京都世田谷区北沢2-25-18 ２Ｆ,https://tabelog.com/tokyo/A1318/A131802/13040922/
283,カフェ,アトリエ,"営業時間
19:00～midnight",東京都世田谷区北沢2-37-3 振効舎 2F,https://tabelog.com/tokyo/A1318/A131802/13188317/
284,カフェ,スターバックス・コーヒー TSUTAYA 馬事公苑店,"営業時間
月～金 : 8:00 ～ 25:00土：8:00 〜 26:00日祝 : 7:00 ～ 26:00
日曜営業
定休日
不定休",東京都世田谷区上用賀2-4-18 コリーヌ馬事公苑　１Ｆ,https://tabelog.com/tokyo/A1317/A131707/13038387/
285,カフェ,茶乃子,"営業時間
【営業時間】10:30～22:00【ランチタイム】11:00〜15:00【バータイム】18:00～22:00※バータイム時もコーヒーメニューの提供も可
日曜営業
定休日
なし",東京都世田谷区奥沢5-26-12 XAREA自由が丘 1F,https://tabelog.com/tokyo/A1317/A131703/13019053/
286,カフェ,LONG WEEKEND,"営業時間
9:00～18:00
定休日
不定休",東京都世田谷区太子堂4-25-6,https://tabelog.com/tokyo/A1317/A131706/13289846/
287,カフェ,コマザワ パーク カフェ,"営業時間
［月〜金］8:00～18:00［土・日・祝］8:00～19:00※ご予約は平日のみ可
日曜営業
定休日
不定休",東京都世田谷区深沢2-19-20 クレードル駒沢公園,https://tabelog.com/tokyo/A1317/A131707/13180022/
288,カフェ,上島珈琲店 三軒茶屋店,"営業時間
[月～土]7:30～22:00[日・祝]8:00～21:00
日曜営業
定休日
なし",東京都世田谷区三軒茶屋1-37-13,https://tabelog.com/tokyo/A1317/A131706/13089644/
289,カフェ,トロワ・シャンブル,"営業時間
9:30～20:00
日曜営業
定休日
無休",東京都世田谷区代沢5-36-14 湯浅ビル 2F,https://tabelog.com/tokyo/A1318/A131802/13013091/
290,カフェ,ドトールコーヒーショップ 祖師ヶ谷大蔵駅店,"営業時間
7:00～22:00
日曜営業
定休日
無休",東京都世田谷区祖師谷1‐7‐1,https://tabelog.com/tokyo/A1318/A131814/13157506/
291,カフェ,ネイバーフッド アンド コーヒー 池尻2丁目店,,東京都世田谷区池尻2-27-7 アリビエ池尻,https://tabelog.com/tokyo/A1317/A131705/13166617/
292,カフェ,BLUEM COFFEE COUNTER,"営業時間
[火～金]10:00～18:00[土・日・祝]9:00～18:00
日曜営業
定休日
月曜日※祝日の場合火曜日",東京都世田谷区世田谷4-2-12 瑞雲 1F,https://tabelog.com/tokyo/A1317/A131709/13285540/
293,カフェ,宍戸園カフェ,"営業時間
10:00～18:00
日曜営業
定休日
水曜日、第2・4土曜日",東京都世田谷区上祖師谷4-6,https://tabelog.com/tokyo/A1326/A132601/13223909/
294,カフェ,パパスカフェ 玉川高島屋,"営業時間
10:00～20:00（19:30L.O.）★ランチ11:00～14:00L.O.★パンケーキ14:00〜なくなり次第終了
日曜営業
定休日
玉川タカシマヤに準ずる",東京都世田谷区玉川3-17-1 玉川タカシマヤ 本館 4F,https://tabelog.com/tokyo/A1317/A131708/13040617/
295,カフェ,スターバックスコーヒー 千歳船橋駅店,"営業時間
7:00～22:00
日曜営業
定休日
不定休",東京都世田谷区船橋1-9-45 小田急マルシェ千歳船橋2,https://tabelog.com/tokyo/A1318/A131813/13263025/
296,カフェ,カフェ アンジェリーナ,"営業時間
11:30～14:3014:30～19:0019:00～翌2:00
日曜営業
定休日
月曜・年末年始",東京都世田谷区世田谷1丁目15-12,https://tabelog.com/tokyo/A1317/A131709/13039264/
297,カフェ,ハーモニー 駒沢店,"営業時間
[月]10:00～20:00[水～日]10:00～21:00
日曜営業
定休日
火曜日",東京都世田谷区駒沢5-15-14,https://tabelog.com/tokyo/A1317/A131707/13040692/
298,カフェ,庭cafe443 in Todoroki,"営業時間
8:00～17:00（L.O16時３０分）●年末年始の臨時休業2023.12.30～2024.1.4
日曜営業
定休日
月曜日、火曜日",東京都世田谷区中町2-1-13,https://tabelog.com/tokyo/A1317/A131715/13270812/
299,カフェ,Jazzと喫茶 囃子,"営業時間

日曜営業
定休日
火曜日.、水曜日",東京都世田谷区北沢2-9-22 EIKO下北ビル 3F,https://tabelog.com/tokyo/A1318/A131802/13205836/
300,カフェ,マノカフェ,"営業時間
11:00～18:00（L.O.17:00）
日曜営業
定休日
なし",東京都世田谷区深沢4-35-5 セイジョービル深沢不動 1F,https://tabelog.com/tokyo/A1317/A131707/13246138/
301,カフェ,ドトールコーヒーショップ 桜上水店,"営業時間
平日 7:00～24:00土曜日 7:00～24:00日曜日・祝日 8:00～20:00",東京都世田谷区桜上水4-17-4,https://tabelog.com/tokyo/A1318/A131809/13086786/
302,カフェ,タリーズコーヒー 桜新町店,"営業時間
7:30～21:00
日曜営業
定休日
無休",東京都世田谷区桜新町2-8-2,https://tabelog.com/tokyo/A1317/A131707/13152711/
303,カフェ,ドトールコーヒーショップ 用賀店,"営業時間
［月～金］6:45～21:00［土・日］7:30～20:00
日曜営業
定休日
無休",東京都世田谷区用賀2-38-11 ヴァレンナ用賀 1F,https://tabelog.com/tokyo/A1317/A131707/13191743/
304,カフェ,パッセージコーヒー ロースタリー,"営業時間
［月～金］10:00～19:00［土・日・祝］9:00～19:00
日曜営業
定休日
無休",東京都世田谷区祖師谷4-25-22 千里ビル 1F,https://tabelog.com/tokyo/A1318/A131814/13236261/
305,カフェ,アヒルスナック,"営業時間
［月・火］15:00～22:00［日］11:00～18:00",東京都世田谷区砧5-16-12 メゾンフルール 1F,https://tabelog.com/tokyo/A1318/A131814/13236299/
306,カフェ,COFFEE BLOND,"営業時間
8:00-17:00
日曜営業
定休日
水曜日",東京都世田谷区奥沢4-4-7 スカイハイツ奥沢 1F,https://tabelog.com/tokyo/A1317/A131711/13275558/
307,カフェ,Autumn,,東京都世田谷区弦巻5-6-16,https://tabelog.com/tokyo/A1317/A131707/13280218/
308,カフェ,ファイブスターズ コーヒー＆ベーカリー SETAGAYA,"営業時間
［月～金］10:00～19:00［土・日・祝］10:00～18:00
日曜営業
定休日
無休",東京都世田谷区赤堤5-33-5,https://tabelog.com/tokyo/A1318/A131809/13235675/
309,カフェ,Menotti's Tokyo,"営業時間
8:00～18:30
日曜営業
定休日
不定休、Instagramで告知",東京都世田谷区北沢5-37-11,https://tabelog.com/tokyo/A1318/A131808/13265985/
310,カフェ,自由が丘プラス 南口店,"営業時間
カフェ1F:10:00～21:00(L.O.20:30)2F:10:00～17:00ディナー2F:17:00～23:00(フードL.O.21:30　ドリンク L.O.22:00)
日曜営業
定休日
なし（年末年始休業あり）",東京都世田谷区奥沢5-24-10 小野ビル 1F,https://tabelog.com/tokyo/A1317/A131703/13217398/
311,カフェ,ラジオ プラント,"営業時間
11:00～20:00
日曜営業
定休日
火曜日、水曜日",東京都世田谷区奥沢7-7-21 CasaAbierta 1F,https://tabelog.com/tokyo/A1317/A131703/13152041/
312,カフェ,RR,"営業時間
[水・木]11:00～19:00[金]11:00～22:30[土]9:00～19:00[日]9:00～17:00
日曜営業
定休日
月曜日、火曜日",東京都世田谷区代田4-10-20,https://tabelog.com/tokyo/A1318/A131803/13175557/
313,カフェ,cafe&green RonRon,"営業時間
10:30～18:00※火曜が祝日の時は上記時間で営業します。
日曜営業
定休日
火曜日（祝日の時は営業、翌日水曜日が定休日となります）",東京都世田谷区玉川3-10-5 第2明友ビル 1FA号室,https://tabelog.com/tokyo/A1317/A131708/13248251/
314,カフェ,ラ・パレット,,東京都世田谷区北沢2-30-3 サンセルボンビル ２Ｆ,https://tabelog.com/tokyo/A1318/A131802/13007301/
315,カフェ,犬猫食堂 紫陽花,"営業時間
12:00〜18:00
日曜営業
定休日
水木曜定休&不定休",東京都世田谷区下馬1-25-16 Garden OHANA 1F,https://tabelog.com/tokyo/A1317/A131701/13013084/
316,カフェ,YOUR DAILY COFFEE,"営業時間
[月～金]9:00～18:00.[土・日・祝]8:00～18:00
日曜営業
定休日
無休",東京都世田谷区世田谷2-14-3 TKビル 1F,https://tabelog.com/tokyo/A1317/A131709/13205099/
317,カフェ,LiLiBET TEA HOUSE,"営業時間
9:30～18:00(L.O)
日曜営業
定休日
火曜日",東京都世田谷区池尻2-36-5,https://tabelog.com/tokyo/A1317/A131705/13185981/
318,カフェ,ドッグデプト・カフェ 玉川店,"営業時間
10:00～20:00(L.O.19:30)
日曜営業
定休日
不定休　（玉川高島屋に準ずる）",東京都世田谷区瀬田2-32-14 玉川タカシマヤガーデンアイランド 1F,https://tabelog.com/tokyo/A1317/A131708/13031326/
319,カフェ,カフェ・メロディ,"営業時間
11:00～17:00
日曜営業
定休日
水曜日",東京都世田谷区祖師谷3-4-8 石田ビル 1F,https://tabelog.com/tokyo/A1318/A131814/13156848/
320,カフェ,トロッコ,,東京都世田谷区世田谷3-7-1,https://tabelog.com/tokyo/A1317/A131709/13209983/
321,カフェ,ヴェルデカーナ,"営業時間
13:00～22:00
日曜営業
定休日
不定休",東京都世田谷区等々力2-1-13 コパ尾山台 B1F,https://tabelog.com/tokyo/A1317/A131715/13018218/
322,カフェ,カフェ イエロー,"営業時間
8:00～22:00
日曜営業",東京都世田谷区南烏山5-3-11 ANS 1F,https://tabelog.com/tokyo/A1318/A131809/13220909/
323,カフェ,Cafe&Dining TERRACE Tokyo,"営業時間
平日　　【ランチ　】11ː30 ～ 15:00 (LO.14:30)　　　　【ディナー】17:00 ～ 22:00 (LO.21:00)土日祝　　　　　　　11:30 ～ 21:00 (LO.20:00)
日曜営業
定休日
無休",東京都世田谷区桜丘2-27-16 シルバーTOM 1F,https://tabelog.com/tokyo/A1318/A131813/13266073/
324,カフェ,ドトールコーヒーショップ 千歳烏山南口店,"営業時間
平日06:30-21:00土曜日07:00-21:00日曜日07:00-21:00
日曜営業",東京都世田谷区南烏山5-12-3,https://tabelog.com/tokyo/A1318/A131809/13086849/
325,カフェ,よりみちカフェ にゃん&ピース,"営業時間
12:00～19:00
日曜営業
定休日
火曜日、水曜日、木曜日",東京都世田谷区北沢2-26-21,https://tabelog.com/tokyo/A1318/A131802/13198835/
326,カフェ,Cafe' MUJI 二子玉川,"営業時間
10:00～21:00　フードメニュー11:00スタート　(L.O.20:00)
日曜営業
定休日
玉川高島屋ショッピングセンターマロニエコートに準じる",東京都世田谷区玉川2-27-5 玉川タカシマヤショッピングセンター マロニエコート 無印良品 3F,https://tabelog.com/tokyo/A1317/A131708/13099860/
327,カフェ,ストリーマー コーヒー カンパニー 東北沢駅店,"営業時間
［月～金］8:00～17:00［土・日・祝］9:00～19:00
日曜営業",東京都世田谷区北沢3-1-4,https://tabelog.com/tokyo/A1318/A131811/13212861/
328,カフェ,カフェ ヴィエット アルコ,"営業時間
11:30-23:30food 22:00drink 22:30 ラストオーダー
日曜営業
定休日
なし",東京都世田谷区北沢2-26-6 モンブランビル2階,https://tabelog.com/tokyo/A1318/A131802/13054199/
329,カフェ,cafe&gallery *LUPOPO*,"営業時間
12:00～18:30
日曜営業
定休日
火曜日、水曜日",東京都世田谷区三軒茶屋1-35-20 平原ビル 1F,https://tabelog.com/tokyo/A1317/A131706/13107015/
330,カフェ,カフェメゾンドケー,"営業時間
［月・火・水・土］12:00～14:3017:00～23:00［金］17:00～23:00［日］15:00～21:00
日曜営業
定休日
木曜日",東京都世田谷区奥沢6-11-7 田園コーポラス1F,https://tabelog.com/tokyo/A1317/A131715/13137758/
331,カフェ,Cafe Kolm,"営業時間
11:00-17:00(Last Order: 閉店30分前)定休日:不定休※イベント、レンタルキッチン等のため不定期におやすみとなる場合があります。詳細はHP,Google,SNS(Instagram,FB)をご確認ください。
日曜営業
定休日
不定休",東京都世田谷区下馬3-38-2,https://tabelog.com/tokyo/A1317/A131706/13195573/
332,カフェ,ル パティシエ タカギ  本店,"営業時間
ブティック 10:00～19:30サロン 10:00～19:00(L.O.18:00)
日曜営業
定休日
水曜日",東京都世田谷区駒沢公園1-1 Tote駒沢公園 1F,https://tabelog.com/tokyo/A1317/A131707/13241598/
333,カフェ,CHUBBY,"営業時間
13:00～翌2:00(18:00〜19:00 close)
日曜営業
定休日
火曜日",東京都世田谷区大原2-27-9,https://tabelog.com/tokyo/A1318/A131808/13028769/
334,カフェ,レイン オン ザ ルーフ,"営業時間
11:30～22:00
日曜営業
定休日
なし",東京都世田谷区三軒茶屋2-14-22 池田屋 2F,https://tabelog.com/tokyo/A1317/A131706/13037998/
335,カフェ,ビオ・オジヤン・カフェ 下北沢,"営業時間
（月〜金）11:00〜21:00(L.O.20:00)(土・日・祝）10:00～20:00(L.O.19:30)
日曜営業
定休日
12/31,1.1",東京都世田谷区代田5-35-25 １Ｆ,https://tabelog.com/tokyo/A1318/A131802/13009463/
336,カフェ,ザ モスク コーヒー,"営業時間
［日～木］9:00～19:00［金・土］9:00～20:00
日曜営業
定休日
月曜日",東京都世田谷区北沢1-45-27,https://tabelog.com/tokyo/A1318/A131802/13273966/
337,カフェ,カフェ ピクニック,,東京都世田谷区大原2-18-5 2F,https://tabelog.com/tokyo/A1318/A131808/13157885/
338,カフェ,サンデー,"営業時間
［月、火、木～日］11:30-21:00 (L.O 20:00)［水］ 定休日 他不定休日あり
日曜営業
定休日
水曜日 他不定休日あり",東京都世田谷区池尻2-7-12,https://tabelog.com/tokyo/A1317/A131705/13132517/
339,カフェ,おかげ庵 駒沢公園店,"営業時間
7:00～23:00
日曜営業
定休日
無休",東京都世田谷区深沢4-5-13,https://tabelog.com/tokyo/A1317/A131707/13245247/
340,カフェ,スターバックスコーヒー 駒沢1丁目店,"営業時間
7:00～22:00
日曜営業
定休日
不定休",東京都世田谷区駒沢1-24-5,https://tabelog.com/tokyo/A1317/A131707/13190533/
341,カフェ,スピード☆スター カフェ,"営業時間
[月・火・木・金] 8:30～20:00 [土・日・祝] 8:30～19:00
日曜営業
定休日
水曜・第２第４火曜",東京都世田谷区世田谷1-48-1,https://tabelog.com/tokyo/A1317/A131709/13166702/
342,カフェ,キャルコーヒークラブ,"営業時間
11:00～18:00[金・土]11:00～18:0020:30～23:00(L.O.22:30)
日曜営業
定休日
月曜日、木曜日",東京都世田谷区代沢5-34-19,https://tabelog.com/tokyo/A1318/A131802/13273978/
343,カフェ,Stone River coffee,"営業時間
［月・火・水・金・土］10:00～20:00［日］10:00～19:30
日曜営業
定休日
木曜日",東京都世田谷区等々力5-4-15 ARUKAS OYAMADAI１F,https://tabelog.com/tokyo/A1317/A131715/13262868/
344,カフェ,ミスタードーナツ 喜多見駅前ショップ,"営業時間
7:00～23:00
日曜営業
定休日
無休",東京都世田谷区喜多見9-2-33,https://tabelog.com/tokyo/A1318/A131814/13090410/
345,カフェ,CHEZ RONA,,東京都世田谷区経堂5-29-4,https://tabelog.com/tokyo/A1318/A131813/13257635/
346,カフェ,フグレン 羽根木公園,"営業時間
[月～日]8:00～20:00
日曜営業",東京都世田谷区代田4-36-14 水巻ビル 1F,https://tabelog.com/tokyo/A1318/A131812/13263802/
347,カフェ,スターバックス・コーヒー 用賀店,"営業時間
6:30～22:30
日曜営業
定休日
無休",東京都世田谷区瀬田5-39-22,https://tabelog.com/tokyo/A1317/A131707/13026007/
348,カフェ,イル　トラメッツィーノ,"営業時間
11:00～16:00（L.O.15:30） 18:00～22:30（L.O.21:30）
定休日
日曜日",東京都世田谷区北沢3-7-1 宇治川ビル 1F,https://tabelog.com/tokyo/A1318/A131811/13145837/
349,カフェ,barber gram cafe,"営業時間
11:00～21:00
日曜営業
定休日
木曜日",東京都世田谷区上祖師谷5-31-9,https://tabelog.com/tokyo/A1326/A132601/13274953/
350,カフェ,ベアポンド エスプレッソ,"営業時間
11:00〜17:30
日曜営業",東京都世田谷区北沢2-36-12 １Ｆ,https://tabelog.com/tokyo/A1318/A131802/13093829/
351,カフェ,珈琲譚,"営業時間
［月～日］9:00～18:00
日曜営業
定休日
不定休",東京都世田谷区用賀2-36-8,https://tabelog.com/tokyo/A1317/A131707/13018246/
352,カフェ,サンジェルマン 三軒茶屋店,"営業時間
10:00～21:30
日曜営業
定休日
なし",東京都世田谷区太子堂4-1-1 三軒茶屋とうきゅう B1F,https://tabelog.com/tokyo/A1317/A131706/13038266/
353,カフェ,ミスター ヒッポ コーヒー 下高井戸店,"営業時間
7:30～21:00
日曜営業",東京都世田谷区赤堤4-46-7,https://tabelog.com/tokyo/A1318/A131809/13284871/
354,カフェ,UNITEDcafe,"営業時間
【通常時】11:30～23:00（22:30LO)
日曜営業
定休日
火曜日",東京都世田谷区野沢4-4-8 1F,https://tabelog.com/tokyo/A1317/A131707/13147230/
355,カフェ,カフェ カルディーノ 世田谷代田店,"営業時間
［月～金］8:00～20:00［土・日・祝］8:00～18:00
日曜営業
定休日
無休",東京都世田谷区代田2-18-8 1F,https://tabelog.com/tokyo/A1318/A131812/13243541/
356,カフェ,カフェ カルディーノ 玉川高島屋S・C店,"営業時間
10:00～20:00
日曜営業
定休日
無休",東京都世田谷区玉川3-17-1 玉川高島屋S・C 南館 B1Ｆ,https://tabelog.com/tokyo/A1317/A131708/13241138/
357,カフェ,engrave coffee roasters,"営業時間
[月・火・木・金・土・日]8:30～18:00
日曜営業
定休日
水曜日",東京都世田谷区宮坂1-25-2 AtelierT 1F,https://tabelog.com/tokyo/A1317/A131709/13275941/
358,カフェ,いちびこ 三軒茶屋店,"営業時間
9:00-21:00※当面の間、10:00-20:00に短縮営業となります。
日曜営業
定休日
無休",東京都世田谷区太子堂4‐18‐1 エコービル 1F,https://tabelog.com/tokyo/A1317/A131706/13225138/
359,カフェ,toe coffee,"営業時間
7:30～17:00",東京都世田谷区中町2-9-5,https://tabelog.com/tokyo/A1317/A131715/13270252/
360,カフェ,ポタージュ,"営業時間
8:00～10:00　/　11:30～18:00
日曜営業
定休日
水曜日 第1・3木曜日　第3火曜日",東京都世田谷区奥沢4-28-4,https://tabelog.com/tokyo/A1317/A131711/13143906/
361,カフェ,カフェ キュア ナチュラ,"営業時間
　[月・金］11:00～17:30（17:00LO)［土・日・祝日]11:00～18:00（17:30LO)＊夏季休暇のお知らせ８月１１日（金）〜８月１８日（金）お休みとさせて頂きます。
日曜営業
定休日
火・水・木",東京都世田谷区駒沢4-1-22 JCS駒沢ビル2F,https://tabelog.com/tokyo/A1317/A131707/13228228/
362,カフェ,ピアーズカフェ 等々力,"営業時間
7:00～21:00
日曜営業
定休日
年中無休",東京都世田谷区等々力3-5-3 宮崎IMビル 1F,https://tabelog.com/tokyo/A1317/A131715/13162652/
363,カフェ,ハチイチゴ コーヒー スタンド,"営業時間
[月・火・木・金]10:00～18:00[土・日・祝]9:00～18:00
日曜営業
定休日
水曜日",東京都世田谷区弦巻4-11-17,https://tabelog.com/tokyo/A1317/A131707/13174489/
364,カフェ,キャピタルコーヒー 髙島屋 玉川店,"営業時間
10：00～20：00
日曜営業
定休日
元旦",東京都世田谷区玉川3-17-1 玉川タカシマヤ B1F,https://tabelog.com/tokyo/A1317/A131708/13114170/
365,カフェ,KALM,"営業時間
11:00～18:30
日曜営業
定休日
水曜日、隔週の月曜日",東京都世田谷区等々力5-3-6,https://tabelog.com/tokyo/A1317/A131715/13259517/
366,カフェ,cafe jaskołka,"営業時間
［月～金］11:00～20:00(L.O.19:30)［土･日･祝］9:00～19:00(L.O.18:30)※日によって変更になる可能性がございます。詳細は公式SNSをご覧下さい
日曜営業
定休日
年末年始",東京都世田谷区世田谷1-28-12 グランデュオ世田谷 14-1F,https://tabelog.com/tokyo/A1317/A131709/13256350/
367,カフェ,カフェ ミレニアム,"営業時間
[金・土・日]11:00～17:00
日曜営業
定休日
月曜～木曜",東京都世田谷区北沢2-30-14 重宗ビル3F ロバート下北沢,https://tabelog.com/tokyo/A1318/A131802/13273926/
368,カフェ,喫茶どんぐり,"営業時間
11:00～17:00",東京都世田谷区南鳥山1-10-10 世田谷文学館,https://tabelog.com/tokyo/A1318/A131809/13139374/
369,カフェ,CAFE A DEUX,"営業時間
10:00～18:00
日曜営業
定休日
月曜日、祝日",東京都世田谷区用賀2-19-1,https://tabelog.com/tokyo/A1317/A131707/13057839/
370,カフェ,ドトール珈琲農園 多摩堤通り店,"営業時間
［月〜金］   9:00〜21:00（L.O.20:30）［土・日・祝］   8:00〜21:00（L.O.20:30）
日曜営業
定休日
無休",東京都世田谷区鎌田4-17-18,https://tabelog.com/tokyo/A1317/A131708/13214073/
371,カフェ,KUDZUNERUYA,"営業時間
11:00～17:00
日曜営業
定休日
水曜日、不定休",東京都世田谷区奥沢4-15-13,https://tabelog.com/tokyo/A1317/A131711/13255779/
372,カフェ,cafe Stay Happy,"営業時間
[月・水・木・金・土・祝日]12:00～21:00[日]12:00～20:00
日曜営業
定休日
火曜日・第２水曜日",東京都世田谷区代沢2-29-14 2F,https://tabelog.com/tokyo/A1318/A131802/13120948/
373,カフェ,ビーンズ喜多見,"営業時間
10:00～16:30(焙煎L.O.16:00）
定休日
水曜日・日曜日",東京都世田谷区喜多見8-15-32,https://tabelog.com/tokyo/A1318/A131814/13160553/
374,カフェ,喫茶ネグラ,"営業時間
11:00～21:00
日曜営業
定休日
無休",東京都世田谷区北沢2-26-13 PACKAGEONE 1F 北側,https://tabelog.com/tokyo/A1318/A131802/13208061/
375,カフェ,BPM,"営業時間
[通常営業時]11:00～19:00月曜日のみ18:00まで*不定休イベントにより、営業時間が変更となる場合があります。最新の情報はInstagramでチェックをお願い致します。＠bpm.tokyo
日曜営業
定休日
不定休",東京都世田谷区池尻2丁目31-24 信田ビル２F,https://tabelog.com/tokyo/A1317/A131705/13216378/
376,カフェ,シモキタシマイ,"営業時間
全日営業11:00～18:00■臨時休業はインスタでお知らせいたします。詳細はinstagram(@shimokitashimai.cafe)の最新投稿をご確認下さい。■当日ご予約は承っておりませんので、満席の表示となります。全席満席ではない可能性もございますので、お席空き次第のご案内となりますが直接のご来店もご検討下さいませ。
日曜営業
定休日
年末年始",東京都世田谷区代沢4-15-2,https://tabelog.com/tokyo/A1317/A131706/13248657/
377,カフェ,日記屋 月日,"営業時間
8:00～19:00
日曜営業
定休日
不定休",東京都世田谷区代田2-36-12 BONUS TRACK,https://tabelog.com/tokyo/A1318/A131802/13255693/
378,カフェ,猿田彦珈琲 下北沢店,"営業時間
8月1日 時点の営業時間（緊急事態宣言中）： 10:00〜21:00（20:00以降はテイクアウト・UberEatsのみ）営業時間 : 平日/7:30〜22:30 休日/9:00〜22:30
日曜営業",東京都世田谷区北沢2-24-5 シモキタフロント 1F,https://tabelog.com/tokyo/A1318/A131802/13241580/
379,カフェ,珈琲家あのころ,"営業時間
10:00～20:00
日曜営業
定休日
火曜日",東京都世田谷区若林4-20-9 岡村ビル1F,https://tabelog.com/tokyo/A1317/A131709/13136496/
380,カフェ,喫茶 居桂詩,"営業時間
11：30～22：00(LO21：30）
日曜営業
定休日
水曜日",東京都世田谷区桜丘2-26-16,https://tabelog.com/tokyo/A1318/A131813/13107859/
381,カフェ,上島珈琲店　 成城店,"営業時間
7:00～22:00
日曜営業
定休日
なし",東京都世田谷区成城2-39-7,https://tabelog.com/tokyo/A1318/A131814/13083355/
382,カフェ,CHILT,"営業時間
7:30～18:00
日曜営業
定休日
火曜日",東京都世田谷区奥沢7-6-10,https://tabelog.com/tokyo/A1317/A131703/13244774/
383,カフェ,ドトールコーヒーショップ 等々力店,"営業時間
[月～金]7:00～21:00[土・日]8:00～20:00
日曜営業
定休日
無休",東京都世田谷区等々力3-6-16 ブリヤン等々力 1F,https://tabelog.com/tokyo/A1317/A131715/13061035/
384,カフェ,タリーズコーヒー 奥沢駅店,"営業時間
[月・火・水・木・金]7:30～21:00[土・日]8:30～21:00
日曜営業",東京都世田谷区奥沢3-47-17,https://tabelog.com/tokyo/A1317/A131711/13274964/
385,カフェ,レット イット ビー コーヒー,"営業時間
11:00～18:00
日曜営業
定休日
水曜日",東京都世田谷区玉川3-23-25,https://tabelog.com/tokyo/A1317/A131708/13219469/
386,カフェ,カフェ マメヒコ 三軒茶屋本店,"営業時間
[月～金]10:00～14:0015:00～20:00[土・日・祝]9:00～14:0015:00～20:00
日曜営業
定休日
無休",東京都世田谷区太子堂4-20-4,https://tabelog.com/tokyo/A1317/A131706/13021745/
387,カフェ,cafe enn,"営業時間
9:00～18:00
日曜営業
定休日
月曜日、他不定休",東京都世田谷区奥沢6-28-6 FKハウス 1F,https://tabelog.com/tokyo/A1317/A131715/13285925/
388,カフェ,カフェテナンゴ 深沢本店,"営業時間
8:00～19:00（L.O. 18:00）
日曜営業
定休日
水曜日　※祝日は営業",東京都世田谷区深沢5-8-5 NEビル１F,https://tabelog.com/tokyo/A1317/A131707/13078905/
389,カフェ,カフェ リゼッタ 二子玉川店,"営業時間
[月・水・木・金］11:30～18:00(L.O.17:30)[土・日・祝］11:00～18:00(L.O.17:30)
日曜営業
定休日
火曜日",東京都世田谷区玉川3-9-7,https://tabelog.com/tokyo/A1317/A131708/13058141/
390,カフェ,yaoyano jiyugaoka,"営業時間
11:00～20:00(L.O. 19:30)
日曜営業
定休日
無し（年末年始を除く）",東京都世田谷区奥沢5-42-3 トレインチ自由が丘,https://tabelog.com/tokyo/A1317/A131703/13278275/
391,カフェ,DEAN & DELUCA カフェ成城,"営業時間
8：00～22：00
日曜営業
定休日
年中無休",東京都世田谷区成城6-5-34 成城コルティ　1F,https://tabelog.com/tokyo/A1318/A131814/13040852/
392,カフェ,ムーン ファクトリー コーヒー,,東京都世田谷区三軒茶屋2-15-3 寺尾ビル 2F,https://tabelog.com/tokyo/A1317/A131706/13130701/
393,カフェ,WIRED フレンテ明大前店,"営業時間
通常営業時間10:00～23:30（L.O. 22:30/Food・23:00/Drink）【年末年始営業時間】12/29：11:00〜16:0012/30：休業12/31：休業1/1：休業1/2：休業1/3：休業1/4：12:00〜22:00　
日曜営業
定休日
年中無休",東京都世田谷区松原2-46-1 フレンテ明大前 2F,https://tabelog.com/tokyo/A1318/A131804/13040961/
394,カフェ,スターバックスコーヒー 二子玉川蔦屋家電店,"営業時間
7:00～22:30
日曜営業
定休日
不定休",東京都世田谷区玉川1-14-1 二子玉川ライズ S.C. テラスマーケット,https://tabelog.com/tokyo/A1317/A131708/13182029/
395,カフェ,bb.q オリーブチキン カフェ 二子玉川,"営業時間
10:00～22:00※12/31(日)は10:00～20:00の営業とさせて頂きます。
定休日
不定休",東京都世田谷区玉川2-21-1 二子玉川ライズ・ショッピングセンター オークモール 1F,https://tabelog.com/tokyo/A1317/A131708/13261717/
396,カフェ,VEIGE,"営業時間
9:30〜19:00（L.O 19：00）
定休日
定休日・水曜日　　ランダムに日曜日定休がありますのでお問い合わせください。",東京都世田谷区世田谷4-1-13 アウルshoin 1B,https://tabelog.com/tokyo/A1317/A131709/13272303/
397,カフェ,珈琲館 用賀駅ビル店,"営業時間
7:30～21:00(L.O.20:30)
日曜営業
定休日
無休",東京都世田谷区用賀4-10-1 世田谷ビジネススクエア 1F,https://tabelog.com/tokyo/A1317/A131707/13255942/
398,カフェ,ライトアップコーヒー 下北沢,"営業時間
11:00～18:00",東京都世田谷区代田2-29-12,https://tabelog.com/tokyo/A1318/A131812/13207998/
399,カフェ,上島珈琲店 奥沢店,"営業時間
［平日］9:00～18:00［土日・祝日］9:00〜20:00
日曜営業",東京都世田谷区奥沢2-12-10 田中ビル 1F,https://tabelog.com/tokyo/A1317/A131711/13243513/
400,カフェ,ブルーボトルコーヒー 三軒茶屋カフェ,"営業時間
8:00～19:00
定休日
無休",東京都世田谷区三軒茶屋1-33-18 1F,https://tabelog.com/tokyo/A1317/A131706/13214646/
401,カフェ,ライス カフェ,"営業時間
11:00～23:00(L.O.22:30)
日曜営業
定休日
無休",東京都世田谷区上馬4-5-5,https://tabelog.com/tokyo/A1317/A131707/13012656/
402,カフェ,ヴォルール・ドゥ・フルール 下北沢南店,"営業時間
[月・水・木・金]12:00～20:00[土・日]12:00～22:00",東京都世田谷区北沢2-12-15 水内ビル 2F,https://tabelog.com/tokyo/A1318/A131802/13013044/
403,カフェ,元麻布マルシェ,"営業時間
11:00～14:00 17:30～21:00
日曜営業
定休日
無休",東京都世田谷区北沢4-5-3,https://tabelog.com/tokyo/A1318/A131811/13246298/
404,カフェ,JUNO 自由が丘本店,"営業時間
[月〜日]11:00〜17:00(L.O.16:30)※混雑時は店内飲食の制限時間を70分(L.O.60分)とさせていただきます。
日曜営業
定休日
不定休",東京都世田谷区奥沢7-2-9,https://tabelog.com/tokyo/A1317/A131703/13233101/
405,カフェ,リンコン,"営業時間
11:00～23:00
定休日
日曜日",東京都世田谷区奥沢8-13-9,https://tabelog.com/tokyo/A1317/A131715/13126870/
406,カフェ,KISSA RAY,"営業時間
11:00 - 21:00 ( L.O 20:30 )
定休日
木曜",東京都世田谷区北沢3-20-13 1F,https://tabelog.com/tokyo/A1318/A131802/13273749/
407,カフェ,スプーンハウス,"営業時間
[月、火、木～土]11：30～14:30、15:30～21：00 [日]13：00～20：00
日曜営業
定休日
第2、4水曜日",東京都世田谷区松原2-29-18,https://tabelog.com/tokyo/A1318/A131804/13048024/
408,カフェ,ハーブス 二子玉川店,"営業時間
11:00～20:00(L.O.19:30)
日曜営業
定休日
元日",東京都世田谷区玉川2-23-1 二子玉川ライズドッグウッドプラザ 2Ｆ,https://tabelog.com/tokyo/A1317/A131708/13123983/
409,カフェ,イエティ ロースタリー コーヒー,,東京都世田谷区中町2-1-18 三鈴ハイム 1F,https://tabelog.com/tokyo/A1317/A131715/13250191/
410,カフェ,GRANNY SMITH APPLE PIE & COFFEE 二子玉川店,"営業時間
［全日］10:00～20:00(L.O.19:30)
日曜営業
定休日
玉川高島屋S・Cに準ずる",東京都世田谷区玉川3-17-1 玉川高島屋S・C 本館 B1F,https://tabelog.com/tokyo/A1317/A131708/13238600/
411,カフェ,バッキンガム宮殿 Suzunari,"営業時間
【月〜金】12:00～16:00/17:00〜19:30(L.O)20:00〜翌3:00(バー営業)【土日祝】12:00〜19:30(L.O)20:00〜翌3:00(バー営業)
日曜営業
定休日
無休(年末年始休暇有り)臨時休業、他詳細は店舗SNSにて",東京都世田谷区北沢1-45-15,https://tabelog.com/tokyo/A1318/A131802/13214110/
412,カフェ,スターバックスコーヒー 二子玉川ライズ ドックウッドプラザ店,"営業時間
7:00～23:00
日曜営業
定休日
不定休",東京都世田谷区玉川2-23-1 二子玉川ライズドッグウッドプラザ,https://tabelog.com/tokyo/A1317/A131708/13124256/
413,カフェ,世田谷珈琲游 梅ケ丘店,"営業時間
[月～土]8:00～20:00[日・祝]9:00～20:00
日曜営業
定休日
無し",東京都世田谷区梅丘1-21-9,https://tabelog.com/tokyo/A1318/A131812/13087063/
414,カフェ,東京茶寮,"営業時間
11:00～18:00(L.O.17:00)
定休日
不定休(公式サイトをご確認ください。)",東京都世田谷区上馬1-34-15,https://tabelog.com/tokyo/A1317/A131706/13204215/
415,カフェ,ドトールコーヒーショップ 喜多見店,"営業時間
7:00～20:00
日曜営業
定休日
無休",東京都世田谷区喜多見8-18-11,https://tabelog.com/tokyo/A1318/A131814/13086761/
416,カフェ,ナチュラル クレープ 下北沢店,"営業時間
11:30～19:30
日曜営業
定休日
無休",東京都世田谷区代沢5-36-16,https://tabelog.com/tokyo/A1318/A131802/13181520/
417,カフェ,旭屋パーラー,,東京都世田谷区若林4-16-13,https://tabelog.com/tokyo/A1317/A131709/13193017/
418,カフェ,南蛮茶舘,"営業時間
10:00～20:00(L.O.19:30)
日曜営業
定休日
不定休",東京都世田谷区南烏山5-13-1,https://tabelog.com/tokyo/A1318/A131809/13048824/
419,カフェ,ペブル,"営業時間
12:00～翌5:00
定休日
無休",東京都世田谷区北沢2-14-1 OTビル 1F,https://tabelog.com/tokyo/A1318/A131802/13129186/
420,カフェ,ドトールコーヒーショップ 桜新町店,"営業時間

日曜営業",東京都世田谷区桜新町1-12-9,https://tabelog.com/tokyo/A1317/A131707/13086787/
421,カフェ,ハイ ムッシュ,"営業時間
[月～金]12:00～17:00
定休日
土曜日、日曜日",東京都世田谷区代田1-30-12 メゾン代田 1F,https://tabelog.com/tokyo/A1318/A131812/13185542/
422,カフェ,felice domani,"営業時間
10:30～23:00
定休日
不定休",東京都世田谷区北沢2-26-14 下北沢Coo 1F,https://tabelog.com/tokyo/A1318/A131802/13284646/
423,カフェ,ブルックリン ロースティング カンパニー 下北沢店,"営業時間
8:00〜22:00(FOOD L.O 21:00、DRINK L.O 21:30)
定休日
なし",東京都世田谷区北沢2-6-2 ミカン下北B街区 B101,https://tabelog.com/tokyo/A1318/A131802/13273962/
424,カフェ,ドトールコーヒーショップ 三軒茶屋キャロットタワー店,"営業時間
平日　　7:30-21:45土曜　　8:00-21:30日祝　　8:00-20:30
定休日
無休",東京都世田谷区太子堂4-1-1,https://tabelog.com/tokyo/A1317/A131706/13125866/
425,カフェ,えんとつ,,東京都世田谷区世田谷4-14-34 2F,https://tabelog.com/tokyo/A1317/A131709/13182096/
426,カフェ,珈琲屋 うず,"営業時間
13:00～20:00
日曜営業
定休日
水曜日、木曜日",東京都世田谷区大原1-3-2,https://tabelog.com/tokyo/A1318/A131802/13226385/
427,カフェ,Cafe Russ-Kich,"営業時間
8:30～19:00
日曜営業
定休日
火曜日",東京都世田谷区深沢6-24-11 プレイヤ深沢　１Ｆ,https://tabelog.com/tokyo/A1317/A131707/13096631/
428,カフェ,アジアン ブリーズ,"営業時間
毎日：11:00～24:00　L.O23：00（ランチ：11:00～16:00）
定休日
大晦日・元旦のみ",東京都世田谷区池尻3-13-1 コーポウィルロウン 1F,https://tabelog.com/tokyo/A1317/A131705/13004811/
429,カフェ,エイトジュール,"営業時間
11:08～17:30(L.O.17:00)
日曜営業
定休日
木曜日",東京都世田谷区北沢2-37-17 1F,https://tabelog.com/tokyo/A1318/A131802/13157413/
430,カフェ,珈琲館 千歳烏山店,"営業時間
7:00～22:00
日曜営業
定休日
無休",東京都世田谷区南烏山6-4-30 SNビル 2F,https://tabelog.com/tokyo/A1318/A131809/13271327/
431,カフェ,コメダ珈琲店 三軒茶屋店,"営業時間
7:00～23:00
日曜営業
定休日
無休",東京都世田谷区三軒茶屋1-38-8 ステーションプラザロイヤルビル 2F,https://tabelog.com/tokyo/A1317/A131706/13142633/
432,カフェ,スワンカフェ＆ベーカリー 成城店,"営業時間
9:00～18:00(L.O.17:30)
日曜営業
定休日
月曜日、火曜日",東京都世田谷区成城1-4-13 ヤマト運輸株式会社成城支店内 1F,https://tabelog.com/tokyo/A1318/A131814/13232040/
433,カフェ,茶寮 月かげ,"営業時間
10:00～23:00(要予約)",東京都世田谷区代田2-31-26,https://tabelog.com/tokyo/A1318/A131812/13250782/
434,カフェ,喫茶PONY,"営業時間
【平日】11:50〜17:00（16:30 L.O.）【土日祝】10:50〜18:30（18:00 L.O.）
日曜営業
定休日
火  /  水  /  木　（祝日でも休み）（不定休あり）",東京都世田谷区経堂1-6-10 木原ビル 2F,https://tabelog.com/tokyo/A1318/A131813/13226664/
435,カフェ,ドトールコーヒーショップ 世田谷ビジネススクエア店,"営業時間
[月～金]7:30～21:0020:40(LO）[土日祝]9:00～20:0019:40（LO）
日曜営業
定休日
無休",東京都世田谷区用賀4-10-1 世田谷ビジネススクエアSBSプラザ B1F,https://tabelog.com/tokyo/A1317/A131707/13076549/
436,カフェ,Finetime Coffee Roasters,"営業時間
[月～日]12:00～19:00
日曜営業
定休日
不定休",東京都世田谷区経堂1-12-15,https://tabelog.com/tokyo/A1318/A131813/13198233/
437,カフェ,フェテカフェ,"営業時間
月曜〜日曜　10:00〜17:00
日曜営業
定休日
不定休",東京都世田谷区奥沢5-37-9,https://tabelog.com/tokyo/A1317/A131715/13145398/
438,カフェ,cafe Canaan,"営業時間
[金～水] 10:00～22:00
定休日
木曜日（不定休）",東京都世田谷区北沢2-7-6 テクノプラザ下北沢 1F,https://tabelog.com/tokyo/A1318/A131802/13036249/
439,カフェ,DEAN & DELUCA カフェ成城,"営業時間
8：00～22：00
日曜営業
定休日
年中無休",東京都世田谷区成城6-5-34 成城コルティ　1F,https://tabelog.com/tokyo/A1318/A131814/13040852/
440,カフェ,スターバックスコーヒー 玉川高島屋S.C店,"営業時間
10:00～22:30（ラストオーダー）
日曜営業
定休日
不定休・玉川高島屋に準ずる",東京都世田谷区玉川3-17-1 玉川タカシマヤS.C 南館 7F,https://tabelog.com/tokyo/A1317/A131708/13033661/
441,カフェ,Cafe Russ-Kich,"営業時間
8:30～19:00
日曜営業
定休日
火曜日",東京都世田谷区深沢6-24-11 プレイヤ深沢　１Ｆ,https://tabelog.com/tokyo/A1317/A131707/13096631/
442,カフェ,カフェメゾンドケー,"営業時間
［月・火・水・土］12:00～14:3017:00～23:00［金］17:00～23:00［日］15:00～21:00
日曜営業
定休日
木曜日",東京都世田谷区奥沢6-11-7 田園コーポラス1F,https://tabelog.com/tokyo/A1317/A131715/13137758/
443,カフェ,ジ ユージュアル,"営業時間
12:00～20:00
日曜営業
定休日
月曜日、火曜日",東京都世田谷区北沢2-27-12 林ビル1F,https://tabelog.com/tokyo/A1318/A131802/13199899/
444,カフェ,Want more?,"営業時間
[土・日]11:00～翌1:00
日曜営業
定休日
月曜日、火曜日、水曜日、木曜日、金曜日",東京都世田谷区豪徳寺1-45-2,https://tabelog.com/tokyo/A1318/A131813/13278527/
445,カフェ,KUDZUNERUYA,"営業時間
11:00～17:00
日曜営業
定休日
水曜日、不定休",東京都世田谷区奥沢4-15-13,https://tabelog.com/tokyo/A1317/A131711/13255779/
446,カフェ,tag cafe,"営業時間
[月～日]11：00～20：00
日曜営業
定休日
不定休",東京都世田谷区北沢2-12-10 サウスサイド2 ２B,https://tabelog.com/tokyo/A1318/A131802/13133923/
447,カフェ,UTAKATA COFFEE,"営業時間
[月～土]　12:00～22:00[日]         12:00～18:00 (L.O 17:30)
日曜営業
定休日
不定休",東京都世田谷区奥沢5-14-31,https://tabelog.com/tokyo/A1317/A131711/13275281/
448,カフェ,カフェ コヨイ,"営業時間
19:00～24:00
日曜営業
定休日
不定休",東京都世田谷区代沢5-32-13 露崎ビル1F,https://tabelog.com/tokyo/A1318/A131802/13245536/
449,カフェ,カフェ プラゼール,,東京都世田谷区粕谷1-15-6,https://tabelog.com/tokyo/A1318/A131809/13208153/
450,カフェ,the BENCH,"営業時間
[火～土]11:00～17:00
定休日
月曜日、日曜日、祝日",東京都世田谷区南烏山5-12-5,https://tabelog.com/tokyo/A1318/A131809/13279780/
451,カフェ,299cafe,,東京都世田谷区下馬4-27-13,https://tabelog.com/tokyo/A1317/A131706/13262188/
452,カフェ,猫喫茶 空陸家 三軒茶屋店,"営業時間
[月～金]11:00～20:00[土・日・祝]10:00～20:00
日曜営業
定休日
不定休",東京都世田谷区三軒茶屋2-14-8,https://tabelog.com/tokyo/A1317/A131706/13272043/
453,カフェ,tent,"営業時間
11:30～15:00(L.O.14:45)17:00～24:00(L.O.23:30)24:00～翌5:00",東京都世田谷区代沢5-6-14,https://tabelog.com/tokyo/A1318/A131802/13289228/
454,カフェ,カフェ ダイニング カーラ,"営業時間
＜月～金＞11:30~22:00  Lunch(~15:00) / Cafe / Bar＜土日祝＞10:30~19:00  Brunch / Cafe / Bar
日曜営業
定休日
水曜日",東京都世田谷区給田3-1-16,https://tabelog.com/tokyo/A1318/A131809/13243455/
455,カフェ,Here Comes the Sun.,,東京都世田谷区瀬田4-24-2 サンハイム瀬田 1F,https://tabelog.com/tokyo/A1317/A131707/13288373/
456,カフェ,ななつのこ,"営業時間
［月～金］10:00～20:30［土］10:00～17:00
定休日
日曜日、祝日",東京都世田谷区南烏山6-12-12 コーシャハイム千歳烏山12号棟 1F,https://tabelog.com/tokyo/A1318/A131809/13169986/
457,カフェ,カフェ ベジタブルアンサンブル,,東京都世田谷区新町2-5-5,https://tabelog.com/tokyo/A1317/A131707/13232294/
458,カフェ,チルコロ,"営業時間
9:00～19:00
日曜営業",東京都世田谷区太子堂2-4-19 1F,https://tabelog.com/tokyo/A1317/A131706/13115852/
459,カフェ,ノートンプレイス,"営業時間
［月・水・木・金］15:00～21:00（L.O.20:30）［土・祝］13:00～21:00（L.O.20:30））※パーティーのある土曜日は18:00まで［日］14:00～21:00（L.O.20:30）
日曜営業
定休日
火曜日",東京都世田谷区池尻2-34-18-201,https://tabelog.com/tokyo/A1317/A131705/13090043/
460,カフェ,カフェデソレイユ,,東京都世田谷区大原1-9-13,https://tabelog.com/tokyo/A1318/A131802/13226482/
461,カフェ,ほんわか,,東京都世田谷区豪徳寺2-15-24,https://tabelog.com/tokyo/A1317/A131709/13132189/
462,カフェ,スピーシーズ,,東京都世田谷区大原2-17-11,https://tabelog.com/tokyo/A1318/A131808/13198151/
463,カフェ,ナチュラルフードクッキング,"営業時間
[水・木] 11:00～17:00
定休日
月曜・火曜・金曜・土曜・日曜",東京都世田谷区北沢3-7-15 アビタクルアカツキ１０３,https://tabelog.com/tokyo/A1318/A131811/13072565/
464,カフェ,nonohito,,東京都世田谷区奥沢8-31-6 大友ビル 1F,https://tabelog.com/tokyo/A1317/A131715/13225375/
465,カフェ,喫茶ぴあ 粕谷店,,東京都世田谷区粕谷4-13-6 粕谷区民センター,https://tabelog.com/tokyo/A1318/A131809/13179012/
466,カフェ,Swallow,"営業時間
[火～土]8:00～23:00[月・日]8:00～20:00　
定休日
不定休",東京都世田谷区下馬2-36-1 2F,https://tabelog.com/tokyo/A1317/A131706/13290098/
467,カフェ,カフェ イマジン,"営業時間
11:00～Sunset
日曜営業
定休日
不定休（要連絡）",東京都世田谷区鎌田1-15-5,https://tabelog.com/tokyo/A1317/A131708/13221335/
468,カフェ,みかも,,東京都世田谷区奥沢2-33-2,https://tabelog.com/tokyo/A1317/A131703/13168298/
469,カフェ,白黒,,東京都世田谷区世田谷1-15-12,https://tabelog.com/tokyo/A1317/A131709/13207836/
470,カフェ,UPOPO by touta inc.,"営業時間
12:00～18:00
日曜営業
定休日
月曜日",東京都世田谷区若林5-25-4 1F,https://tabelog.com/tokyo/A1317/A131709/13265209/
471,カフェ,くらうま しもきた,,東京都世田谷区代田5-35-26,https://tabelog.com/tokyo/A1318/A131802/13268725/
472,カフェ,アポックシアター,"営業時間
ランチ　　12:00～16:00（L.O.15:30）ディナー　16:00～20:00（L.O.19:30）
日曜営業
定休日
月曜日 ※不定休（２階劇場の使用状況により）",東京都世田谷区桜丘5-47-4,https://tabelog.com/tokyo/A1318/A131813/13200690/
473,カフェ,THE SHED Espresso & Wine,,東京都世田谷区上野毛4-22-2,https://tabelog.com/tokyo/A1317/A131708/13290896/
474,カフェ,カフェ・ビュシュロン,,東京都世田谷区大蔵1-16-17,https://tabelog.com/tokyo/A1318/A131814/13156837/
475,カフェ,TEN,,東京都世田谷区北沢2-19-2,https://tabelog.com/tokyo/A1318/A131802/13273845/
476,カフェ,ドードーの空,"営業時間
【営業時間】水、木（要予約）10:00 ～15:0017:00 ～21:00(LO)21：30水、木、金（要予約）10:00～14:00　19:00～21:30発酵薬膳教室、ワークショップ
定休日
日（祝）、月、火",東京都世田谷区三軒茶屋2-38-10,https://tabelog.com/tokyo/A1317/A131706/13138510/
477,カフェ,ベルミネット,"営業時間
8:30～20:00
定休日
日曜",東京都世田谷区用賀2-41-15,https://tabelog.com/tokyo/A1317/A131707/13088608/
478,カフェ,kampala,"営業時間

日曜営業
定休日
月曜日、火曜日",東京都世田谷区桜丘2-29-16 鈴屋第二ビル 1F,https://tabelog.com/tokyo/A1318/A131813/13247058/
479,カフェ,DELLS COFFEE,"営業時間
12:00～20:00
日曜営業
定休日
月曜日、木曜日",東京都世田谷区世田谷1-17-2,https://tabelog.com/tokyo/A1317/A131709/13256595/
480,カフェ,cafe poche,,東京都世田谷区玉川2-7-6,https://tabelog.com/tokyo/A1317/A131708/13284364/
481,カフェ,ブルーキャビン,"営業時間
11:00〜16:0018:00〜23:00",東京都世田谷区三宿2-5-3,https://tabelog.com/tokyo/A1317/A131705/13290925/
482,カフェ,archque,"営業時間
11:30～19:00 (L.O. 18:30)
日曜営業
定休日
月曜日、水曜日、木曜日、金曜日、土曜日",東京都世田谷区梅丘1-35-1,https://tabelog.com/tokyo/A1318/A131812/13283771/
483,カフェ,サザコーヒー 農大店,"営業時間
[月～金]8:00～20:00 (L.O.19:30)[土・日・祝]9:00～18:00 (L.O.17:30)",東京都世田谷区桜丘1-1-1 東京農業大学世田谷キャンパス国際センター 1F,https://tabelog.com/tokyo/A1318/A131813/13285043/
484,カフェ,テイパーズ キッチン,"営業時間
[火～土]11:00~21:30[日・祭日]11:00~18:00※通し営業
日曜営業
定休日
月曜日(月曜が祝日の場合は火曜日)",東京都世田谷区上野毛1-25-7,https://tabelog.com/tokyo/A1317/A131715/13178171/
485,カフェ,しろふわランドリー 明大前店,,東京都世田谷区松原2-42-15 タニカワビル 1F,https://tabelog.com/tokyo/A1318/A131804/13289618/
486,カフェ,昭和レトロカフェ まるはち,"営業時間
10:00～20:00",東京都世田谷区砧4-10-16,https://tabelog.com/tokyo/A1318/A131814/13225566/
487,カフェ,Cafe & Bar オーケストラ,,東京都世田谷区粕谷4-19-8 蓮見ビル B1F,https://tabelog.com/tokyo/A1318/A131809/13268160/
488,カフェ,トランプ ディナ,,東京都世田谷区船橋5-33-16 ホワイトプラザ千歳船橋　Ｂ１Ｆ,https://tabelog.com/tokyo/A1318/A131809/13020420/
489,カフェ,ネガティブカフェ バー モリオウチ,"営業時間
14:00～23:00
日曜営業
定休日
無休",東京都世田谷区北沢2-32-8 2F,https://tabelog.com/tokyo/A1318/A131802/13240644/
490,カフェ,CAFE STAND,,東京都世田谷区上用賀2-1-1 JRA馬事公苑　メインオフィス棟 1F,https://tabelog.com/tokyo/A1318/A131813/13291011/
491,カフェ,クオバディス,"営業時間
[火～日]13:00～19:00 （ドリンクL.O. 18:45）
定休日
月曜日",東京都世田谷区成城2-38-16 アトリエ第Q藝術 2F,https://tabelog.com/tokyo/A1318/A131814/13232361/
492,カフェ,プースカフェ,"営業時間
[月・水・木]11:45～15:00[金]11:45～14:30
定休日
火曜日、土曜日、日曜日",東京都世田谷区岡本2-33-23 社会福祉法人泉会　泉の家１階,https://tabelog.com/tokyo/A1317/A131708/13133986/
493,カフェ,紅茶専門店 「ピュア ・ティップス」,"営業時間
11:00～19:00
日曜営業
定休日
月曜日、木曜日",東京都世田谷区若林4-25-5 モデリアディズ松陰神社,https://tabelog.com/tokyo/A1317/A131709/13233814/
494,カフェ,スイレン,,東京都世田谷区北烏山7-7-11,https://tabelog.com/tokyo/A1318/A131809/13263581/
495,カフェ,Cafe & Bar SKOOB,"営業時間
※要予約※［第1・3火と毎週金曜日］18:00〜23:00［第2・4火］完全予約制［水・木・土］12:00～15:00 (ランチは14:00迄)18:00～23:00 毎週火・金曜日のランチはお休みです。［日］12:00～15:00 (ランチは14:00迄)18:00〜21:00 
日曜営業
定休日
月曜",東京都世田谷区桜丘2-15-14 SKOOB HOUSE  1F,https://tabelog.com/tokyo/A1318/A131813/13159933/
496,カフェ,美鈴珈琲 東京本店,,東京都世田谷区南烏山6-18-21 2F,https://tabelog.com/tokyo/A1318/A131809/13236822/
497,カフェ,L'heure bleue,"営業時間
11:30～14:0017:30～21:00",東京都世田谷区中町5-16-1 サンロードビル 1F,https://tabelog.com/tokyo/A1317/A131715/13290446/
498,カフェ,たまでんカフェ山下,"営業時間
11:00～17:00
日曜営業
定休日
火曜日、水曜日",東京都世田谷区豪徳寺1-44-5,https://tabelog.com/tokyo/A1318/A131813/13132174/
499,カフェ,カフェ ドラマ,,東京都世田谷区松原3-41-16,https://tabelog.com/tokyo/A1318/A131809/13183686/
500,カフェ,STILLPARK,,東京都世田谷区奥沢4-5-4,https://tabelog.com/tokyo/A1317/A131711/13290099/
501,カフェ,Vohou,,東京都世田谷区代沢4-42-7,https://tabelog.com/tokyo/A1318/A131812/13174887/
502,カフェ,ピリカ,,東京都世田谷区上馬5-9-24,https://tabelog.com/tokyo/A1317/A131707/13139051/
503,カフェ,B.DAY,"営業時間
カフェタイム[火～土]10:00~19:40(L.O)バータイム［月〜土］現金、ペイペイのみ使えます20:00~翌29:00　（フード、ノンアルコーヒー提供なし）
定休日
日曜、月曜",東京都世田谷区三軒茶屋1-35-3,https://tabelog.com/tokyo/A1317/A131706/13260739/
504,カフェ,coffee&wine かもめカフェ,"営業時間
11:30～22:30 (L.O.21:30)
定休日
月曜日",東京都世田谷区上北沢3-17-3,https://tabelog.com/tokyo/A1318/A131809/13264936/
505,カフェ,CHILL,"営業時間
12:00～18:00
日曜営業
定休日
不定休",東京都世田谷区北沢4-15-29 fortuna shimokitazawa 1F,https://tabelog.com/tokyo/A1318/A131802/13290779/
506,カフェ,ピカイチ,,東京都世田谷区北沢1-40-11 サニーハイマート 102,https://tabelog.com/tokyo/A1318/A131802/13174033/
507,カフェ,山とハチミツ,"営業時間
11:00～18:00
日曜営業
定休日
月曜・火曜",東京都世田谷区宮坂1-14-8,https://tabelog.com/tokyo/A1318/A131813/13262393/
508,カフェ,茶房＆画廊　ポポロ,,東京都世田谷区下馬3-33-12,https://tabelog.com/tokyo/A1317/A131706/13136627/
509,カフェ,木曜日のやきいもとコーヒー,"営業時間
木曜日・土曜日12:00〜19:00※臨時営業あり
定休日
月・火・水・金・日（不定休）",東京都世田谷区奥沢3-30-6,https://tabelog.com/tokyo/A1317/A131711/13285354/
510,カフェ,入山十百花店,,東京都世田谷区瀬田2-14-7,https://tabelog.com/tokyo/A1317/A131708/13256653/
511,カフェ,western club,"営業時間

日曜営業
定休日
火曜日",東京都世田谷区等々力8-24-10,https://tabelog.com/tokyo/A1317/A131715/13268525/
512,カフェ,南蛮屋 樹 下高井戸店,"営業時間
［平日］11:00～19:00［土・日・祝］11:00～18:00
日曜営業
定休日
月曜日",東京都世田谷区赤堤5-30-12,https://tabelog.com/tokyo/A1318/A131809/13111289/
513,カフェ,カフェ プティフォンティーヌ,"営業時間
[火～土]11:00～19:00
定休日
日曜・月曜",東京都世田谷区駒沢3-5-10,https://tabelog.com/tokyo/A1317/A131707/13122748/
514,カフェ,cafe sun deco,"営業時間
[月火・日]9:00～17:00(L.O.16:30)[水～土]9:00～21:00(L.O.20:30)
日曜営業
定休日
不定休",東京都世田谷区南烏山6-3-8 エリーゼ吉野ビル 1F,https://tabelog.com/tokyo/A1318/A131809/13287668/
515,カフェ,デトール・ア・ブルーエ 下北沢店,"営業時間
11:00～20:00
日曜営業
定休日
無休",東京都世田谷区北沢2-36-1 1F,https://tabelog.com/tokyo/A1318/A131802/13242354/
516,カフェ,LUCKY STAR COFFEE AND BAR,"営業時間
[水～金]19:30～22:00[土・日・祝]12:00～23:00
日曜営業
定休日
月曜日・火曜日",東京都世田谷区世田谷1-16-24 榎本ビル 1F,https://tabelog.com/tokyo/A1317/A131709/13275031/
517,カフェ,メデルデリ 奥沢店,"営業時間
[水～日]9:00～16:00
定休日
月曜日、火曜日",東京都世田谷区東玉川2-41-17 パークスワロス01 1F,https://tabelog.com/tokyo/A1317/A131711/13288523/
518,カフェ,スイーツアトリエ 5399,"営業時間
12:00～20:00(L.O.19:30)
日曜営業
定休日
月曜日、火曜日、水曜日、木曜日",東京都世田谷区中町5-39-9,https://tabelog.com/tokyo/A1317/A131707/13231733/
519,カフェ,PUB 440,"営業時間
ランチ・カフェ・パブ　11:30～16:00（L.0/15:30）★夜、週末はLIVE BAR営業（別途チケットが必要です）
定休日
水曜日、土日、祝日",東京都世田谷区代沢5-29-15 SYビル１F,https://tabelog.com/tokyo/A1318/A131802/13111506/
520,カフェ,フィシッフ キュッヒェ,"定休日
月曜日、木曜日、日曜日",東京都世田谷区松原3-15-15,https://tabelog.com/tokyo/A1318/A131809/13194669/
521,カフェ,喫茶室パイン,,東京都世田谷区上北沢2-1-1 松沢病院,https://tabelog.com/tokyo/A1318/A131809/13223936/
522,カフェ,cafe/field,,東京都世田谷区代沢5-33-3 ボート代沢 1A,https://tabelog.com/tokyo/A1318/A131802/13164196/
523,カフェ,ポートレート,,東京都世田谷区若林3-17-3,https://tabelog.com/tokyo/A1317/A131709/13037014/
524,カフェ,ぽえむ 用賀店,"営業時間
 [月～金]12:00～18:00 [土・日・祝]13:00～18:00
日曜営業
定休日
無休",東京都世田谷区用賀4-31-2,https://tabelog.com/tokyo/A1317/A131707/13078795/
525,カフェ,JUN,,東京都世田谷区喜多見4-5-9,https://tabelog.com/tokyo/A1318/A131814/13216150/
526,カフェ,珈琲店 椿,,東京都世田谷区喜多見4-25-15,https://tabelog.com/tokyo/A1318/A131814/13235024/
527,カフェ,Via,"営業時間
12:00～15:00 (L.O 14:00)18:00～24:00 （L.O23：00）
日曜営業
定休日
水曜、第1･3日曜",東京都世田谷区砧3-5-8 荒井ビル　2Ｆ,https://tabelog.com/tokyo/A1318/A131814/13176658/
528,カフェ,フラ カフェ,,東京都世田谷区松原5-1-9 クラーシェ松原1F,https://tabelog.com/tokyo/A1318/A131803/13136112/
529,カフェ,コーヒー&デニッシュ フーフー,"営業時間
9:00～18:00(L.O.17:30)
定休日
日・祝、第1,3,5土曜日※8月中のみ毎週土曜日も休業",東京都世田谷区三軒茶屋2-7-1,https://tabelog.com/tokyo/A1317/A131706/13128794/
530,カフェ,Cafe 香乃や,"営業時間
7:30〜17:00
日曜営業
定休日
木曜+不定休",東京都世田谷区瀬田4-24-15 1F,https://tabelog.com/tokyo/A1317/A131707/13288442/
531,カフェ,エリップス,,東京都世田谷区玉川台2-3-17,https://tabelog.com/tokyo/A1317/A131707/13196577/
532,カフェ,マイルス,,東京都世田谷区松原1-37-14,https://tabelog.com/tokyo/A1318/A131804/13282622/
533,カフェ,喫茶パンセ,,東京都世田谷区南烏山5-23-5,https://tabelog.com/tokyo/A1318/A131809/13168628/
534,カフェ,スタンド喫茶 ジュークボックス,,東京都世田谷区大原2-26-5,https://tabelog.com/tokyo/A1318/A131808/13273293/
535,カフェ,HONOKA cafe&lunch,"営業時間
11:00～",東京都世田谷区瀬田2-28-10 イケダハイツビル 1F,https://tabelog.com/tokyo/A1317/A131707/13291442/
536,カフェ,106,"営業時間
12:00～20:00(要事前予約)
日曜営業
定休日
水曜日",東京都世田谷区若林3-15-3 若林ハイホーム A棟,https://tabelog.com/tokyo/A1317/A131709/13224251/
537,カフェ,オルガン堂,,東京都世田谷区代沢4-44-2,https://tabelog.com/tokyo/A1318/A131812/13212949/
538,カフェ,Cafe Racou,,東京都世田谷区三軒茶屋2-53-12,https://tabelog.com/tokyo/A1317/A131706/13281394/
539,カフェ,McQUEEN COFFEE,,東京都世田谷区世田谷4-2-7,https://tabelog.com/tokyo/A1317/A131709/13290448/
540,カフェ,GESSO,,東京都世田谷区赤堤3-3-16 松原コーポ 1F,https://tabelog.com/tokyo/A1318/A131809/13247592/
541,カフェ,CAFE BUONO,"営業時間

日曜営業
定休日
火曜日",東京都世田谷区粕谷1-14-14,https://tabelog.com/tokyo/A1318/A131809/13275032/
542,カフェ,ディテールコレクション,"営業時間
[月・火・木・金・土日・祝]12:00～19:00(料理L.O.18:30 ドリンクL.O.18:30)
定休日
水曜日",東京都世田谷区上北沢4-13-9,https://tabelog.com/tokyo/A1318/A131809/13237927/
543,カフェ,kephi,"営業時間
12:30～18:00
日曜営業
定休日
月曜日、火曜日、水曜日、木曜日、金曜日",東京都世田谷区深沢2-15-5,https://tabelog.com/tokyo/A1317/A131703/13288401/
544,カフェ,洋酒と珈琲 つむじ風,"営業時間
［月・水・木・金・土］17:00～翌2:00［日・祝］15:00～24:00
日曜営業
定休日
火曜日",東京都世田谷区北沢2-1-8 サンコービル 3F,https://tabelog.com/tokyo/A1318/A131802/13205010/
545,カフェ,マウント・バーノンの風,"営業時間
[月・火・木・金]11:30～21:30[水・土・日・祝]11:30～19:30
日曜営業
定休日
不定休(ブログでご確認ください)",東京都世田谷区等々力2-18-12,https://tabelog.com/tokyo/A1317/A131715/13149277/
546,カフェ,７cafe,,東京都世田谷区野沢4-21-15 フカイビル 1F,https://tabelog.com/tokyo/A1317/A131707/13149878/
547,カフェ,コーヒー＆フーズ ハーモニー,,東京都世田谷区奥沢3-47-8,https://tabelog.com/tokyo/A1317/A131711/13151360/
548,カフェ,テントテ,,東京都世田谷区北沢2-17-10 第2滝本ビル 3F,https://tabelog.com/tokyo/A1318/A131802/13255718/
549,カフェ,COFFEE STAND SHEEP HUT,"営業時間
11:30～17:30
定休日
月曜日、火曜日、水曜日、木曜日、金曜日",東京都世田谷区給田3-31-20 1F,https://tabelog.com/tokyo/A1318/A131809/13280484/
550,カフェ,ひなたぼっこ,"営業時間
11:00～21:00
定休日
木曜・日曜",東京都世田谷区船橋6-26-11 サンヒルズ希望ヶ丘 １F,https://tabelog.com/tokyo/A1318/A131813/13120577/
551,カフェ,PostCoffee,"営業時間
12:00 - 17:00(平日)12:00 - 18:00(土日祝日)火曜日定休
日曜営業
定休日
火曜日",東京都世田谷区北沢2-28-2 深澤ビル 1F,https://tabelog.com/tokyo/A1318/A131802/13289543/
552,カフェ,CAFE&BAR BINGO,"営業時間
[月～木・土]11:00～15:00 18:00～24:00[金]9:00～15:00 18:00～24:00[日]12:00～20:00
日曜営業
定休日
不定休",東京都世田谷区梅丘1-22-12,https://tabelog.com/tokyo/A1318/A131812/13285357/
553,カフェ,アンディカフェ 二子玉川店,"営業時間
[月・水～金] 12:00～21:00 [土・日・祝] 11:00～21:00
日曜営業
定休日
火曜日",東京都世田谷区玉川3-11-7 T'sSQUARE 5F,https://tabelog.com/tokyo/A1317/A131708/13207851/
554,カフェ,ミシンカフェ＆ラウンジ　ニコ,"営業時間
［火・水・金・土］10:0018:00［木］10:0020:00［日・祝］10:0017:00
日曜営業
定休日
月曜日",東京都世田谷区上祖師谷7-19-16 荒井第1マンション103,https://tabelog.com/tokyo/A1326/A132601/13137072/
555,カフェ,ラビッシュ,,東京都世田谷区奥沢7-10-2,https://tabelog.com/tokyo/A1317/A131715/13229487/
556,カフェ,Cafe SORA,"営業時間
[月～金]10:00～15:00[土]10:00～13:30大学カレンダーによる変更あり",東京都世田谷区玉堤1-28-1 東京都市大学　SAKURA CENTER　中2階,https://tabelog.com/tokyo/A1317/A131715/13100601/
557,カフェ,ノグ コーヒー ロースターズ 三軒茶屋店,"営業時間
【現在コロナのため休業中】月から金　12:00〜23:00土日　　　10:00～23:00
定休日
無休",東京都世田谷区太子堂2-6-1,https://tabelog.com/tokyo/A1317/A131706/13243487/
558,カフェ,ガーデンカフェ ときそら,"営業時間
11:00～17:00
定休日
月曜日、日曜日、祝日",東京都世田谷区野沢3-14-1,https://tabelog.com/tokyo/A1317/A131706/13254992/
559,カフェ,ボブテイル,"営業時間
16:00～22:00
日曜営業
定休日
月曜日、火曜日、水曜日",東京都世田谷区代沢2-45-9 飛田ビル B1F,https://tabelog.com/tokyo/A1318/A131801/13176295/
560,カフェ,カフェ&食処 TAVERNe⁡⁡,"営業時間
11:30～（L.O.14:00）17:00～20:00
日曜営業
定休日
水曜日",東京都世田谷区下馬2-28-8,https://tabelog.com/tokyo/A1317/A131705/13274688/
561,カフェ,CUNE のみもの,"営業時間
14:00～19:00
日曜営業
定休日
不定休",東京都世田谷区代沢2-36-24,https://tabelog.com/tokyo/A1318/A131801/13281093/
562,カフェ,カフェ_アール,,東京都世田谷区成城6-22-5 2F,https://tabelog.com/tokyo/A1318/A131814/13253867/
563,カフェ,かふぇいろどり,,東京都世田谷区鎌田3-35-1,https://tabelog.com/tokyo/A1317/A131708/13276143/
564,カフェ,Caffè ソライ屋,"営業時間
【ランチタイム】イートイン／12:00～14:30（14:00LO）【ディナータイム】イートイン／17:30～22:00（21:00LO）
日曜営業
定休日
水曜日&ときどき木曜日",東京都世田谷区用賀3-5-12,https://tabelog.com/tokyo/A1317/A131707/13199462/
565,カフェ,ハレル カフェ,"営業時間
［火～日］11:00～20:00(L.O.19:30)
日曜営業
定休日
月曜日",東京都世田谷区下馬6-15-11,https://tabelog.com/tokyo/A1317/A131707/13245691/
566,カフェ,ROSETIQUE CAFE by Miwako,"営業時間
10:00～18:00
定休日
水曜日、日曜日(不定休)",東京都世田谷区等々力8-12-3 1F,https://tabelog.com/tokyo/A1317/A131715/13256070/
567,カフェ,筆談&手話カフェ pen to te to,"営業時間
営業日不定。Twitter(@PenCafe)で確認してください。",東京都世田谷区代沢5-29-8 浅野ビルＡ,https://tabelog.com/tokyo/A1318/A131802/13260687/
568,カフェ,タリーズコーヒー 下北沢店,"営業時間
[全日]8:00～21:00
日曜営業
定休日
なし",東京都世田谷区北沢2-31-7 アビティ下北沢 1F,https://tabelog.com/tokyo/A1318/A131802/13284511/
569,カフェ,旬彩Kaede食堂,"営業時間
[月～金]11:30～21:00(L.O.20:00)
定休日
土曜日、日曜日",東京都世田谷区三軒茶屋2-11-24 サンタワーズS 2F,https://tabelog.com/tokyo/A1317/A131706/13288142/
570,カフェ,cafe /bar クルクル,"営業時間
[月～金] 11：30～15：00 18：00～翌1：00(L.O.24:00)[土]17：00～翌1：00(L.O.24:00)
日曜営業
定休日
日曜日・祝日",東京都世田谷区松原5-1-8,https://tabelog.com/tokyo/A1318/A131803/13100600/
571,カフェ,喫茶 アキ,"営業時間
19:00～23:00
定休日
火曜日、木曜日、日曜日",東京都世田谷区世田谷4-2-7,https://tabelog.com/tokyo/A1317/A131709/13290830/
572,カフェ,カフェ&バー マードック,"営業時間
カフェの部は土日飲みの営業です。11:00~20:00夜の部22:00~5:00
定休日
不定休",東京都世田谷区池尻3-28-6 ファーストアミューズビル 1-A,https://tabelog.com/tokyo/A1317/A131705/13156700/
573,カフェ,ポピー,,東京都世田谷区等々力2-32-11,https://tabelog.com/tokyo/A1317/A131715/13088641/
574,カフェ,The Sapphire 109シネマズ二子玉川,"営業時間

日曜営業",東京都世田谷区玉川1-14-1 二子玉川ライズショッピングセンターテラスマーケット 3F,https://tabelog.com/tokyo/A1317/A131708/13270826/
575,カフェ,ことこ茶店,"営業時間
［販売］12:00～19:00［喫茶］12:00～18:30(L.O.18:00)
日曜営業
定休日
火曜日、水曜日",東京都世田谷区宮坂3-4-1 1F,https://tabelog.com/tokyo/A1318/A131813/13253636/
576,カフェ,珈琲処 焙庵,"営業時間
火～金11:00～21:00(L.O 20:30)土・日・祝11:00～19:00(L.O 18:30)
日曜営業
定休日
月曜日",東京都世田谷区千歳台1-23-11,https://tabelog.com/tokyo/A1318/A131813/13195250/
577,カフェ,NHK放送技術研究所 喫茶コーナー,,東京都世田谷区砧1-10-11 NHK放送技術研究所 1F,https://tabelog.com/tokyo/A1318/A131814/13187238/
578,カフェ,ファニィワンズ カフェ 二子玉川店,"営業時間
11:30～17:00
定休日
月曜日、火曜日、日曜日",東京都世田谷区上野毛2-20-2,https://tabelog.com/tokyo/A1317/A131708/13265981/
579,カフェ,メイズ ダイナー,,東京都世田谷区太子堂5-17-20 1F Cafe&Ber Time,https://tabelog.com/tokyo/A1317/A131706/13257777/
580,カフェ,ミコ 珈琲と髪,"営業時間
10:00～20:00
日曜営業
定休日
火曜日、第3月曜日",東京都世田谷区松原6-2-9 梅ヶ丘アパート A-3,https://tabelog.com/tokyo/A1318/A131812/13257891/
581,カフェ,フルハウス,,東京都世田谷区成城6-12-6,https://tabelog.com/tokyo/A1318/A131814/13279274/
582,カフェ,hmc coffee&sake 梅ヶ丘店,"営業時間
hmc coffee12:00〜17:00【ラストオーダー16:30】hmc sake20:00〜25:00【ラストオーダー24:30】
定休日
木曜日（カフェのみ）日曜日（その他の店休日はHP、Twitter、Instagramのカレンダーに準ずる）",東京都世田谷区梅丘1-15-14 本通りビル B1F,https://tabelog.com/tokyo/A1318/A131812/13265945/
583,カフェ,ふれあいカフェ うめとぴあ,,東京都世田谷区松原6-37-10 保健医療福祉総合プラザ 1F,https://tabelog.com/tokyo/A1318/A131812/13250309/
584,カフェ,Seven Years Coffee,,東京都世田谷区若林3-15-3,https://tabelog.com/tokyo/A1317/A131709/13280476/
585,カフェ,TAG COFFEE STAND 二子玉川店,"営業時間
[月～金]10:00～21:00[土・日・祝]9:00～21:00
日曜営業
定休日
109シネマズ二子玉川に準ずる",東京都世田谷区玉川1-14-1 二子玉川ライズ・ショッピングセンター・テラスマーケット,https://tabelog.com/tokyo/A1317/A131708/13266306/
586,カフェ,喫茶 酔星,"営業時間

日曜営業
定休日
火曜日",東京都世田谷区梅丘1-15-11 tomoビル B1F,https://tabelog.com/tokyo/A1318/A131812/13264246/
587,カフェ,ハミングバード,,東京都世田谷区松原2-28-17,https://tabelog.com/tokyo/A1318/A131804/13048722/
588,カフェ,キッチン シャカリキ,"営業時間
11:00～15:00(店内不可テイクアウトのみ営業)17:00～22:00
日曜営業
定休日
無休",東京都世田谷区南烏山6-27-3 ウインド烏山 1F,https://tabelog.com/tokyo/A1318/A131809/13255819/
589,カフェ,カフェ アランデル,,東京都世田谷区喜多見6-24-18 サンガーデン 1F,https://tabelog.com/tokyo/A1318/A131814/13216841/
590,カフェ,ブルーバード,"営業時間
9:00～14:00
定休日
土曜日、日曜日、祝日",東京都世田谷区瀬田4-8-1 1F,https://tabelog.com/tokyo/A1317/A131707/13161797/
591,カフェ,マギー,,東京都世田谷区千歳台4-1-20,https://tabelog.com/tokyo/A1318/A131813/13207555/
592,カフェ,本と玄米カレー ヨスカ,"営業時間
12:00～16:00 18:00～22:00[月]12:00～16:00
定休日
日曜日",東京都世田谷区用賀4-30-11 福本ビル 2F,https://tabelog.com/tokyo/A1317/A131707/13260641/
593,カフェ,デザインカフェ ステイブル,"営業時間
[火～日]9:00～21:00
日曜営業
定休日
月曜日",東京都世田谷区上野毛3-14-13 THE AOKA KAMINOGE TOKYO 1F,https://tabelog.com/tokyo/A1317/A131715/13237995/
594,カフェ,Munch's,,東京都世田谷区梅丘1-35-1 梅丘ハピネス102,https://tabelog.com/tokyo/A1318/A131812/13191636/
595,カフェ,Ｃａｆｏｏ,"営業時間
10：00～19：00
定休日
毎週火曜、第１・３水曜",東京都世田谷区粕谷4-19-5 塩原ビル1F,https://tabelog.com/tokyo/A1318/A131809/13097615/
596,カフェ,EASE STAND,"営業時間
8:00～17:00
日曜営業
定休日
木曜日",東京都世田谷区砧2-19-10,https://tabelog.com/tokyo/A1318/A131814/13282704/
597,カフェ,ピープルズティー,,東京都世田谷区代沢2-42,https://tabelog.com/tokyo/A1318/A131801/13282543/
598,カフェ,カフェニスタ,,東京都世田谷区代田4-10-23 メゾンドール新代田　B1F-C,https://tabelog.com/tokyo/A1318/A131803/13100225/
599,カフェ,カフェ ストリーム,"営業時間
11:00～17:00
日曜営業
定休日
第2・4月曜日",東京都世田谷区等々力3-4-1 玉川区民会館,https://tabelog.com/tokyo/A1317/A131715/13256186/
600,カフェ,RIPPU FARMER'S CAFE,,東京都世田谷区経堂5-30-2,https://tabelog.com/tokyo/A1318/A131813/13256083/
601,カフェ,玉露茶房 竹酔,"営業時間
14:00～23:00(L.O.22:30)
日曜営業
定休日
月曜日、火曜日",東京都世田谷区上北沢4-16-5,https://tabelog.com/tokyo/A1318/A131809/13237301/
602,カフェ,おしゃれサロン マツオ,"営業時間
12:00～18:00
定休日
火曜日、水曜日、不定休",東京都世田谷区代田6-12-36,https://tabelog.com/tokyo/A1318/A131802/13285057/
603,カフェ,カフェガルブ,"営業時間
11:00〜21:00
日曜営業
定休日
無休",東京都世田谷区梅丘1-16-4,https://tabelog.com/tokyo/A1318/A131812/13291675/
604,カフェ,オトトデリ,"営業時間
12:00～16:00
日曜営業
定休日
水曜日",東京都世田谷区代沢2-46-5,https://tabelog.com/tokyo/A1318/A131801/13239844/
605,カフェ,リーテン ブティケーン,"営業時間
[火・木・金]12:00～18:00[土]13:00～17:00 
定休日
月曜日、水曜日、日曜日、祝日、他不定休",東京都世田谷区赤堤5-34-2,https://tabelog.com/tokyo/A1318/A131809/13178962/
606,カフェ,goodoffice 二子玉川,,東京都世田谷区玉川3-17-1 玉川タカシマヤ 南館 8F,https://tabelog.com/tokyo/A1317/A131708/13281797/
607,カフェ,サンワ,"営業時間
[月～土]8:00～18:00[祝]9:00～18:00
定休日
日曜日",東京都世田谷区経堂5-31-8,https://tabelog.com/tokyo/A1318/A131813/13255792/
608,カフェ,GILLIA,"営業時間
12:00〜14:00(L.O)
定休日
不定休",東京都世田谷区梅丘1-33-6,https://tabelog.com/tokyo/A1318/A131812/13139751/
609,カフェ,KARAKUSA CAFE,"営業時間
10:30～17:00
定休日
土曜日、日曜日",東京都世田谷区深沢7-1-1 日本体育大学 東京・世田谷キャンパス スポーツ棟 1F,https://tabelog.com/tokyo/A1317/A131707/13290978/
610,カフェ,スターバックスコーヒー 梅ヶ丘駅店,"営業時間
7:00～22:00
定休日
不定休",東京都世田谷区梅丘1-31-21,https://tabelog.com/tokyo/A1318/A131812/13285067/
611,カフェ,ニュードリーム,,東京都世田谷区池尻4-38-10,https://tabelog.com/tokyo/A1318/A131801/13253642/
612,カフェ,ネロリ,"営業時間
12:00～26:00（食事は、15:00～）（定休日・火曜）
日曜営業
定休日
火曜日",東京都世田谷区北沢2-1-7 ハウジング北沢ビル3F,https://tabelog.com/tokyo/A1318/A131802/13187725/
613,カフェ,Ba-Wa CAFE しあわ世のもりあわせ2号店,"営業時間
9:00～16:30
定休日
土曜日、日曜日、祝日",東京都世田谷区下馬2-31-6,https://tabelog.com/tokyo/A1317/A131705/13264539/
614,カフェ,月影のmew,,東京都世田谷区等々力3-7-8,https://tabelog.com/tokyo/A1317/A131715/13204454/
615,カフェ,カフェテラス ゆめ,"営業時間
[火・木・土・日]11:00～16:00",東京都世田谷区太子堂3-38-20 ゆめてらす三軒茶屋 1F,https://tabelog.com/tokyo/A1318/A131801/13290037/
616,カフェ,さわやかはーとあーす世田谷,"営業時間
［月～金・祝日］11:00～15:00(L.O.14:30)
定休日
土曜・日曜",東京都世田谷区上用賀4-16-11,https://tabelog.com/tokyo/A1317/A131707/13239206/
617,カフェ,三軒茶屋珈琲 red clover,"営業時間
15:00～21:00
日曜営業
定休日
不定休",東京都世田谷区太子堂1-15-11,https://tabelog.com/tokyo/A1317/A131706/13111865/
618,カフェ,バックステイ,,東京都世田谷区三宿1-4-22 モリオキビル B1F,https://tabelog.com/tokyo/A1317/A131705/13207428/
619,カフェ,リトルベルゲン,"営業時間
[月～水、金]19:00以降～23:00(L.O.)[土・日]13:00以降～18:00(L.O.)※営業時間はお店の都合で変更する場合があります
日曜営業
定休日
木曜・祝日",東京都世田谷区北沢2-28-11,https://tabelog.com/tokyo/A1318/A131802/13118383/
620,カフェ,unkimika,"営業時間
11:30～17:30
日曜営業
定休日
木曜日、金曜日",東京都世田谷区赤堤1-2-19,https://tabelog.com/tokyo/A1318/A131813/13257099/
621,カフェ,510cafe,"営業時間
[火～日]11:30～23:00
日曜営業
定休日
月曜日",東京都世田谷区下馬6-15-11,https://tabelog.com/tokyo/A1317/A131707/13269887/
622,カフェ,ABCafe,,東京都世田谷区野毛2-20-16 1F,https://tabelog.com/tokyo/A1317/A131715/13264016/
623,カフェ,桜ん房,"営業時間
11:00～17:00
日曜営業
定休日
月曜・第2木曜・年末年始",東京都世田谷区祖師谷3-10-4 砧図書館内,https://tabelog.com/tokyo/A1318/A131814/13091826/
624,カフェ,カフェ&バー ワンダーラスト,"営業時間
20:00～翌5:00
日曜営業
定休日
なし",東京都世田谷区三宿1-2-12 茂田コーポ 1F,https://tabelog.com/tokyo/A1317/A131705/13195427/
625,カフェ,Green Witch Tea House,"営業時間
11:00～19:00（ラストオーダーは18:40）
定休日
木曜・日曜",東京都世田谷区粕谷1-11-22,https://tabelog.com/tokyo/A1318/A131809/13277673/
626,カフェ,こはく,,東京都世田谷区松原5-3-14 2F,https://tabelog.com/tokyo/A1318/A131803/13076528/
627,カフェ,フルーツ＆ソフトクリーム チロル,"営業時間
12:00～19:00
日曜営業
定休日
月曜・木曜",東京都世田谷区砧8-7-17,https://tabelog.com/tokyo/A1318/A131814/13238520/
628,カフェ,喫茶ぴあ 鎌田店,,東京都世田谷区鎌田3-35-1 鎌田区民センター 1F,https://tabelog.com/tokyo/A1317/A131708/13132512/
629,カフェ,本とお酒とコーヒーと,"営業時間
[火～木]11:30～18:00[金・土]11:30~21:30(L.O21:00)※現在20時閉店(L.O19:00)
日曜営業
定休日
月曜日 第２.4火曜日　（天候等により休業の場合あり）",東京都世田谷区祖師谷3-4-8 イシダビル 2F,https://tabelog.com/tokyo/A1318/A131814/13263181/
630,カフェ,haru no oto,,東京都世田谷区北沢2-32-8 ssビル 2F,https://tabelog.com/tokyo/A1318/A131802/13285879/
631,カフェ,Canna Cafe,,東京都世田谷区大原1-25-4 エタニティ大原 1F,https://tabelog.com/tokyo/A1318/A131808/13285528/
632,カフェ,ルフージュ・カフェ,,東京都世田谷区砧8-4-15 鈴木第一ビル B1F,https://tabelog.com/tokyo/A1318/A131814/13248136/
633,カフェ,メロコトン,"営業時間
11:00～21:00 (L.O20:30)
定休日
日曜日",東京都世田谷区世田谷1-15-12 2F,https://tabelog.com/tokyo/A1317/A131709/13217231/
634,カフェ,ミクスチャー,,東京都世田谷区太子堂4-1-1 世田谷パブリックシアター,https://tabelog.com/tokyo/A1317/A131706/13203790/
635,カフェ,サンチャファーム チャヤ,"営業時間
［木・金］18:00～21:00［土・日］11:00～18:00
日曜営業
定休日
月曜日、火曜日、水曜日",東京都世田谷区太子堂2-17-5 3F,https://tabelog.com/tokyo/A1317/A131706/13237739/
636,カフェ,ホーリーシット,,東京都世田谷区上馬1-16-9,https://tabelog.com/tokyo/A1317/A131706/13236705/
637,カフェ,三叉灯,,東京都世田谷区代沢5-36-14,https://tabelog.com/tokyo/A1318/A131802/13246895/
638,カフェ,niko and... COFFEE 二子玉川店,"営業時間

日曜営業",東京都世田谷区玉川2-21-1 二子玉川ライズショッピングセンタータウンフロント 4F,https://tabelog.com/tokyo/A1317/A131708/13282643/
639,カフェ,ウラダナ,,東京都世田谷区池尻3-8-1 フィールズ池尻 1F,https://tabelog.com/tokyo/A1317/A131705/13130290/
640,カフェ,世田谷公園売店,"営業時間
9:00～16:30
日曜営業
定休日
無休",東京都世田谷区池尻1-5-27,https://tabelog.com/tokyo/A1317/A131705/13264272/
641,カフェ,LALALA CAFE,"営業時間
月〜木 7:00〜19:00金・土・日・祝 7:00〜17:00PayPay使えます
日曜営業
定休日
不定休、Instagramで告知　PayPay使えます",東京都世田谷区桜丘2-19-10 1F,https://tabelog.com/tokyo/A1318/A131813/13263660/
642,カフェ,karmin,"営業時間
12:00～18:00
定休日
月曜日、火曜日、水曜日、土曜日、日曜日",東京都世田谷区給田3-31-20 1F,https://tabelog.com/tokyo/A1318/A131809/13278485/
643,カフェ,シーシャ１号店,"営業時間
14：00～03：00
定休日
不定休",東京都世田谷区北沢3-30-3,https://tabelog.com/tokyo/A1318/A131802/13126299/
644,カフェ,茶房 牡丹,"営業時間
[火・水・木・金]12:00～17:00[土・日・祝]10:00～17:00※祝日の月曜は祝日時間で営業
日曜営業
定休日
月曜日",東京都世田谷区奥沢5-33-13 サロン・ド・テ自由が丘,https://tabelog.com/tokyo/A1317/A131703/13237701/
645,カフェ,キットワー,,東京都世田谷区宮坂1-42-15,https://tabelog.com/tokyo/A1317/A131709/13132276/
646,カフェ,Teltta,"営業時間
15:00～22:00
定休日
月曜日、火曜日、水曜日、金曜日、土曜日、日曜日",東京都世田谷区北沢2-30-14 重宗ビル 3F,https://tabelog.com/tokyo/A1318/A131802/13282569/
647,カフェ,POOTLE,"営業時間
[月～金]17:00～23:30(L.O.22:45)[土・日］12:00～22:30(L.O.21:45)
日曜営業
定休日
不定休",東京都世田谷区羽根木1-1-14 新代田ビル 1F FEVER内,https://tabelog.com/tokyo/A1318/A131803/13257119/
648,カフェ,CoffeeRoast&TheBest,,東京都世田谷区桜丘2-24-19,https://tabelog.com/tokyo/A1318/A131813/13278260/
649,カフェ,喫茶 JOY,"営業時間
10:00～17:00
定休日
土曜日、日曜日、祝日",東京都世田谷区太子堂2-16-7 世田谷産業プラザ 1Ｆ,https://tabelog.com/tokyo/A1317/A131706/13131214/
650,カフェ,Runa coffee,"営業時間
11:00～19:00月曜11:00~17:30
定休日
火曜日、不定休",東京都世田谷区砧6-23-8,https://tabelog.com/tokyo/A1318/A131814/13287482/
651,カフェ,high-five Café,"営業時間
11:45～22:00 (LO21:30)
日曜営業
定休日
水曜日(終日）、火曜（17時閉店）",東京都世田谷区梅丘1-14-5,https://tabelog.com/tokyo/A1318/A131812/13258985/
652,カフェ,エンドラ,,東京都世田谷区池尻2-21-10,https://tabelog.com/tokyo/A1317/A131705/13087459/
653,カフェ,Qs ANOTHER HOUSE,"営業時間
［水～日]10:00～17:00
日曜営業
定休日
月曜日、火曜日",東京都世田谷区給田1-3-42 世田谷キューズガーデン 光風亭,https://tabelog.com/tokyo/A1318/A131809/13291510/
654,カフェ,のあのあ,,東京都世田谷区梅丘1-33-11,https://tabelog.com/tokyo/A1318/A131812/13088306/
655,カフェ,ゴールデン ピークス,"営業時間
［水］10:00～18:00［土・日］13:30～18:30
日曜営業
定休日
月曜日、火曜日、木曜日、金曜日",東京都世田谷区下馬1-53-8,https://tabelog.com/tokyo/A1317/A131705/13175630/
656,カフェ,喫茶KURA,"営業時間
[火～土]11:45～18:00
定休日
月曜日、日曜日",東京都世田谷区桜新町1-13-6 ラ・コリーナ・ボラッチャ B1F,https://tabelog.com/tokyo/A1317/A131707/13266587/
657,カフェ,iri coffee roastery,"営業時間
8:00～18:00(L.O.17:30)[土・日]10:00～18:00(L.O.17:30)
日曜営業",東京都世田谷区若林4-22-18,https://tabelog.com/tokyo/A1317/A131709/13290485/
658,カフェ,モカジャバコーヒーロースター,,東京都世田谷区南烏山6-27-9 グレースYK 1F,https://tabelog.com/tokyo/A1318/A131809/13206463/
659,カフェ,キナヤ,"営業時間
［月・火・日］12:00～15:00［水］11:30～15:00
日曜営業
定休日
木曜日、金曜日、土曜日",東京都世田谷区成城9-26-6,https://tabelog.com/tokyo/A1318/A131814/13190889/
660,カフェ,ツリー ハウス カフェ,"営業時間
[月～土]ランチタイムのみ営業10:30～14:0014:00～予約制(お気軽にどうぞ!)店主一人で営業の為、14:00以降は予約制とさせてくださいませ。お電話くださいませ！［日曜］日曜日も気まぐれで開店しております。
定休日
日曜日",東京都世田谷区世田谷2-28-21,https://tabelog.com/tokyo/A1317/A131709/13246328/
661,カフェ,YOU・遊,"営業時間
11:00～17:00
定休日
月曜日、日曜日、祝日",東京都世田谷区赤堤5-31-5 松沢まちづくりセンター 1F,https://tabelog.com/tokyo/A1318/A131809/13140712/
662,カフェ,コア マーリン カフェ,"営業時間
10:00～23:00(L.O.22:30)
定休日
土曜日、日曜日、祝日",東京都世田谷区三軒茶屋2-11-26 コア第2ビル 1F,https://tabelog.com/tokyo/A1317/A131706/13218696/
663,カフェ,アキカフェ,"営業時間
11:00～21:00
日曜営業
定休日
月曜日",東京都世田谷区宮坂3-46-3 吉田ビル 1F,https://tabelog.com/tokyo/A1318/A131813/13121747/
664,カフェ,ノルディスクキャンプサプライストアバイルート,,東京都世田谷区砧2-21-17,https://tabelog.com/tokyo/A1318/A131813/13206958/
665,カフェ,F★E★P,,東京都世田谷区梅丘2-8-13,https://tabelog.com/tokyo/A1317/A131709/13230791/
666,カフェ,MAZIGOO CAFE,,東京都世田谷区砧2-19-10 EASE倶楽部 1F,https://tabelog.com/tokyo/A1318/A131814/13225724/
667,カフェ,カフェ エムイー,"営業時間

日曜営業",東京都世田谷区上野毛3-2-16,https://tabelog.com/tokyo/A1317/A131708/13238788/
668,カフェ,コーヒーチェリー,,東京都世田谷区代田4-10-20,https://tabelog.com/tokyo/A1318/A131803/13213415/
669,カフェ,珈琲 玲瓏,"営業時間
11:00～19:00(L.O.18:30)
定休日
月曜日、火曜日、水曜日、木曜日、土曜日、日曜日",東京都世田谷区代沢5-36-14 湯浅ビル 2F,https://tabelog.com/tokyo/A1318/A131802/13281345/
670,カフェ,さくらんぼ,,東京都世田谷区若林5-41-10,https://tabelog.com/tokyo/A1317/A131709/13087853/
671,カフェ,ハラッキ,"営業時間
[月～日]19:00～翌2:00
日曜営業
定休日
不定休(公式Instagramよりご確認ください)",東京都世田谷区池尻4-34-16 ピクセルツイン 1F,https://tabelog.com/tokyo/A1318/A131801/13134338/
672,カフェ,ライフカフェ 桜新町店,,東京都世田谷区桜新町2-23-1 ライフ桜新町店 1F,https://tabelog.com/tokyo/A1317/A131707/13252837/
673,カフェ,SORGERE,"営業時間
水〜土　11:00〜15:00(L.O.14:00) / 17:30〜22:00(L.O.21:00)日　　　11:00〜15:00(L.O.14:00) / 17:30〜20:30(L.O.19:30)
日曜営業
定休日
月曜、火曜",東京都世田谷区成城6-14-2 三輪ビル 2F,https://tabelog.com/tokyo/A1318/A131814/13283352/
674,カフェ,Things Store and Cafe,,東京都世田谷区砧8-21-7 Kスタジオ 1F,https://tabelog.com/tokyo/A1318/A131814/13258405/
675,カフェ,Cafe&Bar 尾山台,,東京都世田谷区尾山台3-9-10 2F,https://tabelog.com/tokyo/A1317/A131715/13255548/
676,カフェ,TEA TATAMO 駒沢店,"営業時間
10:00-23:00
日曜営業
定休日
なし",東京都世田谷区駒沢1-17-14,https://tabelog.com/tokyo/A1317/A131707/13288077/
677,カフェ,ブレンドコーヒーハウス,"営業時間
［月・火・金～日］11:30～15:00（L.O.14:00）17:30～23:00（L.O.22:00）［木］17:30～23:00（L.O.22:00）
日曜営業
定休日
水曜日",東京都世田谷区経堂4-6-10,https://tabelog.com/tokyo/A1318/A131813/13076196/
678,カフェ,Cafeこんちぇる,,東京都世田谷区代田4-7-17,https://tabelog.com/tokyo/A1318/A131803/13252478/
679,カフェ,カフェ シーシャバー オランジュ,"営業時間
［月～金］15:00～翌4:00(L.O.翌3:00)［土・日・祝］13:00～翌4:00(L.O.翌3:00)",東京都世田谷区三軒茶屋2-15-5 プラスキューブ三軒茶屋A棟 1F,https://tabelog.com/tokyo/A1317/A131706/13238274/
680,カフェ,cafe CAPRICE,"営業時間
12:00～19:00（ご予約いただければ22:00まで延長可）
定休日
不定休（HPよりご確認ください）",東京都世田谷区八幡山3-25-10 1F,https://tabelog.com/tokyo/A1318/A131809/13157886/
681,カフェ,ALL GREEN island/alley,"営業時間
10:00～翌3:00",東京都世田谷区池尻2-28-8 1F,https://tabelog.com/tokyo/A1317/A131705/13281138/
682,カフェ,シーシャ トライアングル 下北沢店,,東京都世田谷区代沢5-33-6 2F,https://tabelog.com/tokyo/A1318/A131802/13274242/
683,カフェ,CAFE VOLEUR DE FLEUR 下北沢西店,"営業時間

日曜営業
定休日
火曜日、金曜日(祝日営業)",東京都世田谷区代田6-5-26,https://tabelog.com/tokyo/A1318/A131802/13262700/
684,カフェ,キッチン村山,,東京都世田谷区上馬1-17-8,https://tabelog.com/tokyo/A1317/A131706/13107293/
685,カフェ,喫茶 月とつぼみ,,東京都世田谷区桜上水5-24-2,https://tabelog.com/tokyo/A1318/A131809/13235515/
686,カフェ,MOKU,"営業時間
11:00～17:30
日曜営業
定休日
月曜日",東京都世田谷区桜丘2-18-20,https://tabelog.com/tokyo/A1318/A131813/13107014/
687,カフェ,ケムリスト 烏山店,"営業時間
[月～土]19:00～27:00(L.O:26:00)[日・祝]19:00～27:00(L.O:26:00)
日曜営業
定休日
無休",東京都世田谷区南烏山6-4-2 第1烏山KSビル 2F,https://tabelog.com/tokyo/A1318/A131809/13267904/
688,カフェ,ザ アーカイブ カフェ,"営業時間
[月～日]12:00～18:00
日曜営業
定休日
不定休",東京都世田谷区奥沢7-19-9 2F,https://tabelog.com/tokyo/A1317/A131715/13278967/
689,カフェ,つるかめ商店,"営業時間
11:00～21:00",東京都世田谷区上馬1-32-20,https://tabelog.com/tokyo/A1317/A131706/13279788/
690,カフェ,CAFE IKANIKA PRIVE,"営業時間
12:00～18:30
日曜営業
定休日
木曜日、金曜日",東京都世田谷区奥沢2-2-21,https://tabelog.com/tokyo/A1317/A131711/13285353/
691,カフェ,モココナ,"営業時間
［月・水・木・金・土］11:30～14:0018:00～22:00(最終入店 21:00)※土曜日は要予約［日］11:30～14:00
日曜営業
定休日
火曜日",東京都世田谷区代沢5-9-1,https://tabelog.com/tokyo/A1318/A131812/13236403/
692,カフェ,みづほ,"営業時間
お昼ごろ～夕方17時くらいとアバウト
定休日
不定休",東京都世田谷区上用賀6-33-19,https://tabelog.com/tokyo/A1318/A131813/13039929/
693,カフェ,はちだいカフェ,"営業時間
11:00～18:00
日曜営業
定休日
月曜日",東京都世田谷区世田谷2-4-11,https://tabelog.com/tokyo/A1317/A131709/13152803/
694,カフェ,コクーン,"営業時間
18:00～翌3:00
日曜営業
定休日
毎日深夜３時まで営業中です！三角地帯にある駅前ビルをエレベーターで７Ｆへ♪場所が分からない場合はお気軽にお問い合わせください。",東京都世田谷区三軒茶屋2-14-12 三元ビル 7F,https://tabelog.com/tokyo/A1317/A131706/13156792/
695,カフェ,ばらえ亭,"定休日
日曜",東京都世田谷区弦巻4-19-14,https://tabelog.com/tokyo/A1317/A131707/13088377/
696,カフェ,caef valley 等々力,,東京都世田谷区野毛1-6-10,https://tabelog.com/tokyo/A1317/A131715/13291265/
697,カフェ,ルクセム,"営業時間
9:00～16:00（L.O15:30）",東京都世田谷区北沢2-12-2,https://tabelog.com/tokyo/A1318/A131802/13273965/
698,カフェ,ゐ,"営業時間
11:30～20:00
定休日
月曜日、火曜日、不定休",東京都世田谷区若林3-9-8,https://tabelog.com/tokyo/A1317/A131709/13281715/
699,カフェ,munimal cafe,,東京都世田谷区宇奈根3-13-25,https://tabelog.com/tokyo/A1318/A131814/13270499/
700,カフェ,ラトリエ ワカバヤシ,,東京都世田谷区若林4-3-14,https://tabelog.com/tokyo/A1317/A131709/13272972/
701,カフェ,Cafe さくら,,東京都世田谷区玉川2-5-9,https://tabelog.com/tokyo/A1317/A131708/13232065/
702,カフェ,ニシアン,"営業時間
[木・金]11:30～17:00(L.O)
定休日
月・火・水・土・日",東京都世田谷区岡本1-6-12,https://tabelog.com/tokyo/A1317/A131707/13283444/
703,カフェ,Brewing Room,,東京都世田谷区世田谷4-16-7 富久美ビル1F,https://tabelog.com/tokyo/A1317/A131709/13167227/
704,カフェ,あん,,東京都世田谷区若林4-22,https://tabelog.com/tokyo/A1317/A131709/13184405/
705,カフェ,TROIS,,東京都世田谷区梅丘1-16-4 ビバタウン湯澤 2F,https://tabelog.com/tokyo/A1318/A131812/13290068/
706,カフェ,薪まきカフェ,"営業時間
9:30～18:30(L.O.18:00)［ランチタイム］11:30～14:00
定休日
月曜日、火曜日、第3日曜日(他不定休あり)",東京都世田谷区千歳台6-8-9,https://tabelog.com/tokyo/A1318/A131809/13208389/
707,カフェ,ハドル,"営業時間
19:00～24:00
定休日
毎週月曜日",東京都世田谷区下馬2-9-9,https://tabelog.com/tokyo/A1317/A131706/13142667/
708,カフェ,みつる堂,"営業時間
11:30～21:00(L.O.20:00)
定休日
月曜日",東京都世田谷区上馬1-31-14 コーポユリノ 1F,https://tabelog.com/tokyo/A1317/A131706/13261089/
709,カフェ,ことたりぬ,"営業時間
[月～水・金～日]15:00～23:00
日曜営業
定休日
木曜日",東京都世田谷区若林5-6-11,https://tabelog.com/tokyo/A1317/A131709/13179121/
710,カフェ,ヴィクトリアゴルフカフェ 世田谷店,"営業時間
11:00～19:00
日曜営業
定休日
月曜日",東京都世田谷区八幡山3-39-5 ヴィクトリアゴルフ世田谷店 2F,https://tabelog.com/tokyo/A1318/A131809/13097175/
711,カフェ,ライフ スパイス ショップ,,東京都世田谷区池尻4-38-10 NEW DREAM 1F,https://tabelog.com/tokyo/A1318/A131801/13253462/
712,カフェ,Puppy's Cafe,"営業時間
11:00～18:00
日曜営業
定休日
月曜日、火曜日、水曜日",東京都世田谷区代田3-15-11,https://tabelog.com/tokyo/A1318/A131812/13285729/
713,カフェ,地理系ブックカフェ 空想地図,"営業時間
[火〜土]12:00〜21:00[日・祝日]11:00~20:00
日曜営業
定休日
月曜日（祝日の場合翌火曜日）月1回月火連休あり（不定期）",東京都世田谷区駒沢2-5-14,https://tabelog.com/tokyo/A1317/A131707/13277333/
714,カフェ,皆川珈琲,"営業時間
12:00～18:00
日曜営業
定休日
水曜日",東京都世田谷区祖師谷2-4-9 けやきロード祖師谷 1F,https://tabelog.com/tokyo/A1318/A131814/13266467/
715,カフェ,ソラメシヤ,,東京都世田谷区三宿1-3-23 クラールハイト三宿1 5F,https://tabelog.com/tokyo/A1317/A131705/13220449/
716,カフェ,スタジオ ナッツ,,東京都世田谷区粕谷4-19-15 協和マンション 1F,https://tabelog.com/tokyo/A1318/A131809/13275446/
717,カフェ,本屋B&B,,東京都世田谷区北沢2-5-2 ビッグベン B1F,https://tabelog.com/tokyo/A1318/A131802/13218052/
718,カフェ,プチ・カフェ,,東京都世田谷区世田谷4-20-10 １Ｆ,https://tabelog.com/tokyo/A1317/A131709/13013117/
719,カフェ,PEGO,"営業時間
12:00～17:00
定休日
月曜日、木曜日、金曜日、土曜日、日曜日",東京都世田谷区桜1-28-14,https://tabelog.com/tokyo/A1317/A131709/13207477/
720,カフェ,アティック ファニチャー,"営業時間
13:30～18:30
日曜営業
定休日
不定休",東京都世田谷区若林2-38-11 若林ビル 101,https://tabelog.com/tokyo/A1317/A131709/13182167/
721,カフェ,STAND3201,"営業時間
8:30〜17:30
定休日
土曜日、日曜日、祝日",東京都世田谷区下馬 3-20-1,https://tabelog.com/tokyo/A1317/A131706/13291553/
722,カフェ,バー デ カフェ サカス 下北沢駅南口店,,東京都世田谷区北沢2-12-10 サウスサイドⅡ1F,https://tabelog.com/tokyo/A1318/A131802/13194781/
723,カフェ,ネリネ コーヒー,"営業時間
10:00～19:00
日曜営業
定休日
不定休",東京都世田谷区代田2-20-5 ハニハラビル 1F,https://tabelog.com/tokyo/A1318/A131812/13242574/
724,カフェ,きものと茶房 藤円,"営業時間
10：00～20：00
日曜営業
定休日
火曜日",東京都世田谷区深沢3-4-1,https://tabelog.com/tokyo/A1317/A131715/13123730/
725,カフェ,プラティマカムチャー,,東京都世田谷区宮坂3-12-4 ドム経堂 202,https://tabelog.com/tokyo/A1318/A131813/13237617/
726,カフェ,ALL DAY CAFE,,東京都世田谷区若林4-8-3 ハイム勢 1F,https://tabelog.com/tokyo/A1317/A131709/13266859/
727,カフェ,nuk coffee,,東京都世田谷区北沢1-44-16 福寿荘 1F,https://tabelog.com/tokyo/A1318/A131801/13282003/
728,カフェ,珈琲場 GATHE,,東京都世田谷区北沢2-33-6 奥田ビル 1F,https://tabelog.com/tokyo/A1318/A131802/13282541/
729,カフェ,AQUA cafe,"営業時間
[火~日]11:30〜15:00 (LO 14:30)17:00〜20:00 (LO 19:30)
日曜営業
定休日
月曜日・第２火曜日",東京都世田谷区瀬田4-15-1,https://tabelog.com/tokyo/A1317/A131708/13198202/
730,カフェ,三宿 OSAKA,,東京都世田谷区池尻3-22-3 １F,https://tabelog.com/tokyo/A1317/A131705/13095613/
731,カフェ,ジェリー ジェリー カフェ 下北沢店,,東京都世田谷区北沢2-11-3,https://tabelog.com/tokyo/A1318/A131802/13221226/
732,カフェ,ミハト珈琲,"営業時間
[月～土]11:00～19:00（L.O.18:30)
定休日
日曜日",東京都世田谷区経堂2-5-14,https://tabelog.com/tokyo/A1318/A131813/13283009/
733,カフェ,ファンファンファン,,東京都世田谷区三軒茶屋1-33-16 ニューヴィラ三軒茶屋 2F,https://tabelog.com/tokyo/A1317/A131706/13236874/
734,カフェ,喫茶 晴龍,,東京都世田谷区上野毛1-17-6,https://tabelog.com/tokyo/A1317/A131715/13289862/
735,カフェ,スタンドバイサンデー,"営業時間
12:00～15:00 18:00～
定休日
木曜日",東京都世田谷区池尻4-38-10 1F,https://tabelog.com/tokyo/A1318/A131801/13285085/
736,カフェ,カマクラ カフェ,"営業時間
10:00～21:00
日曜営業
定休日
水曜日",東京都世田谷区代沢2-44-15,https://tabelog.com/tokyo/A1318/A131801/13118923/
737,カフェ,APCO,,東京都世田谷区北烏山8-1-21,https://tabelog.com/tokyo/A1318/A131809/13237115/
738,カフェ,ラグタイム,"営業時間
［月～金]15:00～翌2:00[土・日]ランチ営業11:00～15:00(L.O14:30)15:00～翌2:00※只今、コロナウイルス感染拡大防止の為、20:00閉店
日曜営業
定休日
無休",東京都世田谷区南烏山5-17-13,https://tabelog.com/tokyo/A1318/A131809/13046751/
739,カフェ,ろくもんせん,,東京都世田谷区世田谷4-6-1,https://tabelog.com/tokyo/A1317/A131709/13089013/
740,カフェ,くなう 世田谷代田店,"定休日
月曜～木曜・日曜",東京都世田谷区代田1-33-15 ナワシロスタンド,https://tabelog.com/tokyo/A1318/A131812/13274303/
741,カフェ,エムエデギャラリー カフェ,"営業時間
[月・木・金・土・日・祝]13:00～18:00(料理L.O.17:30)
定休日
火曜日、水曜日",東京都世田谷区三軒茶屋1-13-20,https://tabelog.com/tokyo/A1317/A131706/13239941/
742,カフェ,Re:CENO TOKYO,"営業時間
11:00～20:00
日曜営業
定休日
水曜日(祝日の際は営業、翌木曜日休み)",東京都世田谷区玉川3-9-3 STREAM TAMAGAWA 2F,https://tabelog.com/tokyo/A1317/A131708/13185365/
743,カフェ,カフェ エクレルシ,,東京都世田谷区砧8-8-26 大黒ビル 2F,https://tabelog.com/tokyo/A1318/A131814/13191892/
744,カフェ,ジョルジュ,"営業時間
11:30～20:00
日曜営業
定休日
月曜日・第3木曜日",東京都世田谷区祖師谷3-36-29 佐藤ビル 2F,https://tabelog.com/tokyo/A1318/A131814/13144698/
745,カフェ,焙煎急行 経堂駅,,東京都世田谷区経堂1-11-5,https://tabelog.com/tokyo/A1318/A131813/13140876/
746,カフェ,カルマン コーヒー,"営業時間
［月・木・金］11:00～18:00［土・日・祝］10:00～18:00
日曜営業
定休日
火曜日、水曜日",東京都世田谷区上馬2-22-2 セントヒルズ三軒茶屋 1F,https://tabelog.com/tokyo/A1317/A131706/13235975/
747,カフェ,cafe＆barオレンジ,,東京都世田谷区北沢2-11-4 佐藤ビル B1F,https://tabelog.com/tokyo/A1318/A131802/13194275/
748,カフェ,旅とコーヒー アンド ロースター アン スー,"営業時間
8:00～23:00
定休日
不定休",東京都世田谷区宇奈根3-4-7,https://tabelog.com/tokyo/A1318/A131814/13226052/
749,カフェ,KISSA 092,"営業時間
10:00～21:00",東京都世田谷区代田6-12-31 HOUSING下北沢ビル 1F,https://tabelog.com/tokyo/A1318/A131802/13286521/
750,カフェ,TAKE TOKYO,,東京都世田谷区宮坂1-2-20 弥生コーポ,https://tabelog.com/tokyo/A1318/A131813/13263928/
751,カフェ,カフェバル ロンロン,"営業時間
12:00～22:00（L.O.21:00）※20時以降はBarタイムとなり、軽食＆ドリンクのみのご提供となります
日曜営業
定休日
毎週月曜、火曜",東京都世田谷区南烏山5-11-8 杉田ビル 2F-B,https://tabelog.com/tokyo/A1318/A131809/13259939/
752,カフェ,スイッチ,"営業時間
CAFE 12 : 00 ～ 24 : 00     Sun,Holiday ～23 : 00 CLOSE Monday, 1st Tuesday and 3rd Tuesday  
定休日
月曜日と第１第３火曜日",東京都世田谷区太子堂1-4-35 ニシムラアートプラザビル　３Ｆ,https://tabelog.com/tokyo/A1317/A131705/13042837/
753,カフェ,カフェテリア憩,,東京都世田谷区千歳台3-20-2 セントラルウェルネスタウン 2F,https://tabelog.com/tokyo/A1318/A131813/13201349/
754,カフェ,ドアーズ・カフェ・プラス,"営業時間
［ランチ］11:30～16:00(L.O.15:00)［ディナー］17:30～24:00(L.O.23:00)
日曜営業
定休日
水曜日",東京都世田谷区祖師谷3-36-30 和幸ビル 2F,https://tabelog.com/tokyo/A1318/A131814/13204826/
755,カフェ,マジックレストランーネバーエンディングランド,"営業時間
【カフェ・タイム】月・火・金・土(12:00〜15:00)【レストラン】完全予約制　お電話にてご予約ください(火曜・木曜以外)【バー】完全予約制　お電話にてご予約ください(火曜・木曜以外)詳しくは公式HPをご覧ください。
日曜営業
定休日
なし",東京都世田谷区大原1-56-4 ファミール松澤 B1F,https://tabelog.com/tokyo/A1318/A131808/13189998/
756,カフェ,桜音,"営業時間
[水・木・土・日]12:00～18:30
日曜営業
定休日
月曜日、火曜日、金曜日",東京都世田谷区大蔵6-8-20,https://tabelog.com/tokyo/A1318/A131814/13279214/
757,カフェ,ギャラリー サボー,"営業時間
１１：００～１８：００
日曜営業
定休日
木曜日・祝日",東京都世田谷区南烏山6-7-15,https://tabelog.com/tokyo/A1318/A131809/13108174/
758,カフェ,気流舎,"営業時間
平日　　18:00～23:00土日祝　14:00～23:00
日曜営業
定休日
不定休（日々の詳細はtwitterにて）",東京都世田谷区代沢5-29-17 飯田ハイツ　１Ｆ,https://tabelog.com/tokyo/A1318/A131802/13053739/
759,カフェ,Photo Studio & Cafe TUNE,"営業時間
9:00～14:00 / 17:00～24:00※緊急事態宣言に伴い、2021/9/12まで休業いたします。
定休日
無し",東京都世田谷区瀬田2-27-6 瀬田サンリツビル 2F,https://tabelog.com/tokyo/A1317/A131707/13257528/
760,カフェ,CLASSICS,"営業時間
[火〜日］18:00〜24:00[土・日・祝］ランチ営業12:00〜14:30(L.O)  
日曜営業
定休日
月曜日",東京都世田谷区経堂1-18-6 102,https://tabelog.com/tokyo/A1318/A131813/13274194/
761,カフェ,デイタイムカフェ ラプソディー,"営業時間

日曜営業
定休日
不定休",東京都世田谷区北沢2-1-7 ハウジング北沢ビルII 5F,https://tabelog.com/tokyo/A1318/A131802/13195566/
762,カフェ,コーヒー オリツル,,東京都世田谷区代田1-33-15,https://tabelog.com/tokyo/A1318/A131812/13275194/
763,カフェ,FIVE EIGHT KAFE AO,,東京都世田谷区玉川2-24-24,https://tabelog.com/tokyo/A1317/A131708/13263180/
764,カフェ,てらすチトカラ,"営業時間
［火～日］11:30～17:30(L.O.17:00)
日曜営業
定休日
月曜日",東京都世田谷区南烏山6-10-9 コーシャハイム千歳烏山9号棟 1F,https://tabelog.com/tokyo/A1318/A131809/13173499/
765,カフェ,F*GICCO by F.gohan,"営業時間
【水、木】カフェ、ランチ12:00～18:00【金、土】18:30〜22:00ライブ、イベント開催で変更あり【日】カフェ、ランチ12:00～18:00
日曜営業
定休日
月曜日/火曜日",東京都世田谷区成城2-12-11 石井ビル 1F,https://tabelog.com/tokyo/A1318/A131814/13149948/
766,カフェ,トワイライライト,"営業時間
12:00～21:00
日曜営業
定休日
火曜日、第1・3水曜日",東京都世田谷区太子堂4-28-10 鈴木ビル 3F,https://tabelog.com/tokyo/A1317/A131706/13286015/
767,カフェ,カフェバーミエル,,東京都世田谷区池尻2-37-15 桃仙ビル 1F,https://tabelog.com/tokyo/A1317/A131705/13223885/
768,カフェ,珈琲と酒とすずき,,東京都世田谷区三軒茶屋2-11-24 サンタワーズA 2F,https://tabelog.com/tokyo/A1317/A131706/13241798/
769,カフェ,世田谷ガーデン倶楽部,,東京都世田谷区用賀1-26-16,https://tabelog.com/tokyo/A1317/A131708/13256209/
770,カフェ,さくらかふぇ,"営業時間
11:00～16:00
日曜営業
定休日
第1・3月曜日",東京都世田谷区成城6-2-1 砧総合支所内,https://tabelog.com/tokyo/A1318/A131814/13254986/
771,カフェ,ローズマリーとカルダモン,,東京都世田谷区下馬4-27-13,https://tabelog.com/tokyo/A1317/A131706/13231128/
772,カフェ,TAKE TOKYO,,東京都世田谷区宮坂1-2-20 弥生コーポ,https://tabelog.com/tokyo/A1318/A131813/13263927/
773,カフェ,カフェかみきた,"営業時間
09:30～17:30
日曜営業",東京都世田谷区上北沢3-8-9,https://tabelog.com/tokyo/A1318/A131809/13087575/
774,カフェ,カフェ ローファー 千歳烏山店,"営業時間
11:00～18:00
定休日
日曜日 祝日 水曜日",東京都世田谷区南烏山6-29-2 ディライトビルディング 2F,https://tabelog.com/tokyo/A1318/A131809/13253118/
775,カフェ,珈琲壹門,"営業時間
11:30～20:00
日曜営業
定休日
火曜日、第1・第3水曜日",東京都世田谷区松原4-11-10 整美楽マンション 1F,https://tabelog.com/tokyo/A1318/A131809/13134213/
776,カフェ,D's coffee,"営業時間

日曜営業",東京都世田谷区経堂1-41-21,https://tabelog.com/tokyo/A1318/A131813/13263084/
777,カフェ,シースタンド,"営業時間

日曜営業
定休日
不定休",東京都世田谷区太子堂4-6-6,https://tabelog.com/tokyo/A1317/A131706/13274392/
778,カフェ,シモキタ園藝部 ちゃや,"営業時間
[水～金]12:00～17:00[土]12:00～18:00[日]11:00～17:00
日曜営業
定休日
月曜日、火曜日",東京都世田谷区北沢2-21-12,https://tabelog.com/tokyo/A1318/A131802/13280045/
779,カフェ,豆善,"営業時間
11:00～14:0015:00～19:00
日曜営業
定休日
月曜日",東京都世田谷区駒沢2-2-1 フェリーチェ駒沢 1F,https://tabelog.com/tokyo/A1317/A131707/13292087/
780,カフェ,マットカフェ,"営業時間
8:00～21:00
日曜営業
定休日
不定休",東京都世田谷区尾山台3-34-7 2F,https://tabelog.com/tokyo/A1317/A131715/13265179/
781,カフェ,tonlist,"営業時間
12:00～21:00
日曜営業
定休日
月曜日、火曜日",東京都世田谷区北沢1-45-15,https://tabelog.com/tokyo/A1318/A131802/13278874/
782,カフェ,アールビーエル Cafe,"営業時間
13:00～20:00
日曜営業
定休日
月曜日、火曜日、水曜日、木曜日、金曜日",東京都世田谷区代沢5-32-12,https://tabelog.com/tokyo/A1318/A131802/13213564/
783,カフェ,ミュージックバー アイル,"営業時間
2021/10/27〜※無期限でランチ営業を停止しております。夜営業のみになります。宜しくお願いいたします。19:00～26:00
日曜営業
定休日
月曜日",東京都世田谷区池尻2-31-23 B1F,https://tabelog.com/tokyo/A1317/A131705/13239753/
784,カフェ,ブルーバードカフェ,"営業時間
[月・水]10:30～11:45(L.O.11:30)[火・木]10:45～13:45(L.O.13:30)
定休日
金・土・日・祝
学校の休校日に準ずる",東京都世田谷区池尻1-1-4 東京都立青鳥特別支援学校内,https://tabelog.com/tokyo/A1317/A131705/13128390/
785,カフェ,GINZAN COFFEE,,東京都世田谷区池尻2-15,https://tabelog.com/tokyo/A1317/A131705/13264316/
786,カフェ,喫茶 透明薔薇,"営業時間
12:00～20:00
日曜営業",東京都世田谷区北沢2-14-5 イスズビル 2F,https://tabelog.com/tokyo/A1318/A131802/13287530/
787,カフェ,喫茶 是々,"営業時間
［金・土］12:00〜18:00
定休日
日、月、火、水、木",東京都世田谷区上馬2-24-11,https://tabelog.com/tokyo/A1317/A131706/13240824/
788,カフェ,Shiki 地水火風空,"営業時間
平日　　12:00～16:00土日祝　12:00～17:00　※月ごとに営業時間が変わります。
日曜営業
定休日
不定休",東京都世田谷区瀬田2-12-15,https://tabelog.com/tokyo/A1317/A131708/13281432/
789,カフェ,L'Atelier Wakabayashi,"営業時間

日曜営業
定休日
第1月曜日、火曜日",東京都世田谷区若林5-14-6 若林ゆうビルディング 1F,https://tabelog.com/tokyo/A1317/A131709/13291333/
790,カフェ,便箋喫茶,"営業時間
[月・火・水・金・土]10:00～18:00[日・祝]10:00～20:00
日曜営業
定休日
木曜日",東京都世田谷区経堂1-5-6 パルファム経堂,https://tabelog.com/tokyo/A1318/A131813/13269967/
791,カフェ,Brixe Cafe & Bar,"営業時間
[火～土]11:00～22:00［日］11:00～19:00
日曜営業
定休日
月曜日",東京都世田谷区尾山台3-9-10 1F,https://tabelog.com/tokyo/A1317/A131715/13270321/
792,カフェ,キャラバンコーヒー 紀ノ国屋等々力店,"営業時間
9:30 - 20:00
定休日
紀ノ国屋等々力店に準ずる",東京都世田谷区等々力7-18-1,https://tabelog.com/tokyo/A1317/A131715/13102060/
793,カフェ,キーコーヒー 二子玉川東急フードショー店,"営業時間
10:00～21:00
定休日
不定休(東急百貨店に準ずる)",東京都世田谷区玉川2-21-2 二子玉川東急フードショー B1F,https://tabelog.com/tokyo/A1317/A131708/13164446/
794,カフェ,3313アナログ天国,"営業時間
［水～土］17:00～22:30",東京都世田谷区代田5-34-19 4F,https://tabelog.com/tokyo/A1318/A131802/13279169/
795,カフェ,カフェ モッカ,,東京都世田谷区桜丘5-18-12,https://tabelog.com/tokyo/A1318/A131813/13229170/
796,カフェ,SALT COFFEE,"営業時間
10:00～19:00
日曜営業",東京都世田谷区尾山台3-34-5 1F,https://tabelog.com/tokyo/A1317/A131715/13262562/
797,カフェ,Shop234,"営業時間
13:00～18:00
日曜営業
定休日
火曜日、水曜日",東京都世田谷区上馬4-31-4,https://tabelog.com/tokyo/A1317/A131707/13040115/
