,genre,store_name,business_hours,address,url
0,カフェ,Tsunami Ebisu TOKYO,"営業時間
ランチ：11:00-16:00ディナー：16:00‐23：00（L.O.22：30）
日曜営業
定休日
年末年始",東京都渋谷区恵比寿1-22-3 シルバープラザ恵比寿 1Ｆ,https://tabelog.com/tokyo/A1303/A130302/13004484/
1,カフェ,vegewest Cafe & WineBar,"営業時間
cafe:11:00~17:30Bar:17:30~23:30(LO)24:00(CLOSE)※カフェとワインバーでは　メニューが異なりますのでご了承くださいませ。
日曜営業
定休日
Cafe:年末年始、不定休　WineBar:不定休",東京都渋谷区代官山町13-4 セレサ代官山 1F,https://tabelog.com/tokyo/A1303/A130303/13263265/
2,カフェ,リゾットカフェ東京基地 離 スペイン坂店,"営業時間
11:30~22:00ランチ11:30~15:30ディナー17:00~22:00
日曜営業
定休日
不定休:9月より月曜お休み。祝日の場合は営業。 (お問い合せください)",東京都渋谷区宇田川町16-14 松下ビル 2F,https://tabelog.com/tokyo/A1303/A130301/13186791/
3,カフェ,"宇田川カフェ""Suite""","営業時間
☆平日《ランチ》　12:00～17:00《ディナー》17:00～23:30☆土日祝 《ランチ》　12:00～15:00 《カフェ》　15:00～17:00《ディナー》 17:00～23:30★パーティーできます！詳細は備考欄をご覧ください。
日曜営業
定休日
年中無休（元旦のみお休み）",東京都渋谷区宇田川町36-12,https://tabelog.com/tokyo/A1303/A130301/13001784/
4,カフェ,BafunYasai TCC CAFE,"営業時間
【水・木】 11:30～17:00（LO 16:30）【金・土・日】 11:30～21:00（LO 20:30）
日曜営業
定休日
月曜日・火曜日",東京都渋谷区神宮前5-12-8 神宮前HAMAYAビル 2F,https://tabelog.com/tokyo/A1306/A130601/13284573/
5,カフェ,京都宇治 藤井茗縁,"営業時間
【平日、土日・祝日】11:00～22：00　（L.O　21：00）
日曜営業
定休日
施設に準ずる",東京都渋谷区道玄坂1-2-3 渋谷フクラス 6F,https://tabelog.com/tokyo/A1303/A130301/13241439/
6,カフェ,おこめどき,"営業時間
[全日]11:30～19:00(18:30LO)ただいま営業時間を短縮しております。
日曜営業
定休日
月曜日、年末年始およびお盆",東京都渋谷区神宮前5-29-10 クリプトメリア神宮前ビル 1F,https://tabelog.com/tokyo/A1303/A130301/13233145/
7,カフェ,代々木parabola,"営業時間
【Lunch 】 11:30〜16:00 （LO.15:30)  【Dinner】 18:00〜22:30   (LO.21:30)　　　　　　　　　　　※最終入店21:00※変更等はインスタグラムでお知らせしております。
定休日
日曜日+不定休(12/29〜1/8)",東京都渋谷区代々木1-14-5 1F,https://tabelog.com/tokyo/A1304/A130403/13161138/
8,カフェ,アナログ カフェ ラウンジ トーキョー,"営業時間
「Lunch」12:00-17:00 (L.O.16:00)「Dinner」17:00-23:00「TEA TIME」12:00-23:00
日曜営業
定休日
年末年始",東京都渋谷区恵比寿南1-8-3 東亜恵比寿ビル 4F,https://tabelog.com/tokyo/A1303/A130302/13049943/
9,カフェ,UEHARA KITCHEN,"営業時間
(月)休み(火)休み(水)10:00-22:30(木)10:00-22:30(金)10:00-22:30(土)9:00-22:30(日)9:00-22:30[Breakfast] 平日10:00-　　　　　　土日祝日9:00-[Lunch] 11:00-15:00[Cafe]15:00-17:00[Dinne]18:00-22:30(L.O21:30)
日曜営業
定休日
定休日　月曜,水曜",東京都渋谷区上原3-1-17 ﻿,https://tabelog.com/tokyo/A1318/A131811/13252067/
10,カフェ,アティックルーム,"営業時間
12:00-23:00（ランチLO16:00、フードLO22:00、ドリンクLO22:30）※TEA TIMEは一日通してやっております。
日曜営業
定休日
なし",東京都渋谷区宇田川町31-3 第3田中ビル 7F,https://tabelog.com/tokyo/A1303/A130301/13025961/
11,カフェ,アレヴェリー テラス エビス,"営業時間
［全日］　11:30 〜 23:00［ラストオーダー］・Food  22:00・Drink  22:30
日曜営業
定休日
12/31〜1/3",東京都渋谷区広尾1-1-39 プライムスクウェアタワー 1F,https://tabelog.com/tokyo/A1303/A130302/13243553/
12,カフェ,or MIYASHITA PARK,"営業時間
【CAFE】11:00〜17:00 (CAFE FOOD L.O 16:00)【MUSIC BAR】17:00〜29:00 (BAR FOOD L.O 22:00)
日曜営業
定休日
不定休(施設施設休館日に伴う)",東京都渋谷区神宮前6-20-10 MIYASHITAPARK North 1～3F,https://tabelog.com/tokyo/A1303/A130301/13248239/
13,カフェ,トウキョウ サロナード カフェ ダブ,"営業時間
12:00～23:30L.O 22:30
日曜営業
定休日
無休",東京都渋谷区道玄坂1-11-4 富士商事ビル 2F,https://tabelog.com/tokyo/A1303/A130301/13007273/
14,カフェ,CAFE GITANE,"営業時間
（Weekday）【Lunch】 11：30～16:00(L.O15:30)【Dinner】17:00～23:00(FOOD L.O22:00・DRINK L.O 22:30)（Weekend・ Pre-Holiday）【Lunch】 11：00～16:00(L.O15:30)【Dinner】16:00～23:00(FOOD L.O22:00・DRINK L.O 22:30)
日曜営業
定休日
不定休",東京都渋谷区恵比寿南1-16-11 ABC WACOビル1F,https://tabelog.com/tokyo/A1303/A130302/13211248/
15,カフェ,アイボリッシュ 渋谷店,"営業時間
全日11：00〜20：00(L.O19：00)        
日曜営業
定休日
第１、第３火曜日（祝・祭日の場合は営業し、翌水曜日に代休）※8月は休まず営業致します！！！",東京都渋谷区宇田川町3-3 B1F,https://tabelog.com/tokyo/A1303/A130301/13167469/
16,カフェ,ESPRESSO D WORKS,"営業時間
 [月〜日]11:00〜23:00（L.O.22:00）［ランチタイム]月〜金11:00〜14:00
日曜営業
定休日
不定休",東京都渋谷区恵比寿1-22-19 プライムメゾン 1Ｆ,https://tabelog.com/tokyo/A1303/A130302/13173146/
17,カフェ,HATONOMORI,"営業時間
ランチ11:30～15:00(L.O:Food14:00,Drink14:30)ディナー17:30〜23:00(L.O:Food22:00,Drink22:30)
日曜営業
定休日
年末年始など　※貸切営業も承ります。マイク、プロジェクターの貸し出し可。バースデープレート等もお気軽にお問い合わせください。",東京都渋谷区千駄ヶ谷1-5-1,https://tabelog.com/tokyo/A1309/A130901/13186302/
18,カフェ,トーチ カフェ,"営業時間
[月～金]12:00～23:00［土・日・祝日］12:00〜23:00
日曜営業
定休日
無休",東京都渋谷区恵比寿南2-1-12 サトウビル 2F,https://tabelog.com/tokyo/A1303/A130302/13018842/
19,カフェ,和カフェyusoshi 渋谷,"営業時間
日～木　11:00～21:00(20:00L.O.）金・土　11:00～22:00(21:00L.O.）営業状況によってラストオーダーの時間が前後する場合がございますのでご了承下さい。12月22日～25日は22時30分閉店とさせて頂きます。
日曜営業
定休日
年末年始",東京都渋谷区宇田川町3-1 渋谷東武ホテル B1F,https://tabelog.com/tokyo/A1303/A130301/13259643/
20,カフェ,パイル カフェ エビス,"営業時間
終日12:00〜23:30
日曜営業
定休日
無休",東京都渋谷区恵比寿西1-8-2 恵比寿ウエストパレスビル 2F,https://tabelog.com/tokyo/A1303/A130302/13025648/
21,カフェ,イルキャンティ・カフェ,"営業時間
[月～金]ランチ11:30〜14:30(L.O.14:00)カフェタイム14:30~17:00　※ドリンク及びドルチェのみのご提供ディナー17:00～22:00(L.O.21:00)[土・日・祝] ランチ　11:30~15:30(L.O.15:30)カフェタイム　15:30～17:00ディナータイム　17:00～22:00(L.O.21:00)お食事終日グランドメニューでのご案内。
日曜営業
定休日
月曜日 ※祝日の場合は営業し、翌水曜振替休日",東京都渋谷区笹塚1-50-1 笹塚NAビル別館 1F,https://tabelog.com/tokyo/A1318/A131808/13014200/
22,カフェ,ロクシタン カフェ 渋谷店,"営業時間
10：00-23：00（LO22：00）
日曜営業
定休日
不定休",東京都渋谷区道玄坂2-3-1 渋谷駅前ビル 2-3F,https://tabelog.com/tokyo/A1303/A130301/13225574/
23,カフェ,347CAFE＆LOUNGE,"営業時間
[LUNCH・TEA TIME]11:30～16:00[DINNER TIME]16:00～23:00（L.O.22:00）
日曜営業
定休日
元日",東京都渋谷区渋谷1-23-16 ｃｏｃｏｔｉビル ３Ｆ,https://tabelog.com/tokyo/A1303/A130301/13018960/
24,カフェ,cafe STUDIO,"営業時間
11:30～21:00 (ラストオーダー20:00)※11/22, 24, 29及び12/1, 8, 12, 14, 15, 16, 18, 20, 21, 22, 27, 28は貸切のため、16時前後に閉店させていただきます。ご迷惑をおかけして申し訳ございませんが、予めご了承くださいませ。
定休日
無休",東京都渋谷区神宮前4-31-10 ＹＭスクエア原宿１階,https://tabelog.com/tokyo/A1306/A130601/13045879/
25,カフェ,SUZU CAFE 神南,"営業時間
12：00～23：00（22：00L.O）
日曜営業
定休日
無休　年末年始（12/31～1/1）",東京都渋谷区神南1-20-4 VORT渋谷briller 3F,https://tabelog.com/tokyo/A1303/A130301/13018959/
26,カフェ,ラウンジ サウスコート,"営業時間
【8月からの営業時間】月～木曜日 12：00～20：00（ラストオーダー 19：00）金曜日 　　12：00～21：00（ラストオーダー 20：00）土曜日 　　10：00～20：00（ラストオーダー 19：00）日・祝日 　10：00～19：00（ラストオーダー 18：00）*月～金曜・祝前日の10：00～12：00は、同フロア、サザンタワーダイニングにてコーヒーや紅茶をご用意します。
日曜営業
定休日
無休",東京都渋谷区代々木2-2-1 小田急ホテルセンチュリーサザンタワー 20F,https://tabelog.com/tokyo/A1304/A130401/13017362/
27,カフェ,IVY PLACE,"営業時間
ブレックファスト全日　　8:00-11:30 (10:45 LO)ランチ全日　　11:30-16:00 (15:00 LO)ランチ〜ディナーの間はデザートとお飲み物のみのカフェメニューにて営業いたします※パンケーキのみ 17:00 LOディナー　平日　　18:00-23:00 (22:00 LO)土日祝　17:30-23:00 (22:00 LO)
日曜営業
定休日
年中無休",東京都渋谷区猿楽町16-15 DAIKANYAMA T-SITE GARDEN,https://tabelog.com/tokyo/A1303/A130303/13134309/
28,カフェ,マーサー カフェ ダンロ,"営業時間
【土日・祝日】　LUNCH 11:00~17:00(L.O16:00)【全日】　DINNER  17:00~23:00(L.O22:00)※月～金曜日はディナーのみの営業となります。
日曜営業
定休日
なし",東京都渋谷区恵比寿南1-16-12 ABCMAMIES 2F,https://tabelog.com/tokyo/A1303/A130302/13117738/
29,カフェ,プティデリリウム タップ カフェ 新宿サザンテラス店,"営業時間
[終日]11:00～23:00ランチ　11:30～14:00カフェ　14:00～17:00ディナー17:00～23:00（フードL.O22:00,ドリンクL.O22:30）
日曜営業
定休日
１月1日　ビルに準ずる",東京都渋谷区代々木2-2-1 新宿サザンテラス内 (新宿サザンテラス),https://tabelog.com/tokyo/A1304/A130403/13109638/
30,カフェ,Spice＆Cafe FamFam,"営業時間
【（月〜日）】11:00～22:00 (Food L.O 21:00　Drink L.O 21:30)
日曜営業
定休日
なし",東京都渋谷区代官山町9-10 SodaCCo 2F,https://tabelog.com/tokyo/A1303/A130303/13232383/
31,カフェ,REISM STAND,"営業時間
《平日.土.祝前日》11:00〜22:00《日.祝日》11:00〜17:00※月曜が祝日の場合も日曜は短縮の営業時間となります。※テイクアウトドリンク 9:30〜※フード ラストオーダー 21:00※アルコール/ソフトドリンクラストオーダー 21:30
日曜営業
定休日
不定休",東京都渋谷区鶯谷町6-6 グリーンハイツ鶯谷,https://tabelog.com/tokyo/A1303/A130301/13212993/
32,カフェ,BLOODY ANGLE Dougen Tong,"営業時間
[lunch/dinner time]11:00～20:00[bar time]20:00～翌3:00［金・土・祝前日］11:00〜翌7:00
日曜営業
定休日
年末年始",東京都渋谷区道玄坂2-15-1 ノア道玄坂 B1F,https://tabelog.com/tokyo/A1303/A130301/13245196/
33,カフェ,ハガレ 渋谷店,"営業時間
11:00～23:00
日曜営業
定休日
無休（年末年始休業）",東京都渋谷区渋谷1-12-8 ILA美竹ビル 1F,https://tabelog.com/tokyo/A1303/A130301/13209378/
34,カフェ,カフェアンドバーアール,"営業時間
[月~金]11:30～24:00(L.O23:00)ランチ11：30～16：00ディナー16:00〜24:00[土]16:00~24:00 [日曜日定休日]
日曜営業
定休日
不定休 年末年始",東京都渋谷区渋谷3-10-19,https://tabelog.com/tokyo/A1303/A130301/13131541/
35,カフェ,渋谷 カフェ&テラス BBQ Noan,"営業時間
[月～土、祝前日]12:00~23:30(フードL.O. 22:00 / ドリンクL.O. 23:00)[日・祝日]12:00~22:00(フードL.O. 21:00 / ドリンクL.O. 21:30)
日曜営業
定休日
不定休",東京都渋谷区宇田川町37-16 1F,https://tabelog.com/tokyo/A1303/A130301/13178714/
36,カフェ,アロハテーブル 代官山,"営業時間
[月～木・日]11:00～22:00[金/土/祝前日]11:00～23:00[年末年始]12/30(土) 11:00 ～ 17:0012/31(日)・2024/1/1(月) 休業※状況により営業時間を変更する場合がございます。
日曜営業
定休日
無休",東京都渋谷区猿楽町17-10 代官山アートビレッジ 1F,https://tabelog.com/tokyo/A1303/A130303/13076599/
37,カフェ,cafe&dining nurikabe,"営業時間
●12:00-23:00（カフェタイム）OPEN～CLOSE（ランチタイム）12：00～14：30（ディナータイム）17：00～23：00
日曜営業
定休日
第一月曜日",東京都渋谷区恵比寿南3-1-2 サウスビル 4F,https://tabelog.com/tokyo/A1303/A130302/13167701/
38,カフェ,ANDELT CAFE,"営業時間
8:30-22:30 (L.O.food 21:30 drink 22:00)
日曜営業
定休日
不定休",東京都渋谷区道玄坂2-25-12 道玄坂通 2F,https://tabelog.com/tokyo/A1303/A130301/13289161/
39,カフェ,huwadolo,"営業時間
朝食6:30～10:30 (Lo.10:00)ランチ11:30～15:00(Lo.14:00)ディナー貸切営業のみです。最大80名様までご利用可能です。詳細はお電話にてご連絡ください。
日曜営業
定休日
なし",東京都渋谷区渋谷3-29-17 JR東日本ホテルメッツ渋谷 3F,https://tabelog.com/tokyo/A1303/A130301/13262653/
40,カフェ,nurikabe cafe SSS,"営業時間
カフェ   12:00～23:00ランチ   12:00～15:00ディナー17:00～23:00
日曜営業
定休日
月曜 (12月は営業します。)",東京都渋谷区渋谷3-10-14 長崎堂ビル B1F,https://tabelog.com/tokyo/A1303/A130301/13288139/
41,カフェ,HARNEY&SONS OMOTESANDO,"営業時間
・1階ブティック　11:00～19:00・2階サロン　　　11:00～18:00(L.O. 17:15)→お席のご利用時間　90分制→ワンドリンクオーダー制→ご予約限定でアフタヌーンティーもお楽しみいただけます
日曜営業
定休日
不定休",東京都渋谷区神宮前4-2-14,https://tabelog.com/tokyo/A1306/A130602/13265989/
42,カフェ,Cosme Kitchen Adaptation 渋谷ヒカリエ店,"営業時間
11:00～22:00 
日曜営業
定休日
不定休/ヒカリエに準ずる",東京都渋谷区渋谷2-21-1 渋谷ヒカリエ 7F,https://tabelog.com/tokyo/A1303/A130301/13280595/
43,カフェ,ラ メンサ ジャスミン,"営業時間
【月、火、木、金、土、日、祝】11:30〜16:30（L.O.16:00)【水曜日】定休日
日曜営業
定休日
水曜日",東京都渋谷区広尾4-2-24 聖心グローバルプラザ 1F,https://tabelog.com/tokyo/A1307/A130703/13233176/
44,カフェ,ARGOS,"営業時間
【LUNCH CAFE】11:00～17:00【DINNER】17:00～22:00
日曜営業
定休日
無休",東京都渋谷区神宮前1-10-37 CASCADE HARAJUKU 1F,https://tabelog.com/tokyo/A1306/A130601/13284374/
45,カフェ,サロン ド テ ジャンナッツ,"営業時間
11:00～19:00(L.O.18:30) ランチ11:00～15:00(L.O.14:30)
日曜営業
定休日
火曜日（祝日の場合は翌水曜日）、年末年始12/31-1/3",東京都渋谷区神宮前5-46-10,https://tabelog.com/tokyo/A1306/A130602/13141883/
46,カフェ,宇田川カフェ 別館,"営業時間
平日 18：00～26：00金曜 18:00〜28:00土曜 12:00〜28:00日曜 12:00〜26:00(週末のみランチタイム：OPEN～18:00)
日曜営業
定休日
無休",東京都渋谷区宇田川町36-3 営和ビル　６Ｆ,https://tabelog.com/tokyo/A1303/A130301/13001810/
47,カフェ,FARO 代々木本店,"営業時間
LINE友達Instagramのお友達も募集中です。詳しくはInstagram＠farocaffeトップでご覧ください。横浜高島屋店、よこすかポートマーケット店も大好評 !!!　
日曜営業
定休日
毎週月曜日　※月祝の場合は火曜が休みとなります。",東京都渋谷区代々木1-37-4 長谷川ビル1F,https://tabelog.com/tokyo/A1304/A130403/13195163/
48,カフェ,chano-ma 代官山,"営業時間
ランチ　　11:00～17:00ディナー　17:00～20:00〈営業時間変更〉2023.12.22(金)　11:00～22:00
日曜営業
定休日
年末年始（変動いたします）",東京都渋谷区恵比寿西1-34-17 za houseビル 2F,https://tabelog.com/tokyo/A1303/A130303/13101677/
49,カフェ,ECO FARM CAFE 632,"営業時間
【月〜日、祝日】11:00~21:00　Food　Lastorder   20：00　Drink  Lastorder   20：00    Close                  21：00 【Lunch Time】　　11：00～17：00(予約不可)【Ｄinner Ｔime】　17：30～21：00
日曜営業
定休日
無休",東京都渋谷区神宮前6-32-10,https://tabelog.com/tokyo/A1306/A130601/13010652/
50,カフェ,bills 東急プラザ表参道原宿,"営業時間
8:30-22:00(L.O. FOOD 21:00 / DRINK 21:30)
日曜営業
定休日
不定休",東京都渋谷区神宮前4-30-3 東急プラザ 表参道原宿　7F,https://tabelog.com/tokyo/A1306/A130601/13139698/
51,カフェ,グロリアス チェーン カフェ 渋谷,"営業時間
11:30-22:00(L.O.21:00)
定休日
不定休",東京都渋谷区渋谷1-23-16 cocoti 1F,https://tabelog.com/tokyo/A1303/A130301/13119575/
52,カフェ,ブレッツ カフェ クレープリー 新宿タカシマヤ店,"営業時間
11:00～23:00 (L.O. 22:00)新宿タカシマヤの営業時間に準ずる
日曜営業
定休日
不定休（新宿タカシマヤに準ずる）",東京都渋谷区千駄ヶ谷5-24-2 新宿タカシマヤ 13F,https://tabelog.com/tokyo/A1304/A130401/13039529/
53,カフェ,Legato,"営業時間
◆日～木Lunch11:30～15：00（ラストオーダー14：00）Dinner17:30～24:00（ラストオーダー Food22：30／Drink 23:30）◆金・土・祝前 Lunch11:30～15：00（ラストオーダー14：00）Dinner17：30～25:00（ラストオーダー Food23：00／Drink 24:30）※貸切の影響で営業時間が変更になる可能性もございます
日曜営業
定休日
無休（年始を除く）",東京都渋谷区円山町3-6 Ｅ・スペースタワー　１５Ｆ,https://tabelog.com/tokyo/A1303/A130301/13005405/
54,カフェ,BiOcafe,"営業時間
【インボイス制度対応済み】[ランチタイム] 11:00〜16:00(LO15:30)[カフェタイム] 11:00〜17:00[ディナータイム] 17:00〜23:00（フードL.O22:00 ドリンクL.O22:30）
日曜営業
定休日
無休　／　健康志向な方の為の完全無農薬＆無化学肥料野菜を使用した「リセットコース」2800円～",東京都渋谷区宇田川町16-14 パティオビル　１Ｆ,https://tabelog.com/tokyo/A1303/A130301/13004505/
55,カフェ,NEW YORK CAFE,"営業時間
営業時間　　火曜日〜土曜日　11:30〜23:00日曜日　11:30〜22:00
定休日
月曜日",東京都渋谷区恵比寿南1-8-4 オクミヤビル 2F,https://tabelog.com/tokyo/A1303/A130302/13179594/
56,カフェ,カフェ アクイーユ 恵比寿店,"営業時間
【予約席について】・ランチ　　11：00～16：00の間のご来店・ディナー　16：00～のご来店※繁忙日はご希望にお答えできない場合もございます。詳しくは店舗までご連絡ください。【営業時間】月曜日11：00～20:00（19:00L.O）火曜日～日曜日11:00～22:00（21:00L.O）
日曜営業
定休日
年末年始",東京都渋谷区恵比寿西2-10-10 エレガンテヴィータ1F,https://tabelog.com/tokyo/A1303/A130302/13127590/
57,カフェ,GLUTEN FREE CAFE avan 渋谷本店,"営業時間
【月・火・水・木・金】8:00~21:00（ラストオーダー：20:30)【土・日】9:00~21:00（ラストオーダー：20:30)
定休日
なし",東京都渋谷区神泉町1-20 松濤ビル 1F,https://tabelog.com/tokyo/A1303/A130301/13281349/
58,カフェ,ロティ シェ・リュイ,"営業時間
《2021年8月17日より営業時間変更》平日9:00〜20:00ラストオーダー　　フード　19:00　　　　　　　　　ドリンク　19:30土、日、祝9:00〜19:00ラストオーダー　　フード　18:00　　　　　　　　　ドリンク　18:30
日曜営業
定休日
2020.10月より、毎日営業。(年末年始除く)",東京都渋谷区代官山町17-5 代官山アドレス ザ・レジデンス ウェスト 2F,https://tabelog.com/tokyo/A1303/A130303/13024511/
59,カフェ,ラルフズ コーヒー 表参道,"営業時間
[月～日]10:00~19:00
定休日
不定休（1月1日は休業とさせて頂きます。）",東京都渋谷区神宮前4-25-15,https://tabelog.com/tokyo/A1306/A130601/13227420/
60,カフェ,ESPRESSO D' WORKS yellow,"営業時間
【営業時間】　平日　11:00ｰ22:00(L.O.21:00)土日祝　11:00-22:00(L.O.21:00)12月31日〜1月3日はお休みさせて頂きます。
日曜営業
定休日
なし",東京都渋谷区宇田川町26-5 育真ビルB1F,https://tabelog.com/tokyo/A1303/A130301/13199237/
61,カフェ,宇田川カフェ,"営業時間
ランチタイム 11:00～15:00アイドルタイム 15:00～18:30ディナータイム 18:30～23:00ミッドナイトタイム 23:00～29:00(L.O.：28:00) 
日曜営業
定休日
無休",東京都渋谷区宇田川町18-4 LD&Kビル 1F 2F,https://tabelog.com/tokyo/A1303/A130301/13020211/
62,カフェ,ダブルトールカフェ 原宿店,"営業時間
[火～日]11:00～21:00(フードラスト20:00/ドリンクラス20:30)毎週月曜日は11:00〜17:00（フードラスト16:00/ドリンクラスト16:30）※月曜祝日の場合次の日の火曜日を17:00までとさせて頂きます。※令和4年1月より、原材料高騰により商品の価格改正しております。※土日祝日は予約できませんのでお気をつけ下さい。
定休日
年中無休",東京都渋谷区神宮前1-11-11 グリーンファンタジア　２Ｆ,https://tabelog.com/tokyo/A1306/A130601/13017556/
63,カフェ,ルッソカフェ ハラジュク,"営業時間
☆LUSSO CAFE11:30〜23:00　☆PANDORA by LUSSO 20:00～25:00木曜日定休　祝日は営業いたします。
日曜営業
定休日
　木曜日",東京都渋谷区神宮前3-27-17 永田ビル 1・2F,https://tabelog.com/tokyo/A1306/A130601/13191095/
64,カフェ,Paul Bassett 渋谷ヒカリエ ＳｈiｎＱｓ 東横のれん街店,"営業時間
11:00 - 21:00（パンケーキL.O. 20:00、その他フードL.O. 20:30）※施設に準ずる
定休日
ヒカリエに準ずる",東京都渋谷区渋谷2-21-1 渋谷ヒカリエ ＳｈiｎＱｓ 東横のれん街 B2F,https://tabelog.com/tokyo/A1303/A130301/13140156/
65,カフェ,cafe croix,"営業時間
［月~金］12：00～23：00(L.O Food21:00 Drink22:30)［土日祝］13：00～23：00(L.O Food21:00 Drink22:30)※ランチ[月～金]12：00～16：00(L.O 16:00)
定休日
不定休",東京都渋谷区渋谷3-18-5 佐藤エステートビル 8Ｆ,https://tabelog.com/tokyo/A1303/A130301/13043668/
66,カフェ,Ron Herman Cafe 千駄ヶ谷店,"営業時間
10:00～20:00（L.O.19:00）
日曜営業
定休日
不定休",東京都渋谷区千駄ヶ谷 2-11-1 サザビーリーグ 1F,https://tabelog.com/tokyo/A1309/A130901/13131347/
67,カフェ,Pepper PARLOR,"営業時間
【Pepper PARLOR】11:00~19:00(FOOD  L.O. 18:00)(DRINK L.O. 18:30)【CLUB THE PEPPER】20:00~23:00(FOOD  L.O. 22:00)(DRINK L.O. 22:30)
定休日
施設休業に準ずる",東京都渋谷区道玄坂1-2-3 東急プラザ渋谷 5F,https://tabelog.com/tokyo/A1303/A130301/13241764/
68,カフェ,ウサギ,"営業時間
[月～土】11:30～22:30(ランチL.O15:00ディナーLO21:30)[日祝]11:30～22:00（ランチL.O15:00ディナーLO21:00）
日曜営業
定休日
不定休　臨時休業日あり　✳︎2023年8/13、14は夏期休業日となります。尚15日はディナーからの営業とさせて頂きます。",東京都渋谷区渋谷2-14-15 サクラフルール青山 1F,https://tabelog.com/tokyo/A1303/A130301/13256163/
69,カフェ,代官山ジャンプ,"営業時間
[月～金]17:00〜22:00  [土・日・祝 ]12:00～22:00
定休日
不定休",東京都渋谷区代官山町13-4 セレサ代官山 2F,https://tabelog.com/tokyo/A1303/A130303/13260348/
70,カフェ,カフェ&ビストロ酒場 UEHARA PARLOR &dinning,"営業時間
【火〜金】17:30〜23:00（22:30 L.O）【土日祝】12:00〜23:00（22:30 L.O）
日曜営業
定休日
月曜日",東京都渋谷区上原1-36-12 ナイトウビル 2F・3F,https://tabelog.com/tokyo/A1318/A131811/13273129/
71,カフェ,gelato pique cafe bio concept 表参道ヒルズ店,"営業時間
[月～土]11:00～21:00(L.O.20:30)[日]11:00～20:00(L.O.19:30)
日曜営業
定休日
無休",東京都渋谷区神宮前4-12-10 表参道ヒルズ本館 B2F,https://tabelog.com/tokyo/A1306/A130602/13271292/
72,カフェ,Q-pot CAFE. 表参道本店,"営業時間
11:00～19:00(L.O.18:30)※2023年12月30日～2024年1月2日は年末年始休業といたします。
日曜営業
定休日
不定休・年末年始",東京都渋谷区神宮前3‐4‐8 1F,https://tabelog.com/tokyo/A1306/A130602/13146636/
73,カフェ,TORQUE SPICE & HERB TABLE & COURT,"営業時間
《営業時間》＊2023年8月1日(火)より11:00-22:00（フード・ドリンク　ラストオーダー　21:00）
日曜営業
定休日
なし（施設規定による）＊年末年始休業あり",東京都渋谷区渋谷3-21-3 渋谷ストリーム 4F,https://tabelog.com/tokyo/A1303/A130301/13228464/
74,カフェ,モスプレミアム 千駄ヶ谷店,"営業時間
11:00～22:00 (L.O.21:00)
日曜営業
定休日
♦肉汁あふれる絶品ハンバーガーをお楽しみいただけます！♦ランチ利用にも大人気「モスクラシック千駄ヶ谷店」へ是非お越しくださいませ！",東京都渋谷区千駄ヶ谷1-8-11,https://tabelog.com/tokyo/A1309/A130901/13189556/
75,カフェ,ウズナ オムオム,"営業時間
［火〜日]11:00〜18:00（L.O17:30）月曜日が祝日の場合は営業し、翌火曜日に振替休業いたします。
日曜営業
定休日
月曜日",東京都渋谷区神宮前5-17-8 原宿XS203号　2F,https://tabelog.com/tokyo/A1306/A130601/13046132/
76,カフェ,be my flora kitchen,"営業時間
11：00～20：00（19：00 L.O.）※当面の間、閉店時間を19:00(18:00 L.O.)とさせて頂きます。11月店休日：16,2912月店休日：7,18年末年始店休日：12/30〜1/3まで休業、1/4〜営業いたします
日曜営業
定休日
不定休",東京都渋谷区神宮前3-1-14 AK神宮前 1F,https://tabelog.com/tokyo/A1306/A130603/13283248/
77,カフェ,Cafe de Lapis,"営業時間
11:00～18:00(LO.17:30)
日曜営業
定休日
定休日なし",東京都渋谷区神宮前3-5-21 KOH-I-NOORⅡ 1F,https://tabelog.com/tokyo/A1306/A130602/13255111/
78,カフェ,モガ カフェ 宇田川町店,"営業時間
[月～土] 11:45〜23:00 [日・祝] 11:45〜22:00
日曜営業",東京都渋谷区宇田川町4-9 くれたけビル 2F,https://tabelog.com/tokyo/A1303/A130301/13014451/
79,カフェ,茶望留,"営業時間
10:00～20:00※閉店時間は状況による
定休日
日曜日",東京都渋谷区上原1-32-19,https://tabelog.com/tokyo/A1318/A131811/13089377/
80,カフェ,サウザンドコーヒー,"営業時間
2022年9月［月］13:00～17:00［火・土・日］13:00～18:00［水]15:00～20:00[木・金］13:00～20:00
日曜営業
定休日
不定休",東京都渋谷区本町4-17-8 1F,https://tabelog.com/tokyo/A1304/A130401/13225179/
81,カフェ,スターバックス・コーヒー 代々木店,"営業時間
7:00～21:00
日曜営業
定休日
不定休",東京都渋谷区代々木1-38-7 川本ビル １Ｆ,https://tabelog.com/tokyo/A1304/A130403/13044547/
82,カフェ,茶亭 羽當,"営業時間
11:00～23:00(L.O.22:00)
日曜営業
定休日
無休",東京都渋谷区渋谷1-15-19 二葉ビル 2F,https://tabelog.com/tokyo/A1303/A130301/13001169/
83,カフェ,ドトールコーヒーショップ  渋谷新南口店,"営業時間
[月～金]　　6:45～20:00[土]　　7:30～19:00[日・祝]　　8:00～19:00",東京都渋谷区渋谷3-27-15,https://tabelog.com/tokyo/A1303/A130301/13127249/
84,カフェ,クレビィス,"営業時間
[月〜土]昼頃から23：00頃まで[休日]19:00頃まで詳しくは事前にご確認下さい
定休日
年中無休　※ただし、都合により休む場合有り。詳しくは事前にご確認下さい。",東京都渋谷区代々木4-2-9 ピースビル　２Ｆ,https://tabelog.com/tokyo/A1318/A131810/13047151/
85,カフェ,1500,"営業時間
9:00～23:00
日曜営業
定休日
不定休",東京都渋谷区元代々木町4-2,https://tabelog.com/tokyo/A1318/A131810/13269639/
86,カフェ,パパスカフェ 広尾店,"営業時間
＜ランチタイム＞11:00～15:00（L.O.14:30）＊15:00～16:00はCLOSE＜ティータイム＞16:00～18:30 (L.O.18:00)★ティータイム限定／カフェ飲みセット★  ビール＋ナッツ で 1,000円！（税込）（通常価格 ビール770円＋ナッツ605円＝計1､375円）
定休日
日曜・月曜定休（祝日の場合は営業）",東京都渋谷区広尾2-1-17,https://tabelog.com/tokyo/A1303/A130302/13014203/
87,カフェ,カフェ香咲,"営業時間
11:30～18:00(L.O.17:30)
日曜営業
定休日
月曜日(祭日の場合は営業で振替休日なし)、年末年始",東京都渋谷区神宮前3-41-1,https://tabelog.com/tokyo/A1306/A130601/13001955/
88,カフェ,南蛮茶館,"営業時間
10:00～19:00
日曜営業
定休日
月曜日",東京都渋谷区笹塚1-22-7,https://tabelog.com/tokyo/A1318/A131808/13013261/
89,カフェ,ヴァーヴ コーヒー ロースターズ,"営業時間
7:00～22:00",東京都渋谷区千駄ヶ谷5-24-55 NEWoMan SHINJUKU 2F,https://tabelog.com/tokyo/A1304/A130403/13193550/
90,カフェ,ドットコムスペース トーキョー,"営業時間
11:00～18:30[L.O]18:00
日曜営業
定休日
無休",東京都渋谷区神宮前1-19-19 エリンデール神宮前 B1F,https://tabelog.com/tokyo/A1306/A130601/13232264/
91,カフェ,スターバックスコーヒー 京王笹塚店,"営業時間
7:00～22:00
日曜営業
定休日
施設の営業日に準ずる",東京都渋谷区笹塚1-56-18 京王クラウン街笹塚,https://tabelog.com/tokyo/A1318/A131808/13264704/
92,カフェ,Urth Caffe 渋谷スクランブルスクエア,"営業時間
10:00～21:00（L.O. 20:30）※新型コロナウイルス感染予防に関連し、一時的に営業時間が変更になっている場合がございます。
日曜営業
定休日
渋谷スクランブルスクエアに準ずる",東京都渋谷区渋谷2-24-12 渋谷スクランブルスクエア B2F,https://tabelog.com/tokyo/A1303/A130301/13240876/
93,カフェ,エクセルシオールカフェ 渋谷宮益坂店,"営業時間
7:00～23:00",東京都渋谷区渋谷1-14-8 宮益ＳＫビル1，2F,https://tabelog.com/tokyo/A1303/A130301/13050137/
94,カフェ,サロン・ド・テ・ラヴォンド,"営業時間
11:00～19:00(19時以降の営業に関してはお店に要確認)
日曜営業
定休日
不定休",東京都渋谷区神宮前4-4-11 根津プレイス表参道 2F,https://tabelog.com/tokyo/A1306/A130602/13160155/
95,カフェ,笹塚ボウル,"営業時間
[月・火・水・木・日]8:00～24:00[金・土]8:00～翌3:00
日曜営業
定休日
無休",東京都渋谷区笹塚1-57-10,https://tabelog.com/tokyo/A1318/A131808/13149090/
96,カフェ,カフェ フラッティー ザ スタンド,,東京都渋谷区千駄ヶ谷3-33-6,https://tabelog.com/tokyo/A1309/A130901/13170826/
97,カフェ,星乃珈琲店 原宿店,"営業時間
9:00～21:00(L.O.20:30)
日曜営業
定休日
無休",東京都渋谷区神宮前1-19-11 はらじゅくアッシェ B2F,https://tabelog.com/tokyo/A1306/A130601/13178385/
98,カフェ,CAROLINE DINER,"営業時間
12:00〜18:0017:30ラストオーダー売り切れ等で早く閉める場合がございます。
日曜営業
定休日
木曜日",東京都渋谷区神宮前2-14-11 1F,https://tabelog.com/tokyo/A1306/A130601/13189280/
99,カフェ,Cafe&Bar Village,"営業時間
［月～日］11:00～24:00
日曜営業
定休日
無休",東京都渋谷区代々木2-6-8 新宿exビル 4F,https://tabelog.com/tokyo/A1304/A130401/13263010/
100,カフェ,WORLD BREAKFAST ALLDAY 外苑前店,"営業時間
＜平日＞　　7:30～20:00（ラストオーダー19:00）＜土日祝＞　7:30～20:00（ラストオーダー19:00）
日曜営業
定休日
なし（不定休）",東京都渋谷区神宮前3-1-23 1F,https://tabelog.com/tokyo/A1306/A130603/13158232/
101,カフェ,ジェイ クック,"営業時間
8:00～20:00
日曜営業
定休日
月曜日",東京都渋谷区神宮前3-36-26,https://tabelog.com/tokyo/A1306/A130603/13013647/
102,カフェ,星乃珈琲店 MAGNET by SHIBUYA109店,"営業時間
11:00～22:00
日曜営業
定休日
無休",東京都渋谷区神南1-23-10 渋谷109Men's 2F,https://tabelog.com/tokyo/A1303/A130301/13130132/
103,カフェ,カフェ:モノクローム,"営業時間
12:30～19:00",東京都渋谷区宇田川町4-10 渡辺ビル 201,https://tabelog.com/tokyo/A1303/A130301/13194164/
104,カフェ,HIDEAWAY,"営業時間
[月～木]8:00～18:00[土・日・祝]10:00～18:00
日曜営業
定休日
金曜日",東京都渋谷区千駄ヶ谷4-29-11 玉造ビルⅡ B1F,https://tabelog.com/tokyo/A1304/A130403/13278099/
105,カフェ,聴景居,"営業時間
12:00～19:00(L.O.18:00)
日曜営業
定休日
水曜日",東京都渋谷区猿楽町18-8 ヒルサイドテラスF棟 B1F,https://tabelog.com/tokyo/A1303/A130303/13284957/
106,カフェ,珈琲専門店 三十間 青山店,,東京都渋谷区神宮前5-51-6 テラアシオス青山 2F,https://tabelog.com/tokyo/A1306/A130602/13191539/
107,カフェ,スターバックスコーヒー WITH HARAJUKU店,"営業時間
8:00～22:00
日曜営業
定休日
不定休",東京都渋谷区神宮前1-14-30,https://tabelog.com/tokyo/A1306/A130601/13246354/
108,カフェ,スターバックスコーヒー アコルデ代々木上原店,"営業時間
7:00～22:30
日曜営業
定休日
不定休",東京都渋谷区西原3-8-5 アコルデ代々木上原,https://tabelog.com/tokyo/A1318/A131811/13127977/
109,カフェ,スカーレット,,東京都渋谷区道玄坂1-17-8 三井ビル 1F,https://tabelog.com/tokyo/A1303/A130301/13122357/
110,カフェ,Sunny Cafe,"営業時間
［月～金］10:00~23:00（L.O22:30）［土・日・祝日］10:00~23:00（L.O22:30）
日曜営業
定休日
なし",東京都渋谷区広尾1-6-6,https://tabelog.com/tokyo/A1303/A130302/13203007/
111,カフェ,茶語 TEA SALON 新宿髙島屋店,"営業時間
10:30～19:00(L.O)
日曜営業
定休日
不定休（高島屋に準ずる）",東京都渋谷区千駄ヶ谷5-24-2 新宿髙島屋 6F,https://tabelog.com/tokyo/A1304/A130401/13004267/
112,カフェ,Design Festa Cafe & Bar,"営業時間
12：00～22：00
日曜営業
定休日
年中無休",東京都渋谷区神宮前3-20-18,https://tabelog.com/tokyo/A1306/A130601/13103488/
113,カフェ,メゾン ド シャルロット,"営業時間
12:00～18:30
日曜営業
定休日
月曜日",東京都渋谷区富ヶ谷1-9-17 竹原ビル 2F,https://tabelog.com/tokyo/A1318/A131810/13227028/
114,カフェ,Cyodo,"営業時間
8:30～12:0017:00～22:00",東京都渋谷区本町6-37-10,https://tabelog.com/tokyo/A1318/A131807/13270222/
115,カフェ,The coffeeshop roast works,"営業時間
9:00～17:00
日曜営業
定休日
無休",東京都渋谷区富ヶ谷2-22-12 １F,https://tabelog.com/tokyo/A1318/A131801/13162503/
116,カフェ,珈琲店 トップ 渋谷駅前店,"営業時間
9:00～20:00",東京都渋谷区道玄坂1-4-19 マークシティ 1F,https://tabelog.com/tokyo/A1303/A130301/13255102/
117,カフェ,カルフール,"営業時間
［平日］9:00～20:00［土］10:00～18:00
定休日
日曜日、祝日",東京都渋谷区恵比寿4-6-1 恵比寿MFビルB1,https://tabelog.com/tokyo/A1303/A130302/13039040/
118,カフェ,デレクト コーヒー ロースターズ,"営業時間
13:00～19:00
日曜営業
定休日
水曜・木曜",東京都渋谷区元代々木町10-5,https://tabelog.com/tokyo/A1318/A131811/13198436/
119,カフェ,ファブカフェ トーキョー,"営業時間
[平日]9:00-20:00[土日・祝]10:00-20:00※イベント等で営業時間が変わる場合がございます。公式WebサイトやSNSにてご確認ください。
日曜営業
定休日
無休（年末年始休みあり）",東京都渋谷区道玄坂1-22-7 道玄坂ピア 1F,https://tabelog.com/tokyo/A1303/A130301/13137997/
120,カフェ,スターバックス・コーヒー 北参道店,"営業時間
07:30-21:00
日曜営業
定休日
不定休",東京都渋谷区千駄ケ谷3-39-9 IBF-PLANNINGビル,https://tabelog.com/tokyo/A1309/A130901/13045960/
121,カフェ,青山 オーバル・カフェ,"営業時間
平日　8:30～19:00,　土日祝　11:00～19:00 
日曜営業
定休日
無休",東京都渋谷区神宮前5-52-2 青山オーバルビル 1F,https://tabelog.com/tokyo/A1306/A130602/13120992/
122,カフェ,カフェ・ベローチェ 代々木三丁目店,"営業時間
［月～土］7:00～22:00［日・祝］7:00～21:00
日曜営業
定休日
なし",東京都渋谷区代々木3-25-3 あいおいニッセイ同和損保新宿ビル １Ｆ,https://tabelog.com/tokyo/A1318/A131807/13055675/
123,カフェ,アリサンパーク,"営業時間
【金～火】8:30～18:00
日曜営業
定休日
水曜日、木曜日",東京都渋谷区代々木5-63-12,https://tabelog.com/tokyo/A1318/A131810/13274593/
124,カフェ,コーヒー スプリーム トウキョウ,"営業時間
8:00～
日曜営業
定休日
無休",東京都渋谷区神山町42-3 1F,https://tabelog.com/tokyo/A1318/A131810/13214675/
125,カフェ,UCCカフェメルカード 新宿高島屋店,"営業時間
[月～金・日・祝] 10:00～20:00[土] 10:00～20:30
日曜営業
定休日
新宿高島屋に準ずる",東京都渋谷区千駄ヶ谷5-24-2 新宿タカシマヤ,https://tabelog.com/tokyo/A1304/A130401/13115480/
126,カフェ,カフェ ファソン ロースター アトリエ,"営業時間
10:00～19:00
日曜営業
定休日
不定休",東京都渋谷区代官山町10-1,https://tabelog.com/tokyo/A1303/A130303/13170292/
127,カフェ,ブルーボトルコーヒー 広尾カフェ,"営業時間
8:00～19:00
日曜営業
定休日
無休",東京都渋谷区広尾5-4-16 EAT PLAY WORKS 1F,https://tabelog.com/tokyo/A1307/A130703/13247691/
128,カフェ,ぽえむ 幡ヶ谷店,"営業時間
9:30～19:00
日曜営業
定休日
無休",東京都渋谷区幡ヶ谷2-8-10,https://tabelog.com/tokyo/A1318/A131807/13047481/
129,カフェ,ZEBRA Coffee&Croissant 渋谷公園通り店,"営業時間
8:00～19:00",東京都渋谷区宇田川町1-12 パークコート渋谷ザ・タワー 1F,https://tabelog.com/tokyo/A1303/A130301/13257684/
130,カフェ,カフェ・ド・クリエ 代々木東口店,"営業時間
営業時間  :	[平　日] 7:30-21:00[土日祝] (土)9:00-21:00　(日/祝)9:00-20:00
日曜営業",東京都渋谷区千駄ヶ谷5-23-6,https://tabelog.com/tokyo/A1304/A130403/13106912/
131,カフェ,Orso Bianco,"営業時間
[土・日・祝]11:00～17:00(L.O.16:00)
日曜営業
定休日
月曜～金曜(ai'sとしてイタリアン営業)",東京都渋谷区広尾1-1-38 スクエアサイドビル 1F,https://tabelog.com/tokyo/A1303/A130302/13274372/
132,カフェ,喫茶二十世紀,"営業時間
11:00～21:00（L.O.20:30）完全予約制※当面の間、80分間の予約制とさせていただきます。※予約は専用サイトで承っております。
定休日
年中無休（年末年始は除く）",東京都渋谷区神宮前2-6-10 CORAL Bldg. B1F,https://tabelog.com/tokyo/A1306/A130603/13289930/
133,カフェ,Cafe Kitsune Shibuya,"営業時間
11:00～21:00（L.O.20:30）
日曜営業
定休日
不定休",東京都渋谷区神宮前6-20-10 RAYARD MIYASHITA PARK North 2F,https://tabelog.com/tokyo/A1303/A130301/13249509/
134,カフェ,medel deli,,東京都渋谷区恵比寿西1-17-1 1F,https://tabelog.com/tokyo/A1303/A130302/13277123/
135,カフェ,fruta&,"営業時間
12:00～17:00 (L.O.16:00)17:00～21:00 (L.O.20:00)まん防発令期間は20時まで
日曜営業
定休日
不定休",東京都渋谷区神宮前5-50-3 アーバンテラス青山 1F,https://tabelog.com/tokyo/A1306/A130602/13267364/
136,カフェ,haishop cafe 渋谷スクランブルスクエア店,"営業時間
[月～金]10:00～21:00[土・日・祝]10:00～21:00
日曜営業
定休日
年中無休（1月1日のみ、休業）",東京都渋谷区渋谷2-24-12 渋谷スクランブルスクエア 7F,https://tabelog.com/tokyo/A1303/A130301/13276432/
137,カフェ,Green Beans Coffee,"営業時間
［月〜日］10:00〜20:00
日曜営業
定休日
なし",東京都渋谷区千駄ヶ谷3-30-1,https://tabelog.com/tokyo/A1309/A130901/13277423/
138,カフェ,スターバックス・コーヒー 渋谷公園通り店,"営業時間
7:00～22:30
日曜営業
定休日
年中無休",東京都渋谷区神南1-7-5 渋谷公園通りＪＮビル　1F,https://tabelog.com/tokyo/A1303/A130301/13033025/
139,カフェ,Cafe BOHEMIA,"営業時間
【月〜土・祝前日】11:30～翌4:00【日・連休最終日】11:30〜23:30
日曜営業
定休日
元日のみ休業",東京都渋谷区宇田川町36-22 ノア渋谷PartⅡ 1F,https://tabelog.com/tokyo/A1303/A130301/13164004/
140,カフェ,yoshida coffee sangubashi,"営業時間
[月～金]8:00～18:00[土・日・祝]8:00～17:00",東京都渋谷区代々木4-21-12,https://tabelog.com/tokyo/A1318/A131810/13276931/
141,カフェ,Beans Garage Coffee,"営業時間
［月〜金］9:00〜24:00（L.O 11:30）［土.日.祝］9:00〜24:00（L.O 11::30）
日曜営業
定休日
無　（年末年始など一部異なる場合がございます）",東京都渋谷区鶯谷町17-9,https://tabelog.com/tokyo/A1303/A130301/13272788/
142,カフェ,IKEA スウェーデンカフェ 原宿,"営業時間
［月～金］11:00～20:00［土・日・祝］10:00～20:00
日曜営業
定休日
無休(2月第4水曜日のみ休み)",東京都渋谷区神宮前1-14-30 WITH HARAJUKU 2F,https://tabelog.com/tokyo/A1306/A130601/13247421/
143,カフェ,SYNdicate cafe,"営業時間
11:30～19:00（L.O.18:30）
日曜営業
定休日
無休",東京都渋谷区神宮前1-10-34,https://tabelog.com/tokyo/A1306/A130601/13260210/
144,カフェ,スターバックスコーヒー 表参道ヒルズ店,"営業時間
[月～金]7:00～22:30[土・日・祝]8:00～22:30",東京都渋谷区神宮前4-12-10 表参道ヒルズ,https://tabelog.com/tokyo/A1306/A130602/13233306/
145,カフェ,カフェ ベローチェ 渋谷駅新南口店,"営業時間
7:00～23:00
日曜営業",東京都渋谷区渋谷3-27-1 大崎ビル,https://tabelog.com/tokyo/A1303/A130301/13043873/
146,カフェ,TINTO COFFEE,"営業時間
[月〜金]9:00〜18:30[土・祝]10:00〜18:30
定休日
日曜日",東京都渋谷区渋谷2-8-10 青山ビル・グーテ 1F,https://tabelog.com/tokyo/A1303/A130301/13192788/
147,カフェ,文房具カフェ,"営業時間
10時00分～23時00分●ランチタイム11時00分～17時00分(土日もランチタイムあり)●ラストオーダー 22時00分
日曜営業
定休日
無休",東京都渋谷区神宮前4-8-1 内田ビル B1F,https://tabelog.com/tokyo/A1306/A130602/13142860/
148,カフェ,バタフライ カフェ,"営業時間
[火・水]17:30～22:30(L.O.21:30)[木・金]11:30～15:00(L.O.14:30)17:30～22:30(L.O.21:30)[土] 11:30～15:00(L.O.14:30)
定休日
月曜日、日曜日",東京都渋谷区西原3-21-3 SINISIビル １Ｆ,https://tabelog.com/tokyo/A1318/A131811/13126422/
149,カフェ,Beasty Coffee cafe laboratory,"営業時間
[火〜日]9:00-19:00
定休日
月曜日",東京都渋谷区富ヶ谷1-19-3,https://tabelog.com/tokyo/A1318/A131810/13239554/
150,カフェ,スターバックス・コーヒー 渋谷３丁目店,"営業時間
[月～金] 07:00～22:00 [土] 07:30～22:00 [日・祝] 07:30～21:00
定休日
年中無休",東京都渋谷区渋谷3-11-7 第２ミネギシビル,https://tabelog.com/tokyo/A1303/A130301/13033045/
151,カフェ,ネスカフェ 原宿,"営業時間
11：00～20：00(ドリンク・フードL.O 19：00)
日曜営業
定休日
無休(年末年始及び特別休業日を除く)",東京都渋谷区神宮前1-22-8,https://tabelog.com/tokyo/A1306/A130601/13117460/
152,カフェ,カフェ・ド・ルラーシュ,"営業時間
10時くらい～20:00
日曜営業",東京都渋谷区本町1-2-1,https://tabelog.com/tokyo/A1318/A131807/13039624/
153,カフェ,スターバックス・コーヒー 広尾店,"営業時間
［月～土］7:00～22:00［日・祝］7:00～21:30
日曜営業
定休日
無休",東京都渋谷区広尾5-14-5,https://tabelog.com/tokyo/A1307/A130703/13007373/
154,カフェ,椿屋茶房 タカシマヤタイムズスクエア店,"営業時間
月～土 11:00～23:00日祝日 11:00～22:30
日曜営業
定休日
レストランズパークに準ずる",東京都渋谷区千駄ヶ谷5-24-2 新宿タカシマヤ,https://tabelog.com/tokyo/A1304/A130403/13124378/
155,カフェ,代官山パンケーキカフェClover's,"営業時間
平日・土・日・祝１１時００分～２0時00分（ラストオーダー）
日曜営業
定休日
水曜日",東京都渋谷区代官山町18-8 堀井代官山ビル　２Ｆ,https://tabelog.com/tokyo/A1303/A130303/13049570/
156,カフェ,アフタヌーンティー・ラブアンドテーブル 表参道,"営業時間
[月～日] 10:00～20:00(L.O.19:30)
日曜営業
定休日
元日のみ休業",東京都渋谷区神宮前4-3-2,https://tabelog.com/tokyo/A1306/A130601/13160856/
157,カフェ,プロント MAGNET by SHIBUYA109店,"営業時間
9:30～22:00
日曜営業
定休日
無休",東京都渋谷区神南1-23-10 MAGNET by SHIBUYA109 B2F,https://tabelog.com/tokyo/A1303/A130301/13171178/
158,カフェ,星乃珈琲店 代々木店,,東京都渋谷区代々木1-35-15,https://tabelog.com/tokyo/A1304/A130403/13248384/
159,カフェ,MR.FRIENDLY Cafe,"営業時間
11:00～19:00
定休日
不定休",東京都渋谷区恵比寿西2-18-6 ＳＰビル　１Ｆ,https://tabelog.com/tokyo/A1303/A130303/13049605/
160,カフェ,THE ROASTERY BY NOZY COFFEE,"営業時間
[平日・土日祝]10:00～20:00
日曜営業
定休日
無休",東京都渋谷区神宮前5-17-13,https://tabelog.com/tokyo/A1303/A130301/13161140/
161,カフェ,カフェ・ド・クリエ グラン 渋谷桜丘スクエア店,"営業時間
［月～金］7:00～21:00［土］7:30～20:00［日・祝］8:00～20:00
日曜営業
定休日
無休　（年末年始に変更の場合あり）",東京都渋谷区桜丘町31-15 渋谷桜丘スクエア　１Ｆ,https://tabelog.com/tokyo/A1303/A130301/13112580/
162,カフェ,ドトールコーヒーショップ  渋谷神南1丁目店,"営業時間
平日　7:30-22:00 土曜　7:30-22:00 日祝　8:00-21:00
日曜営業
定休日
無休",東京都渋谷区神南1-10-1,https://tabelog.com/tokyo/A1303/A130301/13040128/
163,カフェ,EBISU CLASS COFFEE,"営業時間
12:00～19:00(L.O.18:00)
日曜営業
定休日
平日休み",東京都渋谷区恵比寿西1-3-2 恵比寿テラスビル 2F,https://tabelog.com/tokyo/A1303/A130302/13265617/
164,カフェ,本の読める店 fuzkue,"営業時間
12:00～23:30
日曜営業
定休日
基本無休",東京都渋谷区初台1-38-10 二名ビル 2F,https://tabelog.com/tokyo/A1318/A131807/13174339/
165,カフェ,ファクトリー,"営業時間
[月～金]12:00〜23:00ぐらい[土]不定休（Twitterでお知らせしております）[日・祝]定休日 ※貸切応相談
定休日
日曜・祝日",東京都渋谷区渋谷2-8-7 青山宮野ビル 1F,https://tabelog.com/tokyo/A1303/A130301/13135958/
166,カフェ,CAF'E MID STAMP EBISU,"営業時間
12:00～23:00
日曜営業
定休日
不定休",東京都渋谷区恵比寿南1-20-3 パインハイツ 4F,https://tabelog.com/tokyo/A1303/A130302/13281194/
167,カフェ,MUUN Seoul 原宿店,"営業時間
11:00～19:00",東京都渋谷区神宮前3-29-7 T's6ビル,https://tabelog.com/tokyo/A1306/A130601/13261664/
168,カフェ,猿田彦珈琲 恵比寿本店,"営業時間
[平日]8:00～翌0:30［土・日・祝］10:00～翌0:30
日曜営業
定休日
無休",東京都渋谷区恵比寿1-6-6 斎藤ビル 1F,https://tabelog.com/tokyo/A1303/A130302/13127577/
169,カフェ,アバウトライフコーヒーブリュワーズ 渋谷一丁目,"営業時間
8:00～18:00
日曜営業
定休日
無休",東京都渋谷区渋谷1-17-1 all day place shibuya 1F,https://tabelog.com/tokyo/A1303/A130301/13271315/
170,カフェ,杜のテラス,"営業時間
9:00～閉門時間(L.O.は閉門30分前）
日曜営業",東京都渋谷区代々木神園町1-1,https://tabelog.com/tokyo/A1306/A130601/13057625/
171,カフェ,cafe na.,"営業時間
12:00～24:00
定休日
月曜定休",東京都渋谷区神宮前1-8-5 メナー神宮前3F,https://tabelog.com/tokyo/A1306/A130601/13102984/
172,カフェ,道玄坂カフェ,"営業時間
11:30～翌5:00
日曜営業
定休日
無休",東京都渋谷区道玄坂2-16-8 ビジネスヴィップ渋谷道玄坂坂本ビル 1F,https://tabelog.com/tokyo/A1303/A130301/13255249/
173,カフェ,喫茶 銀座,"営業時間
月曜10:00〜18:30火〜木曜10:00〜19:00金曜10:00〜23:00土曜11:30〜23:00日曜11:30〜19:00祭日11:30〜19:00",東京都渋谷区恵比寿南1-3-9 新井ビル　１Ｆ,https://tabelog.com/tokyo/A1303/A130302/13018336/
174,カフェ,ドトールコーヒーショップ 幡ヶ谷店,"営業時間
平　日: 07:00 - 21:00土曜日: 07:00 - 20:00日　祝: 07:00 - 20:00
定休日
無休",東京都渋谷区幡ケ谷1-34-14,https://tabelog.com/tokyo/A1318/A131807/13086903/
175,カフェ,Little Magic,"営業時間
11:30〜19:00
日曜営業
定休日
なし",東京都渋谷区神宮前3-18-16,https://tabelog.com/tokyo/A1306/A130601/13221854/
176,カフェ,スターバックスコーヒー アトレ恵比寿店(5F),"営業時間
10:00～21:00
定休日
不定休",東京都渋谷区恵比寿南1-5-5 アトレ恵比寿 5F,https://tabelog.com/tokyo/A1303/A130302/13174923/
177,カフェ,ドトールコーヒーショップ 恵比寿東店,"営業時間
[月～日]6:00～21:00
日曜営業",東京都渋谷区東3-25-5 グランドメゾン恵比寿東 1F,https://tabelog.com/tokyo/A1303/A130302/13058289/
178,カフェ,珈琲店トップ 渋谷道玄坂店,,東京都渋谷区道玄坂2-29-7 道玄坂センタービル　B1F,https://tabelog.com/tokyo/A1303/A130301/13078829/
179,カフェ,ホワイト グラス コーヒー,"営業時間
【平日・土日祝】8:00～20:00　（ FOOD L.O. 19:30 ）
日曜営業
定休日
なし",東京都渋谷区桜丘町23-18 ビジョナリーアーツ 1F,https://tabelog.com/tokyo/A1303/A130301/13230465/
180,カフェ,WAVY COFFEE ROASTERS SHIBUYA,,東京都渋谷区神南1-14-7 ワイズ神南ビル 2F,https://tabelog.com/tokyo/A1303/A130301/13282044/
181,カフェ,コースト ツー コースト,"営業時間
12:30-20:00(L.O 19:00)コロナウィルス対策により当面の間、閉店時間の変更がありますので予めご連絡ください。
日曜営業
定休日
不定休　コロナウイルス対策により当面の間閉店時間の変更がありますので予めご連絡ください。",東京都渋谷区神宮前5-12-12 J-WingRight B1F,https://tabelog.com/tokyo/A1306/A130601/13179969/
182,カフェ,eggslut 新宿サザンテラス店,"営業時間
8:00～21:00（L.O.20:30）※新型コロナウイルス感染拡大の影響に伴い、ベイクルーズグループの運営するフードブランドにおきまして当面の間、臨時休業および営業時間の変更をさせていただきます。各店舗の最新情報につきましては、公式HPにてご確認くださいませ。
日曜営業
定休日
不定休",東京都渋谷区代々木2-2-1 新宿サザンテラス 1F,https://tabelog.com/tokyo/A1304/A130401/13238359/
183,カフェ,桜丘カフェ,"営業時間
11:30~23:30(Food L.O 22:30/Drink L.O 23:00)
日曜営業
定休日
元日のみ休業",東京都渋谷区桜丘町23-3 篠田ビル1F,https://tabelog.com/tokyo/A1303/A130301/13074881/
184,カフェ,サンマルク・カフェ 代々木上原店,"営業時間
7:00～22:00
日曜営業
定休日
無休",東京都渋谷区西原3-8-5 アコルデ代々木上原駅ビル　１Ｆ,https://tabelog.com/tokyo/A1318/A131811/13023888/
185,カフェ,ｆ 渋谷店,"営業時間
11:30～23:00（料理Lo.22:00、ドリンクLo.22:30）
日曜営業
定休日
不定休あり",東京都渋谷区道玄坂2-6-17 TOHOシネマズ渋谷 B1F,https://tabelog.com/tokyo/A1303/A130301/13221430/
186,カフェ,dish-tokyogastronomycafe,"営業時間
月～金・土・日・祝11:30 ～ 22:00（L.O 21:00）テイクアウト：11:30～22:00
日曜営業
定休日
年末年始",東京都渋谷区上原1-33-16 第一オーツカビル　２Ｆ,https://tabelog.com/tokyo/A1318/A131811/13009407/
187,カフェ,and C,"営業時間
［月～金］8:00～18:00［土・祝］10:00～18:00
定休日
日曜日",東京都渋谷区千駄ヶ谷1-22-4 吹上ビル 1F,https://tabelog.com/tokyo/A1309/A130901/13252344/
188,カフェ,Cafe&bar The4th EBISU,"営業時間
[月～土]※日曜ランチ・カフェ休みランチ　11:30～カフェ(ランチメニューも提供可)　14:00～17:00[月～日]終日営業バー　18:00～last
日曜営業
定休日
不定休",東京都渋谷区恵比寿南2-3-12 je1ビル ２F,https://tabelog.com/tokyo/A1303/A130302/13203995/
189,カフェ,ジャナイ コーヒー,,東京都渋谷区恵比寿南2-3-13 山燃ビル B1F,https://tabelog.com/tokyo/A1303/A130302/13249859/
190,カフェ,スターバックスコーヒー 恵比寿ガーデンプレイス センタープラザ B1店,"営業時間
8:00～22:00",東京都渋谷区恵比寿4-20-7 恵比寿ガーデンプレイス センタープラザ B1F,https://tabelog.com/tokyo/A1303/A130302/13278310/
191,カフェ,Disney HARVEST MARKET By CAFE COMPANY,"営業時間
11:00～20:00(L.O.19:00)※完全予約制【年末年始営業時間】12/31：11:00〜19:001/1：休業1/2：11:00〜20:00　
日曜営業
定休日
不定休",東京都渋谷区渋谷2-21-1 渋谷ヒカリエ 7F,https://tabelog.com/tokyo/A1303/A130301/13262241/
192,カフェ,スターバックス・コーヒー 渋谷クロスタワー店,"営業時間
[月～金] 07:00～20:00 [土] 10:00～19:00 [日・祝] 11:00～18:00
日曜営業
定休日
年中無休",東京都渋谷区渋谷2-15-1,https://tabelog.com/tokyo/A1303/A130301/13033037/
193,カフェ,ヴォルール・ドゥ・フルール 原宿店,"営業時間
［月・水・木・金］12:00～19:00［土］12:00～21:30［日］12:00～20:00
日曜営業
定休日
火曜日",東京都渋谷区神宮前1-10-23,https://tabelog.com/tokyo/A1306/A130601/13007012/
194,カフェ,ovgo B.A.K.E.R Meiji St.,,東京都渋谷区神宮前1-11-6 ラフォーレ原宿 2F,https://tabelog.com/tokyo/A1306/A130601/13268428/
195,カフェ,サンマルクカフェ 恵比寿東口店,"営業時間
7:00～22:00
日曜営業
定休日
無休",東京都渋谷区恵比寿1-8-1 サン栄ビル1～2F,https://tabelog.com/tokyo/A1303/A130302/13130669/
196,カフェ,カールヴァーン トウキョウ,"営業時間
平日〈ランチタイム〉11:00〜15:30（L.O.14:30）〈ディナータイム〉17:00〜23:00（フードL.O.21:00/ドリンクL.O.22:00）土日祝〈ランチタイム〉11:00〜15:30（L.O.14:30）〈ティータイム〉14:30〜16:30（L.O.15:30）★ アフタヌーンティーも同様。〈ディナータイム〉17:00〜23:00（フードL.O.21:00)
日曜営業
定休日
施設に準ずる",東京都渋谷区渋谷2-24-12 渋谷スクランブルスクエア 12F,https://tabelog.com/tokyo/A1303/A130301/13240295/
197,カフェ,Marked 渋谷,"営業時間
9:00〜19:00",東京都渋谷区渋谷1-23-21 渋谷キャスト 1F,https://tabelog.com/tokyo/A1303/A130301/13271289/
198,カフェ,アルファ,"営業時間
［月～日］8:00～20:00［祝］8:00～19:00
日曜営業
定休日
無休",東京都渋谷区恵比寿1-13-6 第2伊藤ビル 1F,https://tabelog.com/tokyo/A1303/A130302/13087320/
199,カフェ,ファーストヒルズコーヒー ダンボ,"営業時間
9:30〜20:00
定休日
日曜、祝日",東京都渋谷区初台1-39-10,https://tabelog.com/tokyo/A1318/A131807/13049180/
200,カフェ,インティミッシミ カフェ,,東京都渋谷区道玄坂2-25-12 Intimissimi渋谷文化村通り店 2F,https://tabelog.com/tokyo/A1303/A130301/13274682/
201,カフェ,シブヤ ボウリング カフェ,"営業時間
11:00～24:00(L.O.23:00)
日曜営業
定休日
無休",東京都渋谷区渋谷1-14-14 B1F,https://tabelog.com/tokyo/A1303/A130301/13195611/
202,カフェ,グッドタウンベイクハウス,"営業時間
【月曜〜水曜、金曜】11:30～22:00【土日祝】09:00〜22:00
日曜営業
定休日
木",東京都渋谷区渋谷区上原1-30-1 1F,https://tabelog.com/tokyo/A1318/A131811/13198842/
203,カフェ,フォーレスト,"営業時間
10:00～18:30
定休日
土曜日、日曜日、祝日",東京都渋谷区代々木2-11-18 山本ビル ２Ｆ,https://tabelog.com/tokyo/A1304/A130401/13012832/
204,カフェ,栞,"営業時間
9:00～22:00(LO21:00)[～9/15]～19:00(LO18:00)
日曜営業
定休日
月曜定休",東京都渋谷区幡ケ谷1-3-1,https://tabelog.com/tokyo/A1318/A131807/13089599/
205,カフェ,キーフェル グローバルクラブ,"営業時間
11:00～23:00
日曜営業
定休日
無休",東京都渋谷区道玄坂2-6-17 渋東シネタワー 2F,https://tabelog.com/tokyo/A1303/A130301/13031067/
206,カフェ,レタープレス レターズ カンティーン,"営業時間
8:00～17:00
定休日
月曜日、火曜日、日曜日",東京都渋谷区富ヶ谷2-20-2,https://tabelog.com/tokyo/A1318/A131801/13231844/
207,カフェ,ベラミ,,東京都渋谷区神宮前2丁目35-9 原宿リビン1F,https://tabelog.com/tokyo/A1306/A130601/13058121/
208,カフェ,林檎の樹,,東京都渋谷区上原3-23-3,https://tabelog.com/tokyo/A1318/A131811/13076512/
209,カフェ,オン ザ コーナー シブヤ,"営業時間
11:00～22:00(L.O.21:30)",東京都渋谷区宇田川町15-1 渋谷パルコ B1F,https://tabelog.com/tokyo/A1303/A130301/13241219/
210,カフェ,チョップコーヒーキャットストリート,"営業時間
11:00～19:00",東京都渋谷区神宮前5-11-13,https://tabelog.com/tokyo/A1306/A130601/13230260/
211,カフェ,タスヤード,"営業時間
［月～金］11:30～18:00(L.O.17:30)［土・日・祝］11:30～19:00(L.O.18:30)
日曜営業
定休日
無休",東京都渋谷区千駄ヶ谷3-3-14 メゾンブランシュ　１０１,https://tabelog.com/tokyo/A1306/A130601/13020498/
212,カフェ,ストリーマー コーヒーカンパニー SHIBUYA,"営業時間
[月～金]8:00～20:00[土・日・祝]9:00～20:00
日曜営業
定休日
不定休",東京都渋谷区渋谷1-20-28 1F,https://tabelog.com/tokyo/A1303/A130301/13109635/
213,カフェ,ブラッスリー・サリュー,"営業時間
不定SNSや、店舗へご確認をお願いいたします。
日曜営業
定休日
不定休",東京都渋谷区千駄ヶ谷4-5-11 SuSLOB北参道 1F,https://tabelog.com/tokyo/A1304/A130403/13283471/
214,カフェ,セルリアンタワー東急ホテル エグゼクティブラウンジ,"営業時間
営業時間	7:00～22:00朝食　7:00～10:00ティータイム　10:00～22:00（コーヒー、紅茶や小菓子をご用意しております。）アフタヌーンティー　14:00～16:00カクテルタイム　17:00～19:30
定休日
無休",東京都渋谷区桜丘町26-1 セルリアンタワー東急 35F,https://tabelog.com/tokyo/A1303/A130301/13222322/
215,カフェ,珈琲館 渋谷店,"営業時間
[月～金]8:00～20:00[土・日・祝]10:00～19:00
日曜営業
定休日
無休",東京都渋谷区渋谷2-15-1,https://tabelog.com/tokyo/A1303/A130301/13087112/
216,カフェ,カフェ・ミケランジェロ,"営業時間
【平　日】11:00～21:15(L.O.)／22:00 CLOSE【土日祝】10:30～21:15(L.O.)／22:00 CLOSE　※ドリンクのご注文は10:30～、お食事のご注文は11:00～承ります
日曜営業
定休日
水曜日",東京都渋谷区猿楽町29-3,https://tabelog.com/tokyo/A1303/A130303/13003369/
217,カフェ,珈琲茶館 集 原宿表参道店,"営業時間
10:00～22:00(L.O.21:30)
日曜営業
定休日
無休",東京都渋谷区神宮前1-13-11 大西ビル　Ｂ１,https://tabelog.com/tokyo/A1306/A130601/13045118/
218,カフェ,ソルビンカフェ 原宿店,"営業時間
月〜日•祝　11:00〜20:00(L.O)
日曜営業
定休日
無し",東京都渋谷区神宮前4-31-11 2F,https://tabelog.com/tokyo/A1306/A130601/13288418/
219,カフェ,L.C.d.B,"営業時間
11:30～19:00
日曜営業
定休日
火曜日",東京都渋谷区代官山町15-8,https://tabelog.com/tokyo/A1303/A130303/13001764/
220,カフェ,BGM,"営業時間
9:00～17:00
日曜営業
定休日
無休",東京都渋谷区広尾5-1-31,https://tabelog.com/tokyo/A1307/A130703/13254620/
221,カフェ,Cafe MUSE Bar,,東京都渋谷区恵比寿1-8-18 K-1ビル 2F,https://tabelog.com/tokyo/A1303/A130302/13212521/
222,カフェ,果茶果酒,"営業時間
12:00～:18:00(L.O17:30)
日曜営業
定休日
無休",東京都渋谷区神宮前3-22-11,https://tabelog.com/tokyo/A1306/A130601/13252909/
223,カフェ,アンド ザ フリット - 広尾,"営業時間
11:00 - 21:00（2016年４月28日迄 土日祝10:00-20:00）
日曜営業
定休日
不定休",東京都渋谷区広尾5-16-1 北村60館 1F,https://tabelog.com/tokyo/A1307/A130703/13163010/
224,カフェ,niko and ... COFFEE TOKYO,"営業時間
12:00～20:00ﾌｰﾄﾞ　　L.O19:00ﾄﾞﾘﾝｸ　 L.O19:30
日曜営業
定休日
なし",東京都渋谷区神宮前6-12-20 niko and ... TOKYO,https://tabelog.com/tokyo/A1306/A130601/13174665/
225,カフェ,ＳＨＵ  渋谷店,"営業時間
09:00～23:00
日曜営業
定休日
無休",東京都渋谷区渋谷1-13-8 サカエビル 1F,https://tabelog.com/tokyo/A1303/A130301/13108463/
226,カフェ,テン,"営業時間
10:00～17:00
定休日
土曜日、日曜日、祝日",東京都渋谷区恵比寿1-9-2 STUDIO EBIS 2F,https://tabelog.com/tokyo/A1303/A130302/13076079/
227,カフェ,珈琲茶館 集 プレミアム渋谷駅前店,"営業時間
10:00～23:00
日曜営業
定休日
無休",東京都渋谷区道玄坂2-29-3 道玄坂共同ビル 1F・2F,https://tabelog.com/tokyo/A1303/A130301/13207618/
228,カフェ,rhythmcafe,"営業時間
[月～金]12：00～26：00[土・日]12：00～26：00
日曜営業
定休日
無休",東京都渋谷区宇田川町11-1 柳光ビル別館1F,https://tabelog.com/tokyo/A1303/A130301/13060725/
229,カフェ,猿田彦珈琲 The Bridge 原宿駅店,"営業時間
8:00～21:00
日曜営業
定休日
不定休",東京都渋谷区神宮前1-18-20 原宿駅 2F,https://tabelog.com/tokyo/A1306/A130601/13244982/
230,カフェ,アンセーニュダングル 原宿店,"営業時間
10:00～21:00
日曜営業
定休日
無休",東京都渋谷区千駄ヶ谷3-61-11 第二駒信ビル B1F,https://tabelog.com/tokyo/A1306/A130601/13007015/
231,カフェ,寺カフェ 代官山,"営業時間
［月］11:00～18:00［火～土］11:00～20:00［日］11:00～19:00
日曜営業
定休日
無休",東京都渋谷区恵比寿西1-33-15 EN代官山ビル 1F,https://tabelog.com/tokyo/A1303/A130303/13170867/
232,カフェ,café 1886 at Bosch,"営業時間
月-金8:30-19:00【L.O.】FOOD18:00/DRINK18:30土日祝11:00-19:00【L.O.】FOOD18:00/DRINK18:30※営業時間が変更となる場合がございます。詳しくはHPをご確認ください。
日曜営業
定休日
不定休",東京都渋谷区渋谷3-6-7,https://tabelog.com/tokyo/A1303/A130301/13186195/
233,カフェ,タリーズコーヒー 渋谷ファイヤー通り店,"営業時間
[月～土]7:30～22:00[日]8:00～22:00
日曜営業
定休日
無休",東京都渋谷区神南1-12-14,https://tabelog.com/tokyo/A1303/A130301/13183781/
234,カフェ,スターバックス・コーヒー 神宮前6丁目店,"営業時間
[月～金]7:00～22:00[土・日・祝]7:00～21:00
定休日
不定休",東京都渋谷区神宮前6-17-11,https://tabelog.com/tokyo/A1303/A130301/13056049/
235,カフェ,PLANT BASED TOKYO,"営業時間
【平日・土】11:00～23:00（L.O22:00）【日・祝】11:00～21:00 (L.O20:00)
日曜営業
定休日
無し",東京都渋谷区代々木2-7-2 FOOD HALL BLAST! TOKYO,https://tabelog.com/tokyo/A1304/A130401/13260410/
236,カフェ,The3rd.Shibuya,"営業時間
平日、土曜日　11:30〜22:00（21:00ラストオーダー）日曜日、祝日　11:30〜22:00（21:00ラストオーダー）【冬季休業のお知らせ】〜12/29(金) 通常営業12/30〜1/3 休業1/4(木)〜 通常営業
日曜営業
定休日
不定休",東京都渋谷区神泉町12-4 アーガス神泉ビル 4F,https://tabelog.com/tokyo/A1303/A130301/13244626/
237,カフェ,bar funico,"営業時間
［ランチ&カフェ］平日 11:00〜18:00土日祝 11:00〜17:00［ディナー&バー］平日 18:00〜24:00土日祝 17:00〜24:00
日曜営業
定休日
［ランチ&カフェ］火曜日　［ディナー＆バー］月曜日",東京都渋谷区上原1-19-7 上原ハウス 1F,https://tabelog.com/tokyo/A1318/A131811/13272854/
238,カフェ,ディーン&デルーカ カフェ 渋谷ストリーム店,"営業時間
7:00～21:00
日曜営業",東京都渋谷区渋谷3-21-3 渋谷ストリーム 2F,https://tabelog.com/tokyo/A1303/A130301/13225912/
239,カフェ,スターバックスコーヒー 恵比寿ファーストスクエア店,"営業時間
［月～金］7:00～21:00［土・日・祝］8:00～20:00
日曜営業
定休日
不定休",東京都渋谷区恵比寿1-18-14 恵比寿ファーストスクエア 1F,https://tabelog.com/tokyo/A1303/A130302/13175252/
240,カフェ,カフェ・ル・ポミエ,"営業時間
11:00～17:00
日曜営業
定休日
不定休",東京都渋谷区神宮前5-8-2 日本看護協会ビル 2F,https://tabelog.com/tokyo/A1306/A130602/13179166/
241,カフェ,カフェ マルリー,"営業時間
11:00～21:00",東京都渋谷区宇田川町15-1,https://tabelog.com/tokyo/A1303/A130301/13241220/
242,カフェ,VALLEY PARK STAND,"営業時間
※当面の間は営業時間に変更が生じる場合がございます。詳細は公式Instagramに掲載いたします。 8:00 - 22:30 （L.O. 22:00）
日曜営業
定休日
不定休(ホテルに準ずる)",東京都渋谷区神宮前6-20-10 MIYASHITA PARK North 4F,https://tabelog.com/tokyo/A1303/A130301/13248192/
243,カフェ,LOTUS,"営業時間
11:00～23:00
日曜営業
定休日
無休",東京都渋谷区神宮前4-6-8,https://tabelog.com/tokyo/A1306/A130602/13005327/
244,カフェ,喫茶室ルノアール 渋谷宮下公園店,"営業時間
[月～金] 8:00～22:00[土・日・祝] 8:00～22:00
日曜営業
定休日
なし",東京都渋谷区渋谷1-16-14 渋谷地下鉄ビル2F,https://tabelog.com/tokyo/A1303/A130301/13129785/
245,カフェ,FIL#,"営業時間
[木・金]9:00～15:00 [火・水]9:00〜15:00  17:00〜20:00[土]11:30～20:00[日]11:30〜15:00日曜日は隔週営業基本は上記ですが、変更ありの為ご来店前にInstagramを確認下さい。
日曜営業
定休日
基本「月曜日」ではありますが、こちらも変更ありの為ご来店までにInstagramをご確認下さい。",東京都渋谷区西原1-7-8 ツインパレスK.I 1F,https://tabelog.com/tokyo/A1318/A131811/13235587/
246,カフェ,スターバックスコーヒー アトレ恵比寿店(2F),"営業時間
7:00～21:00［テイクアウト］7:00～22:30
日曜営業
定休日
無休",東京都渋谷区恵比寿南1-5-5 アトレ恵比寿 2F,https://tabelog.com/tokyo/A1303/A130302/13032339/
247,カフェ,ドトールコーヒーショップ 代々木店,"営業時間
［月～土］7:00～22:00［日・祝］8:00～21:00
日曜営業
定休日
無休",東京都渋谷区代々木1-36-6 代々木駅前ビル １Ｆ～Ｍ２Ｆ,https://tabelog.com/tokyo/A1304/A130403/13077913/
248,カフェ,薬膳&米粉カフェ やまのひつじ,"営業時間
11:30～15:00
日曜営業
定休日
月曜日・木曜日・金曜日",東京都渋谷区恵比寿西1-26-2,https://tabelog.com/tokyo/A1303/A130302/13204877/
249,カフェ,ダクトコーヒーラボ,"営業時間
10:00～19:30 (L.O 19:00)
日曜営業
定休日
不定休",東京都渋谷区恵比寿西1-33-18 コート代官山101,https://tabelog.com/tokyo/A1303/A130303/13226273/
250,カフェ,F&P Smoothie Cafe 青山店,"営業時間
8:00～21:00 (L.O.21:00)
定休日
無休",東京都渋谷区神宮前5-52-2 青山オーバルビル 1F,https://tabelog.com/tokyo/A1306/A130602/13172911/
251,カフェ,musch 渋谷宮下パーク店,"営業時間
[月～金]15:00～翌5:00[土・日・祝]13:00～翌5:00
日曜営業",東京都渋谷区神宮前6-19-17 GEMS神宮前 9F,https://tabelog.com/tokyo/A1303/A130301/13282997/
252,カフェ,PLAIN,,東京都渋谷区笹塚1-57-15,https://tabelog.com/tokyo/A1318/A131808/13049493/
253,カフェ,アニエスベー カフェ 渋谷店,"営業時間
11:00～20:00
日曜営業
定休日
無休",東京都渋谷区神宮前6-19-14,https://tabelog.com/tokyo/A1303/A130301/13249803/
254,カフェ,EBISU 青果堂,"営業時間
11:00～21:00※蔓延防止重点措置の為期間中は、11:00～20:00とさせていただいております
日曜営業
定休日
不定休",東京都渋谷区東3-26-4,https://tabelog.com/tokyo/A1303/A130302/13261000/
255,カフェ,モリバコーヒー 渋谷円山町,"営業時間
［月～金］6:45～21:30［土・日］7:00～21:30
日曜営業
定休日
無休",東京都渋谷区円山町28-3 いちご渋谷道玄坂ビル 1F,https://tabelog.com/tokyo/A1303/A130301/13116477/
256,カフェ,シアターコーヒー,"営業時間
【平日】 9:00～20:00【土日祝】11:00～20:00
日曜営業
定休日
不定休 (渋谷Hikarie施設営業に準ずる)",東京都渋谷区渋谷2-21-1 渋谷ヒカリエ 11F,https://tabelog.com/tokyo/A1303/A130301/13140362/
257,カフェ,TIKI+GOAL CAFE,,東京都渋谷区富ヶ谷1-53-3,https://tabelog.com/tokyo/A1318/A131810/13007437/
258,カフェ,恵比寿ガーデンカフェ,,東京都渋谷区恵比寿4-20-3 恵比寿ガーデンプレイスタワー ３Ｆ,https://tabelog.com/tokyo/A1303/A130302/13154598/
259,カフェ,Meals,"営業時間
11:30～18:30(L.O.17:30)
定休日
水曜日",東京都渋谷区富ヶ谷1-17-5 2F,https://tabelog.com/tokyo/A1318/A131810/13218047/
260,カフェ,コピカリアン 東京店,"営業時間
11:00 ～ 20:00(L.O 19:00)
日曜営業
定休日
無休",東京都渋谷区神宮前6-15-14 ガーデンスクエア原宿 1F,https://tabelog.com/tokyo/A1306/A130601/13254728/
261,カフェ,カフェ バルネ,"営業時間
18:00～23:00
日曜営業
定休日
月曜日、木曜日",東京都渋谷区富ヶ谷1-2-12 田崎ビル 1F,https://tabelog.com/tokyo/A1318/A131810/13152800/
262,カフェ,河出書房新社 ふみくら,"営業時間
10:00～18:30(L.O)
定休日
土曜・日曜・祝日",東京都渋谷区千駄ヶ谷2-32-2 １Ｆ,https://tabelog.com/tokyo/A1309/A130901/13120808/
263,カフェ,レピドール,"営業時間
12:00〜20:00
日曜営業
定休日
月曜日",東京都渋谷区神宮前1-16-5,https://tabelog.com/tokyo/A1306/A130601/13051448/
264,カフェ,タリーズコーヒー  東急プラザ渋谷店,,東京都渋谷区道玄坂1-2-3 東急プラザ渋谷 4F,https://tabelog.com/tokyo/A1303/A130301/13242114/
265,カフェ,Cafe Tram,"営業時間
水曜〜日曜13:00～19:00(19時〜26時はバー営業）
日曜営業
定休日
月曜／火曜休　（祝日の場合は営業）",東京都渋谷区恵比寿西1-7-13 スイングビル 2F,https://tabelog.com/tokyo/A1303/A130302/13170379/
266,カフェ,TOWER　RECORDS　CAFE 表参道店,"営業時間
LUNCH TIME 11:00 - 17:00DINNER TIME 17:00 - 23:00
定休日
不定休",東京都渋谷区神宮前6-3-9 井門原宿ビル 2F,https://tabelog.com/tokyo/A1306/A130601/13176942/
267,カフェ,ラファ TOKYO,"営業時間
[月～金] 12:00～19:30[土・日・祝] 12:00～19:00
日曜営業
定休日
無休",東京都渋谷区千駄ヶ谷3-1-6 コモンガーデン原宿北参道 1F,https://tabelog.com/tokyo/A1306/A130601/13170893/
268,カフェ,ウッドベリーコーヒーロースターズ 渋谷店,"営業時間
月曜日8：30-19：00（FOOD L.O.18:00 DRINK L.O.18:30）
日曜営業
定休日
無休",東京都渋谷区渋谷東2-20-18,https://tabelog.com/tokyo/A1303/A130302/13231623/
269,カフェ,Good day for you 青山,"営業時間
[月～金]8:00～20:00[土・日・祝]10:00～19:00
日曜営業
定休日
無休",東京都渋谷区神宮前5-51-8 ラ･ポルト青山 1F,https://tabelog.com/tokyo/A1306/A130602/13267335/
270,カフェ,スターバックスコーヒー 代官山蔦屋書店,"営業時間
7:00～22:00
日曜営業
定休日
不定休",東京都渋谷区猿楽町17-5 蔦屋書店3号館 1F,https://tabelog.com/tokyo/A1303/A130303/13134654/
271,カフェ,ヴェルデ,"営業時間
12:00～20:00(L.O.19:30)
日曜営業
定休日
木曜日",東京都渋谷区恵比寿西1-20-8 コンド恵比寿 1F,https://tabelog.com/tokyo/A1303/A130302/13050095/
272,カフェ,CAFFE ANTOLOGIA,"営業時間
[月･火･水･木･金]11:00～22:30[土･祝]12:00～18:00
定休日
日曜日",東京都渋谷区富ヶ谷1-12-7 タムラビル　１Ｆ,https://tabelog.com/tokyo/A1318/A131810/13095002/
273,カフェ,CALLAS,"営業時間
19:00～翌3:00",東京都渋谷区富ヶ谷2-45-21,https://tabelog.com/tokyo/A1318/A131810/13155666/
274,カフェ,Bicerin 新宿タカシマヤ店,"営業時間
[月〜日・祝]11:00～19:30
日曜営業
定休日
なし",東京都渋谷区千駄ヶ谷5-24-2 新宿タカシマヤ 3F,https://tabelog.com/tokyo/A1304/A130403/13223589/
275,カフェ,エクセルシオールカフェ 千駄ヶ谷駅前店,"営業時間
平日　　7:00-22:00　　　（ラストオーダー21:30）土曜　　7:30-21:00　　　（ラストオーダー20:30）日祝　　8:00-21:00　　　（ラストオーダー20:30）
日曜営業",東京都渋谷区千駄ヶ谷1-35-14,https://tabelog.com/tokyo/A1309/A130901/13095955/
276,カフェ,YUSUAL,"営業時間
11:00～19:00",東京都渋谷区富ヶ谷1-19-1 2F,https://tabelog.com/tokyo/A1318/A131810/13288594/
277,カフェ,ティー スイーツ ラボ コンテナート 南新宿店,"営業時間
11:30～18:00(営業時間は時期により変動あり)
日曜営業
定休日
月曜日",東京都渋谷区代々木1-42-14 村野ビル 1F,https://tabelog.com/tokyo/A1304/A130403/13243138/
278,カフェ,珈琲館 初台オペラ通り店,"営業時間
平日 08:00〜21:30/ 土日祝 08:00〜21:301/8より、新型コロナウイルス感染防止対策のため、18:30閉店の短縮営業実施中です。
日曜営業
定休日
なし",東京都渋谷区本町1-4-11,https://tabelog.com/tokyo/A1318/A131807/13087113/
279,カフェ,OMOTESANDO BOX CAFE&SPACE,"営業時間
11：00～21：30(FOOD L.O.20:30 / DRINK L.O. 21:00)
日曜営業
定休日
不定休",東京都渋谷区神宮前5-13-2 パインアンダーフラット B1F,https://tabelog.com/tokyo/A1306/A130601/13197627/
280,カフェ,フォルカフェ 原宿店,"営業時間
[月～日]9:00～19:00(18:00お食事L.O. 18:30ドリンクL.O.)
日曜営業
定休日
不定休",東京都渋谷区神宮前6-12-18 WeWork Iceberg 1F,https://tabelog.com/tokyo/A1306/A130601/13234300/
281,カフェ,BAGGAGE,,東京都渋谷区神宮前3-14-17,https://tabelog.com/tokyo/A1306/A130601/13268796/
282,カフェ,ノナラパール ラフォーレ原宿,,東京都渋谷区神宮前1-11-6 ラフォーレ原宿 2F,https://tabelog.com/tokyo/A1306/A130601/13225670/
283,カフェ,マットコーヒー,"営業時間
11:45～21:00
日曜営業
定休日
月曜・木曜",東京都渋谷区東2-21-8,https://tabelog.com/tokyo/A1303/A130301/13230616/
284,カフェ,かふぇ茶色,"営業時間
12:30～19:00
日曜営業
定休日
火曜日",東京都渋谷区神宮前5-11-13 茶庵表参道 1F,https://tabelog.com/tokyo/A1306/A130601/13263089/
285,カフェ,モカカフェ,"営業時間
13:00～18:00
日曜営業
定休日
月曜日",東京都渋谷区猿楽町25-1 エディ代官山　１Ｆ,https://tabelog.com/tokyo/A1303/A130303/13124486/
286,カフェ,スターバックス・コーヒー 恵比寿ガーデンプレイス店,"営業時間
[月～金]7:00～22:00[土・日・祝]8:00～22:00
日曜営業
定休日
不定休",東京都渋谷区恵比寿4-20-3 恵比寿ガーデンプレイスタワー内,https://tabelog.com/tokyo/A1303/A130302/13093255/
287,カフェ,CAFE SANTA,"営業時間
12:00〜18:00
日曜営業
定休日
火曜日(祝日は営業、翌日休み予定)",東京都渋谷区神宮前4-22-12,https://tabelog.com/tokyo/A1306/A130601/13261709/
288,カフェ,ANNA’S by Landtmann,"営業時間
年末年始営業時間12/31 10:00～18:001/1 休業1/2 ・３　10:00～20:00★通常営業時間10：00～21：00
定休日
施設に準ずる",東京都渋谷区渋谷2-24-12 渋谷スクランブルスクエアショップ&レストラン 6F,https://tabelog.com/tokyo/A1303/A130301/13240528/
289,カフェ,アンティコ カフェアルアビス アトレ恵比寿店,"営業時間
7:00～23:00
日曜営業
定休日
無休",東京都渋谷区恵比寿南1-5-5 アトレ恵比寿 1F,https://tabelog.com/tokyo/A1303/A130302/13115463/
290,カフェ,ドトールコーヒーショップ 千駄ヶ谷一丁目店,"営業時間
［月～金］6:45～20:00［土・日・祝］7:45～20:00
日曜営業
定休日
無休",東京都渋谷区千駄ケ谷1-21-14,https://tabelog.com/tokyo/A1309/A130901/13086850/
291,カフェ,森の図書室,"営業時間
9:00～22:45",東京都渋谷区宇田川町23-3 渋谷第一勧銀ビル 8F,https://tabelog.com/tokyo/A1303/A130301/13265829/
292,カフェ,猿田彦珈琲 アトレ恵比寿店,"営業時間
8:00～22:30(L.O.22:00)",東京都渋谷区恵比寿南1-6-1 アトレ恵比寿 西館 1F,https://tabelog.com/tokyo/A1303/A130302/13194716/
293,カフェ,スターバックスコーヒー 渋谷ヒカリエShinQs店,"営業時間
7:30～21:00
日曜営業
定休日
不定休",東京都渋谷区渋谷2-21-1 渋谷ヒカリエ ShinQs B1F,https://tabelog.com/tokyo/A1303/A130301/13215599/
294,カフェ,SHARK COFFEE,"営業時間
8:00～19:00
日曜営業
定休日
なし",東京都渋谷区宇田川町2-1 渋谷ホームズ 1F,https://tabelog.com/tokyo/A1303/A130301/13283725/
295,カフェ,カウンターパート コーヒーギャラリー,"営業時間
【火／水／金／土／日】9:00～18:00
日曜営業
定休日
月曜日／木曜日",東京都渋谷区本町3-12-16,https://tabelog.com/tokyo/A1304/A130401/13190469/
296,カフェ,エクセルシオールカフェ 渋谷宇田川町店,,東京都渋谷区宇田川町25-11 江島屋ビル　1F,https://tabelog.com/tokyo/A1303/A130301/13086542/
297,カフェ,月光茶房,"営業時間
月に4回ほどの不定期営業
定休日
不定休",東京都渋谷区神宮前3-5-2 ＥＦビル　Ｂ１Ｆ,https://tabelog.com/tokyo/A1306/A130602/13010596/
298,カフェ,みみ,"営業時間
8:15～20:30
日曜営業
定休日
1/1のみ",東京都渋谷区初台1-34-6,https://tabelog.com/tokyo/A1318/A131807/13076257/
299,カフェ,キタサンドウコーヒー,"営業時間
［平日］8:00～19:00(L.O 18:30)［土日祝］10:00～18:00(L.O 17:30)
日曜営業
定休日
年末年始12/30,31,1/1.2.3",東京都渋谷区千駄ケ谷4-12-8 SSUビル 1F,https://tabelog.com/tokyo/A1304/A130403/13238931/
300,カフェ,ル・シァレ,"営業時間
10:00～18:00(L.O.17:30)
日曜営業
定休日
月曜日",東京都渋谷区富ケ谷2-43-13,https://tabelog.com/tokyo/A1318/A131810/13012557/
301,カフェ,カフェ・ルイジ,,東京都渋谷区神宮前4-31-1,https://tabelog.com/tokyo/A1306/A130601/13012566/
302,カフェ,BAL HARA,"営業時間
17:00～24:00
日曜営業
定休日
土曜日",東京都渋谷区恵比寿西2-21-13 Fビル 1F,https://tabelog.com/tokyo/A1303/A130303/13255675/
303,カフェ,カフェレストラン 泥人形,"営業時間
[月～金]9:00～19:00[土]10:00～18:00
日曜営業
定休日
日曜不定休",東京都渋谷区千駄ヶ谷4-20-2 B1F,https://tabelog.com/tokyo/A1304/A130403/13111716/
304,カフェ,ivy cafe&bar,"営業時間
11:30～2３：00
日曜営業
定休日
なし",東京都渋谷区代々木1-23-1,https://tabelog.com/tokyo/A1304/A130403/13258816/
305,カフェ,ドトールコーヒーショップ 代々木パーキングエリア店,"営業時間
7:00～18:00
日曜営業
定休日
無休",東京都渋谷区代々木神園町1-2 代々木パーキングエリア 2F,https://tabelog.com/tokyo/A1318/A131810/13151962/
306,カフェ,ブレックファースト＆ブランチ ジェイドファイブ,"営業時間
[火～日] 7:30～16:30(16:00LO)
日曜営業
定休日
月曜日(祝日の際は営業)、第1火曜日",東京都渋谷区広尾5-17-6,https://tabelog.com/tokyo/A1307/A130703/13166407/
307,カフェ,HealthyTOKYO CBD Shop&Cafe Harajuku,"営業時間
11:00-20:00
日曜営業
定休日
なし",東京都渋谷区神宮前3-27-14,https://tabelog.com/tokyo/A1306/A130601/13244241/
308,カフェ,ローランズ ソーシャルアンドスムージーショップ 原宿店,"営業時間
11:30～17:30",東京都渋谷区千駄ヶ谷3-54-15 ベルズ原宿ビル 1F,https://tabelog.com/tokyo/A1306/A130601/13209901/
309,カフェ,ポムポムプリンカフェ 原宿店,"営業時間
11:00～21:00
日曜営業
定休日
無休",東京都渋谷区神宮前1-7-1 CUTE CUBE HARAJUKU 3F,https://tabelog.com/tokyo/A1306/A130601/13174365/
310,カフェ,はまの屋パーラー 渋谷パルコ店,"営業時間
※臨時休業
日曜営業
定休日
不定休（渋谷PARCOの休館日に準する）",東京都渋谷区宇田川町15-1 渋谷パルコ B1F,https://tabelog.com/tokyo/A1303/A130301/13241243/
311,カフェ,uni,"営業時間
11:00～20:00",東京都渋谷区神宮前5-10-1 GYRE 4F,https://tabelog.com/tokyo/A1306/A130601/13248343/
312,カフェ,めぐたま,"営業時間
12:00～22:00(L.O.21:00)
日曜営業
定休日
月曜日、祝日",東京都渋谷区東3-2-7 1F,https://tabelog.com/tokyo/A1303/A130302/13165323/
313,カフェ,カフェアンドミール ムジ 渋谷西武,"営業時間
11:00～21:00",東京都渋谷区宇田川町21-1 西武渋谷店　Movida（モヴィーダ）館 2F,https://tabelog.com/tokyo/A1303/A130301/13162873/
314,カフェ,オチャ ルーム アシタ イトウエン,"営業時間
10:00～21:00(L.O.20:00)
日曜営業
定休日
渋谷スクランブルスクエアの休日に準ずる",東京都渋谷区渋谷2-24-12 渋谷スクランブルスクエア 10F,https://tabelog.com/tokyo/A1303/A130301/13240777/
315,カフェ,２-３Cafe,"営業時間
ランチ 11:45～16:00カフェ 11:45～23:00ディナー 18:00～23:00 (土日祝20:00まで)※土日祝のディナータイムも、ご予約可ランチ営業、日曜営業
日曜営業
定休日
無休（2011/12/14現在）",東京都渋谷区猿楽町24-1 ROOB2 １F,https://tabelog.com/tokyo/A1303/A130303/13126011/
316,カフェ,紅茶専門店THESIER,"営業時間
12:00-20:00(貸切23：00までご相談可)
日曜営業
定休日
不定休",東京都渋谷区代官山町10-1 代官山町ビル B1F,https://tabelog.com/tokyo/A1303/A130303/13247493/
317,カフェ,THE LATTE TOKYO,"営業時間
［月～金］8:00～19:00［土・日・祝］10:00～18:00
日曜営業
定休日
無休",東京都渋谷区神山町3-3 T’S GREEN 101,https://tabelog.com/tokyo/A1318/A131810/13193059/
318,カフェ,ベーカリーカフェ 426,"営業時間
9:00~21:00 (L.O.)20:30",東京都渋谷区神宮前4-26-18 原宿ピアザビル　１Ｆ・２Ｆ,https://tabelog.com/tokyo/A1306/A130601/13012976/
319,カフェ,サンマルクカフェ 恵比寿駅前店,"営業時間
7:00～23:00
日曜営業
定休日
なし",東京都渋谷区恵比寿西1-8-8 ライオンズマンション小川恵比寿 1F,https://tabelog.com/tokyo/A1303/A130302/13112405/
320,カフェ,Baluko Café 代々木上原店,"営業時間
8:45～20:00
日曜営業
定休日
無休",東京都渋谷区上原3-29-2,https://tabelog.com/tokyo/A1318/A131811/13234040/
321,カフェ,くまちゃん温泉 おやすみ処,,東京都渋谷区渋谷1-8-10,https://tabelog.com/tokyo/A1303/A130301/13275144/
322,カフェ,The Unknown Cafe Gallery Harajuku,"営業時間
11:00～23:00
日曜営業",東京都渋谷区神宮前6-6-2 原宿べルピア 1F,https://tabelog.com/tokyo/A1306/A130601/13282780/
323,カフェ,ドルチェマリリッサ 表参道,"営業時間
11：00～20：00
日曜営業
定休日
年末年始(12/31～1/3)",東京都渋谷区神宮前5-2-23,https://tabelog.com/tokyo/A1306/A130602/13250508/
324,カフェ,ドトールコーヒーショップ 渋谷1丁目店,"営業時間
[月～金]07:00 - 22:00　[土]　　07:30 - 22:00　[日・祝]07:30 - 22:00
日曜営業",東京都渋谷区渋谷1-14-15 森ビル1.2F,https://tabelog.com/tokyo/A1303/A130301/13040123/
325,カフェ,ミカサデコ&カフェ 神宮前,"営業時間
OPEN／CLOSE平日 11:00-18:00 (L.O17:00)土日祝 10:00-19:00 (L.O18:00)
日曜営業
定休日
12/31（金）～ 1/3（水）",東京都渋谷区神宮前6-13-2,https://tabelog.com/tokyo/A1306/A130601/13244998/
326,カフェ,カフェ・アプレミディ,"営業時間
[日・水～土] 11:30～23:30(L.O.22:30)[火] 11:30～19:00(L.O.18:30)
定休日
月曜(祝日の場合は翌日)",東京都渋谷区神南1-9-11 インタービル2 5F,https://tabelog.com/tokyo/A1303/A130301/13004498/
327,カフェ,オーマイカフェ TOKYO,,東京都渋谷区神宮前4-30-3 東急プラザ表参道原宿 3F,https://tabelog.com/tokyo/A1306/A130601/13236647/
328,カフェ,mimet,"営業時間
11:30～22:30
日曜営業
定休日
水曜日",東京都渋谷区富ヶ谷1-9-20 コシゴエビル 1F,https://tabelog.com/tokyo/A1318/A131810/13280643/
329,カフェ,ティー バックス,,東京都渋谷区恵比寿西2-12-14,https://tabelog.com/tokyo/A1303/A130303/13225068/
330,カフェ,アンペア,,東京都渋谷区渋谷2-6-6 Good Morning Building 1F,https://tabelog.com/tokyo/A1303/A130301/13203315/
331,カフェ,人間関係 cafe de copain,"営業時間
9:00～23:15（フードL.O22:45 ドリンクL.O22:45）
日曜営業
定休日
元旦",東京都渋谷区宇田川町16-12,https://tabelog.com/tokyo/A1303/A130301/13012683/
332,カフェ,Tamitu,"営業時間
【月〜日・祝】11:00〜20:00(フードL.O 19:30)
日曜営業
定休日
ビル休館日に準ずる",東京都渋谷区神宮前5-10-1 GYRE B1F,https://tabelog.com/tokyo/A1306/A130601/13277419/
333,カフェ,uRn. chAi&TeA 恵比寿店,"営業時間
9:30～20:00
日曜営業",東京都渋谷区恵比寿1-22-23 ヴェラハイツ恵比寿 1F,https://tabelog.com/tokyo/A1303/A130302/13263325/
334,カフェ,スターバックス・コーヒー 渋谷マークシティ店,"営業時間
7:00～23:00
日曜営業
定休日
不定（渋谷マークシティに準ずる）",東京都渋谷区道玄坂1-12-3 渋谷マークシティ イースト 3F,https://tabelog.com/tokyo/A1303/A130301/13033030/
335,カフェ,変なカフェ,"営業時間
【月～日】11:00～18:00【ラストオーダー】17:45
日曜営業
定休日
テナント営業日に準ずる",東京都渋谷区神南1-21-3 渋谷モディ B1F,https://tabelog.com/tokyo/A1303/A130301/13217848/
336,カフェ,ジェラート ピケ カフェ クレープリー アトレ恵比寿店,"営業時間
10:00～21:00",東京都渋谷区恵比寿南1-6-1 アトレ恵比寿西館 2F,https://tabelog.com/tokyo/A1303/A130302/13197181/
337,カフェ,青山壹番館 渋谷店,,東京都渋谷区東1-4-27,https://tabelog.com/tokyo/A1303/A130301/13013016/
338,カフェ,カフェ ボニーニ 恵比寿店,"営業時間
[月～日]8:00～20:0019:30LO
日曜営業
定休日
無休",東京都渋谷区恵比寿南1-4-15 恵比寿銀座クロスビル 1F,https://tabelog.com/tokyo/A1303/A130302/13244404/
339,カフェ,備屋珈琲店 恵比寿店,"営業時間
［月～土］11:00～21:00［日・祝］11:00～20:00
日曜営業
定休日
無休",東京都渋谷区恵比寿4-4-11,https://tabelog.com/tokyo/A1303/A130302/13014332/
340,カフェ,茶茶の間,"営業時間
13:00～(L.O.16:30)
日曜営業
定休日
月曜日、火曜日、水曜日",東京都渋谷区神宮前5-13-14 表参道SKビル1F,https://tabelog.com/tokyo/A1306/A130601/13043546/
341,カフェ,Nadoya no katte,"営業時間
［金・土・日・祝］9:00～18:00
日曜営業
定休日
月曜日、火曜日、水曜日、木曜日",東京都渋谷区西原3-19-3,https://tabelog.com/tokyo/A1318/A131811/13261747/
342,カフェ,エクセルシオールカフェ 渋谷マークシティー店,"営業時間
7:00～23:00
日曜営業
定休日
無休（渋谷マークシティに準ずる）",東京都渋谷区道玄坂1-12-5 渋谷マークシティーウエスト 4F,https://tabelog.com/tokyo/A1303/A130301/13049311/
343,カフェ,モンキー カフェ,"営業時間
10:00～19:00
日曜営業",東京都渋谷区猿楽町12-8,https://tabelog.com/tokyo/A1303/A130303/13175597/
344,カフェ,カフェ ライライ,"営業時間
11:00～17:00
定休日
木曜日、日曜日",東京都渋谷区西原2-28-1,https://tabelog.com/tokyo/A1318/A131807/13227268/
345,カフェ,京都 茶寮翠泉 渋谷パルコ店,"営業時間
11:30～22:00（L.O.21:15）
日曜営業
定休日
なし（施設に準ずる）",東京都渋谷区宇田川町15-1 渋谷パルコ・ヒューリックビル B1F,https://tabelog.com/tokyo/A1303/A130301/13257717/
346,カフェ,雅,"営業時間
[火～土]モーニングタイム　 9：00～11：30ランチタイム 　 11：30～14：30コーヒータイム　14：30～19：00アルコールタイム19：00～24：00(23：00L.O)[日]モーニングタイム　 9：00～11：30ランチタイム 　 11：30～14：30コーヒータイム　14：30～19：00
定休日
月曜日",東京都渋谷区笹塚2-11-8 泰山荘 1F,https://tabelog.com/tokyo/A1318/A131808/13139193/
347,カフェ,オーバカナル 原宿店,"営業時間
[月～日]11:00～22:00(L.O.21:00)
日曜営業
定休日
施設に準ずる",東京都渋谷区神宮前1-14-30 WITH HARAJUKU 3F,https://tabelog.com/tokyo/A1306/A130601/13248775/
348,カフェ,5 クロスティーズ コーヒー 渋谷スクランブルスクエア店,"営業時間
[月～金]8:00～20:00[土日祝]11:00～18:00
日曜営業
定休日
無休",東京都渋谷区渋谷2-24-12 渋谷スクランブルスクエア 東棟 17F,https://tabelog.com/tokyo/A1303/A130301/13240367/
349,カフェ,飲料研究室 渋谷本店,,東京都渋谷区渋谷1-1-11 サン青山ビル 2F,https://tabelog.com/tokyo/A1303/A130301/13256068/
350,カフェ,TAILORED CAFE SHIBUYA,"営業時間
11:00～20:00（L.O. 19:30）",東京都渋谷区宇田川町21-1 西武渋谷店P館 1F CHOOSEBASE SHIBUYA,https://tabelog.com/tokyo/A1303/A130301/13263614/
351,カフェ,リンツ ショコラ ブティック＆カフェ 渋谷店,"営業時間
10:00～22:00
日曜営業
定休日
年中無休（年末年始を除く）",東京都渋谷区渋谷1-25-6,https://tabelog.com/tokyo/A1303/A130301/13144489/
352,カフェ,カフェフレンズ,"営業時間

日曜営業",東京都渋谷区代々木神園町3-1 センター棟　２Ｆ,https://tabelog.com/tokyo/A1318/A131810/13012556/
353,カフェ,クアトロ ラボ,"営業時間
11:30-23:00
日曜営業
定休日
元旦",東京都渋谷区宇田川町15-1,https://tabelog.com/tokyo/A1303/A130301/13241228/
354,カフェ,スターバックス コーヒー 東急プラザ表参道原宿店,"営業時間
8:30～23:00
定休日
不定休(東急プラザ 表参道原宿の営業に準ずる)",東京都渋谷区神宮前4-30-3 東急プラザ 表参道原宿 RF,https://tabelog.com/tokyo/A1306/A130601/13138878/
355,カフェ,かんな,,東京都渋谷区千駄ヶ谷5-23-7,https://tabelog.com/tokyo/A1304/A130401/13161342/
356,カフェ,カフェ・ベローチェ 松濤店,"営業時間
7:00～23:00
日曜営業",東京都渋谷区松濤1-5-1 マストライフ松濤　１Ｆ,https://tabelog.com/tokyo/A1303/A130301/13043643/
357,カフェ,まるカフェ,"営業時間
月～金　　11:30～ 14:30
定休日
土曜日、日曜日、祝日",東京都渋谷区初台1-11-12,https://tabelog.com/tokyo/A1318/A131807/13108660/
358,カフェ,ホテル ドラッグス,"営業時間
10:00～17:00
定休日
土曜日、日曜日、祝日",東京都渋谷区神宮前2-12-3,https://tabelog.com/tokyo/A1306/A130603/13218883/
359,カフェ,ドトールコーヒ―ショップ 恵比寿1丁目店,"営業時間
［月～金］6:45～22:00［土］7:30～22:00［日・祝］7:30～21:30
日曜営業
定休日
無休",東京都渋谷区恵比寿1-11-1 DK恵比寿ビル 1F・2F,https://tabelog.com/tokyo/A1303/A130302/13172097/
360,カフェ,レアレアティー,,東京都渋谷区神宮前4-26-28 ファンファンビル 2F,https://tabelog.com/tokyo/A1306/A130601/13232573/
361,カフェ,UPLIGHT COFFEE,"営業時間
9:00-21:00 (L.O. 20:30)
日曜営業
定休日
無休",東京都渋谷区渋谷2-23-16 東口地下広場 B2F,https://tabelog.com/tokyo/A1303/A130301/13240139/
362,カフェ,art cafe Friends,"営業時間
モーニング［木曜・金曜］8:30~10:30ランチ［月〜金］11:45〜16:00コンサート　18:00〜OPEN　　　　　　19:30〜PLAY
定休日
不定休",東京都渋谷区恵比寿南1-7-8 恵比寿サウス・ワン B1F,https://tabelog.com/tokyo/A1303/A130302/13096902/
363,カフェ,百万本のバラ,"営業時間
［月～金］11:30～14:0017:00～(お客様の入りにより変動)［土］17:00～(お客様の入りにより変動)
定休日
日曜日",東京都渋谷区東2-23-2,https://tabelog.com/tokyo/A1303/A130301/13151259/
364,カフェ,オン・サンデイズ,"営業時間
11:00～20:00[水]11:00～21:00
日曜営業",東京都渋谷区神宮前3-7-6,https://tabelog.com/tokyo/A1306/A130603/13054624/
365,カフェ,NOTE cafe,"営業時間
10:00～20:00
日曜営業
定休日
無休",東京都渋谷区渋谷2-10-15 B1F,https://tabelog.com/tokyo/A1303/A130301/13284200/
366,カフェ,カフェ・ディ・エスプレッソ 参宮橋店,"営業時間
平日 07:30〜20:00 / 土日祝 08:00〜18:00
日曜営業
定休日
無休",東京都渋谷区代々木4-6-5 u.s.ビル 1F,https://tabelog.com/tokyo/A1318/A131810/13043275/
367,カフェ,ヒルサイドカフェ,"営業時間
11:00～19:00
日曜営業
定休日
月曜日",東京都渋谷区猿楽町18-8 ヒルサイドテラスF棟 1F,https://tabelog.com/tokyo/A1303/A130303/13014341/
368,カフェ,エスタシオン カフェ,"営業時間
8：00-24:00（L.O　23:30）*8：00-10：00は一部ドリンクのみのご提供となります。【12月30日～1月3日】10:00～22:00（L.O21:30）
日曜営業
定休日
無休",東京都渋谷区道玄坂1-12-2 渋谷マークシティ 渋谷エクセルホテル東急 5F,https://tabelog.com/tokyo/A1303/A130301/13014168/
369,カフェ,カフェ ヨルム 原宿,"営業時間
全日　11：00～19：00（無休♡年末年始と３ヶ月に１日程度お休み致します。）
日曜営業
定休日
無休♡　火曜日の定休日はなくなりました♡",東京都渋谷区神宮前1-21-15 ATMビル 2F,https://tabelog.com/tokyo/A1306/A130601/13225946/
370,カフェ,ゲット ベター コーヒー＆サンドイッチ,"営業時間
［月・火・金・土・日］8:00～14:0015:00～18:00［水］8:00～15:00
日曜営業
定休日
木曜日",東京都渋谷区本町2-7-9,https://tabelog.com/tokyo/A1318/A131807/13228471/
371,カフェ,グッドフェローズ,"営業時間
12:00～16:0018:00～翌5:00
定休日
日曜日",東京都渋谷区円山町7-11 梅北ビル 3F,https://tabelog.com/tokyo/A1303/A130301/13156028/
372,カフェ,エクセルシオール カフェ 渋谷公園通り店,"営業時間
[月～金]7:30～23:00[土・日・祝]8:00～22:50
日曜営業
定休日
無休",東京都渋谷区神南1-20-12 遠山ビル,https://tabelog.com/tokyo/A1303/A130301/13040125/
373,カフェ,アイビー,"営業時間
ランチ 平日 11:00～14:30くつろぎメニュー 平日15:00～20:00（L.O.）土休日11:00～20:00（L.O.）
日曜営業",東京都渋谷区本町3-8-10,https://tabelog.com/tokyo/A1304/A130401/13123418/
374,カフェ,サンマルクカフェ 渋谷道玄坂店,"営業時間
7:00～23:00
日曜営業
定休日
無休",東京都渋谷区道玄坂2-29-8 道玄坂センタービル 2F,https://tabelog.com/tokyo/A1303/A130301/13168224/
375,カフェ,スターバックスコーヒー 渋谷2丁目店,"営業時間
7:00～22:00
日曜営業
定休日
不定休",東京都渋谷区渋谷2-9-8 日総第25ビル,https://tabelog.com/tokyo/A1303/A130301/13212184/
376,カフェ,スターバックスコーヒー 渋谷フクラス店,"営業時間
7:00～22:00
日曜営業
定休日
不定休",東京都渋谷区道玄坂1-2-3 渋谷フクラス 1F,https://tabelog.com/tokyo/A1303/A130301/13240624/
377,カフェ,ブルーボトルコーヒー 恵比寿カフェ,"営業時間
8:00～21:00
日曜営業",東京都渋谷区恵比寿南1-5-5 アトレ恵比寿 本館 1F,https://tabelog.com/tokyo/A1303/A130302/13236526/
378,カフェ,uba coffee,,東京都渋谷区本町2-4-4 ART HOTELS SHIBUYA,https://tabelog.com/tokyo/A1318/A131807/13275086/
379,カフェ,フリーマン食堂,"営業時間
[火～金] 12:00～15:00 18:00～22:00[土・日・祝] 12:00～22:00
定休日
月",東京都渋谷区西原2-27-4,https://tabelog.com/tokyo/A1318/A131807/13252896/
380,カフェ,ザ デック コーヒー&パイ,"営業時間
[月～金]9:00〜20:00[土・日]9:00～19:00
日曜営業
定休日
不定休",東京都渋谷区千駄ヶ谷3-53-17,https://tabelog.com/tokyo/A1304/A130403/13155903/
381,カフェ,キャンバス トウキョウ,"営業時間
［ 月 - 金 ］10:00-18:00 ［ 土日祝 ］  8:30-19:00
日曜営業
定休日
不定休",東京都渋谷区広尾5-19-6,https://tabelog.com/tokyo/A1307/A130703/13188537/
382,カフェ,サロンド ルイ ジュエリーカフェ,"営業時間
11:00～20:00",東京都渋谷区猿楽町2-8,https://tabelog.com/tokyo/A1303/A130301/13243025/
383,カフェ,Cafe & Bar Switch,"営業時間
日曜日定休月曜～土曜　１８：００～翌３：００
定休日
不定期にお休みする場合がございます",東京都渋谷区円山町1-2 UKフラッツビル 2F,https://tabelog.com/tokyo/A1303/A130301/13205540/
384,カフェ,セガフレード・ザネッティ 広尾ガーデンヒルズ店,"営業時間
[月～金] 7:30～21:30(L.O.21:00) [土・日・祝] 8:00～20:00(L.O.19:30)
日曜営業
定休日
年末年始",東京都渋谷区広尾4-1-11 広尾ガーデンヒルズ H棟H4,https://tabelog.com/tokyo/A1307/A130703/13186538/
385,カフェ,BIEN-ETRE MAISON,"営業時間
11:00～19:30
日曜営業",東京都渋谷区上原1-17-11 3F,https://tabelog.com/tokyo/A1318/A131811/13271828/
386,カフェ,スターバックス・コーヒー 新宿南口店,"営業時間
［月～金］7:00～21:00 ［土］7:30～21:00［日・祝］7:30～20:30
日曜営業
定休日
年中無休",東京都渋谷区代々木2-13-8 エスト新宿ビル 1Ｆ,https://tabelog.com/tokyo/A1304/A130401/13032595/
387,カフェ,CHIMNEY COFFEE 渋谷本店,"営業時間
8:30〜19:00",東京都渋谷区桜ヶ丘町25-18 ＮＴ渋谷ビル 1F,https://tabelog.com/tokyo/A1303/A130301/13260521/
388,カフェ,石井珈琲,"営業時間
［月～土］11:00～20:00［日・祝］13:00～19:00
日曜営業
定休日
無休",東京都渋谷区西原3-4-5,https://tabelog.com/tokyo/A1318/A131811/13013264/
389,カフェ,Cafe9,"営業時間
12:00～17:00
定休日
土曜日・日曜日",東京都渋谷区円山町1-5 Kinohaus 1F,https://tabelog.com/tokyo/A1303/A130301/13205894/
390,カフェ,ガーデンラウンジ 坐忘,"営業時間
10:00～22:00 (フード＆デザート20:30L.O. / ドリンク21:30L.O.)
日曜営業
定休日
無休",東京都渋谷区桜丘町26-1 セルリアンタワー東急ホテル LBF,https://tabelog.com/tokyo/A1303/A130301/13012588/
391,カフェ,うのまち珈琲店 渋谷店,"営業時間
11:00～20:00(L.O.19:00)
日曜営業
定休日
不定休",東京都渋谷区宇田川町21-1 西武渋谷店 A館 B2F カジュアルレストラン街 セタンジュ,https://tabelog.com/tokyo/A1303/A130301/13261515/
392,カフェ,茶和,"営業時間
11:00～23:00
定休日
土曜日、日曜日",東京都渋谷区恵比寿1-9-5 EBISUマルトビル 1F,https://tabelog.com/tokyo/A1303/A130302/13152958/
393,カフェ,穏田珈琲,"営業時間
8:30～20:00（L.O.19:30）",東京都渋谷区神宮前4-13-2 HAP表参道ビル B1F,https://tabelog.com/tokyo/A1306/A130602/13272805/
394,カフェ,GG Shibuya ｍobile esports cafe&bar,"営業時間
営業時間以下の通りです。営業時間：11:00〜21:00ラストオーダー：20:00
日曜営業
定休日
不定休",東京都渋谷区宇田川町15-1 渋谷PARCO 6F,https://tabelog.com/tokyo/A1303/A130301/13240962/
395,カフェ,スターバックス・コーヒー 渋谷文化村通り店,"営業時間
7:00～22:00
日曜営業
定休日
不定休",東京都渋谷区道玄坂2-25-6 ホリウチビル 1F・2F,https://tabelog.com/tokyo/A1303/A130301/13033515/
396,カフェ,スターバックスコーヒー 表参道神宮前4丁目店,"営業時間
[月～金]7:00～22:30　[土・日・祝]8:00～22:00
日曜営業
定休日
不定休",東京都渋谷区神宮前4-3-4 東京ソワール表参道ビル,https://tabelog.com/tokyo/A1306/A130602/13128935/
397,カフェ,ドトールコーヒーショップ  フレンテ笹塚店,"営業時間
[月～土]7:00～22:00[日・祝] 7:30～21:00
日曜営業
定休日
無休",東京都渋谷区笹塚1-47-1 メルクマール京王笹塚 1F,https://tabelog.com/tokyo/A1318/A131808/13180891/
398,カフェ,タリーズコーヒー エビススバルビル店,"営業時間
[月～金]7:30～19:00[土・日]8:00～18:00
日曜営業
定休日
無休",東京都渋谷区恵比寿1-20-8 エビススバルビル 1F,https://tabelog.com/tokyo/A1303/A130302/13171954/
399,カフェ,Paradise Lounge,"営業時間
10:00〜22:30（最終入場21:30）
日曜営業
定休日
施設規定に順ずる",東京都渋谷区渋谷2-24-12 渋谷スクランブルスクエア 46F,https://tabelog.com/tokyo/A1303/A130301/13240140/
400,カフェ,シガニー ベイク コーヒー,"営業時間
11:30～
日曜営業
定休日
火曜日、水曜日",東京都渋谷区上原1-17-7 フレニティハウス 2F,https://tabelog.com/tokyo/A1318/A131811/13240596/
401,カフェ,モシャカフェ,,東京都渋谷区幡ヶ谷3-37-10,https://tabelog.com/tokyo/A1318/A131807/13137703/
402,カフェ,リキューム 原宿店,"営業時間
［月～金］13:00～20:00［土・日・祝］11:00～19:00
日曜営業
定休日
不定休",東京都渋谷区神宮前1-14-2 原宿ル・ポンテビル 1F,https://tabelog.com/tokyo/A1306/A130601/13236413/
403,カフェ,NOA COFFEE 原宿店,"営業時間
8:00～22:00
日曜営業
定休日
無し",東京都渋谷区神宮前1-17-5,https://tabelog.com/tokyo/A1306/A130601/13055769/
404,カフェ,ドトールコーヒーショップ 渋谷センター街店,"営業時間
7:00-22:00",東京都渋谷区宇田川町28-2 ニュー渋谷ビル　1F,https://tabelog.com/tokyo/A1303/A130301/13111180/
405,カフェ,MLESNA TEA,"営業時間
11:00～19:00
日曜営業
定休日
木曜定休日",東京都渋谷区大山町46-10 J'sビル代々木大山 1F,https://tabelog.com/tokyo/A1318/A131811/13258520/
406,カフェ,チョップコーヒー,"営業時間
[金・土・日]12:00～18:00テイクアウトはインスタグラムを確認
日曜営業
定休日
月曜日、火曜日、水曜日、木曜日",東京都渋谷区神宮前5-44-12,https://tabelog.com/tokyo/A1306/A130602/13215499/
407,カフェ,春水堂 代官山店,"営業時間
11:00～21:00
日曜営業
定休日
不定休",東京都渋谷区代官山町20-9 アクシス209代官山 1F,https://tabelog.com/tokyo/A1303/A130303/13158685/
408,カフェ,CAFE THE KNOT,"営業時間
[月・水～金]10:00～17:00 (L.O)[土・日・祝]10:00～18:00 (L.O)※祝日が火曜日の場合はお休みです
日曜営業
定休日
火曜日",東京都渋谷区神南1-8-11 The OneFive Tokyo Shibuya 2F,https://tabelog.com/tokyo/A1303/A130301/13278866/
409,カフェ,プロント 渋谷東武ホテル店,"営業時間
10:00～23:00
日曜営業
定休日
無休",東京都渋谷区宇田川町3-1 渋谷東武ホテル 1F,https://tabelog.com/tokyo/A1303/A130301/13184154/
410,カフェ,アイランド・ヴィンテージ・コーヒー 表参道店,"営業時間
10:00～20:00
日曜営業
定休日
無休",東京都渋谷区神宮前6-1-10 富士鳥居ビル 2F,https://tabelog.com/tokyo/A1306/A130601/13178497/
411,カフェ,サクラカフェ幡ヶ谷,"営業時間
24時間営業・年中無休5：00～11：00　モーニング　バイキング　食べ放題24時間　お食事＆お酒ご利用可※お食事グランドメニューの提供は20時ラストオーダーとなっております。（20時以降はドリンク・軽食のみのご提供）
日曜営業
定休日
無休",東京都渋谷区幡ヶ谷1-32-3,https://tabelog.com/tokyo/A1318/A131807/13108340/
412,カフェ,ブックカフェディズ,,東京都渋谷区鶯谷町15-10 ロイヤルパレス渋谷 1F,https://tabelog.com/tokyo/A1303/A130301/13146658/
413,カフェ,バイ ミー スタンド,"営業時間
8:00～17:00(L.O.16:00)",東京都渋谷区東1-31-19 マンション並木橋 202,https://tabelog.com/tokyo/A1303/A130301/13189783/
414,カフェ,スターバックス・コーヒー 渋谷ファイヤー通り店,"営業時間
[月～土] 07:30～22:00[日・祝] 08:00～22:00
日曜営業
定休日
不定休",東京都渋谷区神南1-12-10,https://tabelog.com/tokyo/A1303/A130301/13033669/
415,カフェ,Cafe Coteau,"営業時間
[月～金]10:00～19:00[土・日・祝]9:00～19:00
日曜営業
定休日
無休",東京都渋谷区代官山町14-18 B1F,https://tabelog.com/tokyo/A1303/A130303/13270382/
416,カフェ,ストリーマーコーヒーカンパニー 原宿店,"営業時間
[月～金]9:00～18:00[土・日・祝]11:00～18:00",東京都渋谷区神宮前3-28-19,https://tabelog.com/tokyo/A1306/A130601/13134344/
417,カフェ,杜のテラス 2nd,"営業時間
2022年5月9:00～18:10(L.O.17:40)
日曜営業
定休日
無休",東京都渋谷区代々木神園町1-1 FOREST TERRACE 明治神宮,https://tabelog.com/tokyo/A1306/A130601/13258790/
418,カフェ,発酵デリカテッセン カフェテリア Kouji&ko,"営業時間
[月～日]10:30〜19:30(LO 19:00)
日曜営業
定休日
新宿高島屋に準じる",東京都渋谷区千駄ヶ谷5-24-2 新宿高島屋 8F,https://tabelog.com/tokyo/A1304/A130403/13202315/
419,カフェ,ドトールコーヒーショップ 代々木八幡店,"営業時間
月～金：7:20 - 20:00(L.O19:30)土・日・祝：8:00 - 20:00(L.O19:30)
日曜営業
定休日
無休",東京都渋谷区富ヶ谷1丁目52-1,https://tabelog.com/tokyo/A1318/A131810/13059380/
420,カフェ,茶珈堂,"営業時間
[月～土]  9:00～18:00[日・祝]11:00～18:00
日曜営業
定休日
なし",東京都渋谷区渋谷4-4-25 IVYHALL 1F,https://tabelog.com/tokyo/A1303/A130301/13264075/
421,カフェ,ハンモック,"営業時間
11:30～19:30
日曜営業
定休日
水曜日",東京都渋谷区神南1-21-14,https://tabelog.com/tokyo/A1303/A130301/13017842/
422,カフェ,名曲喫茶ライオン,"営業時間
13:00～20:00
日曜営業
定休日
無休",東京都渋谷区道玄坂2-19-13,https://tabelog.com/tokyo/A1303/A130301/13001723/
423,カフェ,ザ コーヒー ハンガー,"営業時間
9:00～18:00
定休日
土曜日、日曜日、祝日",東京都渋谷区東1-1-38,https://tabelog.com/tokyo/A1303/A130301/13160730/
424,カフェ,コメダ珈琲店 新宿文化クイントビル店,"営業時間
7:00～23:00
日曜営業
定休日
無休",東京都渋谷区代々木3-22-7 新宿文化クイントビル 1F,https://tabelog.com/tokyo/A1304/A130401/13289067/
425,カフェ,MOJA in the HOUSE,"営業時間
ーーーーー通常営業時間11:00〜23:00（フードL.O. 22:00 / ドリンクL.O.22:30）平日の「ワッフルチキン」の販売を14時からとさせていただいてます。（＊土・日・祝日はこれまで通り、11:00からの販売となります。）ーーーーー【年末年始営業時間】12/30：11:00〜17:0012/31〜1/3：休業1/4：11:00〜17:00　
日曜営業
定休日
定休日無し 　（大晦日31日・元旦1日2日3日はお休み）",東京都渋谷区渋谷1-11-1 2F,https://tabelog.com/tokyo/A1303/A130301/13166764/
426,カフェ,スターバックスコーヒー 渋谷cocoti店,,東京都渋谷区渋谷1-23-16 cocoti SHIBUYA,https://tabelog.com/tokyo/A1303/A130301/13238481/
427,カフェ,デリカテッセン ヤマブキ,"営業時間
10:00〜20:00
日曜営業
定休日
1月1日・ 2月 第4週目の日曜日",東京都渋谷区恵比寿4-20-7 恵比寿ガーデンプレイス センタープラザ B2F,https://tabelog.com/tokyo/A1303/A130302/13270708/
428,カフェ,カフェ・フォリオ,"営業時間
11:00～22:00
日曜営業
定休日
第1・3水曜日",東京都渋谷区猿楽町23-3 鳥居ビル B1F,https://tabelog.com/tokyo/A1303/A130303/13012517/
429,カフェ,フルミナ,"営業時間
［月火水木金土］12:00〜17:00 (LO16:30)
定休日
昼喫茶:日　水曜日は別メニューです。ご来店前一度インスタグラムをご覧ください",東京都渋谷区渋谷2-8-10 ビルグーテ青山 3F,https://tabelog.com/tokyo/A1303/A130301/13253667/
430,カフェ,TREE by NAKED meiji park,"営業時間
月曜日～日曜日　8:00～18:00 (LO:17:30)
日曜営業
定休日
年末年始",東京都渋谷区神宮前2-2-39 THE COURT 神宮外苑 1F,https://tabelog.com/tokyo/A1306/A130603/13283518/
431,カフェ,コメダ珈琲店 渋谷宮益坂上店,"営業時間
7:00～22:30
日曜営業
定休日
無休",東京都渋谷区渋谷1-6-5 SK青山ビル 1F・2F,https://tabelog.com/tokyo/A1303/A130301/13197967/
432,カフェ,Camelback sandwich&espresso,"営業時間
9:00～18:00",東京都渋谷区神山町42-2,https://tabelog.com/tokyo/A1318/A131810/13176685/
433,カフェ,松涛カフェ 本店,"営業時間
[火]12:00～18:00(売り切れ次第close)[日・祝]11:00～18:00(売り切れ次第close)
日曜営業
定休日
月曜日",東京都渋谷区松涛1-29-24 松涛郵便局 1F,https://tabelog.com/tokyo/A1303/A130301/13215570/
434,カフェ,パニーニ一番,"営業時間
9:00～19：00年末年始も通常通り営業いたします
日曜営業
定休日
月・火（但し祝日の月曜は営業）",東京都渋谷区千駄ヶ谷1-21-3,https://tabelog.com/tokyo/A1304/A130403/13156338/
435,カフェ,&t cafe,,東京都渋谷区神宮前4-22-18 LEAF表参道 1F,https://tabelog.com/tokyo/A1306/A130601/13260463/
436,カフェ,タリーズコーヒー 渋谷ソラスタ店,"営業時間
[月～金]7:00～21:00 [土・日・祝]9:00～19:00
日曜営業
定休日
お盆",東京都渋谷区道玄坂1-21-1 渋谷ソラスタ 1F,https://tabelog.com/tokyo/A1303/A130301/13235442/
437,カフェ,SOPHIA COFFEE,"営業時間
7:00～18:00",東京都渋谷区恵比寿西2-21-15 代官山ポケットパーク 1F,https://tabelog.com/tokyo/A1303/A130303/13284563/
438,カフェ,タリーズコーヒー 渋谷スクランブルスクエア店,"営業時間
10:00～21:00",東京都渋谷区渋谷2-24-12 渋谷スクランブルスクエア 9F,https://tabelog.com/tokyo/A1303/A130301/13240809/
439,カフェ,ヒロマンズコーヒー,"営業時間
11:00～19:00(L.O.18:30)",東京都渋谷区神宮前3-18-12,https://tabelog.com/tokyo/A1306/A130601/13215376/
440,カフェ,BEANS&BEANS ぽえむ,"営業時間
11:00～20:00
日曜営業
定休日
不定休（笹塚ショッピングモールに準ずる）",東京都渋谷区笹塚1-48-14 笹塚ショッピングモールTWENTY ONE 2F,https://tabelog.com/tokyo/A1318/A131808/13274071/
441,カフェ,nephew,"営業時間
[火～日]10:00～17:0019:00～翌1:00※蔓延防止措置期間10:00～17:0017:00～20:00
日曜営業
定休日
月曜日",東京都渋谷区富ヶ谷1-7-2,https://tabelog.com/tokyo/A1318/A131810/13258613/
442,カフェ,ワーキングホリデー・コネクション 原宿・表参道店,"営業時間
〇平日12：00～22：00（LO21：00）〇土曜・日曜・祝日11：00～22：00（LO21：00）
日曜営業
定休日
なし",東京都渋谷区神宮前4-31-10 YMスクウェア原宿 2F,https://tabelog.com/tokyo/A1306/A130601/13197801/
443,カフェ,AmPm 原宿竹下通り店,"営業時間
11:00～19:00(L.O.18:30)
日曜営業
定休日
無休",東京都渋谷区神宮前1-16-6 原宿77ビル 2F,https://tabelog.com/tokyo/A1306/A130601/13261943/
444,カフェ,ドトールコーヒーショップ 渋谷3丁目北店,"営業時間
[月～金]7:00～21:00[土]7:30～19:00[日]8:00～19:00
定休日
無休",東京都渋谷区渋谷3-6-2 エクラート渋谷ビル,https://tabelog.com/tokyo/A1303/A130301/13090949/
445,カフェ,キャピタルコーヒー 渋谷 東急フードショー店,"営業時間
10:00～21:00
定休日
不定休(渋谷マークシティに準ずる)",東京都渋谷区道玄坂1-12-3 渋谷マークシティ B1F,https://tabelog.com/tokyo/A1303/A130301/13154463/
446,カフェ,カフェ．ド．ラ．フォンテーヌ,"営業時間
12:00～20:00
定休日
土曜日、日曜日、祝日",東京都渋谷区円山町23-2 ラ・フォンテーヌビル 1F,https://tabelog.com/tokyo/A1303/A130301/13075865/
447,カフェ,タリーズコーヒー 日本赤十字社医療センター店,"営業時間
［月～金］7:00～20:00［土曜日］11:00～19:00［日・祝］11:00～19:00
定休日
無休",東京都渋谷区広尾4-1-22,https://tabelog.com/tokyo/A1303/A130302/13127772/
448,カフェ,パパスカフェ 新宿高島屋店,"営業時間
10:30～19:30（L.O.19:00）
日曜営業
定休日
不定休（高島屋に準ずる）",東京都渋谷区千駄ヶ谷5-24-2 新宿タカシマヤ 7F,https://tabelog.com/tokyo/A1304/A130401/13017381/
449,カフェ,ash zero waste cafe & bar,"営業時間
12:00～24:00
日曜営業
定休日
なし（年始休業あり）",東京都渋谷区神南1-5-2 川村ビル 1F,https://tabelog.com/tokyo/A1303/A130301/13272707/
450,カフェ,SHIBUYA BOX CAFE＆SPACE,"営業時間
[月〜日・祝]10:00〜21:00
日曜営業
定休日
なし",東京都渋谷区宇田川町21-1 渋谷ロフト 2F,https://tabelog.com/tokyo/A1303/A130301/13217251/
451,カフェ,ドリップバー コーヒー アンド クラフツ,"営業時間
11:00～18:00
日曜営業
定休日
月曜日",東京都渋谷区恵比寿南3-2-7 PENCIL AND PAPER,https://tabelog.com/tokyo/A1303/A130302/13195574/
452,カフェ,エクセルシオール カフェ 笹塚南口店,,東京都渋谷区笹塚1-29-10 プレジール笹塚 1F,https://tabelog.com/tokyo/A1318/A131808/13269033/
453,カフェ,春水堂 表参道店,"営業時間
11:00～20:00(フードL.O 19:30)
日曜営業
定休日
なし",東京都渋谷区神宮前4-28-11,https://tabelog.com/tokyo/A1306/A130601/13166604/
454,カフェ,レインボー・ローフード,"営業時間
[火・水　Rainbow Rawfoodとして運営 ランチ　11:０0〜15：00（L.O.14:30）[ 月〜土 ] HEMP CAFE TOKYO として運営ディナータイム　17:00 - 23:00 (L.O.22:00)
定休日
ランチ　木曜日から月曜日　（Rainbow Rawfood)ディナー　日曜　（Hemp Cafe Tokyo)",東京都渋谷区東3-17-14 クリスティエビス 8～9F,https://tabelog.com/tokyo/A1303/A130302/13163053/
455,カフェ,コメ カフェ アンド オサム バー,"営業時間
11:30～13:3018:00～翌1:00
日曜営業
定休日
月曜日",東京都渋谷区鶯谷町8-10 代官山トゥエルブ2 2F-A,https://tabelog.com/tokyo/A1303/A130302/13174961/
456,カフェ,ナチュラルスタンス,"営業時間
11:00～23:00（L.O.22：30）
日曜営業
定休日
年中無休（12/31、1/1のみ休み）",東京都渋谷区神宮前3-21-10 フィールドワンビル B1F,https://tabelog.com/tokyo/A1306/A130601/13157563/
457,カフェ,ザ サルーン,"営業時間
[水～金]19:00～翌1:00[土・日]11:00～17:00
日曜営業
定休日
月曜日、火曜日、2023年1月28日～2023年2月7日臨時休業",東京都渋谷区西原3-4-5 アミティ代々木上原 3F,https://tabelog.com/tokyo/A1318/A131811/13221221/
458,カフェ,カフェ＆レストラン マーブル,"営業時間
7:00～10:30（L.O.）：ご朝食10:30～22:00（L.O.21:30)：喫茶・お食事
日曜営業
定休日
年中無休",東京都渋谷区恵比寿西1-9-5 ホテルエクセレント恵比寿　２Ｆ,https://tabelog.com/tokyo/A1303/A130302/13090483/
459,カフェ,エフカフェ f.cafe,,東京都渋谷区代々木2-11-2 由井ビル  1Ｆ,https://tabelog.com/tokyo/A1304/A130401/13212306/
460,カフェ,The Holiday LOUNGE,"営業時間
11:00～19:00（LO18:30）
日曜営業
定休日
不定休",東京都渋谷区恵比寿西1-4-5,https://tabelog.com/tokyo/A1303/A130302/13261365/
461,カフェ,シャルマン 道玄坂店,"営業時間
［月～金］9:00～19:00
定休日
日曜日、祝日、土曜日",東京都渋谷区道玄坂1-18-7 第二仁科屋ビル 1F,https://tabelog.com/tokyo/A1303/A130301/13041604/
462,カフェ,Tokyo Kenkyo,"営業時間
8:00～18:00 (L.O17:30)
日曜営業
定休日
毎週月曜日・第２火曜日・不定休",東京都渋谷区南平台町7-9 2F,https://tabelog.com/tokyo/A1303/A130301/13178629/
463,カフェ,imperfect 表参道,"営業時間
11:00～20:00
日曜営業
定休日
表参道ヒルズに準ずる",東京都渋谷区神宮前4-12-10,https://tabelog.com/tokyo/A1306/A130602/13235914/
464,カフェ,PEANUTS Cafe SUNNY SIDE kitchen,"営業時間
OPEN/ 9:00 - CLOSE/ 21:30（L.O. 20:30）
日曜営業
定休日
不定休　※施設に準ずる",東京都渋谷区神宮前1-14-30,https://tabelog.com/tokyo/A1306/A130601/13260699/
465,カフェ,Cafe 椿,"営業時間
10:30～17:00
日曜営業
定休日
美術館休館日に準ずる",東京都渋谷区広尾3-12-36 山種美術館内,https://tabelog.com/tokyo/A1303/A130302/13098102/
466,カフェ,トモキッチン,"営業時間
［月～水］11:00～14:00［木・金］11:00～14:0017:30～19:00（お惣菜販売のみ営業）※土曜日不定期営業※完売次第、閉店させていただきます。
定休日
日曜・祝日",東京都渋谷区初台1-11-2,https://tabelog.com/tokyo/A1318/A131807/13188811/
467,カフェ,パドラーズコーヒー 西原本店,"営業時間
7:30～17:00",東京都渋谷区西原2-26-5,https://tabelog.com/tokyo/A1318/A131807/13181016/
468,カフェ,スターバックスコーヒー 渋谷スクランブルスクエア店,"営業時間
10:00～21:00",東京都渋谷区渋谷2-24-12 渋谷スクランブルスクエア 11F,https://tabelog.com/tokyo/A1303/A130301/13240689/
469,カフェ,ムー,"営業時間
9:00～18:30(L.O.18:00)",東京都渋谷区神宮前3‐21‐17,https://tabelog.com/tokyo/A1306/A130601/13284252/
470,カフェ,かんてんぱぱカフェ 初台店,"営業時間
10:00～19:00 （喫茶11:00～18:30/ランチ11:00～14:30）
定休日
月曜日",東京都渋谷区初台1-32-24,https://tabelog.com/tokyo/A1318/A131807/13054441/
471,カフェ,ドトールコーヒーショップ 渋谷井の頭通り店,"営業時間
平日 7:30-22:00土曜 8:00-22:00日曜/祝日 8:00-21:00
日曜営業
定休日
無休",東京都渋谷区宇田川町36‐6,https://tabelog.com/tokyo/A1303/A130301/13126844/
472,カフェ,LUG Hatagaya,"営業時間
《お酒再開》モーニング&ランチ 8:00～15:00カフェ 15:00〜17:00ディナー 17:00〜23:00（LO food22:00/drink22:30)※酒類提供同一グループ同一テーブル4名様まで5名様以上はワクチン接種済み証明確認8時から22時まで提供可
日曜営業
定休日
月曜日、毎月第3火曜日",東京都渋谷区幡ヶ谷2-19-1 カーサ幡ヶ谷 1F,https://tabelog.com/tokyo/A1318/A131807/13122023/
473,カフェ,リトル クラウド コーヒー,"営業時間
11:00～20:00
日曜営業
定休日
不定休(GYREに準ずる)",東京都渋谷区神宮前5-10-1 GYRE 2F,https://tabelog.com/tokyo/A1306/A130601/13178671/
474,カフェ,9+,"営業時間
※コロナ感染防止協力のため時間変更の場合がありますので、詳細はお問い合わせ頂くことをお勧めいたします。
日曜営業
定休日
不定休",東京都渋谷区代々木5-38-6 1F,https://tabelog.com/tokyo/A1318/A131810/13216314/
475,カフェ,2foods 渋谷ロフト店,"営業時間
[月～木・日]11:00～21:00(L.O20：00)　　[金・土・祝日前]11:00～22:30(L.Oフード21:30、ドリンク 22:00)
日曜営業
定休日
無休 ※渋谷ロフトの営業時間に準じます",東京都渋谷区宇田川町21-1 渋谷ロフト 2F,https://tabelog.com/tokyo/A1303/A130301/13258147/
476,カフェ,HauS Bake&Cafe,"営業時間
[月・火・日]7:00～18:00 (L.O.17:00)[水～土]7:00～23:00(L.O.22:00)
日曜営業
定休日
無休",東京都渋谷区広尾5-17-6  河上ビル 1F,https://tabelog.com/tokyo/A1307/A130703/13272330/
477,カフェ,ザリガニカフェ,"営業時間
［月〜土］12:00〜23:30（L.O 22:30）ランチタイム12:00〜17:00 （月〜金）［日］12:00〜23:00 （L.O 22:00）
日曜営業
定休日
不定休",東京都渋谷区宇田川町6-11 １ＦＣ号室,https://tabelog.com/tokyo/A1303/A130301/13009386/
478,カフェ,椿屋カフェ フレンテ笹塚店,"営業時間
10:00～21:00［モーニング］10:00～11:00
日曜営業
定休日
無休",東京都渋谷区笹塚1-47-1 フレンテ笹塚 2F,https://tabelog.com/tokyo/A1318/A131808/13180346/
479,カフェ,並木橋ジャンプコーヒー,"営業時間
8:00～20:00
日曜営業",東京都渋谷区渋谷3-15-6,https://tabelog.com/tokyo/A1303/A130301/13286948/
480,カフェ,カフェ・ド・クリエ 南新宿店,"営業時間
［月～金］7:00～21:00［土・日・祝］9:00～19:00
日曜営業
定休日
年中無休",東京都渋谷区代々木2-12-1 記録映画社ビル 1F,https://tabelog.com/tokyo/A1304/A130401/13047817/
481,カフェ,ルノアール 恵比寿東口店,"営業時間

日曜営業",東京都渋谷区恵比寿1-13-10 恵比寿壱番館 1F,https://tabelog.com/tokyo/A1303/A130302/13046328/
482,カフェ,ブックスバニー,,東京都渋谷区神宮前2-31-8 1F,https://tabelog.com/tokyo/A1309/A130901/13162538/
483,カフェ,トーキョー ファミリー レストラン,"営業時間
[月・水・金]LUNCH 12:00～15:00 | L.O. 14:30DINNER 18:00~23:00 | L.O. 22:30
定休日
月・火・土・日",東京都渋谷区東1-3-1 カミニート20 3F,https://tabelog.com/tokyo/A1303/A130301/13032569/
484,カフェ,カフェ ハピネス,,東京都渋谷区神宮前6-9-3,https://tabelog.com/tokyo/A1306/A130601/13184839/
485,カフェ,ブリティッシュ インディアン カフェ1930,"営業時間
【営業時間】11:30〜22:00(L.O.21:00） [平日ランチ] 11:30〜16:00(L.O.) [休日ランチ] 11:30〜15:00(L.O.)年末年始営業時間2022/12/30-11:30-17:02023/01/02-01/05 11:30 -18:002023/01/06通常営業いたします
日曜営業
定休日
なし (12/31. 1/1休業)",東京都渋谷区神宮前3-27-7,https://tabelog.com/tokyo/A1306/A130601/13045977/
486,カフェ,盆栽自転車店,"営業時間
11:00～15:30
定休日
不定休",東京都渋谷区千駄ヶ谷4-11-8,https://tabelog.com/tokyo/A1309/A130901/13131388/
487,カフェ,宮越屋珈琲 恵比寿店,"営業時間
10:00～22:00(L.O.21:30)
日曜営業
定休日
不定休（恵比寿ガーデンプレイスに準ずる）",東京都渋谷区恵比寿4-20-7 恵比寿ガーデンプレイス センタープラザ B1F,https://tabelog.com/tokyo/A1303/A130302/13077126/
488,カフェ,ヒグマドーナッツ×コーヒーライツ,"営業時間
11:00～18:00
日曜営業
定休日
水曜日",東京都渋谷区神宮前4-9-13,https://tabelog.com/tokyo/A1306/A130602/13226926/
489,カフェ,天狼院カフェ SHIBUYA,"営業時間
11:00～21:00(L.O.20:30)
日曜営業
定休日
無休",東京都渋谷区神宮前6-20-10 RAYARD MIYASHITA PARK South 3F,https://tabelog.com/tokyo/A1303/A130301/13249488/
490,カフェ,ドトールコーヒーショップ 初台北口店,,東京都渋谷区本町1丁目2-3,https://tabelog.com/tokyo/A1318/A131807/13051015/
491,カフェ,ハーブス 渋谷ヒカリエ シンクス店,"営業時間
11:00～20:00(L.O.)料理19:00(L.O.)イートイン19:30
日曜営業",東京都渋谷区渋谷2-21-1 渋谷ヒカリエ ShinQs 4F,https://tabelog.com/tokyo/A1303/A130301/13140158/
492,カフェ,WEP waffle&coffee,"営業時間
8:30～17:00
日曜営業
定休日
火曜日",東京都渋谷区神山町25-17,https://tabelog.com/tokyo/A1318/A131801/13282082/
493,カフェ,カフェ・ベローチェ 南新宿店,"営業時間
7:00～23:00
日曜営業
定休日
無休",東京都渋谷区代々木2-7-3 第7荒井ビル 1F,https://tabelog.com/tokyo/A1304/A130401/13077914/
494,カフェ,365cafe 西武渋谷店,"営業時間
10：00～20：00※ラストオーダー　閉店の30分前※年末年始も営業（西武渋谷店の営業時間に準ずる）
日曜営業
定休日
無休（西武渋谷店に準ずる）",東京都渋谷区宇田川町21-1 西武渋谷店 A館 4F,https://tabelog.com/tokyo/A1303/A130301/13259653/
495,カフェ,TEA GATE COFFEE,"営業時間
［月・水～日］10:30～19:00
日曜営業
定休日
火曜日",東京都渋谷区恵比寿1-22-23 ヴェラハイツ恵比寿 1F,https://tabelog.com/tokyo/A1303/A130302/13274070/
496,カフェ,MID ミッドダイニング,"営業時間
11:30～20:00(L.O.19:00)
日曜営業
定休日
火曜日",東京都渋谷区元代々木55-7 桜苑ビル　1F,https://tabelog.com/tokyo/A1318/A131810/13045886/
497,カフェ,スターバックス・コーヒー 新宿マインズタワー店,"営業時間
［月～金］7:00～20:30［土・日・祝］8:00〜20:30
日曜営業
定休日
不定",東京都渋谷区代々木2-1-1 新宿マインズタワー 1F,https://tabelog.com/tokyo/A1304/A130401/13033019/
498,カフェ,ティールーム・ビーグル,"営業時間

日曜営業
定休日
火曜日、水曜日",東京都渋谷区西原3-23-6 Ｋ’ｓ　ＳＱＵＡＲＥ,https://tabelog.com/tokyo/A1318/A131811/13022153/
499,カフェ,東京スネークセンター,"営業時間
11:00～20:00
日曜営業
定休日
火曜日（祝日の場合は営業）",東京都渋谷区神宮前6-5-6 サンポウ綜合ビル 8F,https://tabelog.com/tokyo/A1306/A130601/13185466/
500,カフェ,WOODBERRY COFFEE 代官山店,"営業時間
8:00～17:00
日曜営業
定休日
無休",東京都渋谷区恵比寿南3-7-1 代官山島田ビル 1F,https://tabelog.com/tokyo/A1303/A130303/13199435/
501,カフェ,No.,"営業時間
9:00～17:0018:00～24:00",東京都渋谷区上原1-32-3 CABO uehara 1F,https://tabelog.com/tokyo/A1318/A131811/13286453/
502,カフェ,猿田彦珈琲 渋谷道玄坂店,"営業時間
[月～日]7:30～22:00
定休日
不定休",東京都渋谷区道玄坂2-25-12 道玄坂通,https://tabelog.com/tokyo/A1303/A130301/13288449/
503,カフェ,プンクト,"営業時間
8:00～17:00
定休日
土曜日、日曜日",東京都渋谷区代々木2-12-3 プーク人形劇場 1F,https://tabelog.com/tokyo/A1304/A130401/13167322/
504,カフェ,ホットサンドカフェ フォレスト 代官山,"営業時間
[月]11:30～17:00(L.O)[火〜金]10:00～17:00(L.O)※営業時間変動の場合あり。[土・日・祝]8:00～17:00(L.O）
日曜営業
定休日
不定休",東京都渋谷区代官山町16-2,https://tabelog.com/tokyo/A1303/A130303/13251830/
505,カフェ,Roasted COFFEE LABORATORY 渋谷神南店,"営業時間
[全日]9:00 - 19:00※新型コロナウイルス感染拡大の影響に伴い、ベイクルーズグループの運営するフードブランドにおきまして当面の間、臨時休業および営業時間の変更をさせていただきます。各店舗の最新情報につきましては、公式HPにてご確認くださいませ。
日曜営業
定休日
不定休",東京都渋谷区神南1-6-3 神南フラッグ 1Ｆ,https://tabelog.com/tokyo/A1303/A130301/13196501/
506,カフェ,スターバックスコーヒー リンクスクエア新宿店,"営業時間
［月～金］7:00～21:00［土・日・祝］8:00～21:00
日曜営業
定休日
不定休",東京都渋谷区千駄ヶ谷5-27-5 リンクスクエア新宿 3F,https://tabelog.com/tokyo/A1304/A130401/13239127/
507,カフェ,カフェ ベローチェ 渋谷二丁目店,"営業時間
7:00～23:00
日曜営業",東京都渋谷区渋谷2-14-18 あいおい損保　渋谷ビル 1F,https://tabelog.com/tokyo/A1303/A130301/13093211/
508,カフェ,椿屋カフェ 渋谷店,"営業時間
[月～木、日祝]10:00-22:00[金土]10:00-22:30
日曜営業
定休日
なし",東京都渋谷区宇田川町25-4 東和渋谷ビル 2・3Ｆ,https://tabelog.com/tokyo/A1303/A130301/13093019/
509,カフェ,again,"営業時間
★通常営業時間★【火～金】OPEN 10:00 / CLOSE 19:00【土日・祝日】OPEN 11:00 / CLOSE 19:00
日曜営業
定休日
月曜日",東京都渋谷区恵比寿南3-3-1 ES33ビル 1F,https://tabelog.com/tokyo/A1303/A130302/13256207/
510,カフェ,HORAIYA,,東京都渋谷区神宮前2-19-10 原電ビル 1F,https://tabelog.com/tokyo/A1306/A130601/13263835/
511,カフェ,Cafe BOLT,"営業時間
9:00～19:00
日曜営業
定休日
無休",東京都渋谷区上原1-18-7 第五大貴ビル 1F,https://tabelog.com/tokyo/A1318/A131811/13265441/
512,カフェ,タリーズコーヒー 代々木駅北口店,"営業時間
［月～金］7:00～20:00［土］8:00～20:00［日・祝］9:00～19:00
日曜営業
定休日
無休",東京都渋谷区代々木1-36-1 オダカビル 1F,https://tabelog.com/tokyo/A1304/A130403/13044421/
513,カフェ,OMUSUBI CAFE,"営業時間
【月～金】11:00～15:30(LO15:00)16:30～20:30(LO20:00)【土・日・祝】11:00～20:30(LO20:00)
日曜営業
定休日
不定休",東京都渋谷区猿楽町3-7 ヘーベルSTAY代官山 1F,https://tabelog.com/tokyo/A1303/A130303/13215744/
514,カフェ,インクバイキャンバストウキョウ,"営業時間
土日祝 12:00~18:00(L.O.17:30)
日曜営業
定休日
不定休",東京都渋谷区代官山町11-12 日進ヒルズ代官山 1F,https://tabelog.com/tokyo/A1303/A130303/13216156/
515,カフェ,アネアカフェ 参宮橋店,"営業時間
ランチ11:30～15:00（L.O.）ディナー15:00～23:30（L.O.フード23:00　ドリンク　23:00）
日曜営業
定休日
無休",東京都渋谷区代々木4-10-4 レインボーパレス参宮橋　1Ｆ,https://tabelog.com/tokyo/A1318/A131810/13059104/
516,カフェ,アーモンド ホステル アンド カフェ,"営業時間
FOOD 11:30~21:00L.oDRINK 8:00～24:00　　　　　　　
日曜営業
定休日
年中無休",東京都渋谷区元代々木町1-7,https://tabelog.com/tokyo/A1318/A131810/13220406/
517,カフェ,小春日和 TOKYO,"営業時間
［火～金］11:00～19:00［土］8:00～19:00［日・祝］8:00～17:00
日曜営業
定休日
月曜日",東京都渋谷区富ヶ谷1-8-3 志田ビル 1F,https://tabelog.com/tokyo/A1318/A131810/13262579/
518,カフェ,グリーンベリーズコーヒー BLAST！TOKYO店,"営業時間
9:00～22:30
日曜営業
定休日
無休",東京都渋谷区代々木2-7-2,https://tabelog.com/tokyo/A1304/A130401/13234262/
519,カフェ,フリーマン カフェ,"営業時間
9:00～23:00(L.O22:00)		
日曜営業
定休日
不定休",東京都渋谷区渋谷1-16-14 メトロプラザ ２Ｆ,https://tabelog.com/tokyo/A1303/A130301/13124332/
520,カフェ,カフェ シェ・ダイゴ,,東京都渋谷区道玄坂2-24-1 東急百貨店本店 4F,https://tabelog.com/tokyo/A1303/A130301/13151668/
521,カフェ,シャルマン 本店,"営業時間
11:00～19:00
日曜営業
定休日
無休",東京都渋谷区松濤1-29-3,https://tabelog.com/tokyo/A1303/A130301/13086674/
522,カフェ,マーガレット・ハウエル ショップ＆カフェ,"営業時間
11:00～19:00(L.O.18:00)
日曜営業
定休日
不定休",東京都渋谷区神南1-13-8 パークアヴェニュー神南 1F,https://tabelog.com/tokyo/A1303/A130301/13014180/
523,カフェ,PAP.COFFEE,"営業時間
10:00～18:00
日曜営業
定休日
水曜日",東京都渋谷区神宮前1-10-6 セリジェ神宮前 1F,https://tabelog.com/tokyo/A1306/A130601/13289421/
524,カフェ,デュボワ,"営業時間
[火]      18:00〜22:00(L.O.)不定休[水〜金]11:30～15:00(L.O.)           18:00～22:00(L.O.)[土日祝]11:30～15:30(L.O.)           18:00～22:00(L.O.)
日曜営業
定休日
月曜（祝日の場合は営業）。※しばらくの間、火曜夜は不定休とさせて頂きます。",東京都渋谷区西原2-20-8 コーポ小沢 1F,https://tabelog.com/tokyo/A1318/A131807/13010640/
525,カフェ,ロイヤルガーデンカフェ 渋谷店,"営業時間
11:00～22:00(L.O.21:00)
日曜営業
定休日
無休",東京都渋谷区宇田川町4-3 ホテルユニゾ　２F,https://tabelog.com/tokyo/A1303/A130301/13109206/
526,カフェ,カタネカフェ,"営業時間
7:30～12:00
日曜営業
定休日
月曜・第1,3,5日曜",東京都渋谷区西原1-7-5 B1F,https://tabelog.com/tokyo/A1318/A131811/13043022/
527,カフェ,イット コーヒー,"営業時間
8:00～19:00
日曜営業
定休日
無休",東京都渋谷区恵比寿西1-34-28 代官山ファーストビル 1F 102,https://tabelog.com/tokyo/A1303/A130303/13220078/
528,カフェ,八屋,"営業時間
9:00～18:00
定休日
土日祝",東京都渋谷区千駄ヶ谷3-2-10 MiyamaBldg. 1F,https://tabelog.com/tokyo/A1306/A130601/13260934/
529,カフェ,スターバックス・コーヒー 明治神宮前メトロピア店,"営業時間
[月～金]7:00～22:30［土］8:00〜22:30[日・祝]8:00～22:00
日曜営業
定休日
不定休",東京都渋谷区神宮前1-18-22,https://tabelog.com/tokyo/A1306/A130601/13055599/
530,カフェ,ツイギー・カフェ,"営業時間
[月・木]10:00～19:00[水・金]11:00～20:00[土]11:00～19:00［日・祝］10:00～18:00
日曜営業
定休日
火曜日",東京都渋谷区神宮前3-35-7 3F,https://tabelog.com/tokyo/A1306/A130603/13203637/
531,カフェ,ベーグル＆ベーグル 恵比寿店,"営業時間
［月～金］7:30～21:00［土・日・祝］10:00～21:00※当面の間　時短営業　11:00～19:00
日曜営業
定休日
無休",東京都渋谷区恵比寿西1-2-7 恵比寿ＵＫビル　１Ｆ,https://tabelog.com/tokyo/A1303/A130302/13037903/
532,カフェ,神宮苑,"営業時間
11:00～19:00
定休日
日曜日",東京都渋谷区神宮前3-14-17,https://tabelog.com/tokyo/A1306/A130601/13162952/
533,カフェ,ヤネウラ バイ ティアード,"営業時間
［月〜金］ランチ12:00～1900　　　　ディナー19:00〜翌5:00(L.O.翌4:30)［土・日］ランチ12:00～1900　　　　ディナー19:00〜翌5:00(L.O.翌4:30)
日曜営業
定休日
無休",東京都渋谷区宇田川町26-11 白馬ビル 6F,https://tabelog.com/tokyo/A1303/A130301/13178390/
534,カフェ,アンド カフェ,,東京都渋谷区恵比寿4-20-2 恵比寿ガーデンプレイス 恵比寿ガーデンシネマ,https://tabelog.com/tokyo/A1303/A130302/13200588/
535,カフェ,セガフレード・ザネッティ・エスプレッソ 恵比寿プライムスクェア店,,東京都渋谷区広尾1-1-39 恵比寿プライムスクエアタワー 1F,https://tabelog.com/tokyo/A1303/A130302/13058051/
536,カフェ,珈琲茶館 集 プレミアムグランド渋谷店,"営業時間
10:00〜23:00
日曜営業
定休日
無休",東京都渋谷区宇田川町33-1 渋谷グランド東京ビル 2F,https://tabelog.com/tokyo/A1303/A130301/13244011/
537,カフェ,クリスティー,"営業時間
10:30～20:00
日曜営業
定休日
無休",東京都渋谷区神宮前1-16-1,https://tabelog.com/tokyo/A1306/A130601/13012953/
538,カフェ,樹安亭,,東京都渋谷区千駄ケ谷5-21-2,https://tabelog.com/tokyo/A1304/A130403/13089262/
539,カフェ,Rand cattleya cafe,"営業時間
9:00～19:00
定休日
不定休",東京都渋谷区神宮前4-24-3 神宮前コートC 1F,https://tabelog.com/tokyo/A1306/A130601/13281094/
540,カフェ,スターバックス コーヒー MIYASHITA PARK店,"営業時間
8:00～21:00
日曜営業
定休日
無休",東京都渋谷区神宮前6-20-10,https://tabelog.com/tokyo/A1303/A130301/13249404/
541,カフェ,メルティング イン ザ マウス,"営業時間
［月～金］12:00～20:00［土・日］11:00～20:30
日曜営業
定休日
無休",東京都渋谷区広尾5-17-10 MKビル 1F,https://tabelog.com/tokyo/A1307/A130703/13192574/
542,カフェ,KITASANDO COFFEE Lab.,,東京都渋谷区宇田川町21-1 西武渋谷店 P館 1F,https://tabelog.com/tokyo/A1303/A130301/13273955/
543,カフェ,ジンナンカフェ 渋谷,"営業時間
11:00～23:00（LO:22:00）
定休日
無休",東京都渋谷区神南1-17-5 クーラビル１F・B1F,https://tabelog.com/tokyo/A1303/A130301/13130801/
544,カフェ,デイアンドナイト,"営業時間
MORNING9:30～11:00DAY11:00～16:00 NIGHT16:00～21:00(L.O.20:30)
日曜営業
定休日
第3月曜日",東京都渋谷区恵比寿2-39-5,https://tabelog.com/tokyo/A1307/A130703/13189768/
545,カフェ,紅茶の店 Kenyan,"営業時間
11:30～22:00
日曜営業
定休日
無休",東京都渋谷区神南1-14-8 南部ビル 1Ｆ,https://tabelog.com/tokyo/A1303/A130301/13001780/
546,カフェ,喫茶バー ナイマ,"営業時間
12:00～17:00 17:00～翌3:00（バータイムは20:00～）
日曜営業
定休日
無休",東京都渋谷区上原3-2-2,https://tabelog.com/tokyo/A1318/A131811/13096668/
547,カフェ,ピエニヨキコーヒー,"営業時間
【月、水〜日】9:00～17:00（L.O.16:45）
日曜営業
定休日
火曜日",東京都渋谷区笹塚3-14-1,https://tabelog.com/tokyo/A1318/A131808/13190472/
548,カフェ,セガフレード・ザネッティ・エスプレッソ 新宿南口店,"営業時間
［月～金］7:30～22:30（L.O.22:00）［土・日・祝］9:00～22:30（L.O.22:00）
日曜営業
定休日
無休",東京都渋谷区代々木2-9-2 久保ビル 1Ｆ,https://tabelog.com/tokyo/A1304/A130401/13037730/
549,カフェ,スターバックスコーヒー 渋谷ストリーム店,"営業時間
7:00～22:30
日曜営業
定休日
不定休",東京都渋谷区渋谷3-21-3,https://tabelog.com/tokyo/A1303/A130301/13229433/
550,カフェ,HATTO COFFEE,"営業時間
9:00～19:30(L.O.19:00)
日曜営業",東京都渋谷区神宮前2-18-19 the Folks by 10q SHOP2,https://tabelog.com/tokyo/A1306/A130601/13278070/
551,カフェ,リンツ ショコラ ブティック＆カフェ 表参道 フラッグシップ,"営業時間
10:00〜21:00予期せぬ事態により、営業時間が変更となる場合がございます。ご来店の際はお手数ですが各店までお問い合わせください。
日曜営業
定休日
年中無休（年末年始を除く）",東京都渋谷区神宮前4-11-6 表参道千代田ビル 1F,https://tabelog.com/tokyo/A1306/A130602/13259482/
552,カフェ,ぴいぷる,,東京都渋谷区千駄ケ谷3-30-4,https://tabelog.com/tokyo/A1309/A130901/13088422/
553,カフェ,喫茶室ルノアール 渋谷南口店,"営業時間
［月～金］7:30～22:00［土］7:30～22:00［日・祝］8:00～21:00
日曜営業
定休日
なし",東京都渋谷区桜丘町15-15 NKG東京第2ビル 2F,https://tabelog.com/tokyo/A1303/A130301/13087015/
554,カフェ,コメダ珈琲店 渋谷道玄坂上店,"営業時間
７:00～18:00
日曜営業
定休日
無休",東京都渋谷区円山町20-1 アパホテル渋谷道玄坂上 2F,https://tabelog.com/tokyo/A1303/A130301/13218091/
555,カフェ,ビオ オジヤンカフェ,"営業時間
【平日】11:00~20:00(L.O19:30)【土・日・祝】10:30~20:30(L.O20:00)予告なしに営業時間の変更を行う場合がございます。
日曜営業
定休日
不定休",東京都渋谷区神宮前4-26-28 矢内ビル1F,https://tabelog.com/tokyo/A1306/A130601/13003318/
556,カフェ,IPPUKU&MATCHA 代々木上原店,"営業時間
平日 12:00〜19:00土日祝 11:00~19:00（おやつは18:30L.O）【年末年始休業のお知らせ】12/29~1/4 休業1/5より通常営業
日曜営業
定休日
月曜日（祝日の場合は翌火曜日）",東京都渋谷区上原3-44-11 高宏ビル B1F,https://tabelog.com/tokyo/A1318/A131811/13287363/
557,カフェ,フラックス カフェ,"営業時間
[月～金]9:00～21:00(L.O 20:00)[土・日・祝]9:00～19:00(L.O 18:00)
日曜営業
定休日
第4金曜日",東京都渋谷区猿楽町3-7 代官山木下ビル 1F,https://tabelog.com/tokyo/A1303/A130303/13192365/
558,カフェ,ドトールコーヒーショップ 恵比寿駅前店,"営業時間
［月～土］7:00～22:30［日・祝］7:00～21:30
日曜営業
定休日
無休",東京都渋谷区恵比寿南1-4-1,https://tabelog.com/tokyo/A1303/A130302/13190791/
559,カフェ,渋谷 Swing,"営業時間
[月・火・水・金・土]12:00～23:00[日・祝]11:00～20:00
定休日
木曜日、第2・4・5日曜日",東京都渋谷区神山町16-4 ヴィラメトロポリス 4B,https://tabelog.com/tokyo/A1303/A130301/13184706/
560,カフェ,Cafe Miyama 渋谷センター街店,"営業時間
[全日]8：00-22：00
日曜営業
定休日
なし",東京都渋谷区宇田川町25-3 プリンスビル 2F,https://tabelog.com/tokyo/A1303/A130301/13043007/
561,カフェ,ホトリ,"営業時間
12:00～18:30(L.O.18:00)
日曜営業
定休日
土曜日、第1・3・5月曜日、他不定休(変更の場合もあるのでHPやインスタで確認を)",東京都渋谷区宇田川町6-11 原宿パークマンション 109,https://tabelog.com/tokyo/A1303/A130301/13174043/
562,カフェ,Cafe Papillons et nature 広尾店,"営業時間
［火〜日］11:30～21:00【Cafe&Lunch Time】11:30〜18:30（L.O.18:00）【Bar Time】19:00〜21:00 （L.O.20:30）※Bar Timeの利用には予約が必要です♪
日曜営業
定休日
月曜日定休（祝日は除く）",東京都渋谷区広尾5-11-12 1F,https://tabelog.com/tokyo/A1307/A130703/13264498/
563,カフェ,Flip Flip Coffee Supply,,東京都渋谷区代々木1-21-5 北参道ガレージ,https://tabelog.com/tokyo/A1304/A130403/13288285/
564,カフェ,it COFFEE 恵比寿店,"営業時間
8:00～21:00
日曜営業
定休日
無休",東京都渋谷区恵比寿1-20-2 恵比寿ファーストビル 1F,https://tabelog.com/tokyo/A1303/A130302/13269270/
565,カフェ,7CAFE,"営業時間
[月、水、木、日]11:30～22:30(L.O.21:30)[金、土]11:30〜23:15(L.O.22:30)
日曜営業
定休日
火曜",東京都渋谷区幡ヶ谷2-13-1 平沼ビル 1F,https://tabelog.com/tokyo/A1318/A131807/13136447/
566,カフェ,カフェ ヌック,"営業時間
[月～金]12:00～22:00[土]13:00～22:00
定休日
日曜日、祝日",東京都渋谷区代々木1-37-3 岩崎ビルB1F,https://tabelog.com/tokyo/A1304/A130403/13132615/
567,カフェ,ロジェ カフェ,"営業時間
12:00〜23:00
日曜営業
定休日
無休",東京都渋谷区恵比寿1-7-3 第一協栄ビル　２Ｆ,https://tabelog.com/tokyo/A1303/A130302/13001607/
568,カフェ,tenement,"営業時間
11:30～20:00 (19:00 L.O.)
日曜営業
定休日
不定休",東京都渋谷区恵比寿2-39-4,https://tabelog.com/tokyo/A1307/A130703/13024041/
569,カフェ,ラグ アンド ボーン コーヒー,"営業時間
9:00～19:30(L.O.19:00)
日曜営業
定休日
不定休",東京都渋谷区神宮前5-12-3 rag & bone 表参道 B1F,https://tabelog.com/tokyo/A1306/A130601/13248627/
570,カフェ,"旬""喫茶 パンエス","営業時間
8:00～18:00（L.O.17:30）
定休日
不定休",東京都渋谷区神宮前6-28-5 宮崎ビル 1F,https://tabelog.com/tokyo/A1306/A130601/13265446/
571,カフェ,ピカール 代官山店,"営業時間
11:00～21:00",東京都渋谷区代官山町17-3,https://tabelog.com/tokyo/A1303/A130303/13214535/
572,カフェ,メンローパーク・コーヒー,"営業時間
[月～金]10:00～16:30[土・日・祝]定休日【祝日営業をする場合にはInstagram（@menloparkcoffee）にてご案内しています】
定休日
土曜日、日曜日、国民の祝日",東京都渋谷区渋谷2-10-2 渋谷2丁目ビル 2F,https://tabelog.com/tokyo/A1303/A130301/13233058/
573,カフェ,FarmMart & Friends,"営業時間
[月・火・金]11:00～20:00[土・日・祝]11:00～18:00
日曜営業
定休日
水曜日、木曜日",東京都渋谷区代々木3-9-5,https://tabelog.com/tokyo/A1304/A130401/13269700/
574,カフェ,Dining House とし,"営業時間
[ 月 - 土 ] 10:30〜24:00ご予約いただければ朝5時まで営業いたします♪＊日曜日はご予約時のみ営業します＊
日曜営業
定休日
日曜日※ご予約時のみ営業",東京都渋谷区恵比寿西1-8-2 ウエストパレスビル 1F,https://tabelog.com/tokyo/A1303/A130302/13172647/
575,カフェ,サンマルクカフェ 渋谷公園通り店,"営業時間
7:00～23:00
日曜営業
定休日
年中無休",東京都渋谷区宇田川町2-1 渋谷ホームズ,https://tabelog.com/tokyo/A1303/A130301/13129270/
576,カフェ,ANAKUMA CAFE 原宿店,"営業時間
11:00～19:00
日曜営業
定休日
無休",東京都渋谷区神宮前1-23-28 1F,https://tabelog.com/tokyo/A1306/A130601/13276998/
577,カフェ,ボンベイバザー,"営業時間
[月～金]11:00～18:00[土・日・祝]11:00～19:00
日曜営業
定休日
火曜日",東京都渋谷区猿楽町20-11 ＯＫＵＲＡ　Ｂ１Ｆ,https://tabelog.com/tokyo/A1303/A130303/13007259/
578,カフェ,チッチン カフェ&ダイニング,"営業時間
11：00～22：00（L.O.21：00）
日曜営業
定休日
年末年始のみ休業日あり (お店に直接お問合せください)",東京都渋谷区神南1-15-2 2F,https://tabelog.com/tokyo/A1303/A130301/13153514/
579,カフェ,珈琲 風味,,東京都渋谷区幡ヶ谷3-57-1,https://tabelog.com/tokyo/A1318/A131807/13048231/
580,カフェ,ディーン&デルーカ カフェ NEWoMan,"営業時間
7:00～22:00
日曜営業
定休日
無休",東京都渋谷区千駄ヶ谷5-24-55 NEWoMan 2F,https://tabelog.com/tokyo/A1304/A130401/13194449/
581,カフェ,ラテスト,"営業時間
10:00～19:00
日曜営業
定休日
無休",東京都渋谷区神宮前3-5-2 1F,https://tabelog.com/tokyo/A1306/A130602/13137443/
582,カフェ,THE COOKIE 594,"営業時間
11:30～19:00
日曜営業",東京都渋谷区神宮前5-9-4,https://tabelog.com/tokyo/A1306/A130601/13264879/
583,カフェ,茶房 オクノシブヤ,"営業時間
11:00〜19:00(ラストオーダー18:30)
日曜営業
定休日
火曜日",東京都渋谷区神山町7-15 ホワイトハイム大嵩 102,https://tabelog.com/tokyo/A1318/A131810/13282936/
584,カフェ,スターバックスコーヒー 渋谷パルコ店,"営業時間
8:00～22:30",東京都渋谷区宇田川町15-1 渋谷パルコ 5F,https://tabelog.com/tokyo/A1303/A130301/13241234/
585,カフェ,3cafe,"営業時間
11:00〜18:00　LO17:30
日曜営業
定休日
不定休につきインスタでご確認ください",東京都渋谷区恵比寿4-23-12 3F,https://tabelog.com/tokyo/A1303/A130302/13227009/
586,カフェ,パンとエスプレッソとまちあわせ,"営業時間
［月～金・土・日・祝］8：00～21：00(L.O フード19:00　ドリンク・デザート20:00)モーニング 8:00～10:00ランチ 10:00~15:00カフェタイム 15:00～21:00
日曜営業
定休日
無し",東京都渋谷区神宮前6-20-10 MIYASHITA PARK South 2F,https://tabelog.com/tokyo/A1303/A130301/13247950/
587,カフェ,TimeOut Cafe&Diner,"営業時間
［平日］11:30～23:30［土曜］13:00～23:30［日・祝日］13:00〜22:00
日曜営業
定休日
不定休 ※休業情報はtwitterかFacebookをご確認ください",東京都渋谷区東3-16-6 リキッドルーム　2F,https://tabelog.com/tokyo/A1303/A130302/13089709/
588,カフェ,スターバックス・コーヒー 恵比寿ユニオンビル店,"営業時間
［月～金］6:30～22:30［土・日・祝］7:00～22:30
日曜営業
定休日
年中無休",東京都渋谷区恵比寿南1-2-10 ヱビスユニオンビル 1F,https://tabelog.com/tokyo/A1303/A130302/13033021/
589,カフェ,友達がやってるカフェ／バー,,東京都渋谷区神宮前6-6-2 原宿ベルピア 3F,https://tabelog.com/tokyo/A1306/A130601/13285455/
590,カフェ,ル スフレ,"営業時間
11:00～20:00
日曜営業
定休日
火曜日",東京都渋谷区代々木3-39-15 代々木ヴィラージュ 1F,https://tabelog.com/tokyo/A1318/A131810/13269105/
591,カフェ,ドトールコーヒーショップ 初台南口店,"営業時間
平日7:00-21:00土曜日7:00-20:00日祝日8:00-20:00
日曜営業
定休日
年末年始",東京都渋谷区初台1-53-1,https://tabelog.com/tokyo/A1318/A131807/13086801/
592,カフェ,HEMP CAFE TOKYO,"営業時間
【ランチ】11:30〜15:00(LO14:00)【ディナー】18:00〜22:00(LO21:00)
定休日
火曜日",東京都渋谷区東3-17-14 クリスティエビス 8F,https://tabelog.com/tokyo/A1303/A130302/13243416/
593,カフェ,小楽園 TEA SALON & BOUTIQUE,"営業時間
[月〜日]12:00～19:00
日曜営業
定休日
不定休あり",東京都渋谷区元代々木町10-9,https://tabelog.com/tokyo/A1318/A131810/13281370/
594,カフェ,Mr.FARMER 表参道店,"営業時間
9:00～20:00（LO19:00）【年末年始の営業について】12月31日　休業1月1日　休業1月2日、3日　17:00閉店
日曜営業
定休日
無休",東京都渋谷区神宮前4-5-12 セピア原宿ビル 1F,https://tabelog.com/tokyo/A1306/A130602/13150938/
595,カフェ,喫茶室ルノアール 渋谷東急ハンズ前店,"営業時間
[月～土]8：00～22：00[日・祝]9：00～22：00
日曜営業
定休日
なし",東京都渋谷区宇田川町36-2 ノアビル 2F,https://tabelog.com/tokyo/A1303/A130301/13087014/
596,カフェ,ルノアール 恵比寿第１店,,東京都渋谷区恵比寿南1-5-2,https://tabelog.com/tokyo/A1303/A130302/13087008/
597,カフェ,シェルタークコ カフェ＆ギャラリー,"営業時間
[火・水・木・金]11:00～18:00(LUNCH11:30〜,L.O 17:30)[土・日・祝]12:00～19:00(L.O 18:30)
日曜営業
定休日
月曜日",東京都渋谷区元代々木町33-12 SHELT'N 2F,https://tabelog.com/tokyo/A1318/A131810/13212542/
598,カフェ,ル・コネスール 渋谷店,"営業時間
火～土 18:00～23:30(L.O23:00)日・祝 15:00～23:00(L.O22:30)
日曜営業
定休日
月曜日　(1月1日・2日も休業)",東京都渋谷区道玄坂1-12-5 渋谷マークシティ　ウエストモール　４Ｆ,https://tabelog.com/tokyo/A1303/A130301/13009393/
599,カフェ,トラヤあんスタンド 新宿店,"営業時間
[月～土]11:00～21:00[日・祝日]11:00～20:30
日曜営業
定休日
年中無休（NEWoMan休業日に準ずる）",東京都渋谷区千駄ヶ谷5-24-55 NEWoMan SHINJUKU 2F,https://tabelog.com/tokyo/A1304/A130403/13193561/
600,カフェ,神楽坂 茶寮 渋谷スクランブルスクエア店,"営業時間
10:00～23:00
日曜営業
定休日
無休",東京都渋谷区渋谷2-24-12 スクランブルスクエア 14F,https://tabelog.com/tokyo/A1303/A130301/13240659/
601,カフェ,シャララ舎,"営業時間
［水・木・金」14:00～21:00［土・日」12:00～19:00
日曜営業
定休日
月曜日、火曜日",東京都渋谷区笹塚1-42-7 1F,https://tabelog.com/tokyo/A1318/A131808/13218231/
602,カフェ,上島珈琲店 広尾店,"営業時間
7:00～22:00
日曜営業
定休日
無休",東京都渋谷区広尾5-5-1 田中ビル　１Ｆ・２Ｆ,https://tabelog.com/tokyo/A1307/A130703/13098450/
603,カフェ,Cafe Miyama 渋谷東口駅前店,"営業時間
[月～金]7:30～22:00[土]7:30～22:00[日・祝]9:00～22:00
日曜営業
定休日
なし",東京都渋谷区渋谷3-19-1 オミビルB1F,https://tabelog.com/tokyo/A1303/A130301/13043649/
604,カフェ,Beige Cafe,"営業時間
7:30～15:00
定休日
日曜日",東京都渋谷区恵比寿1-4-1 恵比寿アーバンハウス 1F,https://tabelog.com/tokyo/A1303/A130302/13273986/
605,カフェ,croshu 表参道店,"営業時間
8:00～19:00
日曜営業
定休日
不定休",東京都渋谷区神宮前3-5-1 神宮前351ビル 1F,https://tabelog.com/tokyo/A1306/A130602/13290040/
606,カフェ,AZLM CONNECTED CAFE,"営業時間
全日11:00-21:00(L.O:20:30)
日曜営業
定休日
定休日なし",東京都渋谷区道玄坂2-2-1 渋谷地下街,https://tabelog.com/tokyo/A1303/A130301/13260340/
607,カフェ,プルミエメ,"営業時間
8:00～17:00(L.O.16:15)
日曜営業
定休日
水曜(祝日の場合は翌日)",東京都渋谷区富ヶ谷1-6-10 代々木公園ビル 2F,https://tabelog.com/tokyo/A1318/A131810/13257861/
608,カフェ,Riz Labo Kitchen 裏参道ガーデン,"営業時間
12:00〜17:00
日曜営業
定休日
2022年8月18日（木）は休業。他は営業してます。",東京都渋谷区神宮前4-15-2 裏参道ガーデン1F,https://tabelog.com/tokyo/A1306/A130602/13204422/
609,カフェ,MIYASHITA CAFE +softcream,"営業時間
[7days a week]11:00～21:00(L.O.21:00)
日曜営業
定休日
元旦",東京都渋谷区神宮前6-20-10 MIYASHITA PARK South 2F,https://tabelog.com/tokyo/A1303/A130301/13248368/
610,カフェ,ディアオール,"営業時間
[火～日]8:30～18:00
日曜営業
定休日
月曜日",東京都渋谷区笹塚1-59-5,https://tabelog.com/tokyo/A1318/A131808/13198355/
611,カフェ,Table by S,"営業時間
[火～日]12:00～21:00
日曜営業
定休日
月曜日",東京都渋谷区西原3-23-6 プラド 2F,https://tabelog.com/tokyo/A1318/A131811/13217126/
612,カフェ,エクセルシオール カフェ  渋谷道玄坂店,"営業時間
6:00～24:00
日曜営業
定休日
なし",東京都渋谷区道玄坂2-6-1 岩崎ビル B1F・1F・2F,https://tabelog.com/tokyo/A1303/A130301/13050554/
613,カフェ,注文焙煎 豆虎 青山焙煎所,,東京都渋谷区渋谷1-1-10 ニューハイツ青山 1F,https://tabelog.com/tokyo/A1303/A130301/13258344/
614,カフェ,Urth Caffé 代官山,"営業時間
※営業時間　2022年1月現在9:00～19:00(food L.O 18:30)(9:00～11:00　ﾓｰﾆﾝｸﾞﾒﾆｭｰのみでの営業）
日曜営業
定休日
年中無休",東京都渋谷区猿楽町8-9 NTT渋谷ビル 1F,https://tabelog.com/tokyo/A1303/A130301/13155241/
615,カフェ,喫茶サテラ,"営業時間
[月〜水、土〜日]11:00〜19:00 (18:30 lo)[木]8:00〜19:00 (18:30 lo)[金]11:00〜18:30(18:00 lo)、19:00〜22:00 (21:30 lo)【年末年始の営業について】2023/12/29~2024/1/3までは年末年始休みとさせていただきます。
日曜営業
定休日
不定休",東京都渋谷区渋谷1-7-5 青山セブンハイツ 1F,https://tabelog.com/tokyo/A1303/A130301/13253683/
616,カフェ,珈琲家族,"営業時間
[月～土]7:00～19:00
定休日
日曜日、不定休",東京都渋谷区恵比寿南1-2-8 雨宮ビル B1F,https://tabelog.com/tokyo/A1303/A130302/13077314/
617,カフェ,チャバティ,"営業時間
【月〜金】10:00~20:00 (LO19:30)【土・日】10:00~20:00 (LO19:30)
日曜営業
定休日
なし",東京都渋谷区神宮前4-6-9,https://tabelog.com/tokyo/A1306/A130602/13224245/
618,カフェ,Whitely Cafe,"営業時間
カフェタイム 8:00～18:00バータイム 18:00～23:00",東京都渋谷区神南1-6-14,https://tabelog.com/tokyo/A1303/A130301/13282271/
619,カフェ,喫茶 水曜日,"営業時間
[水]12:00～17:00
定休日
月曜日、火曜日、木曜日、金曜日、土曜日、日曜日",東京都渋谷区渋谷2-8-10 3F,https://tabelog.com/tokyo/A1303/A130301/13286334/
620,カフェ,ブルーボトルコーヒー 渋谷カフェ,"営業時間
8:00～20:00
日曜営業
定休日
無休",東京都渋谷区神南1-7-3 渋谷区立北谷公園内,https://tabelog.com/tokyo/A1303/A130301/13257364/
621,カフェ,サロン・ド・テ・ミュゼ　イマダミナコ 新宿タカシマヤ店,"営業時間
[日～金] 10:00～20:00[土]10:00～20:30
日曜営業
定休日
無休（新宿タカシマヤに準じる）",東京都渋谷区千駄ヶ谷5-24-2 新宿タカシマヤ 4F,https://tabelog.com/tokyo/A1304/A130403/13091817/
622,カフェ,やなか珈琲店 代々木公園店,"営業時間
営業時間：AM11:00～PM8:00(L.O.PM7:45)定休日：第3木曜日
日曜営業",東京都渋谷区富ヶ谷1-6-12,https://tabelog.com/tokyo/A1318/A131810/13055188/
623,カフェ,ファイヤーキング カフェ,"営業時間
[月〜木]ランチタイム12:00〜18:00ディナー＆バータイム18:00〜26:00(23:00食事L.O)[金・土・日・祝]ランチタイム12:00〜18:00ディナー＆バータイム18:00～26:00(24:00食事L.O)
日曜営業
定休日
１月１日",東京都渋谷区上原1-30-8,https://tabelog.com/tokyo/A1318/A131811/13012564/
624,カフェ,@ Kitchen SHIBUYA,"営業時間
10:00～20:00
日曜営業",東京都渋谷区渋谷2-24-12 渋谷スクランブルスクエア 4F,https://tabelog.com/tokyo/A1303/A130301/13268022/
625,カフェ,DIMLIGHT ESPRESSO,"営業時間
[月～金]8:30～18:00[土・日・祝]9:00～18:00
日曜営業
定休日
無休",東京都渋谷区代々木1-42-6,https://tabelog.com/tokyo/A1318/A131810/13259554/
626,カフェ,星乃珈琲店 渋谷桜丘店,"営業時間
9:00～22:00(L.O.21:30)
日曜営業
定休日
無休",東京都渋谷区桜丘町16-14 ドルチェ渋谷 1F,https://tabelog.com/tokyo/A1303/A130301/13156147/
627,カフェ,リシュー,"営業時間
10:00～19:00
日曜営業
定休日
月曜日",東京都渋谷区神宮前3-25-7 丹治ビル　２Ｆ,https://tabelog.com/tokyo/A1306/A130601/13005430/
628,カフェ,神乃珈琲 代官山店,"営業時間
11:00～21:00",東京都渋谷区猿楽町11-3 プラウド代官山フロント 1F,https://tabelog.com/tokyo/A1303/A130303/13262866/
629,カフェ,THINK OF THINGS,"営業時間
11:00～19:00
日曜営業
定休日
毎週水曜日",東京都渋谷区千駄ヶ谷3-62-1 1F,https://tabelog.com/tokyo/A1306/A130601/13209055/
630,カフェ,SOYO.cafe,,東京都渋谷区渋谷2-2-5 クルスビル 2F,https://tabelog.com/tokyo/A1303/A130301/13277168/
631,カフェ,カフェ・ド・クリエ 渋谷３丁目,"営業時間
[月～金]7:00-22:00[土] 7:00-22:00[日･祝]8:00-21:00
日曜営業
定休日
無休",東京都渋谷区渋谷3-8-12 渋谷第一生命ビルディング1F,https://tabelog.com/tokyo/A1303/A130301/13125062/
632,カフェ,スターバックスコーヒー 渋谷モディ店,"営業時間
8:00～22:30
日曜営業
定休日
不定休",東京都渋谷区神南1-21-3,https://tabelog.com/tokyo/A1303/A130301/13189340/
633,カフェ,ヴァーヴ コーヒーロースターズ 恵比寿ガーデンプレイス店,"営業時間
7:00～21:00
日曜営業",東京都渋谷区恵比寿4-20-7 恵比寿ガーデンプレイス センタープラザ 1F,https://tabelog.com/tokyo/A1303/A130302/13278633/
634,カフェ,ゼンタコーヒー,"営業時間
[火・水・木・金] 11:00～19:00[土] 9:00～19:00[日・祝]9:00～18:00
日曜営業
定休日
月曜日",東京都渋谷区鶯谷町12-6 LOKOビル 1F,https://tabelog.com/tokyo/A1303/A130303/13269199/
635,カフェ,BOTTA COFFEE,"営業時間
11:00～19:00(DRINK L.O.18:30)
日曜営業
定休日
無休",東京都渋谷区神宮前3-39-5 青山ウエスト 1F,https://tabelog.com/tokyo/A1306/A130603/13262768/
636,カフェ,レックコーヒー 渋谷東店,"営業時間
［月～土］11:00～20:00［日］11:00～19:00
日曜営業
定休日
無休",東京都渋谷区東1-4-1 尚豊ビル 1F,https://tabelog.com/tokyo/A1303/A130301/13268146/
637,カフェ,カフェ ロストロ,"営業時間
［月・水・木・金・土］8:00～20:00［火］8:00～17:00
日曜営業
定休日
不定休",東京都渋谷区富ヶ谷1-14-20 サウスピア 1F,https://tabelog.com/tokyo/A1318/A131810/13209133/
638,カフェ,ルーフミュージアム,"営業時間
11:00～19:00（L.O.18:30）",東京都渋谷区猿楽町28-13 Roob1 1F,https://tabelog.com/tokyo/A1303/A130303/13273162/
639,カフェ,タワーレコードカフェ,"営業時間
10:30～22:00(イベントにて変動有)
定休日
不定休",東京都渋谷区神南1-22-14 タワーレコード渋谷店 2F,https://tabelog.com/tokyo/A1303/A130301/13149670/
640,カフェ,トンガコーヒー,"営業時間
［月～金］12:00～14:00／18:00～24:00［土］18:00～24:00
定休日
日曜日、祝日",東京都渋谷区代々木1-33-1,https://tabelog.com/tokyo/A1304/A130403/13100060/
641,カフェ,シー・モア・グラス,"営業時間
12：00 〜 18：00　短縮営業、または金曜日の〜21時夜営業日もあり。HP内営業カレンダー参照してください。
日曜営業
定休日
不定休  HPのブログで今月の予定をお知らせしています。",東京都渋谷区神宮前6-27-8 京セラ原宿ビル　B1F,https://tabelog.com/tokyo/A1306/A130601/13033584/
642,カフェ,STABLER Shimokitazawa Meatsand EBISU,"営業時間
11:00～19:30（LO）",東京都渋谷区恵比寿南1-2-2 横倉屋店舗1-A,https://tabelog.com/tokyo/A1303/A130302/13287574/
643,カフェ,タリーズコーヒー 渋谷東急本店前店,"営業時間
［月～金］7:30～20:00［土・日・祝］8:00～20:00
日曜営業
定休日
無休",東京都渋谷区道玄坂2-23-12 フォンティスビル 1F,https://tabelog.com/tokyo/A1303/A130301/13086704/
644,カフェ,リアルドリップコーヒー NO12 by上島珈琲店 渋谷スクランブルスクエア店,"営業時間
10:00～21:00(L.O.20:30)",東京都渋谷区渋谷2-24-12 渋谷スクランブルスクエア 5F,https://tabelog.com/tokyo/A1303/A130301/13240690/
645,カフェ,プレミアム ソウ,,東京都渋谷区代官山町12-16 シンフォニー代官山 1F,https://tabelog.com/tokyo/A1303/A130303/13247365/
646,カフェ,スターバックス・コーヒー 新宿サザンテラス店,"営業時間
【月～木・日・祝】7:00～22:30【金・土】7:00～23:00
日曜営業
定休日
不定休",東京都渋谷区代々木2-2-1 新宿サザンテラス内,https://tabelog.com/tokyo/A1304/A130401/13033157/
647,カフェ,ドトールコーヒーショップ 新宿南口店,"営業時間
［月～日］7:00～20:00［祝］8:00～20:00
日曜営業
定休日
無休",東京都渋谷区代々木2-10-1 新宿サンセイビル 1F,https://tabelog.com/tokyo/A1304/A130403/13086940/
648,カフェ,neel,"営業時間
10:00～20:30(20:00L.o)
日曜営業
定休日
不定休",東京都渋谷区神宮前2-19-2,https://tabelog.com/tokyo/A1303/A130301/13252907/
649,カフェ,キャメルバック リッチバレー,,東京都渋谷区富ヶ谷1-9-23,https://tabelog.com/tokyo/A1318/A131810/13222412/
650,カフェ,Ted Cafe & Bar TOKYO 2016,"営業時間
カフェタイム	平日 　11:00〜16:50土日祝 11:00〜17:30ディナータイム	17:30〜23:30パーティタイム	23:30〜midnight",東京都渋谷区宇田川町 33-13 楠原ビル2F,https://tabelog.com/tokyo/A1303/A130301/13200332/
651,カフェ,喫茶 壁と卵,"営業時間

日曜営業
定休日
火曜日、水曜日",東京都渋谷区幡ヶ谷2-11-7 プエブロM 1F,https://tabelog.com/tokyo/A1318/A131807/13259112/
652,カフェ,タカギクラヴィア,,東京都渋谷区松涛1-26-4,https://tabelog.com/tokyo/A1303/A130301/13129672/
653,カフェ,bb.qオリーブチキンカフェ 笹塚店,"営業時間
11:00～22:00※12/31(日)は11:00～20:00の営業とさせて頂きます。
日曜営業
定休日
年中無休",東京都渋谷区笹塚1-56-18 京王クラウン街 1F,https://tabelog.com/tokyo/A1318/A131808/13226265/
654,カフェ,ハンモック,"営業時間
11:30～20:00(L.O.19:30軽食19:00)
日曜営業
定休日
水曜日",東京都渋谷区神南1-20-1,https://tabelog.com/tokyo/A1303/A130301/13088415/
655,カフェ,シュンドラパンドラ,,東京都渋谷区代官山町17-4 代官山アドレスＤ1F,https://tabelog.com/tokyo/A1303/A130303/13250257/
656,カフェ,チムニーコーヒー 渋谷BTBホテル店,"営業時間
8:00～19:00",東京都渋谷区円山町1-17 渋谷BTBホテル 1F,https://tabelog.com/tokyo/A1303/A130301/13284705/
657,カフェ,earth mother,"営業時間
2019年2月28日に営業を終了致しました。
定休日
不定休",東京都渋谷区恵比寿西2-19-8,https://tabelog.com/tokyo/A1303/A130303/13222015/
658,カフェ,アールオー426,,東京都渋谷区神宮前4-26-18,https://tabelog.com/tokyo/A1306/A130601/13087208/
659,カフェ,ドゥ マゴ パリ プチカフェ,,東京都渋谷区渋谷1-24-12 渋谷東映プラザ Bunkamura ル・シネマ 渋谷宮下,https://tabelog.com/tokyo/A1303/A130301/13286392/
660,カフェ,CULFAR,"営業時間
-CAFE-OPEN11:00 - CLOSE19:00-BAR-[月曜〜木曜]OPEN19:00 - CLOSE23:30(L.O 23:00)[金曜、土曜、祝前日]OPEN19:00 - CLOSE4:30(L.O 4:00)
日曜営業
定休日
水曜日",東京都渋谷区神南1-13-4 フレームインボックス 2F,https://tabelog.com/tokyo/A1303/A130301/13232719/
661,カフェ,WAKE 渋谷SEIBU店,,東京都渋谷区宇田川町21-1 西武渋谷店 P館 1F,https://tabelog.com/tokyo/A1303/A130301/13267567/
662,カフェ,カフェ ボラボラ,"営業時間
13:00～18:00(料理L.O.17:30 ドリンクL.O.17:30)19:00～24:00(料理L.O.23:30 ドリンクL.O.23:30)
定休日
月曜日",東京都渋谷区神宮前1-21-1,https://tabelog.com/tokyo/A1306/A130601/13275489/
663,カフェ,OLE TOKYO,"営業時間
11:00～20:30
日曜営業
定休日
無休（施設に準ずる）",東京都渋谷区神南1-22-6 渋谷マルイ 1F,https://tabelog.com/tokyo/A1303/A130301/13268383/
664,カフェ,Dining Cafe majide,,東京都渋谷区神宮前1-19-4 原宿玉川ビル B1F,https://tabelog.com/tokyo/A1306/A130601/13291174/
665,カフェ,駒テラス 西参道,"営業時間
[水～月]11:00～20:00
日曜営業
定休日
火曜日、年末年始",東京都渋谷区代々木4-16-1,https://tabelog.com/tokyo/A1318/A131810/13286228/
666,カフェ,Spacetainment Coffee,"営業時間
11:00～18:00
定休日
不定休",東京都渋谷区神宮前3-18-15 神宮前テラスサイドビル 2F,https://tabelog.com/tokyo/A1306/A130601/13284996/
667,カフェ,チョコレート ポケット,,東京都渋谷区笹塚2-12-13 Y2ビル 1F,https://tabelog.com/tokyo/A1318/A131808/13181807/
668,カフェ,musch 渋谷奥渋店,,東京都渋谷区神山町40-2 DEARI神谷町 DEAR j1 渋谷 3F,https://tabelog.com/tokyo/A1318/A131810/13286891/
669,カフェ,サイド・ビー,,東京都渋谷区神宮前1-15-5 ＮＯＬＩＴＡ　ＳＴＲＥＥＴ　ＡＰＡＲＴＭＥＮＴ　２Ｆ,https://tabelog.com/tokyo/A1306/A130601/13005318/
670,カフェ,HARAJUKU BAY,"営業時間
11:00～19:00(L.O.18:30)
日曜営業
定休日
月曜日",東京都渋谷区神宮前1-8-24 OZ原宿ビル 1F,https://tabelog.com/tokyo/A1306/A130601/13270646/
671,カフェ,verde,"営業時間
11:00～19:00
日曜営業
定休日
月曜日、火曜日",東京都渋谷区神宮前6-18-3,https://tabelog.com/tokyo/A1303/A130301/13285298/
672,カフェ,サーティーカフェ,"営業時間
7:00～19:00",東京都渋谷区代官山町20-12 Forestgate Daikanyama ENOHA棟,https://tabelog.com/tokyo/A1303/A130303/13290573/
673,カフェ,ザロフ,"営業時間
12:30〜21:00(2Fギャラリーは20:00まで)
日曜営業
定休日
水曜",東京都渋谷区初台1-11-9,https://tabelog.com/tokyo/A1318/A131807/13116491/
674,カフェ,グラニフカフェ,,東京都渋谷区神宮前4-25-13 MICO神宮前,https://tabelog.com/tokyo/A1306/A130601/13291864/
675,カフェ,Crowny cafe Stand,"営業時間
[月～金]8:30～19:00[土・日・祝]9:30～19:00
日曜営業
定休日
定休日なし",東京都渋谷区代々木1-38-6 星野ビル,https://tabelog.com/tokyo/A1304/A130403/13284386/
676,カフェ,コラボレーションカフェ 原宿竹下店,,東京都渋谷区神宮前1-19-1 T'S LINK原宿 2F,https://tabelog.com/tokyo/A1306/A130601/13225083/
677,カフェ,マグ バイ ルイーズ,"営業時間
不定期営業
定休日
不定休",東京都渋谷区西原3-18-4 マンションアイ 2B,https://tabelog.com/tokyo/A1318/A131811/13174422/
678,カフェ,ブルーボトルコーヒー 代官山コンセプトショップ,,東京都渋谷区代官山町20-23,https://tabelog.com/tokyo/A1303/A130303/13236254/
679,カフェ,ボンジュールブラウンウォーター,,東京都渋谷区猿楽町24-1,https://tabelog.com/tokyo/A1303/A130303/13135308/
680,カフェ,ライスプラス,,東京都渋谷区円山町28-8 第18宮庭マンション 1F 奥の白い扉,https://tabelog.com/tokyo/A1303/A130301/13157938/
681,カフェ,老婦人の夏,,東京都渋谷区笹塚3-44-10,https://tabelog.com/tokyo/A1318/A131807/13183549/
682,カフェ,VORTEX SPORTS CAFE,"営業時間
[原則]11:30～16:30（L.O 16：00）※夕方以降は完全予約制
定休日
不定休（店休日はHPをご確認ください）",東京都渋谷区神南2-1-1 国立代々木競技場,https://tabelog.com/tokyo/A1303/A130301/13157862/
683,カフェ,ニャフェ・メランジェ,"営業時間
［月～木］12:00～20:00［金～土］12:00～21:00［日・祝］12:00～20:00　※最終入店は閉店30分前
日曜営業
定休日
無休(年末年始除く)",東京都渋谷区恵比寿1-7-13 麻仁ビル恵比寿 3F,https://tabelog.com/tokyo/A1303/A130302/13132040/
684,カフェ,ドトールコーヒーショップ 原宿竹下通り店,"営業時間
7:00～21:00
日曜営業",東京都渋谷区神宮前1-19-9,https://tabelog.com/tokyo/A1306/A130601/13279589/
685,カフェ,Fika,,東京都渋谷区猿楽町2-5 佐藤エステートビル3号館 1F,https://tabelog.com/tokyo/A1303/A130301/13157815/
686,カフェ,GIRA BOND.,,東京都渋谷区神宮前4-27-2,https://tabelog.com/tokyo/A1306/A130601/13263169/
687,カフェ,macaroni cafe,,東京都渋谷区神南1-21-3 渋谷モディ 1F,https://tabelog.com/tokyo/A1303/A130301/13260725/
688,カフェ,キロマンテ,,東京都渋谷区神宮前3-18-16,https://tabelog.com/tokyo/A1306/A130601/13190499/
689,カフェ,MILK MILK MILK！,,東京都渋谷区神宮前1-11-6 ラフォーレ原宿 2F,https://tabelog.com/tokyo/A1306/A130601/13273181/
690,カフェ,JMT CAFE DAIKANYAMA,"営業時間
10:00～20:00
日曜営業
定休日
水曜日",東京都渋谷区鶯谷町2-7 エクセルビル 1F,https://tabelog.com/tokyo/A1303/A130301/13272354/
691,カフェ,腸内芸術,"営業時間
11:00～20:00
日曜営業
定休日
月曜日",東京都渋谷区神宮前3-7-6 B1F,https://tabelog.com/tokyo/A1306/A130603/13283596/
692,カフェ,まちの駅 神泉カフェ,"営業時間
10:00～16:00
定休日
土曜日、日曜日、祝日",東京都渋谷区神泉町1-11,https://tabelog.com/tokyo/A1303/A130301/13220618/
693,カフェ,ディーエスジーコーヒー,,東京都渋谷区神宮前6-13-9,https://tabelog.com/tokyo/A1306/A130601/13279018/
694,カフェ,イエロー カフェ 表参道店,,東京都渋谷区神宮前4-28-14 シャンゼリゼ原宿 B1F,https://tabelog.com/tokyo/A1306/A130601/13228872/
695,カフェ,フェデリコマテ マーケット&カフェ,,東京都渋谷区神宮前5-2-7,https://tabelog.com/tokyo/A1306/A130602/13220998/
696,カフェ,RELAXX and coffee,"営業時間
10:00～17:00
日曜営業
定休日
火曜日、第2水曜日",東京都渋谷区上原1-33-2,https://tabelog.com/tokyo/A1318/A131811/13285837/
697,カフェ,フレンチサロン シェ・イリス,,東京都渋谷区松濤1-27-1 obra.bld 1F,https://tabelog.com/tokyo/A1303/A130301/13257318/
698,カフェ,HealthyTOKYO CBD Shop&Cafe Daikanyama,"営業時間
11:00～20:00(料理L.O.20:00 ドリンクL.O.20:00)
定休日
無休",東京都渋谷区代官山町10-10 Daikanyama Twelve 1F,https://tabelog.com/tokyo/A1303/A130303/13259203/
699,カフェ,small alley cafe,,東京都渋谷区東1-29-1,https://tabelog.com/tokyo/A1303/A130301/13255844/
700,カフェ,ビーズカフェ,,東京都渋谷区神泉町18-11 コナミスポーツクラブ渋谷 1F,https://tabelog.com/tokyo/A1303/A130301/13197198/
701,カフェ,ハイドレートフロムザランド,"営業時間
9:00～18:00
定休日
不定休",東京都渋谷区渋谷2-20-12 日永ビル 1F,https://tabelog.com/tokyo/A1303/A130301/13267865/
702,カフェ,カワイイの頂へ！　カフェ＆バーCAMEROT,"営業時間
ランチ　11：00～17：30（L.O.17：00）ディナー　17：30～24：00（L.O.23：30）※金、土、祝前日は29：00（L.O.28：30）
日曜営業
定休日
無休",東京都渋谷区道玄坂2-8-9 4F,https://tabelog.com/tokyo/A1303/A130301/13240694/
703,カフェ,TOKYO PARADE goods＆cafe,"営業時間
11:00~20:00
日曜営業
定休日
不定休",東京都渋谷区宇多川町15-1 渋谷PARCO 6F,https://tabelog.com/tokyo/A1303/A130301/13241120/
704,カフェ,カサモーツアルト,,東京都渋谷区神宮前1-10-23,https://tabelog.com/tokyo/A1306/A130601/13075851/
705,カフェ,The SHOWROOM STORE カフェ,,東京都渋谷区神宮前6-6-2 原宿ベルピア 2F,https://tabelog.com/tokyo/A1306/A130601/13280825/
706,カフェ,マカナイ カフェ,,東京都渋谷区恵比寿南2-27-10,https://tabelog.com/tokyo/A1303/A130302/13248741/
707,カフェ,白十字,,東京都渋谷区恵比寿南1-8-10,https://tabelog.com/tokyo/A1303/A130302/13089456/
708,カフェ,エイチアンドエフ ベルクス 渋谷ヒカリエ店,"営業時間
11:00～21:00
定休日
不定休(渋谷ヒカリエに準ずる)",東京都渋谷区渋谷2-21-1 渋谷ヒカリエ B3F,https://tabelog.com/tokyo/A1303/A130301/13175312/
709,カフェ,プロテインスタンド ランウェイ,,東京都渋谷区恵比寿西1-21-5,https://tabelog.com/tokyo/A1303/A130302/13229167/
710,カフェ,優っくりカフェ,"営業時間
[火～日]10:00～15:00
定休日
月曜日",東京都渋谷区西原1-40-10 渋谷区総合ケアコミュニティ・せせらぎ 2F,https://tabelog.com/tokyo/A1318/A131807/13280880/
711,カフェ,ブロードウェイダイナー,,東京都渋谷区千駄ヶ谷5-20-12 1F,https://tabelog.com/tokyo/A1304/A130401/13263093/
712,カフェ,BUTTER tokyo,"営業時間
14:00～翌2:00",東京都渋谷区円山町28-8 第18宮廷マンション 1F,https://tabelog.com/tokyo/A1303/A130301/13264187/
713,カフェ,MAGNET coffee,"営業時間
13:00～23:00(L.O.22:00)
定休日
月曜日、日曜日",東京都渋谷区渋谷1-25-10 のんべい横丁 莢,https://tabelog.com/tokyo/A1303/A130301/13269028/
714,カフェ,B.Cafe,"営業時間
11:30～18:00
日曜営業
定休日
不定休",東京都渋谷区広尾5-1-39,https://tabelog.com/tokyo/A1307/A130703/13283542/
715,カフェ,TOKYO BOX CAFE&SPACE 表参道店,,東京都渋谷区神宮前6-3-7,https://tabelog.com/tokyo/A1306/A130601/13240141/
716,カフェ,TOM and JERRY DINER,"営業時間
11:00～21:00（L.O.20:00）
日曜営業",東京都渋谷区神宮前6-20-10 RAYARD MIYASHITA PARK South 2F,https://tabelog.com/tokyo/A1303/A130301/13292055/
717,カフェ,harajuku cafe,"営業時間
11:00～19:00
日曜営業
定休日
無休",東京都渋谷区神宮前1-8-9 Galaxy Harajuku 2F,https://tabelog.com/tokyo/A1306/A130601/13268339/
718,カフェ,スカイリッシュ,"営業時間
11:30～23:30頃
日曜営業
定休日
無休",東京都渋谷区神宮前3-22-15 オリックス神宮前3丁目ビルB棟 1F,https://tabelog.com/tokyo/A1306/A130601/13127378/
719,カフェ,ターゲット,,東京都渋谷区広尾5-25-8,https://tabelog.com/tokyo/A1307/A130703/13088083/
720,カフェ,SHIRO CAFE 渋谷ヒカリエ ShinQs店,"営業時間
11:00～21:00
日曜営業
定休日
無休",東京都渋谷区渋谷2-21-1 渋谷ヒカリエ ShinQs 1F,https://tabelog.com/tokyo/A1303/A130301/13257520/
721,カフェ,British Equipment Publishing,"営業時間
18:00～20:00
日曜営業
定休日
水曜・第２第４火曜",東京都渋谷区東3-15-7,https://tabelog.com/tokyo/A1303/A130302/13267342/
722,カフェ,ミッフィーカフェトーキョー,"営業時間
8:30〜20:20",東京都渋谷区代官山町19-4 代官山駅ビル 1F,https://tabelog.com/tokyo/A1303/A130303/13291584/
723,カフェ,REST,"営業時間
[月・火・水・金・土]11:00～21:00（L.O.20:30）[日・祝]11:00～18:00
日曜営業
定休日
木曜日",東京都渋谷区代々木3-6-7,https://tabelog.com/tokyo/A1304/A130401/13290488/
724,カフェ,カフェ エフプラス,,東京都渋谷区幡ヶ谷3-16-7 1F,https://tabelog.com/tokyo/A1318/A131808/13159645/
725,カフェ,THE TEST KITCHEN,"営業時間
11:00～19:00
定休日
土日祝",東京都渋谷区恵比寿4-20-4 恵比寿ガーデンプレイス グラススクエア B1F,https://tabelog.com/tokyo/A1303/A130302/13241119/
726,カフェ,耕一路,"営業時間
[土・日、JRA競馬開催の月曜日]9：20～16：00
日曜営業
定休日
月～金　（競馬開催していない日、年末年始）",東京都渋谷区渋谷3-12-10 ウインズ渋谷 2F,https://tabelog.com/tokyo/A1303/A130301/13225457/
727,カフェ,クリームクリーム,,東京都渋谷区広尾5-1-20 七星舎ビル 1F,https://tabelog.com/tokyo/A1307/A130703/13123945/
728,カフェ,エヴィススイーツクラブ バイミー,,東京都渋谷区恵比寿4-20-7 恵比寿ガーデンプレイス 恵比寿三越 B2F,https://tabelog.com/tokyo/A1303/A130302/13236429/
729,カフェ,深町珈琲,,東京都渋谷区富ヶ谷1-43-8 深町遠藤文具店 1F,https://tabelog.com/tokyo/A1318/A131810/13211604/
730,カフェ,花音,,東京都渋谷区西原1-22-4,https://tabelog.com/tokyo/A1318/A131807/13183948/
731,カフェ,coの食卓,"営業時間
[月・水・木・金・日]9:00～17:00[火]9:00～13:00
日曜営業
定休日
土曜日",東京都渋谷区宇田川町5-6 子育てネウボラ 2F,https://tabelog.com/tokyo/A1303/A130301/13278860/
732,カフェ,Sabbath Cafe Bar&Shisha Garden,"営業時間
[月～日]20:00～3:00(L.O) 
日曜営業
定休日
なし",東京都渋谷区初台2-1-3 1F,https://tabelog.com/tokyo/A1318/A131810/13127784/
733,カフェ,チサ カフェ,"営業時間
※完全予約制※[木～日] 11:00～17:00 (L.O.16:30)
日曜営業
定休日
月曜・火曜・水曜(祝日は営業)",東京都渋谷区千駄ヶ谷4-21-2,https://tabelog.com/tokyo/A1304/A130403/13178694/
734,カフェ,TYC,"営業時間
12:00～23:00",東京都渋谷区神宮前6-6-2 原宿ベルピア 3F,https://tabelog.com/tokyo/A1306/A130601/13284437/
735,カフェ,Lighters,,東京都渋谷区神南1-15-8 1F,https://tabelog.com/tokyo/A1303/A130301/13263114/
736,カフェ,ガンボスタンド,,東京都渋谷区宇田川町11-6 宇田川KKビル 3F,https://tabelog.com/tokyo/A1303/A130301/13238898/
737,カフェ,ペットロスカフェ ディアペット東京本店,"営業時間

日曜営業",東京都渋谷区神宮前2-18-7,https://tabelog.com/tokyo/A1306/A130601/13238062/
738,カフェ,LEGAL COFFEE,"営業時間
10:00～19:00
日曜営業
定休日
月曜日",東京都渋谷区西原1-14-10,https://tabelog.com/tokyo/A1318/A131807/13291113/
739,カフェ,SHIBUYA BOOK CAFE by HAPPY SCIENCE,"営業時間
11:00～18:00(L.O.17:30)",東京都渋谷区鶯谷町3-12 2F,https://tabelog.com/tokyo/A1303/A130301/13232248/
740,カフェ,HABI∞ROAD,"営業時間
[火～金]13:30～23:00[土]14:00～22:30[日・祝]14:00～20:00
日曜営業
定休日
月曜",東京都渋谷区千駄ヶ谷5-32-5 GSハイム新宿南口1F,https://tabelog.com/tokyo/A1304/A130403/13114942/
741,カフェ,ワープゾーン,,東京都渋谷区宇田川町17-1 渋谷ブラザービル 7F,https://tabelog.com/tokyo/A1303/A130301/13214479/
742,カフェ,サタデーズ ニューヨーク シティ カフェ,"営業時間
11:00～23:00",東京都渋谷区宇田川町15-1 渋谷PARCO 3F,https://tabelog.com/tokyo/A1303/A130301/13241231/
743,カフェ,kyokyo 原宿店,"営業時間
11:00～18:00
定休日
不定休",東京都渋谷区神宮前3-27-15 FLAG 1F,https://tabelog.com/tokyo/A1306/A130601/13269741/
744,カフェ,cf.HARAJUKU,,東京都渋谷区神宮前1-9-30,https://tabelog.com/tokyo/A1306/A130601/13291801/
745,カフェ,カフェ ド ミュー,,東京都渋谷区円山町28-5 山手調理製菓専門学校 B1F,https://tabelog.com/tokyo/A1303/A130301/13236824/
746,カフェ,RAILSIDE COFFEE&VINTAGE,"営業時間
12:00～20:00
日曜営業
定休日
無休",東京都渋谷区鶯谷町1-3 外山ビル 1F・2F,https://tabelog.com/tokyo/A1303/A130301/13283520/
747,カフェ,LA MAISON SHIGETA,"営業時間
08:00～20:00 (19:00 L.O)
日曜営業
定休日
火曜日",東京都渋谷区神宮前5-16-13,https://tabelog.com/tokyo/A1306/A130601/13284085/
748,カフェ,Mrs. Shisha,"営業時間
12:30～23:30シーシャL.O.22:30 ドリンクL.O:23:00
日曜営業
定休日
月曜日定休",東京都渋谷区恵比寿西1-8-10 EBISU高橋ビル 3F,https://tabelog.com/tokyo/A1303/A130302/13262034/
749,カフェ,カフェ・ド・モミュ,,東京都渋谷区渋谷1-9-4 トーカン渋谷キャステール 1F,https://tabelog.com/tokyo/A1303/A130301/13144218/
750,カフェ,TOKYO BOX CAFE&SPACE 表参道ヒルズ店,,東京都渋谷区神宮前4-12-10 表参道ヒルズ B3F,https://tabelog.com/tokyo/A1306/A130602/13259368/
751,カフェ,HEALTHY ORANGE,"営業時間
10:00～20:00(L.O.19:30)
日曜営業
定休日
無休",東京都渋谷区神宮前3-35-2 クローチェ神宮前 1F,https://tabelog.com/tokyo/A1306/A130603/13267227/
752,カフェ,wellcy,"営業時間
11:00～18:00",東京都渋谷区猿楽町22-1,https://tabelog.com/tokyo/A1303/A130303/13284510/
753,カフェ,喫茶コスマ,,東京都渋谷区本町2-47-3,https://tabelog.com/tokyo/A1304/A130401/13288097/
754,カフェ,アイデンティティ,,東京都渋谷区神宮前4-28-4 ARES　GARDEN　OMOTESANDO 1F,https://tabelog.com/tokyo/A1306/A130601/13156306/
755,カフェ,喫茶 ヒルナンデス,"営業時間
12:00～20:00(料理L.O.18:00 ドリンクL.O.18:30)
定休日
土曜日、日曜日、祝日",東京都渋谷区道玄坂1-19-6 ソシアルビル B1F,https://tabelog.com/tokyo/A1303/A130301/13243367/
756,カフェ,FENDER CAFE,"営業時間
[月～金]11:00～20:00[土・日・祝]11:00～20:00
日曜営業
定休日
年中無休",東京都渋谷区神宮前1-8-10 The Ice Cube B1F,https://tabelog.com/tokyo/A1306/A130601/13286758/
757,カフェ,コーヒーの店 ひだか,"営業時間
[月～金]9:30～17:00
定休日
土曜、日曜",東京都渋谷区西原1-21-1 日高ビル1F,https://tabelog.com/tokyo/A1318/A131807/13118231/
758,カフェ,Magpie Cafe,"営業時間
［月～金］9:00～17:00［土］11:00～17:00
定休日
日曜日、祝日",東京都渋谷区神宮前2-32-11 1F,https://tabelog.com/tokyo/A1306/A130601/13281365/
759,カフェ,JULAY,,東京都渋谷区富ヶ谷1-43-23,https://tabelog.com/tokyo/A1318/A131810/13259354/
760,カフェ,フレンズ,"営業時間
11:00～19:00
定休日
日曜日",東京都渋谷区神泉町18-8 松濤ハイツ 1F,https://tabelog.com/tokyo/A1303/A130301/13250251/
761,カフェ,FAVORITE THINGS,"営業時間
11:00〜20:00
定休日
日曜・月曜",東京都渋谷区渋谷2-3-2 シグマAGビル 1F,https://tabelog.com/tokyo/A1303/A130301/13266889/
762,カフェ,ガレージカフェ マンクス バイ ロール,"営業時間
18:00～翌2:00
定休日
日・祝",東京都渋谷区渋谷2-7-13 福本ビル 1F,https://tabelog.com/tokyo/A1303/A130301/13110904/
763,カフェ,iLo,"営業時間
11:30～14:00L.O.
定休日
月曜日、日曜日（ほか不定休）",東京都渋谷区上原1-32-18 36.5℃ kitchen,https://tabelog.com/tokyo/A1318/A131811/13276527/
764,カフェ,103beans cafe,"営業時間
11:30～17:00
日曜営業
定休日
月曜日、火曜日、水曜日、木曜日、金曜日",東京都渋谷区幡ヶ谷2-18-2,https://tabelog.com/tokyo/A1318/A131807/13270910/
765,カフェ,原宿ミーハーカフェ,,東京都渋谷区神宮前1-8-2 ソラド竹下通り 2F,https://tabelog.com/tokyo/A1306/A130601/13212397/
